YEAR,ROUND,INSTITUTE,COURSE,ALLOTTED QUOTA,CANDIDATE CATEGORY,ALLOTTED CATEGORY,OPENING_RANK,CLOSING_RANK,SEATS_ALLOTTED
2024,1,INSTITUTE OF POST GRADUATE MEDICAL EDUCATION AND RESEARCH KOLKATA,M.D. (RADIO- DIAGNOSIS),Open Quota,General,UR,79,152,2
2024,1,INSTITUTE OF POST GRADUATE MEDICAL EDUCATION AND RESEARCH KOLKATA,M.D. (GENERAL MEDICINE),Open Quota,General,UR,233,241,2
2024,1,NIL RATAN SIRCAR MEDICAL COLLEGE,M.D. (RADIO- DIAGNOSIS),Open Quota,General,UR,198,344,2
2024,1,INSTITUTE OF POST GRADUATE MEDICAL EDUCATION AND RESEARCH KOLKATA,M.D. (RADIO- DIAGNOSIS),Open Quota,SC,SC,376,376,1
2024,1,MEDICAL COLLEGE KOLKATA,M.D. (GENERAL MEDICINE),Open Quota,General,UR,61,392,3
2024,1,INSTITUTE OF POST GRADUATE MEDICAL EDUCATION AND RESEARCH KOLKATA,M.D. (RADIO- DIAGNOSIS),Open Quota,OBC-B (Non-Creamy Layer),OBC-B (Non-Creamy Layer),421,421,1
2024,1,MEDICAL COLLEGE KOLKATA,"M.D. (DERM.,VENE. AND LEPROSY)/ (DERMATOLOGY)/ (SKIN AND VENEREAL DISEASES)/ (VENEREOLOGY)",Open Quota,General,UR,451,451,1
2024,1,NIL RATAN SIRCAR MEDICAL COLLEGE,M.D. (GENERAL MEDICINE),Open Quota,General,UR,472,472,1
2024,1,CALCUTTA NATIONAL MEDICAL COLLEGE KOLKATA,M.D. (GENERAL MEDICINE),Open Quota,General,UR,544,544,1
2024,1,INSTITUTE OF POST GRADUATE MEDICAL EDUCATION AND RESEARCH KOLKATA,"M.D. (DERM.,VENE. AND LEPROSY)/ (DERMATOLOGY)/ (SKIN AND VENEREAL DISEASES)/ (VENEREOLOGY)",Open Quota,General,UR,545,545,1
2024,1,R G KAR MEDICAL COLLEGE,M.D. (GENERAL MEDICINE),Open Quota,General,UR,555,555,1
2024,1,NORTH BENGAL MEDICAL COLLEGE AND HOSPITAL,M.D. (RADIO- DIAGNOSIS),Open Quota,General,UR,561,561,1
2024,1,INSTITUTE OF POST GRADUATE MEDICAL EDUCATION AND RESEARCH KOLKATA,M.D. (PAEDIATRICS),Open Quota,General,UR,629,629,1
2024,1,ESI PGIMSR AND ESIC MEDICAL COLLEGE JOKA KOLKATA,M.D. (GENERAL MEDICINE),Open Quota,General,UR,698,698,1
2024,1,INSTITUTE OF POST GRADUATE MEDICAL EDUCATION AND RESEARCH KOLKATA,M.D. (GENERAL MEDICINE),Open Quota,OBC-A (Non-Creamy Layer),OBC-A (Non-Creamy Layer),771,771,1
2024,1,MEDICAL COLLEGE KOLKATA,M.D. (GENERAL MEDICINE),Open Quota,SC,SC,460,788,2
2024,1,R G KAR MEDICAL COLLEGE,"M.D. (DERM.,VENE. AND LEPROSY)/ (DERMATOLOGY)/ (SKIN AND VENEREAL DISEASES)/ (VENEREOLOGY)",Open Quota,General,UR,955,955,1
2024,1,CALCUTTA NATIONAL MEDICAL COLLEGE KOLKATA,"M.D. (DERM.,VENE. AND LEPROSY)/ (DERMATOLOGY)/ (SKIN AND VENEREAL DISEASES)/ (VENEREOLOGY)",Open Quota,General,UR,969,969,1
2024,1,COLLEGE OF MEDICINE AND SAGORE DUTTA HOSPITAL,M.D. (GENERAL MEDICINE),Open Quota,General,UR,982,982,1
2024,1,RAMKRISHNA MISSION SEVA PRASITHAN VIVEKANANDA INSTITUTE OF MEDICAL SCIENCE,M.D. (GENERAL MEDICINE),Open Quota,General,UR,1026,1026,1
2024,1,BURDWAN MEDICAL COLLEGE,M.D. (GENERAL MEDICINE),Open Quota,General,UR,757,1092,2
2024,1,BANKURA SAMMILANI MEDICAL COLLEGE,M.D. (RADIO- DIAGNOSIS),Open Quota,General,UR,1093,1093,1
2024,1,INSTITUTE OF POST GRADUATE MEDICAL EDUCATION AND RESEARCH KOLKATA,M.S. (GENERAL SURGERY),Open Quota,General,UR,1119,1260,2
2024,1,CALCUTTA NATIONAL MEDICAL COLLEGE KOLKATA,M.D. (GENERAL MEDICINE),Open Quota,OBC-B (Non-Creamy Layer),OBC-B (Non-Creamy Layer),1295,1295,1
2024,1,INSTITUTE OF POST GRADUATE MEDICAL EDUCATION AND RESEARCH KOLKATA,M.S. (GENERAL SURGERY),Open Quota,OBC-A (Non-Creamy Layer),UR,1315,1315,1
2024,1,INSTITUTE OF POST GRADUATE MEDICAL EDUCATION AND RESEARCH KOLKATA,M.D. (PSYCHIATRY),Open Quota,General,UR,1344,1344,1
2024,1,MIDNAPORE MEDICAL COLLEGE,M.D. (GENERAL MEDICINE),Open Quota,General,UR,1254,1360,2
2024,1,"COMMAND HOSPITAL EC, ALIPORE, KOLKATA",M.D. (GENERAL MEDICINE),Open Quota,General,UR,1368,1368,1
2024,1,NORTH BENGAL MEDICAL COLLEGE AND HOSPITAL,M.D. (GENERAL MEDICINE),Open Quota,General,UR,1137,1424,2
2024,1,NIL RATAN SIRCAR MEDICAL COLLEGE,M.D. (TUBERCULOSIS AND RESPIRATORY DISEASES)/PULMONA RY MEDICINE /M.D. (RESPIRATORY MEDICINE),Open Quota,General,UR,1561,1561,1
2024,1,INSTITUTE OF POST GRADUATE MEDICAL EDUCATION AND RESEARCH KOLKATA,M.S. (ORTHOPAEDICS),Open Quota,OBC-B (Non-Creamy Layer),UR,1602,1602,1
2024,1,BURDWAN MEDICAL COLLEGE,"M.D. (DERM.,VENE. AND LEPROSY)/ (DERMATOLOGY)/ (SKIN AND VENEREAL DISEASES)/ (VENEREOLOGY)",Open Quota,General,UR,1621,1621,1
2024,1,KPC MEDICAL COLLEGE,M.D. (RADIO- DIAGNOSIS),Private Management Quota,General,UR,1703,1703,1
2024,1,MEDICAL COLLEGE KOLKATA,M.D. (GENERAL MEDICINE),Open Quota,EWS,EWS,1807,1807,1
2024,1,MEDICAL COLLEGE KOLKATA,M.D. (PAEDIATRICS),Open Quota,General,UR,605,2087,4
2024,1,INSTITUTE OF POST GRADUATE MEDICAL EDUCATION AND RESEARCH KOLKATA,M.S. (ORTHOPAEDICS),Open Quota,OBC-B (Non-Creamy Layer),OBC-B (Non-Creamy Layer),2109,2109,1
2024,1,NIL RATAN SIRCAR MEDICAL COLLEGE,M.D. (GENERAL MEDICINE),Open Quota,EWS,EWS,2325,2325,1
2024,1,INSTITUTE OF POST GRADUATE MEDICAL EDUCATION AND RESEARCH KOLKATA,M.D. (OBST. AND GYNAE)/MS (OBSTETRICS AND GYNAECOLOGY),Open Quota,General,UR,2360,2360,1
2024,1,INSTITUTE OF CHILD HEALTH,M.D. (PAEDIATRICS),Open Quota,General,UR,2308,2363,2
2024,1,CALCUTTA NATIONAL MEDICAL COLLEGE KOLKATA,M.D. (PAEDIATRICS),Open Quota,General,UR,2364,2364,1
2024,1,ESI PGIMSR AND ESIC MEDICAL COLLEGE JOKA KOLKATA,M.D. (PAEDIATRICS),Open Quota,General,UR,2383,2383,1
2024,1,NIL RATAN SIRCAR MEDICAL COLLEGE,M.D. (PAEDIATRICS),Open Quota,General,UR,2212,2443,2
2024,1,R G KAR MEDICAL COLLEGE,M.D. (PAEDIATRICS),Open Quota,General,UR,2465,2465,1
2024,1,DR. B C ROY POST GRADUATE INSTITUTE OF PAEDIATRIC SCIENCES,M.D. (PAEDIATRICS),Open Quota,General,UR,2495,2495,1
2024,1,MEDICAL COLLEGE KOLKATA,M.D. (GENERAL MEDICINE),Open Quota,OBC-A (Non-Creamy Layer),OBC-A (Non-Creamy Layer),2517,2517,1
2024,1,MEDICAL COLLEGE KOLKATA,M.D. (TUBERCULOSIS AND RESPIRATORY DISEASES)/PULMONA RY MEDICINE /M.D. (RESPIRATORY MEDICINE),Open Quota,General,UR,2545,2545,1
2024,1,NORTH BENGAL MEDICAL COLLEGE AND HOSPITAL,M.D. (GENERAL MEDICINE),Open Quota,OBC-B (Non-Creamy Layer),OBC-B (Non-Creamy Layer),2816,2816,1
2024,1,"CHITTARANJAN SEVA SADAN COLLEGE OF OBS. GYNAE AND CHILD HEALTH,KOLKATA",M.D. (PAEDIATRICS),Open Quota,General,UR,2524,2834,2
2024,1,KPC MEDICAL COLLEGE,M.D. (GENERAL MEDICINE),Open Quota,General,UR,2317,2880,2
2024,1,R G KAR MEDICAL COLLEGE,M.S. (ORTHOPAEDICS),Open Quota,General,UR,2798,2895,2
2024,1,MEDICAL COLLEGE KOLKATA,M.S. (GENERAL SURGERY),Open Quota,General,UR,1664,2902,3
2024,1,MEDICAL COLLEGE KOLKATA,M.D. (OBST. AND GYNAE)/MS (OBSTETRICS AND GYNAECOLOGY),Open Quota,OBC-A (Non-Creamy Layer),UR,2928,2928,1
2024,1,NIL RATAN SIRCAR MEDICAL COLLEGE,M.S. (GENERAL SURGERY),Open Quota,General,UR,2512,2982,2
2024,1,NIL RATAN SIRCAR MEDICAL COLLEGE,M.D. (OBST. AND GYNAE)/MS (OBSTETRICS AND GYNAECOLOGY),Open Quota,OBC-A (Non-Creamy Layer),UR,3150,3150,1
2024,1,BANKURA SAMMILANI MEDICAL COLLEGE,M.D. (PAEDIATRICS),Open Quota,General,UR,3155,3155,1
2024,1,INSTITUTE OF POST GRADUATE MEDICAL EDUCATION AND RESEARCH KOLKATA,M.D. (OBST. AND GYNAE)/MS (OBSTETRICS AND GYNAECOLOGY),Open Quota,OBC-A (Non-Creamy Layer),OBC-A (Non-Creamy Layer),3157,3157,1
2024,1,MIDNAPORE MEDICAL COLLEGE,M.D. (PAEDIATRICS),Open Quota,General,UR,3189,3189,1
2024,1,MEDICAL COLLEGE KOLKATA,M.S. (ORTHOPAEDICS),Open Quota,General,UR,3203,3203,1
2024,1,MEDICAL COLLEGE KOLKATA,M.D. (PSYCHIATRY),Open Quota,General,UR,3318,3318,1
2024,1,INSTITUTE OF POST GRADUATE MEDICAL EDUCATION AND RESEARCH KOLKATA,M.D. (EMERGENCY AND CRITICAL CARE)/M.D. (EMERGENCY MEDICINE),Open Quota,General,UR,3389,3389,1
2024,1,NIL RATAN SIRCAR MEDICAL COLLEGE,M.D. (OBST. AND GYNAE)/MS (OBSTETRICS AND GYNAECOLOGY),Open Quota,General,UR,1229,3500,2
2024,1,CALCUTTA NATIONAL MEDICAL COLLEGE KOLKATA,M.S. (ORTHOPAEDICS),Open Quota,General,UR,3577,3577,1
2024,1,CALCUTTA NATIONAL MEDICAL COLLEGE KOLKATA,M.D. (PSYCHIATRY),Open Quota,General,UR,3609,3609,1
2024,1,ICARE INSTITUTE OF MEDICAL SCIENCES AND RESEARCH HALDIA,M.D. (PAEDIATRICS),Private Management Quota,OBC (Non-Creamy Layer),UR,1391,3761,2
2024,1,MEDICAL COLLEGE KOLKATA,M.D. (OBST. AND GYNAE)/MS (OBSTETRICS AND GYNAECOLOGY),Open Quota,General,UR,3068,3792,3
2024,1,CALCUTTA NATIONAL MEDICAL COLLEGE KOLKATA,M.D. (OBST. AND GYNAE)/MS (OBSTETRICS AND GYNAECOLOGY),Open Quota,General,UR,3815,3815,1
2024,1,BURDWAN MEDICAL COLLEGE,M.S. (ORTHOPAEDICS),Open Quota,General,UR,3820,3820,1
2024,1,SHRI RAMKRISHNA INSTITUTE OF MEDICAL SCIENCES & SANAKA HOSPITALS,M.D. (GENERAL MEDICINE),Open Quota,General,UR,3838,3838,1
2024,1,MURSHIDABAD MEDICAL COLLEGE AND HOSPITAL,M.S. (ORTHOPAEDICS),Open Quota,General,UR,3875,3875,1
2024,1,R G KAR MEDICAL COLLEGE,M.D. (TUBERCULOSIS AND RESPIRATORY DISEASES)/PULMONA RY MEDICINE /M.D. (RESPIRATORY MEDICINE),Open Quota,General,UR,4020,4020,1
2024,1,MURSHIDABAD MEDICAL COLLEGE AND HOSPITAL,M.D. (RADIO- DIAGNOSIS),Open Quota,OBC-A (Non-Creamy Layer),OBC-A (Non-Creamy Layer),4104,4104,1
2024,1,RAMKRISHNA MISSION SEVA PRASITHAN VIVEKANANDA INSTITUTE OF MEDICAL SCIENCE,M.S. (ORTHOPAEDICS),Open Quota,General,UR,4157,4157,1
2024,1,NORTH BENGAL MEDICAL COLLEGE AND HOSPITAL,M.S. (GENERAL SURGERY),Open Quota,General,UR,4185,4185,1
2024,1,R G KAR MEDICAL COLLEGE,M.D. (OBST. AND GYNAE)/MS (OBSTETRICS AND GYNAECOLOGY),Open Quota,General,UR,2328,4291,3
2024,1,R G KAR MEDICAL COLLEGE,M.S. (GENERAL SURGERY),Open Quota,General,UR,4373,4373,1
2024,1,INSTITUTE OF POST GRADUATE MEDICAL EDUCATION AND RESEARCH KOLKATA,M.D. (RADIO- DIAGNOSIS),In-Service,General,UR,4405,4405,1
2024,1,COLLEGE OF MEDICINE AND SAGORE DUTTA HOSPITAL,M.D. (OBST. AND GYNAE)/MS (OBSTETRICS AND GYNAECOLOGY),Open Quota,General,UR,4438,4438,1
2024,1,BURDWAN MEDICAL COLLEGE,M.D. (TUBERCULOSIS AND RESPIRATORY DISEASES)/PULMONA RY MEDICINE /M.D. (RESPIRATORY MEDICINE),Open Quota,General,UR,4445,4445,1
2024,1,RAMKRISHNA MISSION SEVA PRASITHAN VIVEKANANDA INSTITUTE OF MEDICAL SCIENCE,M.D. (RADIO- DIAGNOSIS),Open Quota,OBC-B (Non-Creamy Layer),OBC-B (Non-Creamy Layer),4491,4491,1
2024,1,CALCUTTA NATIONAL MEDICAL COLLEGE KOLKATA,M.S. (GENERAL SURGERY),Open Quota,General,UR,3992,4494,2
2024,1,ICARE INSTITUTE OF MEDICAL SCIENCES AND RESEARCH HALDIA,M.S. (ORTHOPAEDICS),Private Management Quota,General,UR,4500,4500,1
2024,1,BURDWAN MEDICAL COLLEGE,M.D. (GENERAL MEDICINE),Open Quota,OBC-A (Non-Creamy Layer),OBC-A (Non-Creamy Layer),4556,4556,1
2024,1,BURDWAN MEDICAL COLLEGE,M.S. (GENERAL SURGERY),Open Quota,General,UR,4568,4600,2
2024,1,BURDWAN MEDICAL COLLEGE,M.D. (OBST. AND GYNAE)/MS (OBSTETRICS AND GYNAECOLOGY),Open Quota,General,UR,4655,4726,2
2024,1,"COMMAND HOSPITAL EC, ALIPORE, KOLKATA",M.D. (RADIO- DIAGNOSIS),Open Quota,OBC-A (Non-Creamy Layer),OBC (Non-Creamy Layer),4729,4729,1
2024,1,R G KAR MEDICAL COLLEGE,M.D. (PSYCHIATRY),Open Quota,General,UR,4790,4790,1
2024,1,INSTITUTE OF POST GRADUATE MEDICAL EDUCATION AND RESEARCH KOLKATA,M.S. (GENERAL SURGERY),Open Quota,OBC-A (Non-Creamy Layer),OBC-A (Non-Creamy Layer),4802,4802,1
2024,1,RAMKRISHNA MISSION SEVA PRASITHAN VIVEKANANDA INSTITUTE OF MEDICAL SCIENCE,M.D. (GENERAL MEDICINE),Open Quota,EWS,EWS,4951,4951,1
2024,1,ICARE INSTITUTE OF MEDICAL SCIENCES AND RESEARCH HALDIA,"M.D. (DERM.,VENE. AND LEPROSY)/ (DERMATOLOGY)/ (SKIN AND VENEREAL DISEASES)/ (VENEREOLOGY)",Open Quota,General,UR,4967,4967,1
2024,1,COLLEGE OF MEDICINE AND SAGORE DUTTA HOSPITAL,M.D. (PSYCHIATRY),Open Quota,General,UR,4980,4980,1
2024,1,BANKURA SAMMILANI MEDICAL COLLEGE,M.D. (OBST. AND GYNAE)/MS (OBSTETRICS AND GYNAECOLOGY),Open Quota,General,UR,5024,5024,1
2024,1,MEDICAL COLLEGE KOLKATA,M.D. (RADIO- DIAGNOSIS),Open Quota,EWS,EWS,5078,5078,1
2024,1,NORTH BENGAL MEDICAL COLLEGE AND HOSPITAL,M.D. (OBST. AND GYNAE)/MS (OBSTETRICS AND GYNAECOLOGY),Open Quota,General,UR,5267,5267,1
2024,1,NIL RATAN SIRCAR MEDICAL COLLEGE,M.D. (RADIO- DIAGNOSIS),Open Quota,SC,SC,5290,5290,1
2024,1,INSTITUTE OF POST GRADUATE MEDICAL EDUCATION AND RESEARCH KOLKATA,M.S. (E.N.T.),Open Quota,General,UR,5298,5298,1
2024,1,NORTH BENGAL MEDICAL COLLEGE AND HOSPITAL,M.D. (RADIO- DIAGNOSIS),Open Quota,SC,SC,5352,5352,1
2024,1,BANKURA SAMMILANI MEDICAL COLLEGE,M.S. (GENERAL SURGERY),Open Quota,General,UR,4734,5462,2
2024,1,MIDNAPORE MEDICAL COLLEGE,M.S. (GENERAL SURGERY),Open Quota,General,UR,5467,5467,1
2024,1,COLLEGE OF MEDICINE AND JNM HOSPITAL KALYANI,M.D. (PSYCHIATRY),Open Quota,General,UR,5510,5510,1
2024,1,CALCUTTA NATIONAL MEDICAL COLLEGE KOLKATA,M.D. (GENERAL MEDICINE),Open Quota,EWS,EWS,5559,5559,1
2024,1,SHRI RAMKRISHNA INSTITUTE OF MEDICAL SCIENCES & SANAKA HOSPITALS,M.D. (RADIO- DIAGNOSIS),Open Quota,General,UR,5575,5575,1
2024,1,RAMKRISHNA MISSION SEVA PRASITHAN VIVEKANANDA INSTITUTE OF MEDICAL SCIENCE,M.D. (OBST. AND GYNAE)/MS (OBSTETRICS AND GYNAECOLOGY),Open Quota,General,UR,5594,5600,2
2024,1,R G KAR MEDICAL COLLEGE,M.D. (GENERAL MEDICINE),Open Quota,OBC-A (Non-Creamy Layer),OBC-A (Non-Creamy Layer),5733,5733,1
2024,1,MEDICAL COLLEGE KOLKATA,M.D. GERIATRICS,Open Quota,General,UR,5790,5790,1
2024,1,RAMKRISHNA MISSION SEVA PRASITHAN VIVEKANANDA INSTITUTE OF MEDICAL SCIENCE,M.S. (GENERAL SURGERY),Open Quota,General,UR,3879,5816,2
2024,1,CALCUTTA NATIONAL MEDICAL COLLEGE KOLKATA,M.D. (GENERAL MEDICINE),Open Quota,SC,SC,5040,5870,2
2024,1,COLLEGE OF MEDICINE AND JNM HOSPITAL KALYANI,M.S. (GENERAL SURGERY),Open Quota,General,UR,5890,5890,1
2024,1,BANKURA SAMMILANI MEDICAL COLLEGE,M.D. (RADIO- DIAGNOSIS),Open Quota,EWS,EWS,6007,6007,1
2024,1,NORTH BENGAL MEDICAL COLLEGE AND HOSPITAL,M.D. (GENERAL MEDICINE),Open Quota,OBC-A (Non-Creamy Layer),OBC-A (Non-Creamy Layer),6092,6092,1
2024,1,"CHITTARANJAN SEVA SADAN COLLEGE OF OBS. GYNAE AND CHILD HEALTH,KOLKATA",M.D. (OBST. AND GYNAE)/MS (OBSTETRICS AND GYNAECOLOGY),Open Quota,General,UR,5227,6149,3
2024,1,NIL RATAN SIRCAR MEDICAL COLLEGE,M.D. (RADIO- DIAGNOSIS),In-Service,General,UR,6187,6187,1
2024,1,INSTITUTE OF POST GRADUATE MEDICAL EDUCATION AND RESEARCH KOLKATA,M.S. (ORTHOPAEDICS),Open Quota,OBC-A (Non-Creamy Layer),OBC-A (Non-Creamy Layer),6216,6216,1
2024,1,MIDNAPORE MEDICAL COLLEGE,M.D. (OBST. AND GYNAE)/MS (OBSTETRICS AND GYNAECOLOGY),Open Quota,General,UR,6235,6235,1
2024,1,"COMMAND HOSPITAL EC, ALIPORE, KOLKATA",M.D. (OBST. AND GYNAE)/MS (OBSTETRICS AND GYNAECOLOGY),Open Quota,General,UR,6257,6257,1
2024,1,BURDWAN MEDICAL COLLEGE,M.D. (PAEDIATRICS),Open Quota,EWS,EWS,6395,6395,1
2024,1,GOURI DEVI INSTITUTE OF MEDICAL SCIENCES AND HOSPITAL,M.D. (GENERAL MEDICINE),Open Quota,General,UR,6578,6578,1
2024,1,NIL RATAN SIRCAR MEDICAL COLLEGE,"M.D. (DERM.,VENE. AND LEPROSY)/ (DERMATOLOGY)/ (SKIN AND VENEREAL DISEASES)/ (VENEREOLOGY)",Open Quota,OBC-A (Non-Creamy Layer),OBC-A (Non-Creamy Layer),6601,6601,1
2024,1,R G KAR MEDICAL COLLEGE,M.D. (PAEDIATRICS),Open Quota,OBC-A (Non-Creamy Layer),OBC-A (Non-Creamy Layer),6695,6695,1
2024,1,INSTITUTE OF POST GRADUATE MEDICAL EDUCATION AND RESEARCH KOLKATA,M.S. (ORTHOPAEDICS),Open Quota,EWS,EWS,6720,6720,1
2024,1,R G KAR MEDICAL COLLEGE,M.S. (ORTHOPAEDICS),Open Quota,OBC-A (Non-Creamy Layer),OBC-A (Non-Creamy Layer),6752,6752,1
2024,1,KPC MEDICAL COLLEGE,M.S. (GENERAL SURGERY),Open Quota,General,UR,7034,7034,1
2024,1,NIL RATAN SIRCAR MEDICAL COLLEGE,M.D. (PAEDIATRICS),Open Quota,OBC-A (Non-Creamy Layer),OBC-A (Non-Creamy Layer),7053,7053,1
2024,1,NIL RATAN SIRCAR MEDICAL COLLEGE,M.D. (RADIOTHERAPY/ RADIATION ONCOLOGY),Open Quota,General,UR,7159,7159,1
2024,1,CALCUTTA NATIONAL MEDICAL COLLEGE KOLKATA,M.D. (PAEDIATRICS),Open Quota,OBC-B (Non-Creamy Layer),OBC-B (Non-Creamy Layer),7175,7175,1
2024,1,MEDICAL COLLEGE KOLKATA,M.S. (OPHTHALMOLOGY),Open Quota,General,UR,5558,7341,3
2024,1,INSTITUTE OF POST GRADUATE MEDICAL EDUCATION AND RESEARCH KOLKATA,M.D. (ANAESTHESIOLOGY),Open Quota,General,UR,5885,7521,3
2024,1,MEDICAL COLLEGE KOLKATA,M.S. (E.N.T.),Open Quota,General,UR,7641,7641,1
2024,1,R G KAR MEDICAL COLLEGE,M.S. (E.N.T.),Open Quota,General,UR,7691,7691,1
2024,1,GOURI DEVI INSTITUTE OF MEDICAL SCIENCES AND HOSPITAL,M.D. (RADIO- DIAGNOSIS),Open Quota,General,UR,7954,7954,1
2024,1,INSTITUTE OF CHILD HEALTH,M.D. (PAEDIATRICS),Open Quota,OBC-A (Non-Creamy Layer),OBC-A (Non-Creamy Layer),7979,7979,1
2024,1,ICARE INSTITUTE OF MEDICAL SCIENCES AND RESEARCH HALDIA,M.S. (GENERAL SURGERY),Open Quota,General,UR,8093,8093,1
2024,1,INSTITUTE OF POST GRADUATE MEDICAL EDUCATION AND RESEARCH KOLKATA,M.S. (OPHTHALMOLOGY),Open Quota,General,UR,8107,8107,1
2024,1,NIL RATAN SIRCAR MEDICAL COLLEGE,M.S. (OPHTHALMOLOGY),Open Quota,General,UR,8246,8246,1
2024,1,RAMKRISHNA MISSION SEVA PRASITHAN VIVEKANANDA INSTITUTE OF MEDICAL SCIENCE,M.S. (E.N.T.),Open Quota,General,UR,8252,8252,1
2024,1,MEDICAL COLLEGE KOLKATA,"M.D. (DERM.,VENE. AND LEPROSY)/ (DERMATOLOGY)/ (SKIN AND VENEREAL DISEASES)/ (VENEREOLOGY)",Open Quota,SC,SC,8291,8291,1
2024,1,NIL RATAN SIRCAR MEDICAL COLLEGE,M.S. (ORTHOPAEDICS),Open Quota,EWS,EWS,8397,8397,1
2024,1,MEDICAL COLLEGE KOLKATA,M.D. (PAEDIATRICS),Open Quota,EWS,EWS,8606,8606,1
2024,1,INSTITUTE OF POST GRADUATE MEDICAL EDUCATION AND RESEARCH KOLKATA,M.D. (TUBERCULOSIS AND RESPIRATORY DISEASES)/PULMONA RY MEDICINE /M.D. (RESPIRATORY MEDICINE),Open Quota,SC,SC,8677,8677,1
2024,1,R G KAR MEDICAL COLLEGE,M.D. (GENERAL MEDICINE),Open Quota,SC,SC,8836,8836,1
2024,1,CALCUTTA NATIONAL MEDICAL COLLEGE KOLKATA,M.S. (OPHTHALMOLOGY),Open Quota,General,UR,8863,8863,1
2024,1,GOURI DEVI INSTITUTE OF MEDICAL SCIENCES AND HOSPITAL,M.S. (ORTHOPAEDICS),Open Quota,General,UR,8903,8903,1
2024,1,ICARE INSTITUTE OF MEDICAL SCIENCES AND RESEARCH HALDIA,M.D. (TUBERCULOSIS AND RESPIRATORY DISEASES)/PULMONA RY MEDICINE /M.D. (RESPIRATORY MEDICINE),Private Management Quota,OBC (Non-Creamy Layer),UR,8991,8991,1
2024,1,R G KAR MEDICAL COLLEGE,M.S. (OPHTHALMOLOGY),Open Quota,General,UR,9106,9106,1
2024,1,"SCHOOL OF TROPICAL MEDICINE, KOLKATA","M.D. (DERM.,VENE. AND LEPROSY)/ (DERMATOLOGY)/ (SKIN AND VENEREAL DISEASES)/ (VENEREOLOGY)",Open Quota,SC,SC,9248,9248,1
2024,1,INSTITUTE OF CHILD HEALTH,M.D. (PAEDIATRICS),Open Quota,SC,SC,9257,9257,1
2024,1,NORTH BENGAL MEDICAL COLLEGE AND HOSPITAL,M.D. (GENERAL MEDICINE),Open Quota,SC,SC,9302,9302,1
2024,1,BURDWAN MEDICAL COLLEGE,M.S. (E.N.T.),Open Quota,General,UR,9446,9446,1
2024,1,BURDWAN MEDICAL COLLEGE,M.D. (GENERAL MEDICINE),Open Quota,SC,SC,9451,9451,1
2024,1,INSTITUTE OF POST GRADUATE MEDICAL EDUCATION AND RESEARCH KOLKATA,M.D. (PAEDIATRICS),Open Quota,SC,SC,9478,9478,1
2024,1,RAMKRISHNA MISSION SEVA PRASITHAN VIVEKANANDA INSTITUTE OF MEDICAL SCIENCE,M.S. (OPHTHALMOLOGY),Open Quota,General,UR,9509,9509,1
2024,1,MIDNAPORE MEDICAL COLLEGE,M.S. (E.N.T.),Open Quota,General,UR,9818,9818,1
2024,1,INSTITUTE OF POST GRADUATE MEDICAL EDUCATION AND RESEARCH KOLKATA,M.D. (RADIOTHERAPY/ RADIATION ONCOLOGY),Open Quota,General,UR,9868,9868,1
2024,1,MIDNAPORE MEDICAL COLLEGE,M.D. (GENERAL MEDICINE),Open Quota,SC,SC,9963,9963,1
2024,1,INSTITUTE OF CHILD HEALTH,M.D. (PAEDIATRICS),Open Quota,EWS,EWS,9973,9973,1
2024,1,COLLEGE OF MEDICINE AND SAGORE DUTTA HOSPITAL,M.S. (OPHTHALMOLOGY),Open Quota,General,UR,10070,10070,1
2024,1,BURDWAN MEDICAL COLLEGE,M.S. (ORTHOPAEDICS),Open Quota,OBC-B (Non-Creamy Layer),OBC-B (Non-Creamy Layer),10184,10184,1
2024,1,SHRI RAMKRISHNA INSTITUTE OF MEDICAL SCIENCES & SANAKA HOSPITALS,M.S. (ORTHOPAEDICS),Private Management Quota,General,UR,10189,10189,1
2024,1,SHRI RAMKRISHNA INSTITUTE OF MEDICAL SCIENCES & SANAKA HOSPITALS,M.S. (E.N.T.),Open Quota,General,UR,10346,10346,1
2024,1,BANKURA SAMMILANI MEDICAL COLLEGE,"M.D. (DERM.,VENE. AND LEPROSY)/ (DERMATOLOGY)/ (SKIN AND VENEREAL DISEASES)/ (VENEREOLOGY)",Open Quota,SC,SC,10354,10354,1
2024,1,ICARE INSTITUTE OF MEDICAL SCIENCES AND RESEARCH HALDIA,M.D. (TUBERCULOSIS AND RESPIRATORY DISEASES)/PULMONA RY MEDICINE /M.D. (RESPIRATORY MEDICINE),Private Management Quota,General,UR,10401,10401,1
2024,1,BURDWAN MEDICAL COLLEGE,M.S. (OPHTHALMOLOGY),Open Quota,General,UR,10406,10406,1
2024,1,CALCUTTA NATIONAL MEDICAL COLLEGE KOLKATA,M.D. (TUBERCULOSIS AND RESPIRATORY DISEASES)/PULMONA RY MEDICINE /M.D. (RESPIRATORY MEDICINE),Open Quota,EWS,EWS,10450,10450,1
2024,1,MURSHIDABAD MEDICAL COLLEGE AND HOSPITAL,M.S. (OPHTHALMOLOGY),Open Quota,General,UR,10515,10515,1
2024,1,COLLEGE OF MEDICINE AND SAGORE DUTTA HOSPITAL,M.D. (GENERAL MEDICINE),Open Quota,SC,SC,10550,10550,1
2024,1,KPC MEDICAL COLLEGE,M.D. (OBST. AND GYNAE)/MS (OBSTETRICS AND GYNAECOLOGY),Open Quota,General,UR,10603,10603,1
2024,1,DR. B C ROY POST GRADUATE INSTITUTE OF PAEDIATRIC SCIENCES,M.D. (PAEDIATRICS),Open Quota,OBC-A (Non-Creamy Layer),OBC-A (Non-Creamy Layer),10630,10630,1
2024,1,MEDICAL COLLEGE KOLKATA,M.D. (ANAESTHESIOLOGY),Open Quota,General,UR,7990,10655,3
2024,1,ICARE INSTITUTE OF MEDICAL SCIENCES AND RESEARCH HALDIA,M.S. (E.N.T.),Open Quota,General,UR,10668,10668,1
2024,1,MEDICAL COLLEGE KOLKATA,M.D. (RADIOTHERAPY/ RADIATION ONCOLOGY),Open Quota,General,UR,10693,10693,1
2024,1,RAMKRISHNA MISSION SEVA PRASITHAN VIVEKANANDA INSTITUTE OF MEDICAL SCIENCE,M.D. (GENERAL MEDICINE),Open Quota,SC,SC,10704,10704,1
2024,1,"IQ CITY MEDICAL COLLEGE, DURGAPUR",M.D. (PAEDIATRICS),Open Quota,General,UR,10766,10766,1
2024,1,R G KAR MEDICAL COLLEGE,M.D. (RADIOTHERAPY/ RADIATION ONCOLOGY),Open Quota,General,UR,10778,10778,1
2024,1,NIL RATAN SIRCAR MEDICAL COLLEGE,M.D. (PAEDIATRICS),Open Quota,SC,SC,10844,10844,1
2024,1,JAGANNATH GUPTA INSTITUTE OF MEDICAL SCIENCES AND HOSPITAL,M.S. (ORTHOPAEDICS),Open Quota,General,UR,10863,10863,1
2024,1,INSTITUTE OF POST GRADUATE MEDICAL EDUCATION AND RESEARCH KOLKATA,M.S. (ORTHOPAEDICS),Open Quota,SC,SC,10894,10894,1
2024,1,ICARE INSTITUTE OF MEDICAL SCIENCES AND RESEARCH HALDIA,M.S. (GENERAL SURGERY),Private Management Quota,OBC (Non-Creamy Layer),UR,10614,11161,2
2024,1,GOURI DEVI INSTITUTE OF MEDICAL SCIENCES AND HOSPITAL,M.D. (PAEDIATRICS),Open Quota,General,UR,11227,11227,1
2024,1,NIL RATAN SIRCAR MEDICAL COLLEGE,M.D. (ANAESTHESIOLOGY),Open Quota,General,UR,10415,11265,2
2024,1,RAMKRISHNA MISSION SEVA PRASITHAN VIVEKANANDA INSTITUTE OF MEDICAL SCIENCE,M.D. (PAEDIATRICS),Open Quota,OBC-B (Non-Creamy Layer),OBC-B (Non-Creamy Layer),11382,11382,1
2024,1,NIL RATAN SIRCAR MEDICAL COLLEGE,M.D. (OBST. AND GYNAE)/MS (OBSTETRICS AND GYNAECOLOGY),Open Quota,SC,SC,11393,11393,1
2024,1,CALCUTTA NATIONAL MEDICAL COLLEGE KOLKATA,M.D. (PAEDIATRICS),Open Quota,SC,SC,11409,11409,1
2024,1,ICARE INSTITUTE OF MEDICAL SCIENCES AND RESEARCH HALDIA,M.D. (PAEDIATRICS),Open Quota,General,UR,11433,11433,1
2024,1,INSTITUTE OF POST GRADUATE MEDICAL EDUCATION AND RESEARCH KOLKATA,M.S. (GENERAL SURGERY),Open Quota,SC,SC,11624,11624,1
2024,1,CALCUTTA NATIONAL MEDICAL COLLEGE KOLKATA,M.D. (ANAESTHESIOLOGY),Open Quota,General,UR,11476,11639,2
2024,1,CALCUTTA NATIONAL MEDICAL COLLEGE KOLKATA,M.D. (OBST. AND GYNAE)/MS (OBSTETRICS AND GYNAECOLOGY),Open Quota,OBC-A (Non-Creamy Layer),OBC-A (Non-Creamy Layer),11797,11797,1
2024,1,"COMMAND HOSPITAL EC, ALIPORE, KOLKATA",M.D. (PAEDIATRICS),Open Quota,OBC-A (Non-Creamy Layer),OBC (Non-Creamy Layer),12122,12122,1
2024,1,R G KAR MEDICAL COLLEGE,M.S. (GENERAL SURGERY),Open Quota,OBC-A (Non-Creamy Layer),OBC-A (Non-Creamy Layer),12362,12362,1
2024,1,NORTH BENGAL MEDICAL COLLEGE AND HOSPITAL,M.D. (OBST. AND GYNAE)/MS (OBSTETRICS AND GYNAECOLOGY),Open Quota,OBC-A (Non-Creamy Layer),OBC-A (Non-Creamy Layer),12516,12516,1
2024,1,MEDICAL COLLEGE KOLKATA,M.D. (OBST. AND GYNAE)/MS (OBSTETRICS AND GYNAECOLOGY),Open Quota,OBC-A (Non-Creamy Layer),OBC-A (Non-Creamy Layer),12635,12635,1
2024,1,ESI PGIMSR AND ESIC MEDICAL COLLEGE JOKA KOLKATA,M.D. (ANAESTHESIOLOGY),Open Quota,General,UR,12710,12710,1
2024,1,SHRI RAMKRISHNA INSTITUTE OF MEDICAL SCIENCES & SANAKA HOSPITALS,M.D. (PAEDIATRICS),Open Quota,General,UR,12740,12740,1
2024,1,KPC MEDICAL COLLEGE,M.D. (PSYCHIATRY),Open Quota,General,UR,12780,12780,1
2024,1,ICARE INSTITUTE OF MEDICAL SCIENCES AND RESEARCH HALDIA,M.S. (OPHTHALMOLOGY),Private Management Quota,OBC (Non-Creamy Layer),UR,12879,12879,1
2024,1,INSTITUTE OF POST GRADUATE MEDICAL EDUCATION AND RESEARCH KOLKATA,M.D. (OBST. AND GYNAE)/MS (OBSTETRICS AND GYNAECOLOGY),Open Quota,SC,SC,12940,12940,1
2024,1,INSTITUTE OF POST GRADUATE MEDICAL EDUCATION AND RESEARCH KOLKATA,M.D. (PSYCHIATRY),Open Quota,OBC-A (Non-Creamy Layer),OBC-A (Non-Creamy Layer),13039,13039,1
2024,1,R G KAR MEDICAL COLLEGE,M.D. (ANAESTHESIOLOGY),Open Quota,General,UR,11659,13064,4
2024,1,NORTH BENGAL MEDICAL COLLEGE AND HOSPITAL,M.D. (ANAESTHESIOLOGY),Open Quota,General,UR,13171,13171,1
2024,1,CALCUTTA NATIONAL MEDICAL COLLEGE KOLKATA,M.S. (ORTHOPAEDICS),Open Quota,SC,SC,13292,13292,1
2024,1,KPC MEDICAL COLLEGE,"M.D. (DERM.,VENE. AND LEPROSY)/ (DERMATOLOGY)/ (SKIN AND VENEREAL DISEASES)/ (VENEREOLOGY)",Private Management Quota,General,UR,13402,13402,1
2024,1,BURDWAN MEDICAL COLLEGE,M.D. (ANAESTHESIOLOGY),Open Quota,General,UR,13096,13415,2
2024,1,ESI PGIMSR AND ESIC MEDICAL COLLEGE JOKA KOLKATA,M.S. (GENERAL SURGERY),Open Quota,OBC-A (Non-Creamy Layer),OBC (Non-Creamy Layer),13537,13537,1
2024,1,ALL INDIA INSTITUTE OF HYGIENE AND PUBLIC HEALTH,M.D. (PREVENTIVE AND SOCIAL MEDICINE)/ COMMUNITY MEDICINE,Open Quota,General,UR,13413,13604,2
2024,1,R G KAR MEDICAL COLLEGE,M.D. (OBST. AND GYNAE)/MS (OBSTETRICS AND GYNAECOLOGY),Open Quota,EWS,EWS,13645,13645,1
2024,1,"IQ CITY MEDICAL COLLEGE, DURGAPUR",M.D. (OBST. AND GYNAE)/MS (OBSTETRICS AND GYNAECOLOGY),Open Quota,General,UR,13849,13849,1
2024,1,ICARE INSTITUTE OF MEDICAL SCIENCES AND RESEARCH HALDIA,M.S. (E.N.T.),Private Management Quota,General,UR,13975,13975,1
2024,1,INSTITUTE OF POST GRADUATE MEDICAL EDUCATION AND RESEARCH KOLKATA,M.D. (OBST. AND GYNAE)/MS (OBSTETRICS AND GYNAECOLOGY),Open Quota,OBC-B (Non-Creamy Layer),OBC-B (Non-Creamy Layer),14442,14442,1
2024,1,"IQ CITY MEDICAL COLLEGE, DURGAPUR",M.S. (ORTHOPAEDICS),Open Quota,General,UR,14473,14473,1
2024,1,ICARE INSTITUTE OF MEDICAL SCIENCES AND RESEARCH HALDIA,M.D. (RADIO- DIAGNOSIS),Open Quota,OBC-A (Non-Creamy Layer),OBC-A (Non-Creamy Layer),14485,14485,1
2024,1,NIL RATAN SIRCAR MEDICAL COLLEGE,M.D. (TUBERCULOSIS AND RESPIRATORY DISEASES)/PULMONA RY MEDICINE /M.D. (RESPIRATORY MEDICINE),Open Quota,SC,SC,14538,14538,1
2024,1,DR. B C ROY POST GRADUATE INSTITUTE OF PAEDIATRIC SCIENCES,M.D. (PAEDIATRICS),Open Quota,EWS,EWS,14599,14599,1
2024,1,BURDWAN MEDICAL COLLEGE,M.S. (ORTHOPAEDICS),Open Quota,SC,SC,14618,14618,1
2024,1,BANKURA SAMMILANI MEDICAL COLLEGE,M.D. (ANAESTHESIOLOGY),Open Quota,General,UR,14853,14853,1
2024,1,ICARE INSTITUTE OF MEDICAL SCIENCES AND RESEARCH HALDIA,M.D. (PSYCHIATRY),Private Management Quota,OBC (Non-Creamy Layer),UR,14895,14895,1
2024,1,INSTITUTE OF POST GRADUATE MEDICAL EDUCATION AND RESEARCH KOLKATA,M.D. (PHYSICAL MED. AND REHABILITATION),Open Quota,General,UR,14575,14910,2
2024,1,ESI PGIMSR AND ESIC MEDICAL COLLEGE JOKA KOLKATA,M.D. (OBST. AND GYNAE)/MS (OBSTETRICS AND GYNAECOLOGY),Open Quota,OBC (Non-Creamy Layer),OBC (Non-Creamy Layer),14934,14934,1
2024,1,MIDNAPORE MEDICAL COLLEGE,M.D. (ANAESTHESIOLOGY),Open Quota,General,UR,14959,14959,1
2024,1,NORTH BENGAL MEDICAL COLLEGE AND HOSPITAL,M.D. (PAEDIATRICS),Open Quota,EWS,EWS,15014,15014,1
2024,1,CALCUTTA NATIONAL MEDICAL COLLEGE KOLKATA,M.D. (OBST. AND GYNAE)/MS (OBSTETRICS AND GYNAECOLOGY),Open Quota,EWS,EWS,15034,15034,1
2024,1,RAMKRISHNA MISSION SEVA PRASITHAN VIVEKANANDA INSTITUTE OF MEDICAL SCIENCE,M.D. (ANAESTHESIOLOGY),Open Quota,General,UR,15120,15120,1
2024,1,INSTITUTE OF POST GRADUATE MEDICAL EDUCATION AND RESEARCH KOLKATA,M.D. (GENERAL MEDICINE),Open Quota,ST,ST,15126,15126,1
2024,1,R G KAR MEDICAL COLLEGE,M.S. (GENERAL SURGERY),Open Quota,EWS,EWS,15157,15157,1
2024,1,BANKURA SAMMILANI MEDICAL COLLEGE,M.S. (ORTHOPAEDICS),Open Quota,EWS,EWS,15231,15231,1
2024,1,ICARE INSTITUTE OF MEDICAL SCIENCES AND RESEARCH HALDIA,M.D. (OBST. AND GYNAE)/MS (OBSTETRICS AND GYNAECOLOGY),Open Quota,General,UR,15339,15339,1
2024,1,COLLEGE OF MEDICINE AND JNM HOSPITAL KALYANI,M.D. (OBST. AND GYNAE)/MS (OBSTETRICS AND GYNAECOLOGY),Open Quota,OBC-A (Non-Creamy Layer),OBC-A (Non-Creamy Layer),15387,15387,1
2024,1,R G KAR MEDICAL COLLEGE,M.D. (PHYSICAL MED. AND REHABILITATION),Open Quota,General,UR,15489,15489,1
2024,1,CALCUTTA NATIONAL MEDICAL COLLEGE KOLKATA,M.S. (GENERAL SURGERY),Open Quota,OBC-B (Non-Creamy Layer),OBC-B (Non-Creamy Layer),15552,15552,1
2024,1,COLLEGE OF MEDICINE AND JNM HOSPITAL KALYANI,M.D. (ANAESTHESIOLOGY),Open Quota,General,UR,15583,15583,1
2024,1,BANKURA SAMMILANI MEDICAL COLLEGE,M.D. (OBST. AND GYNAE)/MS (OBSTETRICS AND GYNAECOLOGY),Open Quota,EWS,EWS,15692,15692,1
2024,1,BURDWAN MEDICAL COLLEGE,M.D. (PAEDIATRICS),Open Quota,SC,SC,12877,15776,2
2024,1,RAMKRISHNA MISSION SEVA PRASITHAN VIVEKANANDA INSTITUTE OF MEDICAL SCIENCE,M.S. (GENERAL SURGERY),Open Quota,OBC-A (Non-Creamy Layer),OBC-A (Non-Creamy Layer),15994,15994,1
2024,1,"COMMAND HOSPITAL EC, ALIPORE, KOLKATA",M.D. (ANAESTHESIOLOGY),Open Quota,General,UR,16209,16209,1
2024,1,RAMKRISHNA MISSION SEVA PRASITHAN VIVEKANANDA INSTITUTE OF MEDICAL SCIENCE,M.D. (OBST. AND GYNAE)/MS (OBSTETRICS AND GYNAECOLOGY),Open Quota,OBC-A (Non-Creamy Layer),OBC-A (Non-Creamy Layer),16307,16307,1
2024,1,SHRI RAMKRISHNA INSTITUTE OF MEDICAL SCIENCES & SANAKA HOSPITALS,M.S. (ORTHOPAEDICS),Open Quota,General,UR,16470,16470,1
2024,1,GOURI DEVI INSTITUTE OF MEDICAL SCIENCES AND HOSPITAL,"M.D. (DERM.,VENE. AND LEPROSY)/ (DERMATOLOGY)/ (SKIN AND VENEREAL DISEASES)/ (VENEREOLOGY)",Private Management Quota,General,UR,16525,16525,1
2024,1,NORTH BENGAL MEDICAL COLLEGE AND HOSPITAL,M.S. (ORTHOPAEDICS),Open Quota,SC,SC,16545,16545,1
2024,1,INSTITUTE OF POST GRADUATE MEDICAL EDUCATION AND RESEARCH KOLKATA,M.D. (ANAESTHESIOLOGY),Open Quota,OBC-A (Non-Creamy Layer),OBC-A (Non-Creamy Layer),16731,16731,1
2024,1,NIL RATAN SIRCAR MEDICAL COLLEGE,M.D. (PSYCHIATRY),Open Quota,OBC-B (Non-Creamy Layer),OBC-B (Non-Creamy Layer),16918,16918,1
2024,1,MIDNAPORE MEDICAL COLLEGE,M.D. (OBST. AND GYNAE)/MS (OBSTETRICS AND GYNAECOLOGY),Open Quota,EWS,EWS,17086,17086,1
2024,1,INSTITUTE OF POST GRADUATE MEDICAL EDUCATION AND RESEARCH KOLKATA,M.D. (PATHOLOGY),Open Quota,General,UR,14341,17156,2
2024,1,DR. B C ROY POST GRADUATE INSTITUTE OF PAEDIATRIC SCIENCES,M.D. (PAEDIATRICS),Open Quota,SC,SC,17202,17202,1
2024,1,NIL RATAN SIRCAR MEDICAL COLLEGE,M.D. (ANAESTHESIOLOGY),Open Quota,OBC-A (Non-Creamy Layer),OBC-A (Non-Creamy Layer),17229,17229,1
2024,1,KPC MEDICAL COLLEGE,M.D. (GENERAL MEDICINE),Private Management Quota,General,UR,8087,17521,7
2024,1,INSTITUTE OF POST GRADUATE MEDICAL EDUCATION AND RESEARCH KOLKATA,M.D. (PSYCHIATRY),Open Quota,SC,SC,17606,17606,1
2024,1,MEDICAL COLLEGE KOLKATA,DIP.IN GYNAE. AND OBST.,Open Quota,General,UR,17736,17736,1
2024,1,MEDICAL COLLEGE KOLKATA,M.S. (OPHTHALMOLOGY),Open Quota,SC,SC,17775,17775,1
2024,1,ESI PGIMSR AND ESIC MEDICAL COLLEGE JOKA KOLKATA,M.D. (ANAESTHESIOLOGY),Open Quota,OBC-A (Non-Creamy Layer),OBC (Non-Creamy Layer),17892,17892,1
2024,1,ICARE INSTITUTE OF MEDICAL SCIENCES AND RESEARCH HALDIA,M.D. (TUBERCULOSIS AND RESPIRATORY DISEASES)/PULMONA RY MEDICINE /M.D. (RESPIRATORY MEDICINE),Open Quota,General,UR,17902,17902,1
2024,1,GOURI DEVI INSTITUTE OF MEDICAL SCIENCES AND HOSPITAL,M.D. (TUBERCULOSIS AND RESPIRATORY DISEASES)/PULMONA RY MEDICINE /M.D. (RESPIRATORY MEDICINE),Open Quota,General,UR,17936,17936,1
2024,1,MEDICAL COLLEGE KOLKATA,M.D. (PATHOLOGY),Open Quota,General,UR,18087,18087,1
2024,1,ESI PGIMSR AND ESIC MEDICAL COLLEGE JOKA KOLKATA,M.D. (PATHOLOGY),Open Quota,General,UR,18095,18095,1
2024,1,BANKURA SAMMILANI MEDICAL COLLEGE,M.D. (OBST. AND GYNAE)/MS (OBSTETRICS AND GYNAECOLOGY),Open Quota,OBC-B (Non-Creamy Layer),OBC-B (Non-Creamy Layer),18130,18130,1
2024,1,GOURI DEVI INSTITUTE OF MEDICAL SCIENCES AND HOSPITAL,M.D. (OBST. AND GYNAE)/MS (OBSTETRICS AND GYNAECOLOGY),Private Management Quota,EWS,UR,18160,18160,1
2024,1,BANKURA SAMMILANI MEDICAL COLLEGE,M.S. (GENERAL SURGERY),Open Quota,OBC-B (Non-Creamy Layer),OBC-B (Non-Creamy Layer),18243,18243,1
2024,1,RAMKRISHNA MISSION SEVA PRASITHAN VIVEKANANDA INSTITUTE OF MEDICAL SCIENCE,M.D. (PAEDIATRICS),Open Quota,SC,SC,18340,18340,1
2024,1,MIDNAPORE MEDICAL COLLEGE,M.S. (GENERAL SURGERY),Open Quota,OBC-B (Non-Creamy Layer),OBC-B (Non-Creamy Layer),18392,18392,1
2024,1,MIDNAPORE MEDICAL COLLEGE,M.D. (PAEDIATRICS),Open Quota,SC,SC,18457,18457,1
2024,1,ESI PGIMSR AND ESIC MEDICAL COLLEGE JOKA KOLKATA,M.D. (OBST. AND GYNAE)/MS (OBSTETRICS AND GYNAECOLOGY),Open Quota,EWS,EWS,18459,18459,1
2024,1,MEDICAL COLLEGE KOLKATA,M.S. (GENERAL SURGERY),Open Quota,SC,SC,18523,18523,1
2024,1,GOURI DEVI INSTITUTE OF MEDICAL SCIENCES AND HOSPITAL,M.D. (TUBERCULOSIS AND RESPIRATORY DISEASES)/PULMONA RY MEDICINE /M.D. (RESPIRATORY MEDICINE),Private Management Quota,OBC-A (Non-Creamy Layer),UR,18552,18552,1
2024,1,JAGANNATH GUPTA INSTITUTE OF MEDICAL SCIENCES AND HOSPITAL,M.D. (GENERAL MEDICINE),Private Management Quota,General,UR,18588,18588,1
2024,1,BURDWAN MEDICAL COLLEGE,M.D. (FORENSIC MEDICINE),Open Quota,General,UR,18645,18645,1
2024,1,"IQ CITY MEDICAL COLLEGE, DURGAPUR",M.D. (GENERAL MEDICINE),Private Management Quota,General,UR,18652,18652,1
2024,1,MEDICAL COLLEGE KOLKATA,M.S. (OPHTHALMOLOGY),Open Quota,EWS,EWS,18826,18826,1
2024,1,R G KAR MEDICAL COLLEGE,M.D. (OBST. AND GYNAE)/MS (OBSTETRICS AND GYNAECOLOGY),Open Quota,SC,SC,18343,18908,2
2024,1,MEDICAL COLLEGE KOLKATA,"M.D. (DERM.,VENE. AND LEPROSY)/ (DERMATOLOGY)/ (SKIN AND VENEREAL DISEASES)/ (VENEREOLOGY)",In-Service,SC,UR,19128,19128,1
2024,1,CALCUTTA NATIONAL MEDICAL COLLEGE KOLKATA,M.D. (OBST. AND GYNAE)/MS (OBSTETRICS AND GYNAECOLOGY),Open Quota,SC,SC,18209,19159,2
2024,1,NIL RATAN SIRCAR MEDICAL COLLEGE,M.D. (RADIO- DIAGNOSIS),In-Service,OBC-A (Non-Creamy Layer),OBC-A (Non-Creamy Layer),19428,19428,1
2024,1,"IQ CITY MEDICAL COLLEGE, DURGAPUR",M.D. (GENERAL MEDICINE),Open Quota,SC,SC,19612,19612,1
2024,1,SHRI RAMKRISHNA INSTITUTE OF MEDICAL SCIENCES & SANAKA HOSPITALS,M.D. (GENERAL MEDICINE),Private Management Quota,General,UR,17022,19641,2
2024,1,NIL RATAN SIRCAR MEDICAL COLLEGE,M.D. (ANAESTHESIOLOGY),Open Quota,EWS,EWS,19671,19671,1
2024,1,MURSHIDABAD MEDICAL COLLEGE AND HOSPITAL,M.D. (OBST. AND GYNAE)/MS (OBSTETRICS AND GYNAECOLOGY),Open Quota,OBC-B (Non-Creamy Layer),OBC-B (Non-Creamy Layer),20057,20057,1
2024,1,BURDWAN MEDICAL COLLEGE,M.D. (OBST. AND GYNAE)/MS (OBSTETRICS AND GYNAECOLOGY),Open Quota,SC,SC,20063,20063,1
2024,1,MALDA MEDICAL COLLEGE AND HOSPITAL,M.D. (OBST. AND GYNAE)/MS (OBSTETRICS AND GYNAECOLOGY),Open Quota,EWS,EWS,20072,20072,1
2024,1,NIL RATAN SIRCAR MEDICAL COLLEGE,M.D. (RADIOTHERAPY/ RADIATION ONCOLOGY),Open Quota,OBC-A (Non-Creamy Layer),OBC-A (Non-Creamy Layer),20224,20224,1
2024,1,R G KAR MEDICAL COLLEGE,M.D. (PATHOLOGY),Open Quota,General,UR,20384,20384,1
2024,1,"COMMAND HOSPITAL EC, ALIPORE, KOLKATA",M.S. (GENERAL SURGERY),Open Quota,EWS,EWS,20397,20397,1
2024,1,KPC MEDICAL COLLEGE,M.S. (GENERAL SURGERY),Open Quota,OBC-A (Non-Creamy Layer),OBC-A (Non-Creamy Layer),20473,20473,1
2024,1,KPC MEDICAL COLLEGE,M.D. (ANAESTHESIOLOGY),Open Quota,General,UR,20541,20541,1
2024,1,MEDICAL COLLEGE KOLKATA,DIP.IN GYNAE. AND OBST.,Open Quota,OBC-A (Non-Creamy Layer),UR,20688,20688,1
2024,1,MALDA MEDICAL COLLEGE AND HOSPITAL,M.D. (PAEDIATRICS),Open Quota,SC,SC,20728,20728,1
2024,1,RAMKRISHNA MISSION SEVA PRASITHAN VIVEKANANDA INSTITUTE OF MEDICAL SCIENCE,DIPLOMA IN CHILD HEALTH/ PAEDIATRICS,Open Quota,General,UR,20730,20730,1
2024,1,INSTITUTE OF POST GRADUATE MEDICAL EDUCATION AND RESEARCH KOLKATA,M.S. (E.N.T.),Open Quota,OBC-B (Non-Creamy Layer),OBC-B (Non-Creamy Layer),20809,20809,1
2024,1,BANKURA SAMMILANI MEDICAL COLLEGE,M.D. (OBST. AND GYNAE)/MS (OBSTETRICS AND GYNAECOLOGY),Open Quota,SC,SC,21166,21166,1
2024,1,BANKURA SAMMILANI MEDICAL COLLEGE,M.D. (TUBERCULOSIS AND RESPIRATORY DISEASES)/PULMONA RY MEDICINE /M.D. (RESPIRATORY MEDICINE),Open Quota,SC,SC,21168,21168,1
2024,1,RAMKRISHNA MISSION SEVA PRASITHAN VIVEKANANDA INSTITUTE OF MEDICAL SCIENCE,M.D. (OBST. AND GYNAE)/MS (OBSTETRICS AND GYNAECOLOGY),Open Quota,EWS,EWS,21185,21185,1
2024,1,BANKURA SAMMILANI MEDICAL COLLEGE,M.S. (OPHTHALMOLOGY),Open Quota,SC,SC,21237,21237,1
2024,1,MIDNAPORE MEDICAL COLLEGE,M.S. (OPHTHALMOLOGY),Open Quota,SC,SC,21248,21248,1
2024,1,MEDICAL COLLEGE KOLKATA,M.D. (RADIOTHERAPY/ RADIATION ONCOLOGY),Open Quota,SC,SC,21477,21477,1
2024,1,RAMKRISHNA MISSION SEVA PRASITHAN VIVEKANANDA INSTITUTE OF MEDICAL SCIENCE,DIP.IN GYNAE. AND OBST.,Open Quota,General,UR,21488,21488,1
2024,1,R G KAR MEDICAL COLLEGE,M.D. (RADIOTHERAPY/ RADIATION ONCOLOGY),Open Quota,SC,SC,21881,21881,1
2024,1,MIDNAPORE MEDICAL COLLEGE,M.D. (OBST. AND GYNAE)/MS (OBSTETRICS AND GYNAECOLOGY),Open Quota,SC,SC,21907,22157,2
2024,1,RAMKRISHNA MISSION SEVA PRASITHAN VIVEKANANDA INSTITUTE OF MEDICAL SCIENCE,DIP.IN GYNAE. AND OBST.,Open Quota,OBC-A (Non-Creamy Layer),OBC-A (Non-Creamy Layer),22226,22226,1
2024,1,RAMKRISHNA MISSION SEVA PRASITHAN VIVEKANANDA INSTITUTE OF MEDICAL SCIENCE,M.S. (ORTHOPAEDICS),Open Quota,SC,SC,22241,22241,1
2024,1,COLLEGE OF MEDICINE AND SAGORE DUTTA HOSPITAL,M.D. (PATHOLOGY),Open Quota,General,UR,22310,22310,1
2024,1,ICARE INSTITUTE OF MEDICAL SCIENCES AND RESEARCH HALDIA,M.D. (GENERAL MEDICINE),Open Quota,EWS,EWS,22358,22358,1
2024,1,INSTITUTE OF POST GRADUATE MEDICAL EDUCATION AND RESEARCH KOLKATA,M.D. (GENERAL MEDICINE),In-Service,General,UR,22375,22375,1
2024,1,BURDWAN MEDICAL COLLEGE,M.D. (PATHOLOGY),Open Quota,General,UR,22583,22583,1
2024,1,BURDWAN MEDICAL COLLEGE,M.D. (PSYCHIATRY),Open Quota,SC,SC,23203,23203,1
2024,1,ICARE INSTITUTE OF MEDICAL SCIENCES AND RESEARCH HALDIA,M.S. (OPHTHALMOLOGY),Open Quota,General,UR,23229,23229,1
2024,1,MIDNAPORE MEDICAL COLLEGE,M.S. (GENERAL SURGERY),Open Quota,EWS,EWS,23241,23241,1
2024,1,MEDICAL COLLEGE KOLKATA,M.D. (RADIO- DIAGNOSIS),In-Service,SC,SC,23347,23347,1
2024,1,MURSHIDABAD MEDICAL COLLEGE AND HOSPITAL,M.D. (PATHOLOGY),Open Quota,General,UR,23538,23538,1
2024,1,"SCHOOL OF TROPICAL MEDICINE, KOLKATA",M.D. (TROPICAL MEDICINE),Open Quota,EWS,EWS,23624,23624,1
2024,1,RAMKRISHNA MISSION SEVA PRASITHAN VIVEKANANDA INSTITUTE OF MEDICAL SCIENCE,M.D. (PATHOLOGY),Open Quota,General,UR,23695,23695,1
2024,1,SHRI RAMKRISHNA INSTITUTE OF MEDICAL SCIENCES & SANAKA HOSPITALS,M.D. (GENERAL MEDICINE),Private Management Quota,OBC (Non-Creamy Layer),UR,21111,24160,2
2024,1,MEDICAL COLLEGE KOLKATA,M.S. (OPHTHALMOLOGY),Open Quota,OBC-A (Non-Creamy Layer),OBC-A (Non-Creamy Layer),24440,24440,1
2024,1,RAMKRISHNA MISSION SEVA PRASITHAN VIVEKANANDA INSTITUTE OF MEDICAL SCIENCE,M.D. (OBST. AND GYNAE)/MS (OBSTETRICS AND GYNAECOLOGY),Open Quota,SC,SC,24458,24458,1
2024,1,NORTH BENGAL MEDICAL COLLEGE AND HOSPITAL,M.D. (PATHOLOGY),Open Quota,General,UR,24487,24487,1
2024,1,R G KAR MEDICAL COLLEGE,M.S. (OPHTHALMOLOGY),Open Quota,OBC-A (Non-Creamy Layer),OBC-A (Non-Creamy Layer),24575,24575,1
2024,1,CALCUTTA NATIONAL MEDICAL COLLEGE KOLKATA,M.S. (GENERAL SURGERY),Open Quota,SC,SC,25039,25039,1
2024,1,MALDA MEDICAL COLLEGE AND HOSPITAL,M.D. (OBST. AND GYNAE)/MS (OBSTETRICS AND GYNAECOLOGY),Open Quota,SC,SC,25152,25152,1
2024,1,INSTITUTE OF POST GRADUATE MEDICAL EDUCATION AND RESEARCH KOLKATA,M.D. (MICROBIOLOGY),Open Quota,General,UR,25187,25187,1
2024,1,INSTITUTE OF POST GRADUATE MEDICAL EDUCATION AND RESEARCH KOLKATA,M.D. (GENERAL MEDICINE),In-Service,OBC-A (Non-Creamy Layer),UR,25369,25369,1
2024,1,NORTH BENGAL MEDICAL COLLEGE AND HOSPITAL,M.D. (PSYCHIATRY),Open Quota,SC,SC,25430,25430,1
2024,1,R G KAR MEDICAL COLLEGE,M.S. (GENERAL SURGERY),Open Quota,SC,SC,25716,25716,1
2024,1,"IQ CITY MEDICAL COLLEGE, DURGAPUR",M.D. (PAEDIATRICS),Private Management Quota,General,UR,25760,25760,1
2024,1,NIL RATAN SIRCAR MEDICAL COLLEGE,M.S. (OPHTHALMOLOGY),Open Quota,OBC-B (Non-Creamy Layer),OBC-B (Non-Creamy Layer),26122,26122,1
2024,1,RAMKRISHNA MISSION SEVA PRASITHAN VIVEKANANDA INSTITUTE OF MEDICAL SCIENCE,M.D. (ANAESTHESIOLOGY),Open Quota,OBC-A (Non-Creamy Layer),OBC-A (Non-Creamy Layer),26273,26273,1
2024,1,R G KAR MEDICAL COLLEGE,M.D. (MICROBIOLOGY),Open Quota,General,UR,26374,26374,1
2024,1,GOURI DEVI INSTITUTE OF MEDICAL SCIENCES AND HOSPITAL,M.D. (ANAESTHESIOLOGY),Open Quota,General,UR,26584,26584,1
2024,1,JAGANNATH GUPTA INSTITUTE OF MEDICAL SCIENCES AND HOSPITAL,M.D. (ANAESTHESIOLOGY),Open Quota,General,UR,26774,26774,1
2024,1,BANKURA SAMMILANI MEDICAL COLLEGE,M.S. (GENERAL SURGERY),Open Quota,SC,SC,26901,26901,1
2024,1,MEDICAL COLLEGE KOLKATA,M.D. (ANAESTHESIOLOGY),Open Quota,SC,SC,25211,27393,2
2024,1,R G KAR MEDICAL COLLEGE,M.S. (E.N.T.),Open Quota,OBC-B (Non-Creamy Layer),OBC-B (Non-Creamy Layer),27426,27426,1
2024,1,MEDICAL COLLEGE KOLKATA,M.D. (PREVENTIVE AND SOCIAL MEDICINE)/ COMMUNITY MEDICINE,Open Quota,General,UR,27628,27628,1
2024,1,NIL RATAN SIRCAR MEDICAL COLLEGE,M.D. (GENERAL MEDICINE),Open Quota,ST,ST,27637,27637,1
2024,1,BURDWAN MEDICAL COLLEGE,M.S. (GENERAL SURGERY),Open Quota,SC,SC,27755,27755,1
2024,1,ESI PGIMSR AND ESIC MEDICAL COLLEGE JOKA KOLKATA,M.S. (ORTHOPAEDICS),Open Quota,ST,ST,28004,28004,1
2024,1,MURSHIDABAD MEDICAL COLLEGE AND HOSPITAL,M.D. (RADIO- DIAGNOSIS),In-Service,SC,UR,28074,28074,1
2024,1,RAMKRISHNA MISSION SEVA PRASITHAN VIVEKANANDA INSTITUTE OF MEDICAL SCIENCE,M.D. (RADIO- DIAGNOSIS),In-Service,General,UR,28354,28354,1
2024,1,MEDICAL COLLEGE KOLKATA,M.D. (GENERAL MEDICINE),In-Service,General,UR,28362,28362,1
2024,1,NORTH BENGAL MEDICAL COLLEGE AND HOSPITAL,M.S. (GENERAL SURGERY),Open Quota,SC,SC,28401,28401,1
2024,1,ICARE INSTITUTE OF MEDICAL SCIENCES AND RESEARCH HALDIA,M.D. (ANAESTHESIOLOGY),Private Management Quota,EWS,UR,28458,28458,1
2024,1,INSTITUTE OF POST GRADUATE MEDICAL EDUCATION AND RESEARCH KOLKATA,M.D. (PHARMACOLOGY),Open Quota,General,UR,28644,28644,1
2024,1,INSTITUTE OF POST GRADUATE MEDICAL EDUCATION AND RESEARCH KOLKATA,M.D. (BIOCHEMISTRY),Open Quota,General,UR,28685,28685,1
2024,1,BURDWAN MEDICAL COLLEGE,M.D. (RADIO- DIAGNOSIS),In-Service,SC,SC,28805,28805,1
2024,1,MEDICAL COLLEGE KOLKATA,M.D. (PAEDIATRICS),Open Quota,ST,ST,28813,28813,1
2024,1,RAMKRISHNA MISSION SEVA PRASITHAN VIVEKANANDA INSTITUTE OF MEDICAL SCIENCE,M.S. (OPHTHALMOLOGY),Open Quota,SC,SC,28852,28852,1
2024,1,INSTITUTE OF POST GRADUATE MEDICAL EDUCATION AND RESEARCH KOLKATA,M.D. (PHYSIOLOGY),Open Quota,General,UR,28879,28879,1
2024,1,MEDICAL COLLEGE KOLKATA,DIP.IN GYNAE. AND OBST.,Open Quota,OBC-B (Non-Creamy Layer),OBC-B (Non-Creamy Layer),28935,28935,1
2024,1,MIDNAPORE MEDICAL COLLEGE,M.S. (GENERAL SURGERY),Open Quota,SC,SC,29032,29032,1
2024,1,ALL INDIA INSTITUTE OF HYGIENE AND PUBLIC HEALTH,M.P.H. (EPIDEMIOLOGY),Open Quota,General,UR,29076,29076,1
2024,1,NORTH BENGAL MEDICAL COLLEGE AND HOSPITAL,M.S. (E.N.T.),Open Quota,SC,SC,29250,29250,1
2024,1,JAGANNATH GUPTA INSTITUTE OF MEDICAL SCIENCES AND HOSPITAL,M.D. (GENERAL MEDICINE),Private Management Quota,EWS,UR,29256,29256,1
2024,1,MEDICAL COLLEGE KOLKATA,M.D. (PAEDIATRICS),In-Service,OBC-A (Non-Creamy Layer),UR,29269,29269,1
2024,1,NIL RATAN SIRCAR MEDICAL COLLEGE,M.S. (E.N.T.),Open Quota,EWS,EWS,29507,29507,1
2024,1,INSTITUTE OF POST GRADUATE MEDICAL EDUCATION AND RESEARCH KOLKATA,M.D. (PHYSICAL MED. AND REHABILITATION),Open Quota,SC,SC,29864,29864,1
2024,1,CALCUTTA NATIONAL MEDICAL COLLEGE KOLKATA,DIPLOMA IN ANAESTHESIOLOGY,Open Quota,General,UR,30162,30162,1
2024,1,KPC MEDICAL COLLEGE,M.D. (RADIO- DIAGNOSIS),Open Quota,SC,SC,30298,30298,1
2024,1,RAMKRISHNA MISSION SEVA PRASITHAN VIVEKANANDA INSTITUTE OF MEDICAL SCIENCE,M.S. (E.N.T.),Open Quota,SC,SC,30329,30329,1
2024,1,CALCUTTA NATIONAL MEDICAL COLLEGE KOLKATA,M.D. (ANAESTHESIOLOGY),Open Quota,EWS,EWS,30393,30393,1
2024,1,ESI PGIMSR AND ESIC MEDICAL COLLEGE JOKA KOLKATA,M.S. (E.N.T.),Open Quota,SC,SC,30453,30453,1
2024,1,"IQ CITY MEDICAL COLLEGE, DURGAPUR",M.D. (PAEDIATRICS),Private Management Quota,OBC (Non-Creamy Layer),UR,30540,30540,1
2024,1,INSTITUTE OF POST GRADUATE MEDICAL EDUCATION AND RESEARCH KOLKATA,M.D. (PREVENTIVE AND SOCIAL MEDICINE)/ COMMUNITY MEDICINE,Open Quota,General,UR,30562,30562,1
2024,1,SHRI RAMKRISHNA INSTITUTE OF MEDICAL SCIENCES & SANAKA HOSPITALS,M.D. (OBST. AND GYNAE)/MS (OBSTETRICS AND GYNAECOLOGY),Private Management Quota,General,UR,30842,30842,1
2024,1,CALCUTTA NATIONAL MEDICAL COLLEGE KOLKATA,M.D. (PREVENTIVE AND SOCIAL MEDICINE)/ COMMUNITY MEDICINE,Open Quota,General,UR,30936,30936,1
2024,1,SHRI RAMKRISHNA INSTITUTE OF MEDICAL SCIENCES & SANAKA HOSPITALS,M.D. (PAEDIATRICS),Private Management Quota,General,UR,30957,30957,1
2024,1,NORTH BENGAL MEDICAL COLLEGE AND HOSPITAL,M.D. (ANAESTHESIOLOGY),Open Quota,SC,SC,31166,31166,1
2024,1,NORTH BENGAL MEDICAL COLLEGE AND HOSPITAL,M.S. (OPHTHALMOLOGY),Open Quota,SC,SC,31326,31326,1
2024,1,RAMKRISHNA MISSION SEVA PRASITHAN VIVEKANANDA INSTITUTE OF MEDICAL SCIENCE,M.D. (GENERAL MEDICINE),Open Quota,ST,ST,31374,31374,1
2024,1,R G KAR MEDICAL COLLEGE,M.D. (ANAESTHESIOLOGY),Open Quota,SC,SC,30862,31446,2
2024,1,INSTITUTE OF POST GRADUATE MEDICAL EDUCATION AND RESEARCH KOLKATA,M.D. (GENERAL MEDICINE),In-Service,OBC-A (Non-Creamy Layer),OBC-A (Non-Creamy Layer),31533,31533,1
2024,1,R G KAR MEDICAL COLLEGE,DIPLOMA IN ANAESTHESIOLOGY,Open Quota,General,UR,31890,31890,1
2024,1,MEDICAL COLLEGE KOLKATA,DIPLOMA IN OPHTHALMOLOGY/DO MS,Open Quota,General,UR,19443,32137,3
2024,1,BURDWAN MEDICAL COLLEGE,M.D. (PREVENTIVE AND SOCIAL MEDICINE)/ COMMUNITY MEDICINE,Open Quota,General,UR,32388,32388,1
2024,1,BURDWAN MEDICAL COLLEGE,M.D. (ANAESTHESIOLOGY),Open Quota,OBC-B (Non-Creamy Layer),OBC-B (Non-Creamy Layer),32445,32445,1
2024,1,COLLEGE OF MEDICINE AND SAGORE DUTTA HOSPITAL,M.D. (ANAESTHESIOLOGY),Open Quota,SC,SC,32468,32468,1
2024,1,BURDWAN MEDICAL COLLEGE,M.D. (ANAESTHESIOLOGY),Open Quota,SC,SC,32482,32482,1
2024,1,ICARE INSTITUTE OF MEDICAL SCIENCES AND RESEARCH HALDIA,M.D. (ANAESTHESIOLOGY),Private Management Quota,OBC (Non-Creamy Layer),UR,32496,32496,1
2024,1,BANKURA SAMMILANI MEDICAL COLLEGE,M.D. (ANAESTHESIOLOGY),Open Quota,SC,SC,32504,32504,1
2024,1,INSTITUTE OF POST GRADUATE MEDICAL EDUCATION AND RESEARCH KOLKATA,M.D. (PATHOLOGY),Open Quota,SC,SC,32850,32850,1
2024,1,MEDICAL COLLEGE KOLKATA,M.D. (GENERAL MEDICINE),In-Service,OBC-A (Non-Creamy Layer),UR,33077,33077,1
2024,1,GOURI DEVI INSTITUTE OF MEDICAL SCIENCES AND HOSPITAL,M.D. (OBST. AND GYNAE)/MS (OBSTETRICS AND GYNAECOLOGY),Open Quota,SC,SC,34311,34311,1
2024,1,M R BANGUR HOSPITAL,(NBEMS) GENERAL MEDICINE,In-Service DNB,OBC-A (Non-Creamy Layer),UR,34315,34315,1
2024,1,KPC MEDICAL COLLEGE,M.S. (ORTHOPAEDICS),Open Quota,SC,SC,34393,34393,1
2024,1,MURSHIDABAD MEDICAL COLLEGE AND HOSPITAL,M.D. (ANAESTHESIOLOGY),Open Quota,SC,SC,34460,34460,1
2024,1,R G KAR MEDICAL COLLEGE,M.D. (PAEDIATRICS),Open Quota,ST,ST,34771,34771,1
2024,1,JAGANNATH GUPTA INSTITUTE OF MEDICAL SCIENCES AND HOSPITAL,M.S. (GENERAL SURGERY),Open Quota,SC,SC,35373,35373,1
2024,1,GOURI DEVI INSTITUTE OF MEDICAL SCIENCES AND HOSPITAL,M.D. (OBST. AND GYNAE)/MS (OBSTETRICS AND GYNAECOLOGY),Private Management Quota,General,UR,24064,35424,2
2024,1,MEDICAL COLLEGE KOLKATA,M.D. (PATHOLOGY),Open Quota,SC,SC,35454,35454,1
2024,1,NORTH BENGAL MEDICAL COLLEGE AND HOSPITAL,M.D. (ANAESTHESIOLOGY),Open Quota,EWS,EWS,35676,35676,1
2024,1,MEDICAL COLLEGE KOLKATA,DIP.IN GYNAE. AND OBST.,Open Quota,SC,SC,35892,35892,1
2024,1,MURSHIDABAD MEDICAL COLLEGE AND HOSPITAL,M.S. (GENERAL SURGERY),Open Quota,ST,ST,35981,35981,1
2024,1,KPC MEDICAL COLLEGE,M.S. (ORTHOPAEDICS),Private Management Quota,General,UR,19009,36002,2
2024,1,NIL RATAN SIRCAR MEDICAL COLLEGE,M.D. (GENERAL MEDICINE),In-Service,General,UR,36396,36396,1
2024,1,"IQ CITY MEDICAL COLLEGE, DURGAPUR",M.S. (GENERAL SURGERY),Private Management Quota,SC,UR,36709,36709,1
2024,1,KPC MEDICAL COLLEGE,M.D. (ANAESTHESIOLOGY),Open Quota,OBC-A (Non-Creamy Layer),OBC-A (Non-Creamy Layer),37214,37214,1
2024,1,BURDWAN MEDICAL COLLEGE,M.D. (PATHOLOGY),Open Quota,OBC-A (Non-Creamy Layer),OBC-A (Non-Creamy Layer),37249,37249,1
2024,1,BURDWAN MEDICAL COLLEGE,M.D. (RADIOTHERAPY/ RADIATION ONCOLOGY),Open Quota,EWS,EWS,37353,37353,1
2024,1,NORTH BENGAL MEDICAL COLLEGE AND HOSPITAL,M.D. (OBST. AND GYNAE)/MS (OBSTETRICS AND GYNAECOLOGY),Open Quota,ST,ST,37515,37515,1
2024,1,COLLEGE OF MEDICINE AND SAGORE DUTTA HOSPITAL,M.D. (PREVENTIVE AND SOCIAL MEDICINE)/ COMMUNITY MEDICINE,Open Quota,General,UR,37640,37640,1
2024,1,SHRI RAMKRISHNA INSTITUTE OF MEDICAL SCIENCES & SANAKA HOSPITALS,M.S. (GENERAL SURGERY),Private Management Quota,General,UR,34233,37705,2
2024,1,NIL RATAN SIRCAR MEDICAL COLLEGE,M.D. (GENERAL MEDICINE),In-Service,OBC-A (Non-Creamy Layer),UR,38017,38017,1
2024,1,"IQ CITY MEDICAL COLLEGE, DURGAPUR",M.D. (PATHOLOGY),Open Quota,General,UR,38222,38222,1
2024,1,NORTH BENGAL MEDICAL COLLEGE AND HOSPITAL,M.D. (PREVENTIVE AND SOCIAL MEDICINE)/ COMMUNITY MEDICINE,Open Quota,General,UR,38757,38757,1
2024,1,DISTRICT HOSPITAL HOWRAH,(NBEMS) GENERAL MEDICINE,In-Service DNB,OBC-B (Non-Creamy Layer),UR,39089,39089,1
2024,1,JAGANNATH GUPTA INSTITUTE OF MEDICAL SCIENCES AND HOSPITAL,M.D. (OBST. AND GYNAE)/MS (OBSTETRICS AND GYNAECOLOGY),Private Management Quota,General,UR,39501,39501,1
2024,1,COLLEGE OF MEDICINE AND SAGORE DUTTA HOSPITAL,M.D. (PAEDIATRICS),Open Quota,ST,ST,39605,39605,1
2024,1,INSTITUTE OF POST GRADUATE MEDICAL EDUCATION AND RESEARCH KOLKATA,M.S. (ORTHOPAEDICS),In-Service,OBC-A (Non-Creamy Layer),UR,39683,39683,1
2024,1,NORTH BENGAL MEDICAL COLLEGE AND HOSPITAL,M.D. (RADIO- DIAGNOSIS),In-Service,SC,SC,39706,39706,1
2024,1,KPC MEDICAL COLLEGE,M.D. (PATHOLOGY),Open Quota,General,UR,39875,39875,1
2024,1,"SCHOOL OF TROPICAL MEDICINE, KOLKATA",M.D. (MICROBIOLOGY),Open Quota,General,UR,40071,40071,1
2024,1,MEDICAL COLLEGE KOLKATA,M.D. IN TRANSFUSION MEDICINE/ IMMUNO- HAEMATOLOGY AND BLOOD TRANSFUSION,Open Quota,OBC-B (Non-Creamy Layer),OBC-B (Non-Creamy Layer),40227,40227,1
2024,1,BANKURA SAMMILANI MEDICAL COLLEGE,M.D. (MICROBIOLOGY),Open Quota,General,UR,40433,40433,1
2024,1,JAGANNATH GUPTA INSTITUTE OF MEDICAL SCIENCES AND HOSPITAL,M.S. (E.N.T.),Private Management Quota,General,UR,40676,40676,1
2024,1,MEDICAL COLLEGE KOLKATA,DIPLOMA IN ORTHOPAEDICS,Open Quota,SC,SC,41043,41043,1
2024,1,R G KAR MEDICAL COLLEGE,M.D. (BIOCHEMISTRY),Open Quota,General,UR,41049,41049,1
2024,1,MEDICAL COLLEGE KOLKATA,M.S. (OPHTHALMOLOGY),Open Quota,ST,ST,41078,41078,1
2024,1,NORTH BENGAL MEDICAL COLLEGE AND HOSPITAL,M.D. (ANAESTHESIOLOGY),Open Quota,OBC-B (Non-Creamy Layer),OBC-B (Non-Creamy Layer),42090,42090,1
2024,1,"IQ CITY MEDICAL COLLEGE, DURGAPUR",M.S. (OPHTHALMOLOGY),Private Management Quota,OBC (Non-Creamy Layer),UR,37703,42301,2
2024,1,GOURI DEVI INSTITUTE OF MEDICAL SCIENCES AND HOSPITAL,M.D. (PATHOLOGY),Open Quota,General,UR,42307,42307,1
2024,1,ALL INDIA INSTITUTE OF HYGIENE AND PUBLIC HEALTH,M.D. (PREVENTIVE AND SOCIAL MEDICINE)/ COMMUNITY MEDICINE,Open Quota,OBC (Non-Creamy Layer),OBC (Non-Creamy Layer),42384,42384,1
2024,1,SHRI RAMKRISHNA INSTITUTE OF MEDICAL SCIENCES & SANAKA HOSPITALS,M.S. (GENERAL SURGERY),Private Management Quota,SC,UR,42679,42679,1
2024,1,CALCUTTA NATIONAL MEDICAL COLLEGE KOLKATA,M.S. (ORTHOPAEDICS),In-Service,General,UR,42911,42911,1
2024,1,BANKURA SAMMILANI MEDICAL COLLEGE,M.D. (RADIO- DIAGNOSIS),In-Service,OBC-A (Non-Creamy Layer),OBC-A (Non-Creamy Layer),43868,43868,1
2024,1,R G KAR MEDICAL COLLEGE,M.S. (ORTHOPAEDICS),In-Service,OBC-A (Non-Creamy Layer),UR,44252,44252,1
2024,1,ICARE INSTITUTE OF MEDICAL SCIENCES AND RESEARCH HALDIA,M.S. (OPHTHALMOLOGY),Open Quota,SC,SC,44520,44520,1
2024,1,CALCUTTA NATIONAL MEDICAL COLLEGE KOLKATA,M.D. (PREVENTIVE AND SOCIAL MEDICINE)/ COMMUNITY MEDICINE,Open Quota,SC,SC,44695,44695,1
2024,1,BURDWAN MEDICAL COLLEGE,DIPLOMA IN OPHTHALMOLOGY/DO MS,Open Quota,SC,SC,44929,44929,1
2024,1,ALL INDIA INSTITUTE OF HYGIENE AND PUBLIC HEALTH,M.D. (PREVENTIVE AND SOCIAL MEDICINE)/ COMMUNITY MEDICINE,Open Quota,OBC-A (Non-Creamy Layer),OBC (Non-Creamy Layer),45019,45019,1
2024,1,CALCUTTA NATIONAL MEDICAL COLLEGE KOLKATA,M.D. (GENERAL MEDICINE),In-Service,OBC-A (Non-Creamy Layer),UR,44282,45343,2
2024,1,COLLEGE OF MEDICINE AND SAGORE DUTTA HOSPITAL,M.D. (MICROBIOLOGY),Open Quota,General,UR,45757,45757,1
2024,1,NIL RATAN SIRCAR MEDICAL COLLEGE,M.D. (PATHOLOGY),Open Quota,SC,SC,45812,45812,1
2024,1,MEDICAL COLLEGE KOLKATA,M.D. (GENERAL MEDICINE),In-Service,OBC-B (Non-Creamy Layer),OBC-B (Non-Creamy Layer),45884,45884,1
2024,1,GOURI DEVI INSTITUTE OF MEDICAL SCIENCES AND HOSPITAL,M.S. (ORTHOPAEDICS),Private Management Quota,SC,UR,45933,45933,1
2024,1,R G KAR MEDICAL COLLEGE,M.D. (PATHOLOGY),Open Quota,SC,SC,45973,45973,1
2024,1,CALCUTTA NATIONAL MEDICAL COLLEGE KOLKATA,M.D. (GENERAL MEDICINE),In-Service,General,UR,46185,46185,1
2024,1,INSTITUTE OF POST GRADUATE MEDICAL EDUCATION AND RESEARCH KOLKATA,M.D. (PATHOLOGY),Open Quota,EWS,EWS,46204,46204,1
2024,1,JAGANNATH GUPTA INSTITUTE OF MEDICAL SCIENCES AND HOSPITAL,M.S. (ORTHOPAEDICS),Private Management Quota,SC,UR,46206,46206,1
2024,1,MALDA MEDICAL COLLEGE AND HOSPITAL,M.D. (PAEDIATRICS),In-Service,OBC-A (Non-Creamy Layer),UR,46298,46298,1
2024,1,GOURI DEVI INSTITUTE OF MEDICAL SCIENCES AND HOSPITAL,M.D. (RADIO- DIAGNOSIS),In-Service,OBC-A (Non-Creamy Layer),UR,46337,46337,1
2024,1,R G KAR MEDICAL COLLEGE,M.D. (GENERAL MEDICINE),In-Service,OBC-A (Non-Creamy Layer),UR,46738,46738,1
2024,1,"SCHOOL OF TROPICAL MEDICINE, KOLKATA",M.D. (PHARMACOLOGY),Open Quota,General,UR,47098,47098,1
2024,1,MAHARAJA JITENDRA NARAYAN MEDICAL COLLEGE AND HOSPITAL,(NBEMS-DIPLOMA) RADIO-DIAGNOSIS,In-Service DNB,OBC-A (Non-Creamy Layer),UR,47402,47402,1
2024,1,CALCUTTA NATIONAL MEDICAL COLLEGE KOLKATA,M.D. (PATHOLOGY),Open Quota,SC,SC,47590,47590,1
2024,1,MIDNAPORE MEDICAL COLLEGE,M.D. (ANAESTHESIOLOGY),Open Quota,OBC-B (Non-Creamy Layer),OBC-B (Non-Creamy Layer),47697,47697,1
2024,1,"CHITTARANJAN SEVA SADAN COLLEGE OF OBS. GYNAE AND CHILD HEALTH,KOLKATA",(NBEMS-DIPLOMA) PAEDIATRICS,In-Service DNB,OBC-A (Non-Creamy Layer),UR,47808,47808,1
2024,1,MEDICAL COLLEGE KOLKATA,M.D. (GENERAL MEDICINE),In-Service,SC,SC,47881,47881,1
2024,1,SHRI RAMKRISHNA INSTITUTE OF MEDICAL SCIENCES & SANAKA HOSPITALS,M.D. (OBST. AND GYNAE)/MS (OBSTETRICS AND GYNAECOLOGY),Open Quota,OBC-B (Non-Creamy Layer),OBC-B (Non-Creamy Layer),48008,48008,1
2024,1,MEDICAL COLLEGE KOLKATA,M.D. (PAEDIATRICS),In-Service,General,UR,48440,48440,1
2024,1,COLLEGE OF MEDICINE AND JNM HOSPITAL KALYANI,M.D. (PHARMACOLOGY),Open Quota,General,UR,48666,48666,1
2024,1,COLLEGE OF MEDICINE AND SAGORE DUTTA HOSPITAL,M.D. (TUBERCULOSIS AND RESPIRATORY DISEASES)/PULMONA RY MEDICINE /M.D. (RESPIRATORY MEDICINE),Open Quota,ST,ST,48850,48850,1
2024,1,R G KAR MEDICAL COLLEGE,M.D. (PHYSIOLOGY),Open Quota,General,UR,48874,48874,1
2024,1,MALDA MEDICAL COLLEGE AND HOSPITAL,M.D. (MICROBIOLOGY),Open Quota,General,UR,49188,49188,1
2024,1,KPC MEDICAL COLLEGE,M.S. (GENERAL SURGERY),Private Management Quota,General,UR,17401,49233,6
2024,1,BANKURA SAMMILANI MEDICAL COLLEGE,M.D. (PATHOLOGY),Open Quota,SC,SC,49386,49386,1
2024,1,R G KAR MEDICAL COLLEGE,M.D. (OBST. AND GYNAE)/MS (OBSTETRICS AND GYNAECOLOGY),In-Service,OBC-A (Non-Creamy Layer),UR,49935,49935,1
2024,1,MEDICAL COLLEGE KOLKATA,DIPLOMA IN OPHTHALMOLOGY/DO MS,Open Quota,SC,SC,50134,50134,1
2024,1,SHRI RAMKRISHNA INSTITUTE OF MEDICAL SCIENCES & SANAKA HOSPITALS,M.D. (ANAESTHESIOLOGY),Open Quota,SC,SC,50159,50159,1
2024,1,"IQ CITY MEDICAL COLLEGE, DURGAPUR",M.D. (ANAESTHESIOLOGY),Open Quota,SC,SC,50535,50535,1
2024,1,R G KAR MEDICAL COLLEGE,M.D. (GENERAL MEDICINE),In-Service,General,UR,50580,50580,1
2024,1,INSTITUTE OF POST GRADUATE MEDICAL EDUCATION AND RESEARCH KOLKATA,M.D. (RADIOTHERAPY/ RADIATION ONCOLOGY),Open Quota,ST,ST,50749,50749,1
2024,1,"IQ CITY MEDICAL COLLEGE, DURGAPUR",M.D. (PREVENTIVE AND SOCIAL MEDICINE)/ COMMUNITY MEDICINE,Open Quota,General,UR,50966,50966,1
2024,1,NORTH BENGAL MEDICAL COLLEGE AND HOSPITAL,M.D. (GENERAL MEDICINE),In-Service,General,UR,51005,51005,1
2024,1,INSTITUTE OF POST GRADUATE MEDICAL EDUCATION AND RESEARCH KOLKATA,M.D. (PATHOLOGY),Open Quota,OBC-B (Non-Creamy Layer),OBC-B (Non-Creamy Layer),52327,52327,1
2024,1,INSTITUTE OF POST GRADUATE MEDICAL EDUCATION AND RESEARCH KOLKATA,M.S. (ORTHOPAEDICS),In-Service,SC,UR,52506,52506,1
2024,1,"IQ CITY MEDICAL COLLEGE, DURGAPUR",M.D. (TUBERCULOSIS AND RESPIRATORY DISEASES)/PULMONA RY MEDICINE /M.D. (RESPIRATORY MEDICINE),Private Management Quota,General,UR,30511,52960,2
2024,1,NORTH BENGAL MEDICAL COLLEGE AND HOSPITAL,M.D. (MICROBIOLOGY),Open Quota,General,UR,53521,53521,1
2024,1,MEDICAL COLLEGE KOLKATA,M.S. (E.N.T.),Open Quota,ST,ST,53669,53669,1
2024,1,GOURI DEVI INSTITUTE OF MEDICAL SCIENCES AND HOSPITAL,M.D. (TUBERCULOSIS AND RESPIRATORY DISEASES)/PULMONA RY MEDICINE /M.D. (RESPIRATORY MEDICINE),Private Management Quota,General,UR,54794,54794,1
2024,1,INSTITUTE OF POST GRADUATE MEDICAL EDUCATION AND RESEARCH KOLKATA,M.D. (ANAESTHESIOLOGY),Open Quota,ST,ST,55153,55153,1
2024,1,BANKURA SAMMILANI MEDICAL COLLEGE,M.S. (E.N.T.),Open Quota,ST,ST,55339,55339,1
2024,1,BURDWAN MEDICAL COLLEGE,M.D. (PREVENTIVE AND SOCIAL MEDICINE)/ COMMUNITY MEDICINE,Open Quota,OBC-A (Non-Creamy Layer),OBC-A (Non-Creamy Layer),55389,55389,1
2024,1,ICARE INSTITUTE OF MEDICAL SCIENCES AND RESEARCH HALDIA,M.D. (PSYCHIATRY),Open Quota,SC,SC,55409,55409,1
2024,1,GOURI DEVI INSTITUTE OF MEDICAL SCIENCES AND HOSPITAL,M.S. (E.N.T.),Open Quota,SC,SC,55417,55417,1
2024,1,MURSHIDABAD MEDICAL COLLEGE AND HOSPITAL,M.D. (PREVENTIVE AND SOCIAL MEDICINE)/ COMMUNITY MEDICINE,Open Quota,SC,SC,55761,55761,1
2024,1,BURDWAN MEDICAL COLLEGE,M.D. (GENERAL MEDICINE),In-Service,General,UR,55775,55775,1
2024,1,BARASAT GOVERNMENT MEDICAL COLLEGE AND HOSPITAL,(NBEMS) GENERAL MEDICINE,In-Service DNB,OBC-A (Non-Creamy Layer),OBC-A (Non-Creamy Layer),56015,56015,1
2024,1,BANKURA SAMMILANI MEDICAL COLLEGE,M.D. (BIOCHEMISTRY),Open Quota,General,UR,56163,56163,1
2024,1,SHRI RAMKRISHNA INSTITUTE OF MEDICAL SCIENCES & SANAKA HOSPITALS,M.S. (GENERAL SURGERY),Open Quota,SC,SC,56316,56316,1
2024,1,JAGANNATH GUPTA INSTITUTE OF MEDICAL SCIENCES AND HOSPITAL,M.D. (PAEDIATRICS),Private Management Quota,General,UR,42657,56507,4
2024,1,R G KAR MEDICAL COLLEGE,M.D. (GENERAL MEDICINE),In-Service,SC,SC,56819,56819,1
2024,1,KPC MEDICAL COLLEGE,M.D. (PHARMACOLOGY),Open Quota,General,UR,56864,56864,1
2024,1,GOURI DEVI INSTITUTE OF MEDICAL SCIENCES AND HOSPITAL,M.S. (OPHTHALMOLOGY),Private Management Quota,OBC-B (Non-Creamy Layer),UR,56881,56881,1
2024,1,DIAMOND HARBOUR GOVERNMENT MEDICAL COLLEGE AND HOSPITAL,(NBEMS) GENERAL MEDICINE,In-Service DNB,SC,SC,57014,57014,1
2024,1,INSTITUTE OF POST GRADUATE MEDICAL EDUCATION AND RESEARCH KOLKATA,M.S. (ORTHOPAEDICS),In-Service,OBC-A (Non-Creamy Layer),OBC-A (Non-Creamy Layer),57220,57220,1
2024,1,ICARE INSTITUTE OF MEDICAL SCIENCES AND RESEARCH HALDIA,M.D. (ANAESTHESIOLOGY),Open Quota,OBC-A (Non-Creamy Layer),OBC-A (Non-Creamy Layer),57222,57222,1
2024,1,BURDWAN MEDICAL COLLEGE,M.D. (PHARMACOLOGY),Open Quota,General,UR,57499,57499,1
2024,1,JAGANNATH GUPTA INSTITUTE OF MEDICAL SCIENCES AND HOSPITAL,M.D. (ANAESTHESIOLOGY),Open Quota,SC,SC,58050,58050,1
2024,1,GOURI DEVI INSTITUTE OF MEDICAL SCIENCES AND HOSPITAL,M.D. (PAEDIATRICS),Private Management Quota,General,UR,26684,59916,3
2024,1,CALCUTTA NATIONAL MEDICAL COLLEGE KOLKATA,M.D. (ANAESTHESIOLOGY),Open Quota,ST,ST,60319,60319,1
2024,1,ICARE INSTITUTE OF MEDICAL SCIENCES AND RESEARCH HALDIA,M.D. (ANAESTHESIOLOGY),Open Quota,SC,SC,60387,60387,1
2024,1,GOURI DEVI INSTITUTE OF MEDICAL SCIENCES AND HOSPITAL,M.D. (PATHOLOGY),Private Management Quota,General,UR,60768,60768,1
2024,1,NIL RATAN SIRCAR MEDICAL COLLEGE,M.S. (ORTHOPAEDICS),In-Service,OBC-A (Non-Creamy Layer),UR,61852,61852,1
2024,1,RAMKRISHNA MISSION SEVA PRASITHAN VIVEKANANDA INSTITUTE OF MEDICAL SCIENCE,M.D. (GENERAL MEDICINE),In-Service,General,UR,61883,61883,1
2024,1,BURDWAN MEDICAL COLLEGE,M.D. (GENERAL MEDICINE),In-Service,OBC-A (Non-Creamy Layer),OBC-A (Non-Creamy Layer),62188,62188,1
2024,1,IMAMBARA DISTRICT HOSPITAL,(NBEMS) GENERAL MEDICINE,In-Service DNB,OBC-A (Non-Creamy Layer),OBC-A (Non-Creamy Layer),62259,62259,1
2024,1,CALCUTTA NATIONAL MEDICAL COLLEGE KOLKATA,M.D. (GENERAL MEDICINE),In-Service,SC,SC,62441,62441,1
2024,1,BURDWAN MEDICAL COLLEGE,M.S. (ORTHOPAEDICS),In-Service,OBC-A (Non-Creamy Layer),UR,62895,62895,1
2024,1,JAGANNATH GUPTA INSTITUTE OF MEDICAL SCIENCES AND HOSPITAL,M.D. (GENERAL MEDICINE),Open Quota,OBC-B (Non-Creamy Layer),OBC-B (Non-Creamy Layer),63328,63328,1
2024,1,CALCUTTA NATIONAL MEDICAL COLLEGE KOLKATA,M.S. (OPHTHALMOLOGY),Open Quota,ST,ST,63489,63489,1
2024,1,MEDICAL COLLEGE KOLKATA,M.D. (PATHOLOGY),Open Quota,OBC-B (Non-Creamy Layer),OBC-B (Non-Creamy Layer),64103,64103,1
2024,1,NIL RATAN SIRCAR MEDICAL COLLEGE,M.D. (PHYSICAL MED. AND REHABILITATION),Open Quota,OBC-B (Non-Creamy Layer),OBC-B (Non-Creamy Layer),64873,64873,1
2024,1,RAMKRISHNA MISSION SEVA PRASITHAN VIVEKANANDA INSTITUTE OF MEDICAL SCIENCE,M.D. (GENERAL MEDICINE),In-Service,OBC (Non-Creamy Layer),UR,65044,65044,1
2024,1,MEDICAL COLLEGE KOLKATA,DIP.IN GYNAE. AND OBST.,Open Quota,EWS,EWS,65075,65075,1
2024,1,GOURI DEVI INSTITUTE OF MEDICAL SCIENCES AND HOSPITAL,"M.D. (DERM.,VENE. AND LEPROSY)/ (DERMATOLOGY)/ (SKIN AND VENEREAL DISEASES)/ (VENEREOLOGY)",Open Quota,ST,ST,65198,65198,1
2024,1,NORTH BENGAL MEDICAL COLLEGE AND HOSPITAL,M.D. (GENERAL MEDICINE),In-Service,OBC-A (Non-Creamy Layer),UR,65230,65230,1
2024,1,KPC MEDICAL COLLEGE,M.D. (PATHOLOGY),Open Quota,OBC-A (Non-Creamy Layer),OBC-A (Non-Creamy Layer),65661,65661,1
2024,1,"IQ CITY MEDICAL COLLEGE, DURGAPUR",M.S. (GENERAL SURGERY),Private Management Quota,General,UR,37681,66035,4
2024,1,INSTITUTE OF POST GRADUATE MEDICAL EDUCATION AND RESEARCH KOLKATA,M.D. (PAEDIATRICS),In-Service,OBC-A (Non-Creamy Layer),UR,66219,66219,1
2024,1,JAGANNATH GUPTA INSTITUTE OF MEDICAL SCIENCES AND HOSPITAL,M.D. (PAEDIATRICS),Open Quota,OBC-B (Non-Creamy Layer),OBC-B (Non-Creamy Layer),66495,66495,1
2024,1,MEDICAL COLLEGE KOLKATA,M.S. (ORTHOPAEDICS),In-Service,SC,SC,66820,66820,1
2024,1,TAMRALIPTO GOVERNMENT MEDICAL COLLEGE,(NBEMS) GENERAL MEDICINE,In-Service DNB,SC,UR,66967,66967,1
2024,1,MIDNAPORE MEDICAL COLLEGE,M.D. (GENERAL MEDICINE),In-Service,OBC-A (Non-Creamy Layer),UR,67261,67261,1
2024,1,ICARE INSTITUTE OF MEDICAL SCIENCES AND RESEARCH HALDIA,M.D. (PATHOLOGY),Open Quota,SC,SC,67809,67809,1
2024,1,DIAMOND HARBOUR GOVERNMENT MEDICAL COLLEGE AND HOSPITAL,(NBEMS) PAEDIATRICS,In-Service DNB,SC,UR,67912,67912,1
2024,1,NIL RATAN SIRCAR MEDICAL COLLEGE,M.D. (FORENSIC MEDICINE),Open Quota,SC,SC,68174,68174,1
2024,1,INSTITUTE OF POST GRADUATE MEDICAL EDUCATION AND RESEARCH KOLKATA,M.S. (GENERAL SURGERY),In-Service,SC,UR,68863,68863,1
2024,1,BANKURA SAMMILANI MEDICAL COLLEGE,M.D. (GENERAL MEDICINE),In-Service,General,UR,68906,68906,1
2024,1,MEDICAL COLLEGE KOLKATA,M.D. (MICROBIOLOGY),Open Quota,SC,SC,69001,69001,1
2024,1,BURDWAN MEDICAL COLLEGE,M.S. (ORTHOPAEDICS),In-Service,General,UR,69109,69109,1
2024,1,GOURI DEVI INSTITUTE OF MEDICAL SCIENCES AND HOSPITAL,M.D. (ANAESTHESIOLOGY),Private Management Quota,General,UR,69220,69220,1
2024,1,BANKURA SAMMILANI MEDICAL COLLEGE,"M.D. (DERM.,VENE. AND LEPROSY)/ (DERMATOLOGY)/ (SKIN AND VENEREAL DISEASES)/ (VENEREOLOGY)",In-Service,SC,SC,70464,70464,1
2024,1,NIL RATAN SIRCAR MEDICAL COLLEGE,M.D. (BIOCHEMISTRY),Open Quota,SC,SC,70716,70716,1
2024,1,JAGANNATH GUPTA INSTITUTE OF MEDICAL SCIENCES AND HOSPITAL,M.S. (GENERAL SURGERY),Private Management Quota,SC,UR,71168,71168,1
2024,1,INSTITUTE OF POST GRADUATE MEDICAL EDUCATION AND RESEARCH KOLKATA,M.D. (TUBERCULOSIS AND RESPIRATORY DISEASES)/PULMONA RY MEDICINE /M.D. (RESPIRATORY MEDICINE),In-Service,General,UR,71263,71263,1
2024,1,MEDICAL COLLEGE KOLKATA,M.D. (PHARMACOLOGY),Open Quota,SC,SC,71409,71409,1
2024,1,INSTITUTE OF CHILD HEALTH,M.D. (PAEDIATRICS),In-Service,General,UR,68130,71560,2
2024,1,"IQ CITY MEDICAL COLLEGE, DURGAPUR",M.D. (PSYCHIATRY),Private Management Quota,General,UR,71662,71662,1
2024,1,R G KAR MEDICAL COLLEGE,M.D. (TUBERCULOSIS AND RESPIRATORY DISEASES)/PULMONA RY MEDICINE /M.D. (RESPIRATORY MEDICINE),In-Service,General,UR,71840,71840,1
2024,1,MEDICAL COLLEGE KOLKATA,M.D. (PAEDIATRICS),In-Service,SC,SC,72159,72159,1
2024,1,"IQ CITY MEDICAL COLLEGE, DURGAPUR",M.D. (PATHOLOGY),Private Management Quota,OBC-B (Non-Creamy Layer),UR,72463,72463,1
2024,1,CALCUTTA NATIONAL MEDICAL COLLEGE KOLKATA,M.D. (PHARMACOLOGY),Open Quota,SC,SC,72760,72760,1
2024,1,INSTITUTE OF POST GRADUATE MEDICAL EDUCATION AND RESEARCH KOLKATA,M.D. (RADIO- DIAGNOSIS),In-Service,OBC-B (Non-Creamy Layer),OBC-B (Non-Creamy Layer),73467,73467,1
2024,1,BURDWAN MEDICAL COLLEGE,M.D. (TUBERCULOSIS AND RESPIRATORY DISEASES)/PULMONA RY MEDICINE /M.D. (RESPIRATORY MEDICINE),In-Service,General,UR,73806,73806,1
2024,1,RAMKRISHNA MISSION SEVA PRASITHAN VIVEKANANDA INSTITUTE OF MEDICAL SCIENCE,M.S. (ORTHOPAEDICS),In-Service,General,UR,73807,73807,1
2024,1,MEDICAL COLLEGE KOLKATA,M.D. (TUBERCULOSIS AND RESPIRATORY DISEASES)/PULMONA RY MEDICINE /M.D. (RESPIRATORY MEDICINE),In-Service,General,UR,73913,73913,1
2024,1,KPC MEDICAL COLLEGE,M.D. (ANAESTHESIOLOGY),Private Management Quota,General,UR,60056,73977,2
2024,1,ESI PGIMSR AND ESIC MEDICAL COLLEGE JOKA KOLKATA,M.S. (ORTHOPAEDICS),In-Service,General,UR,74121,74121,1
2024,1,ALL INDIA INSTITUTE OF HYGIENE AND PUBLIC HEALTH,M.D. (PREVENTIVE AND SOCIAL MEDICINE)/ COMMUNITY MEDICINE,In-Service,General,UR,74209,74209,1
2024,1,KPC MEDICAL COLLEGE,M.S. (E.N.T.),Private Management Quota,General,UR,49710,74545,2
2024,1,ALL INDIA INSTITUTE OF HYGIENE AND PUBLIC HEALTH,M.D. (PREVENTIVE AND SOCIAL MEDICINE)/ COMMUNITY MEDICINE,Open Quota,ST,ST,74860,74860,1
2024,1,BURDWAN MEDICAL COLLEGE,M.D. (PHYSIOLOGY),Open Quota,General,UR,75060,75060,1
2024,1,"IQ CITY MEDICAL COLLEGE, DURGAPUR",M.D. (ANAESTHESIOLOGY),Private Management Quota,SC,UR,75206,75206,1
2024,1,NIL RATAN SIRCAR MEDICAL COLLEGE,M.D. (ANAESTHESIOLOGY),Open Quota,ST,ST,75960,75960,1
2024,1,NORTH BENGAL MEDICAL COLLEGE AND HOSPITAL,M.D. (GENERAL MEDICINE),In-Service,SC,SC,76399,76399,1
2024,1,NIL RATAN SIRCAR MEDICAL COLLEGE,M.S. (GENERAL SURGERY),In-Service,General,UR,77161,77161,1
2024,1,ALL INDIA INSTITUTE OF HYGIENE AND PUBLIC HEALTH,M.P.H. (EPIDEMIOLOGY),Open Quota,SC,SC,77353,77353,1
2024,1,NORTH BENGAL MEDICAL COLLEGE AND HOSPITAL,M.D. (FORENSIC MEDICINE),Open Quota,SC,UR,77643,77643,1
2024,1,JAGANNATH GUPTA INSTITUTE OF MEDICAL SCIENCES AND HOSPITAL,M.S. (GENERAL SURGERY),Private Management Quota,General,UR,64141,77657,3
2024,1,INSTITUTE OF POST GRADUATE MEDICAL EDUCATION AND RESEARCH KOLKATA,M.S. (GENERAL SURGERY),In-Service,General,UR,78138,78138,1
2024,1,"IQ CITY MEDICAL COLLEGE, DURGAPUR",M.S. (OPHTHALMOLOGY),Open Quota,OBC-A (Non-Creamy Layer),OBC-A (Non-Creamy Layer),78340,78340,1
2024,1,MEDICAL COLLEGE KOLKATA,M.D. (PAEDIATRICS),In-Service,OBC-A (Non-Creamy Layer),OBC-A (Non-Creamy Layer),78621,78621,1
2024,1,NORTH BENGAL MEDICAL COLLEGE AND HOSPITAL,M.D. (GENERAL MEDICINE),In-Service,OBC-A (Non-Creamy Layer),OBC-A (Non-Creamy Layer),78705,78705,1
2024,1,GOURI DEVI INSTITUTE OF MEDICAL SCIENCES AND HOSPITAL,M.S. (ORTHOPAEDICS),Private Management Quota,General,UR,78810,78810,1
2024,1,GOURI DEVI INSTITUTE OF MEDICAL SCIENCES AND HOSPITAL,M.S. (E.N.T.),Private Management Quota,General,UR,79832,79832,1
2024,1,R G KAR MEDICAL COLLEGE,M.D. (PAEDIATRICS),In-Service,OBC-A (Non-Creamy Layer),UR,80342,80342,1
2024,1,NORTH BENGAL MEDICAL COLLEGE AND HOSPITAL,M.D. (PHYSIOLOGY),In-Service,General,UR,80637,80637,1
2024,1,INSTITUTE OF POST GRADUATE MEDICAL EDUCATION AND RESEARCH KOLKATA,M.D. (ANAESTHESIOLOGY),In-Service,SC,UR,81401,81401,1
2024,1,JAGANNATH GUPTA INSTITUTE OF MEDICAL SCIENCES AND HOSPITAL,M.D. (ANAESTHESIOLOGY),Private Management Quota,OBC-A (Non-Creamy Layer),UR,82043,82043,1
2024,1,DR. B C ROY POST GRADUATE INSTITUTE OF PAEDIATRIC SCIENCES,M.D. (PAEDIATRICS),In-Service,SC,UR,82202,82202,1
2024,1,R G KAR MEDICAL COLLEGE,M.D. (OBST. AND GYNAE)/MS (OBSTETRICS AND GYNAECOLOGY),In-Service,General,UR,82723,82723,1
2024,1,GOURI DEVI INSTITUTE OF MEDICAL SCIENCES AND HOSPITAL,M.S. (GENERAL SURGERY),Private Management Quota,General,UR,59497,82855,2
2024,1,"IQ CITY MEDICAL COLLEGE, DURGAPUR",M.S. (E.N.T.),Private Management Quota,General,UR,83208,83208,1
2024,1,INSTITUTE OF POST GRADUATE MEDICAL EDUCATION AND RESEARCH KOLKATA,M.D. (PSYCHIATRY),In-Service,General,UR,83810,83810,1
2024,1,R G KAR MEDICAL COLLEGE,M.S. (GENERAL SURGERY),In-Service,General,UR,84024,84024,1
2024,1,M R BANGUR HOSPITAL,(NBEMS) GENERAL SURGERY,In-Service DNB,SC,UR,84925,84925,1
2024,1,MEDICAL COLLEGE KOLKATA,M.S. (GENERAL SURGERY),In-Service,OBC-A (Non-Creamy Layer),UR,84991,84991,1
2024,1,CALCUTTA NATIONAL MEDICAL COLLEGE KOLKATA,M.D. (PSYCHIATRY),In-Service,General,UR,84997,84997,1
2024,1,CALCUTTA NATIONAL MEDICAL COLLEGE KOLKATA,M.S. (ORTHOPAEDICS),In-Service,SC,SC,85222,85222,1
2024,1,DR. B C ROY POST GRADUATE INSTITUTE OF PAEDIATRIC SCIENCES,M.D. (PAEDIATRICS),In-Service,OBC-A (Non-Creamy Layer),OBC-A (Non-Creamy Layer),85521,85521,1
2024,1,INSTITUTE OF POST GRADUATE MEDICAL EDUCATION AND RESEARCH KOLKATA,"M.D. (DERM.,VENE. AND LEPROSY)/ (DERMATOLOGY)/ (SKIN AND VENEREAL DISEASES)/ (VENEREOLOGY)",In-Service,OBC-B (Non-Creamy Layer),OBC-B (Non-Creamy Layer),85522,85522,1
2024,1,RAMKRISHNA MISSION SEVA PRASITHAN VIVEKANANDA INSTITUTE OF MEDICAL SCIENCE,M.S. (GENERAL SURGERY),Open Quota,ST,ST,86013,86013,1
2024,1,"IQ CITY MEDICAL COLLEGE, DURGAPUR",M.D. (ANAESTHESIOLOGY),Private Management Quota,General,UR,86143,86143,1
2024,1,KPC MEDICAL COLLEGE,M.D. (GENERAL MEDICINE),In-Service,OBC-B (Non-Creamy Layer),UR,86268,86268,1
2024,1,NIL RATAN SIRCAR MEDICAL COLLEGE,M.D. (PAEDIATRICS),In-Service,General,UR,83765,86315,2
2024,1,R G KAR MEDICAL COLLEGE,M.D. (OBST. AND GYNAE)/MS (OBSTETRICS AND GYNAECOLOGY),In-Service,OBC-A (Non-Creamy Layer),OBC-A (Non-Creamy Layer),86553,86553,1
2024,1,RAIGANJ GOVERNMENT MEDICAL COLLEGE AND HOSPITAL,(NBEMS) GENERAL MEDICINE,In-Service DNB,General,UR,87936,87936,1
2024,1,RAMKRISHNA MISSION SEVA PRASITHAN VIVEKANANDA INSTITUTE OF MEDICAL SCIENCE,M.D. (PAEDIATRICS),In-Service,OBC-A (Non-Creamy Layer),UR,88100,88100,1
2024,1,INSTITUTE OF POST GRADUATE MEDICAL EDUCATION AND RESEARCH KOLKATA,M.D. (BIOCHEMISTRY),Open Quota,SC,SC,88125,88125,1
2024,1,CALCUTTA NATIONAL MEDICAL COLLEGE KOLKATA,M.D. (TUBERCULOSIS AND RESPIRATORY DISEASES)/PULMONA RY MEDICINE /M.D. (RESPIRATORY MEDICINE),In-Service,SC,SC,88133,88133,1
2024,1,MEDICAL COLLEGE KOLKATA,M.D. (PATHOLOGY),In-Service,General,UR,88474,88474,1
2024,1,DR. B C ROY POST GRADUATE INSTITUTE OF PAEDIATRIC SCIENCES,M.D. (PAEDIATRICS),In-Service,SC,SC,88937,88937,1
2024,1,ESI PGIMSR AND ESIC MEDICAL COLLEGE JOKA KOLKATA,M.D. (GENERAL MEDICINE),In-Service,OBC-B (Non-Creamy Layer),OBC (Non-Creamy Layer),88954,88954,1
2024,1,CALCUTTA NATIONAL MEDICAL COLLEGE KOLKATA,M.S. (OPHTHALMOLOGY),In-Service,OBC-A (Non-Creamy Layer),UR,88986,88986,1
2024,1,"SCHOOL OF TROPICAL MEDICINE, KOLKATA",M.D. (TROPICAL MEDICINE),In-Service,SC,UR,88995,88995,1
2024,1,BANKURA SAMMILANI MEDICAL COLLEGE,M.D. (PHYSIOLOGY),Open Quota,SC,SC,89808,89808,1
2024,1,INFECTIOUS DISEASES AND BELIAGHATA GENERAL HOSPITAL,(NBEMS) GENERAL MEDICINE,In-Service DNB,SC,SC,89943,89943,1
2024,1,INSTITUTE OF CHILD HEALTH,M.D. (PAEDIATRICS),In-Service,SC,SC,90376,90376,1
2024,1,COLLEGE OF MEDICINE AND SAGORE DUTTA HOSPITAL,M.D. (PAEDIATRICS),In-Service,General,UR,90497,90497,1
2024,1,NIL RATAN SIRCAR MEDICAL COLLEGE,M.D. (PREVENTIVE AND SOCIAL MEDICINE)/ COMMUNITY MEDICINE,Open Quota,EWS,EWS,90565,90565,1
2024,1,MEDICAL COLLEGE KOLKATA,(NBEMS) CARDIO VASCULAR AND THORACIC SURGERY (DIRECT 6 YEARS COURSE),In-Service DNB,General,UR,90575,90575,1
2024,1,DISTRICT HOSPITAL NADIA,(NBEMS) GENERAL MEDICINE,In-Service DNB,OBC-B (Non-Creamy Layer),UR,90794,90794,1
2024,1,MEDICAL COLLEGE KOLKATA,M.D. (OBST. AND GYNAE)/MS (OBSTETRICS AND GYNAECOLOGY),In-Service,General,UR,60270,90908,2
2024,1,JAGANNATH GUPTA INSTITUTE OF MEDICAL SCIENCES AND HOSPITAL,M.D. (ANAESTHESIOLOGY),Private Management Quota,General,UR,91063,91063,1
2024,1,MEDICAL COLLEGE KOLKATA,M.S. (OPHTHALMOLOGY),In-Service,General,UR,91751,91751,1
2024,1,INSTITUTE OF POST GRADUATE MEDICAL EDUCATION AND RESEARCH KOLKATA,M.D. (OBST. AND GYNAE)/MS (OBSTETRICS AND GYNAECOLOGY),In-Service,SC,UR,91981,91981,1
2024,1,"IQ CITY MEDICAL COLLEGE, DURGAPUR",M.D. (PREVENTIVE AND SOCIAL MEDICINE)/ COMMUNITY MEDICINE,Open Quota,SC,SC,92207,92207,1
2024,1,CALCUTTA NATIONAL MEDICAL COLLEGE KOLKATA,M.D. (PAEDIATRICS),In-Service,SC,UR,89103,92304,2
2024,1,MAHARAJA JITENDRA NARAYAN MEDICAL COLLEGE AND HOSPITAL,(NBEMS) GENERAL MEDICINE,In-Service DNB,General,UR,92383,92383,1
2024,1,INSTITUTE OF POST GRADUATE MEDICAL EDUCATION AND RESEARCH KOLKATA,M.D. (EMERGENCY AND CRITICAL CARE)/M.D. (EMERGENCY MEDICINE),In-Service,SC,SC,92780,92780,1
2024,1,BURDWAN MEDICAL COLLEGE,M.D. (MICROBIOLOGY),Open Quota,SC,SC,93229,93229,1
2024,1,BANKURA SAMMILANI MEDICAL COLLEGE,M.D. (OBST. AND GYNAE)/MS (OBSTETRICS AND GYNAECOLOGY),In-Service,SC,UR,93469,93469,1
2024,1,ICARE INSTITUTE OF MEDICAL SCIENCES AND RESEARCH HALDIA,M.S. (ORTHOPAEDICS),Open Quota,ST,ST,93545,93545,1
2024,1,M R BANGUR HOSPITAL,(NBEMS) ORTHOPAEDICS,In-Service DNB,General,UR,93733,93733,1
2024,1,MALDA MEDICAL COLLEGE AND HOSPITAL,M.D. (OBST. AND GYNAE)/MS (OBSTETRICS AND GYNAECOLOGY),In-Service,OBC-A (Non-Creamy Layer),UR,93770,93770,1
2024,1,BURDWAN MEDICAL COLLEGE,M.D. (BIOCHEMISTRY),Open Quota,SC,SC,94196,94196,1
2024,1,KPC MEDICAL COLLEGE,"M.D. (DERM.,VENE. AND LEPROSY)/ (DERMATOLOGY)/ (SKIN AND VENEREAL DISEASES)/ (VENEREOLOGY)",NRI Quota,General,UR,94306,94306,1
2024,1,BURDWAN MEDICAL COLLEGE,M.D. (PAEDIATRICS),In-Service,SC,UR,94347,94347,1
2024,1,NIL RATAN SIRCAR MEDICAL COLLEGE,M.D. (OBST. AND GYNAE)/MS (OBSTETRICS AND GYNAECOLOGY),In-Service,General,UR,94498,94498,1
2024,1,R G KAR MEDICAL COLLEGE,M.D. (PSYCHIATRY),In-Service,General,UR,94512,94512,1
2024,1,ICARE INSTITUTE OF MEDICAL SCIENCES AND RESEARCH HALDIA,M.D. (MICROBIOLOGY),Open Quota,General,UR,94656,94656,1
2024,1,NORTH BENGAL MEDICAL COLLEGE AND HOSPITAL,M.D. (PHYSIOLOGY),Open Quota,General,UR,94668,94668,1
2024,1,BANKURA SAMMILANI MEDICAL COLLEGE,M.D. (PREVENTIVE AND SOCIAL MEDICINE)/ COMMUNITY MEDICINE,Open Quota,ST,ST,95186,95186,1
2024,1,R G KAR MEDICAL COLLEGE,M.D. (ANAESTHESIOLOGY),In-Service,General,UR,95211,95211,1
2024,1,R G KAR MEDICAL COLLEGE,M.D. (PAEDIATRICS),In-Service,OBC-A (Non-Creamy Layer),OBC-A (Non-Creamy Layer),95355,95355,1
2024,1,CALCUTTA NATIONAL MEDICAL COLLEGE KOLKATA,M.D. (OBST. AND GYNAE)/MS (OBSTETRICS AND GYNAECOLOGY),In-Service,OBC-A (Non-Creamy Layer),UR,95605,95605,1
2024,1,ASANSOL DISTRICT HOSPITAL,(NBEMS) GENERAL MEDICINE,In-Service DNB,General,UR,95756,95756,1
2024,1,NIL RATAN SIRCAR MEDICAL COLLEGE,M.S. (E.N.T.),In-Service,General,UR,95803,95803,1
2024,1,KPC MEDICAL COLLEGE,M.D. (GENERAL MEDICINE),In-Service,SC,SC,95826,95826,1
2024,1,MEDICAL COLLEGE KOLKATA,M.S. (OPHTHALMOLOGY),In-Service,OBC-A (Non-Creamy Layer),UR,95861,95861,1
2024,1,IMAMBARA DISTRICT HOSPITAL,(NBEMS) OBSTETRICS AND GYNAECOLOGY,In-Service DNB,SC,UR,96479,96479,1
2024,1,CALCUTTA NATIONAL MEDICAL COLLEGE KOLKATA,M.D. (OBST. AND GYNAE)/MS (OBSTETRICS AND GYNAECOLOGY),In-Service,OBC-A (Non-Creamy Layer),OBC-A (Non-Creamy Layer),96712,96712,1
2024,1,DIAMOND HARBOUR GOVERNMENT MEDICAL COLLEGE AND HOSPITAL,(NBEMS) OBSTETRICS AND GYNAECOLOGY,In-Service DNB,General,UR,96971,96971,1
2024,1,NIL RATAN SIRCAR MEDICAL COLLEGE,M.D. (PHYSICAL MED. AND REHABILITATION),In-Service,ST,UR,97042,97042,1
2024,1,"IQ CITY MEDICAL COLLEGE, DURGAPUR",M.D. (PHARMACOLOGY),Open Quota,General,UR,97238,97238,1
2024,1,INSTITUTE OF POST GRADUATE MEDICAL EDUCATION AND RESEARCH KOLKATA,M.D. (PATHOLOGY),Open Quota,ST,ST,97401,97401,1
2024,1,BURDWAN MEDICAL COLLEGE,M.D. (PAEDIATRICS),In-Service,SC,SC,97541,97541,1
2024,1,ICARE INSTITUTE OF MEDICAL SCIENCES AND RESEARCH HALDIA,M.D. (PATHOLOGY),Private Management Quota,OBC (Non-Creamy Layer),UR,98156,98156,1
2024,1,MIDNAPORE MEDICAL COLLEGE,M.S. (GENERAL SURGERY),In-Service,General,UR,98267,98267,1
2024,1,BANKURA SAMMILANI MEDICAL COLLEGE,M.D. (PAEDIATRICS),In-Service,SC,SC,98328,98328,1
2024,1,R G KAR MEDICAL COLLEGE,M.D. (OBST. AND GYNAE)/MS (OBSTETRICS AND GYNAECOLOGY),Open Quota,General PwD,UR PwD,98606,98606,1
2024,1,DR. B C ROY POST GRADUATE INSTITUTE OF PAEDIATRIC SCIENCES,(NBEMS) PAEDIATRIC SURGERY (DIRECT 6 YEARS COURSE),In-Service DNB,SC,UR,99037,99037,1
2024,1,BURDWAN MEDICAL COLLEGE,M.D. (OBST. AND GYNAE)/MS (OBSTETRICS AND GYNAECOLOGY),In-Service,General,UR,99097,99097,1
2024,1,CALCUTTA NATIONAL MEDICAL COLLEGE KOLKATA,MD/MS (ANATOMY),Open Quota,General,UR,99424,99424,1
2024,1,"CHITTARANJAN SEVA SADAN COLLEGE OF OBS. GYNAE AND CHILD HEALTH,KOLKATA",M.D. (OBST. AND GYNAE)/MS (OBSTETRICS AND GYNAECOLOGY),In-Service,General,UR,99079,99600,2
2024,1,ICARE INSTITUTE OF MEDICAL SCIENCES AND RESEARCH HALDIA,M.D. (BIOCHEMISTRY),Open Quota,General,UR,99788,99788,1
2024,1,GOURI DEVI INSTITUTE OF MEDICAL SCIENCES AND HOSPITAL,MD/MS (ANATOMY),Open Quota,General,UR,99813,99813,1
2024,1,R G KAR MEDICAL COLLEGE,M.S. (OPHTHALMOLOGY),In-Service,OBC-A (Non-Creamy Layer),UR,100117,100117,1
2024,1,BANKURA SAMMILANI MEDICAL COLLEGE,M.D. (OBST. AND GYNAE)/MS (OBSTETRICS AND GYNAECOLOGY),In-Service,OBC-A (Non-Creamy Layer),UR,100709,100709,1
2024,1,R G KAR MEDICAL COLLEGE,M.S. (GENERAL SURGERY),In-Service,OBC-A (Non-Creamy Layer),UR,100710,100710,1
2024,1,BURDWAN MEDICAL COLLEGE,M.D. (PAEDIATRICS),In-Service,OBC-B (Non-Creamy Layer),OBC-B (Non-Creamy Layer),101059,101059,1
2024,1,INSTITUTE OF POST GRADUATE MEDICAL EDUCATION AND RESEARCH KOLKATA,M.D. (PATHOLOGY),In-Service,General,UR,67004,101091,2
2024,1,INSTITUTE OF POST GRADUATE MEDICAL EDUCATION AND RESEARCH KOLKATA,M.D. (RADIOTHERAPY/ RADIATION ONCOLOGY),In-Service,General,UR,101380,101380,1
2024,1,"SCHOOL OF TROPICAL MEDICINE, KOLKATA",DIPLOMA IN CLINICAL PATHOLOGY,Open Quota,SC,SC,101496,101496,1
2024,1,INSTITUTE OF POST GRADUATE MEDICAL EDUCATION AND RESEARCH KOLKATA,M.D. (PSYCHIATRY),In-Service,SC,SC,101647,101647,1
2024,1,JAGANNATH GUPTA INSTITUTE OF MEDICAL SCIENCES AND HOSPITAL,M.D. (PAEDIATRICS),In-Service,General,UR,101843,101843,1
2024,1,MIDNAPORE MEDICAL COLLEGE,M.D. (OBST. AND GYNAE)/MS (OBSTETRICS AND GYNAECOLOGY),In-Service,OBC-B (Non-Creamy Layer),UR,102518,102518,1
2024,1,BURDWAN MEDICAL COLLEGE,M.S. (GENERAL SURGERY),In-Service,General,UR,102630,102630,1
2024,1,DISTRICT HOSPITAL NADIA,(NBEMS) OBSTETRICS AND GYNAECOLOGY,In-Service DNB,General,UR,102641,102641,1
2024,1,MEDICAL COLLEGE KOLKATA,MD/MS (ANATOMY),Open Quota,General,UR,103108,103108,1
2024,1,COLLEGE OF MEDICINE AND SAGORE DUTTA HOSPITAL,M.D. (BIOCHEMISTRY),Open Quota,OBC-A (Non-Creamy Layer),OBC-A (Non-Creamy Layer),103243,103243,1
2024,1,NORTH BENGAL MEDICAL COLLEGE AND HOSPITAL,M.D. (OBST. AND GYNAE)/MS (OBSTETRICS AND GYNAECOLOGY),In-Service,General,UR,71671,103714,2
2024,1,MURSHIDABAD MEDICAL COLLEGE AND HOSPITAL,M.S. (GENERAL SURGERY),In-Service,OBC-A (Non-Creamy Layer),OBC-A (Non-Creamy Layer),103796,103796,1
2024,1,INSTITUTE OF POST GRADUATE MEDICAL EDUCATION AND RESEARCH KOLKATA,M.D. (PHYSICAL MED. AND REHABILITATION),In-Service,General,UR,95968,104114,2
2024,1,RAMKRISHNA MISSION SEVA PRASITHAN VIVEKANANDA INSTITUTE OF MEDICAL SCIENCE,M.D. (OBST. AND GYNAE)/MS (OBSTETRICS AND GYNAECOLOGY),In-Service,General,UR,104463,104463,1
2024,1,Jalpaiguri Government Medical College and Hospital (Formerly DISTRICT HOSPITAL) JALPAIGURI,(NBEMS) GENERAL MEDICINE,In-Service DNB,General,UR,104620,104620,1
2024,1,INSTITUTE OF POST GRADUATE MEDICAL EDUCATION AND RESEARCH KOLKATA,M.D. (ANAESTHESIOLOGY),In-Service,General,UR,104899,104899,1
2024,1,DISTRICT HOSPITAL HOWRAH,(NBEMS) PAEDIATRICS,In-Service DNB,OBC-A (Non-Creamy Layer),OBC-A (Non-Creamy Layer),105204,105204,1
2024,1,KPC MEDICAL COLLEGE,M.D. (RADIO- DIAGNOSIS),NRI Quota,General,UR,70336,105305,2
2024,1,CALCUTTA NATIONAL MEDICAL COLLEGE KOLKATA,M.S. (GENERAL SURGERY),In-Service,OBC-A (Non-Creamy Layer),UR,98644,105524,2
2024,1,INSTITUTE OF POST GRADUATE MEDICAL EDUCATION AND RESEARCH KOLKATA,M.S. (OPHTHALMOLOGY),In-Service,General,UR,105848,105848,1
2024,1,RAMKRISHNA MISSION SEVA PRASITHAN VIVEKANANDA INSTITUTE OF MEDICAL SCIENCE,DIPLOMA IN CHILD HEALTH/ PAEDIATRICS,In-Service,OBC-A (Non-Creamy Layer),UR,106011,106011,1
2024,1,INSTITUTE OF POST GRADUATE MEDICAL EDUCATION AND RESEARCH KOLKATA,M.S. (GENERAL SURGERY),In-Service,SC,SC,106046,106046,1
2024,1,GOURI DEVI INSTITUTE OF MEDICAL SCIENCES AND HOSPITAL,M.D. (RADIO- DIAGNOSIS),NRI Quota,OBC (Non-Creamy Layer),UR,106228,106228,1
2024,1,MEDICAL COLLEGE KOLKATA,M.D. (ANAESTHESIOLOGY),In-Service,General,UR,106413,106413,1
2024,1,INSTITUTE OF POST GRADUATE MEDICAL EDUCATION AND RESEARCH KOLKATA,M.D. (RADIOTHERAPY/ RADIATION ONCOLOGY),In-Service,SC,SC,106420,106420,1
2024,1,MIDNAPORE MEDICAL COLLEGE,M.D. (PAEDIATRICS),In-Service,SC,SC,106581,106581,1
2024,1,KPC MEDICAL COLLEGE,M.D. (GENERAL MEDICINE),NRI Quota,General,UR,66652,106904,2
2024,1,MEDICAL COLLEGE KOLKATA,DIPLOMA IN ANAESTHESIOLOGY,Open Quota,ST,ST,107243,107243,1
2024,1,INSTITUTE OF POST GRADUATE MEDICAL EDUCATION AND RESEARCH KOLKATA,M.D. (OBST. AND GYNAE)/MS (OBSTETRICS AND GYNAECOLOGY),In-Service,OBC-B (Non-Creamy Layer),OBC-B (Non-Creamy Layer),107475,107475,1
2024,1,MEDICAL COLLEGE KOLKATA,M.D. (RADIOTHERAPY/ RADIATION ONCOLOGY),In-Service,General,UR,107735,107735,1
2024,1,RAMPURHAT GOVT. MEDICAL COLLEGE AND HOSPITAL,(NBEMS) GENERAL MEDICINE,In-Service DNB,SC,SC,108983,108983,1
2024,1,CALCUTTA NATIONAL MEDICAL COLLEGE KOLKATA,M.S. (GENERAL SURGERY),In-Service,OBC-A (Non-Creamy Layer),OBC-A (Non-Creamy Layer),109828,109828,1
2024,1,COLLEGE OF MEDICINE AND JNM HOSPITAL KALYANI,M.D. (MICROBIOLOGY),Open Quota,OBC-A (Non-Creamy Layer),OBC-A (Non-Creamy Layer),110045,110045,1
2024,1,BANKURA SAMMILANI MEDICAL COLLEGE,M.S. (GENERAL SURGERY),In-Service,OBC-A (Non-Creamy Layer),OBC-A (Non-Creamy Layer),110122,110122,1
2024,1,MEDICAL COLLEGE KOLKATA,M.D. (OBST. AND GYNAE)/MS (OBSTETRICS AND GYNAECOLOGY),In-Service,SC,SC,110676,110676,1
2024,1,INSTITUTE OF POST GRADUATE MEDICAL EDUCATION AND RESEARCH KOLKATA,M.D. (PATHOLOGY),In-Service,SC,SC,110915,110915,1
2024,1,ESI PGIMSR AND ESIC MEDICAL COLLEGE JOKA KOLKATA,M.D. (OBST. AND GYNAE)/MS (OBSTETRICS AND GYNAECOLOGY),In-Service,OBC-A (Non-Creamy Layer),OBC (Non-Creamy Layer),110998,110998,1
2024,1,MURSHIDABAD MEDICAL COLLEGE AND HOSPITAL,M.D. (ANAESTHESIOLOGY),In-Service,OBC-A (Non-Creamy Layer),OBC-A (Non-Creamy Layer),111400,111400,1
2024,1,R G KAR MEDICAL COLLEGE,M.D. (PHARMACOLOGY),Open Quota,ST,ST,111519,111519,1
2024,1,SILIGURI DISTRICT HOSPITAL,(NBEMS) OBSTETRICS AND GYNAECOLOGY,In-Service DNB,OBC-A (Non-Creamy Layer),OBC-A (Non-Creamy Layer),113482,113482,1
2024,1,BURDWAN MEDICAL COLLEGE,M.D. (OBST. AND GYNAE)/MS (OBSTETRICS AND GYNAECOLOGY),In-Service,SC,SC,113648,113648,1
2024,1,BANKURA SAMMILANI MEDICAL COLLEGE,M.D. (ANAESTHESIOLOGY),In-Service,OBC-A (Non-Creamy Layer),OBC-A (Non-Creamy Layer),114049,114049,1
2024,1,NIL RATAN SIRCAR MEDICAL COLLEGE,M.D. (OBST. AND GYNAE)/MS (OBSTETRICS AND GYNAECOLOGY),In-Service,SC,SC,114283,114283,1
2024,1,RAMKRISHNA MISSION SEVA PRASITHAN VIVEKANANDA INSTITUTE OF MEDICAL SCIENCE,M.D. (OBST. AND GYNAE)/MS (OBSTETRICS AND GYNAECOLOGY),In-Service,SC,SC,114336,114336,1
2024,1,MAHARAJA JITENDRA NARAYAN MEDICAL COLLEGE AND HOSPITAL,(NBEMS) GENERAL MEDICINE,In-Service DNB,SC,SC,114448,114448,1
2024,1,COLLEGE OF MEDICINE AND JNM HOSPITAL KALYANI,M.D. (FORENSIC MEDICINE),Open Quota,ST,ST,115056,115056,1
2024,1,M R BANGUR HOSPITAL,(NBEMS) OBSTETRICS AND GYNAECOLOGY,In-Service DNB,SC,SC,116001,116001,1
2024,1,MAHARAJA JITENDRA NARAYAN MEDICAL COLLEGE AND HOSPITAL,(NBEMS) GENERAL SURGERY,In-Service DNB,OBC-A (Non-Creamy Layer),OBC-A (Non-Creamy Layer),120017,120017,1
2024,1,BANKURA SAMMILANI MEDICAL COLLEGE,M.D. (OBST. AND GYNAE)/MS (OBSTETRICS AND GYNAECOLOGY),In-Service,SC,SC,120316,120316,1
2024,1,"CHITTARANJAN SEVA SADAN COLLEGE OF OBS. GYNAE AND CHILD HEALTH,KOLKATA",M.D. (PAEDIATRICS),In-Service,ST,ST,120484,120484,1
2024,1,BANKURA SAMMILANI MEDICAL COLLEGE,M.S. (GENERAL SURGERY),In-Service,SC,SC,120571,120571,1
2024,1,BURDWAN MEDICAL COLLEGE,M.S. (E.N.T.),In-Service,OBC-A (Non-Creamy Layer),OBC-A (Non-Creamy Layer),120779,120779,1
2024,1,COLLEGE OF MEDICINE AND SAGORE DUTTA HOSPITAL,M.D. (OBST. AND GYNAE)/MS (OBSTETRICS AND GYNAECOLOGY),In-Service,SC,SC,120837,120837,1
2024,1,MEDICAL COLLEGE KOLKATA,DIP.IN GYNAE. AND OBST.,In-Service,OBC-A (Non-Creamy Layer),OBC-A (Non-Creamy Layer),121008,121008,1
2024,1,MIDNAPORE MEDICAL COLLEGE,M.D. (OBST. AND GYNAE)/MS (OBSTETRICS AND GYNAECOLOGY),In-Service,SC,SC,122268,122268,1
2024,1,MEDICAL COLLEGE KOLKATA,DIP.IN GYNAE. AND OBST.,In-Service,SC,SC,122300,122300,1
2024,1,RAIGANJ GOVERNMENT MEDICAL COLLEGE AND HOSPITAL,(NBEMS) GENERAL MEDICINE,In-Service DNB,OBC-A (Non-Creamy Layer),OBC-A (Non-Creamy Layer),122497,122497,1
2024,1,Jalpaiguri Government Medical College and Hospital (Formerly DISTRICT HOSPITAL) JALPAIGURI,(NBEMS) GENERAL MEDICINE,In-Service DNB,OBC-B (Non-Creamy Layer),OBC-B (Non-Creamy Layer),123109,123109,1
2024,1,BURDWAN MEDICAL COLLEGE,M.S. (GENERAL SURGERY),In-Service,OBC-B (Non-Creamy Layer),OBC-B (Non-Creamy Layer),123250,123250,1
2024,1,MIDNAPORE MEDICAL COLLEGE,M.S. (E.N.T.),In-Service,OBC-A (Non-Creamy Layer),OBC-A (Non-Creamy Layer),124377,124377,1
2024,1,MEDICAL COLLEGE KOLKATA,DIPLOMA IN ORTHOPAEDICS,In-Service,SC,SC,124872,124872,1
2024,1,JAGANNATH GUPTA INSTITUTE OF MEDICAL SCIENCES AND HOSPITAL,M.S. (E.N.T.),Open Quota,OBC-A (Non-Creamy Layer),OBC-A (Non-Creamy Layer),125333,125333,1
2024,1,ALL INDIA INSTITUTE OF HYGIENE AND PUBLIC HEALTH,M.D. (PREVENTIVE AND SOCIAL MEDICINE)/ COMMUNITY MEDICINE,In-Service,SC,SC,125381,125381,1
2024,1,GOURI DEVI INSTITUTE OF MEDICAL SCIENCES AND HOSPITAL,M.D. (MICROBIOLOGY),Open Quota,SC,SC,125603,125603,1
2024,1,MEDICAL COLLEGE KOLKATA,M.S. (OPHTHALMOLOGY),In-Service,OBC-B (Non-Creamy Layer),OBC-B (Non-Creamy Layer),125888,125888,1
2024,1,RAMKRISHNA MISSION SEVA PRASITHAN VIVEKANANDA INSTITUTE OF MEDICAL SCIENCE,M.D. (ANAESTHESIOLOGY),In-Service,OBC-A (Non-Creamy Layer),OBC-A (Non-Creamy Layer),126096,126096,1
2024,1,R G KAR MEDICAL COLLEGE,M.S. (ORTHOPAEDICS),In-Service,ST,ST,126815,126815,1
2024,1,NORTH BENGAL MEDICAL COLLEGE AND HOSPITAL,M.D. (ANAESTHESIOLOGY),In-Service,SC,SC,127192,127192,1
2024,1,NIL RATAN SIRCAR MEDICAL COLLEGE,M.S. (GENERAL SURGERY),In-Service,SC,SC,127953,127953,1
2024,2,INSTITUTE OF POST GRADUATE MEDICAL EDUCATION AND RESEARCH KOLKATA,M.D. (RADIO- DIAGNOSIS),State Quota,General,UR,152,198,2
2024,2,INSTITUTE OF POST GRADUATE MEDICAL EDUCATION AND RESEARCH KOLKATA,M.D. (GENERAL MEDICINE),State Quota,General,UR,241,277,2
2024,2,INSTITUTE OF POST GRADUATE MEDICAL EDUCATION AND RESEARCH KOLKATA,M.D. (RADIO- DIAGNOSIS),State Quota,OBC-B (Non-Creamy Layer),OBC-B (Non-Creamy Layer),421,421,1
2024,2,MEDICAL COLLEGE KOLKATA,M.D. (GENERAL MEDICINE),State Quota,General,UR,360,544,2
2024,2,INSTITUTE OF POST GRADUATE MEDICAL EDUCATION AND RESEARCH KOLKATA,"M.D. (DERM.,VENE. AND LEPROSY)/ (DERMATOLOGY)/ (SKIN AND VENEREAL DISEASES)/ (VENEREOLOGY)",State Quota,General,UR,545,545,1
2024,2,R G KAR MEDICAL COLLEGE,M.D. (GENERAL MEDICINE),State Quota,General,UR,555,555,1
2024,2,NIL RATAN SIRCAR MEDICAL COLLEGE,M.D. (RADIO- DIAGNOSIS),State Quota,General,UR,344,605,2
2024,2,NIL RATAN SIRCAR MEDICAL COLLEGE,M.D. (GENERAL MEDICINE),State Quota,General,UR,637,637,1
2024,2,INSTITUTE OF POST GRADUATE MEDICAL EDUCATION AND RESEARCH KOLKATA,M.D. (GENERAL MEDICINE),State Quota,OBC-A (Non-Creamy Layer),OBC-A (Non-Creamy Layer),771,771,1
2024,2,CALCUTTA NATIONAL MEDICAL COLLEGE KOLKATA,M.D. (GENERAL MEDICINE),State Quota,General,UR,955,955,1
2024,2,ESI PGIMSR AND ESIC MEDICAL COLLEGE JOKA KOLKATA,M.D. (GENERAL MEDICINE),State Quota,General,UR,1026,1026,1
2024,2,NORTH BENGAL MEDICAL COLLEGE AND HOSPITAL,M.D. (RADIO- DIAGNOSIS),State Quota,General,UR,1093,1093,1
2024,2,COLLEGE OF MEDICINE AND SAGORE DUTTA HOSPITAL,M.D. (GENERAL MEDICINE),State Quota,General,UR,1254,1254,1
2024,2,CALCUTTA NATIONAL MEDICAL COLLEGE KOLKATA,M.D. (GENERAL MEDICINE),State Quota,OBC-B (Non-Creamy Layer),OBC-B (Non-Creamy Layer),1295,1295,1
2024,2,INSTITUTE OF POST GRADUATE MEDICAL EDUCATION AND RESEARCH KOLKATA,M.D. (PSYCHIATRY),State Quota,General,UR,1344,1344,1
2024,2,BURDWAN MEDICAL COLLEGE,M.D. (GENERAL MEDICINE),State Quota,General,UR,1332,1360,2
2024,2,"RAMAKRISHNA MISSION SEVA PRATISHTHAN VIVEKANANDA INSTITUTE OF MEDICAL SCIENCES, KOLKATA",M.D. (GENERAL MEDICINE),State Quota,General,UR,1424,1424,1
2024,2,MEDICAL COLLEGE KOLKATA,"M.D. (DERM.,VENE. AND LEPROSY)/ (DERMATOLOGY)/ (SKIN AND VENEREAL DISEASES)/ (VENEREOLOGY)",State Quota,General,UR,1466,1466,1
2024,2,MIDNAPORE MEDICAL COLLEGE,M.D. (GENERAL MEDICINE),State Quota,General,UR,1425,1499,2
2024,2,BANKURA SAMMILANI MEDICAL COLLEGE,M.D. (RADIO- DIAGNOSIS),State Quota,General,UR,1544,1544,1
2024,2,"COMMAND HOSPITAL EC, ALIPORE, KOLKATA",M.D. (GENERAL MEDICINE),State Quota,General,UR,1561,1561,1
2024,2,INSTITUTE OF POST GRADUATE MEDICAL EDUCATION AND RESEARCH KOLKATA,M.S. (GENERAL SURGERY),State Quota,General,UR,1119,1664,3
2024,2,R G KAR MEDICAL COLLEGE,"M.D. (DERM.,VENE. AND LEPROSY)/ (DERMATOLOGY)/ (SKIN AND VENEREAL DISEASES)/ (VENEREOLOGY)",State Quota,General,UR,1714,1714,1
2024,2,NORTH BENGAL MEDICAL COLLEGE AND HOSPITAL,M.D. (GENERAL MEDICINE),State Quota,General,UR,1830,1866,2
2024,2,NIL RATAN SIRCAR MEDICAL COLLEGE,M.D. (TUBERCULOSIS AND RESPIRATORY DISEASES)/PULMONA RY MEDICINE /M.D. (RESPIRATORY MEDICINE),State Quota,General,UR,1904,1904,1
2024,2,CALCUTTA NATIONAL MEDICAL COLLEGE KOLKATA,"M.D. (DERM.,VENE. AND LEPROSY)/ (DERMATOLOGY)/ (SKIN AND VENEREAL DISEASES)/ (VENEREOLOGY)",State Quota,General,UR,1944,1944,1
2024,2,INSTITUTE OF POST GRADUATE MEDICAL EDUCATION AND RESEARCH KOLKATA,M.D. (PAEDIATRICS),State Quota,General,UR,2087,2087,1
2024,2,INSTITUTE OF POST GRADUATE MEDICAL EDUCATION AND RESEARCH KOLKATA,M.S. (ORTHOPAEDICS),State Quota,OBC-B (Non-Creamy Layer),UR,2109,2109,1
2024,2,R G KAR MEDICAL COLLEGE,M.S. (ORTHOPAEDICS),State Quota,General,UR,2212,2212,1
2024,2,MEDICAL COLLEGE KOLKATA,M.D. (PAEDIATRICS),State Quota,General,UR,2308,2363,4
2024,2,BURDWAN MEDICAL COLLEGE,"M.D. (DERM.,VENE. AND LEPROSY)/ (DERMATOLOGY)/ (SKIN AND VENEREAL DISEASES)/ (VENEREOLOGY)",State Quota,General,UR,2383,2383,1
2024,2,INSTITUTE OF CHILD HEALTH,M.D. (PAEDIATRICS),State Quota,General,UR,2364,2443,2
2024,2,CALCUTTA NATIONAL MEDICAL COLLEGE KOLKATA,M.D. (PAEDIATRICS),State Quota,General,UR,2495,2495,1
2024,2,MEDICAL COLLEGE KOLKATA,M.D. (GENERAL MEDICINE),State Quota,OBC-A (Non-Creamy Layer),OBC-A (Non-Creamy Layer),2517,2517,1
2024,2,INSTITUTE OF POST GRADUATE MEDICAL EDUCATION AND RESEARCH KOLKATA,M.D. (OBST. AND GYNAE)/MS (OBSTETRICS AND GYNAECOLOGY),State Quota,General,UR,2526,2526,1
2024,2,NIL RATAN SIRCAR MEDICAL COLLEGE,M.D. (PAEDIATRICS),State Quota,General,UR,2598,2834,2
2024,2,DR. B C ROY POST GRADUATE INSTITUTE OF PAEDIATRIC SCIENCES,M.D. (PAEDIATRICS),State Quota,General,UR,3189,3189,1
2024,2,"CHITTARANJAN SEVA SADAN COLLEGE OF OBS. GYNAE AND CHILD HEALTH,KOLKATA",M.D. (PAEDIATRICS),State Quota,General,UR,3185,3815,2
2024,2,KPC MEDICAL COLLEGE,M.D. (GENERAL MEDICINE),State Quota,General,UR,3838,3838,1
2024,2,ESI PGIMSR AND ESIC MEDICAL COLLEGE JOKA KOLKATA,M.D. (PAEDIATRICS),State Quota,General,UR,3874,3874,1
2024,2,MEDICAL COLLEGE KOLKATA,M.S. (GENERAL SURGERY),State Quota,General,UR,2163,3879,2
2024,2,MIDNAPORE MEDICAL COLLEGE,M.D. (PAEDIATRICS),State Quota,General,UR,3980,3980,1
2024,2,"COMMAND HOSPITAL EC, ALIPORE, KOLKATA",M.D. (RADIO- DIAGNOSIS),State Quota,OBC-A (Non-Creamy Layer),OBC (Non-Creamy Layer),4104,4104,1
2024,2,BANKURA SAMMILANI MEDICAL COLLEGE,M.D. (PAEDIATRICS),State Quota,General,UR,4115,4115,1
2024,2,MEDICAL COLLEGE KOLKATA,M.S. (ORTHOPAEDICS),State Quota,General,UR,4157,4157,1
2024,2,NORTH BENGAL MEDICAL COLLEGE AND HOSPITAL,M.S. (GENERAL SURGERY),State Quota,General,UR,4185,4185,1
2024,2,R G KAR MEDICAL COLLEGE,M.S. (GENERAL SURGERY),State Quota,General,UR,4330,4330,1
2024,2,INSTITUTE OF POST GRADUATE MEDICAL EDUCATION AND RESEARCH KOLKATA,M.D. (RADIO- DIAGNOSIS),In-Service,General,UR,4405,4405,1
2024,2,R G KAR MEDICAL COLLEGE,M.D. (TUBERCULOSIS AND RESPIRATORY DISEASES)/PULMONA RY MEDICINE /M.D. (RESPIRATORY MEDICINE),State Quota,General,UR,4445,4445,1
2024,2,NIL RATAN SIRCAR MEDICAL COLLEGE,M.S. (GENERAL SURGERY),State Quota,General,UR,3500,4520,2
2024,2,BURDWAN MEDICAL COLLEGE,M.D. (GENERAL MEDICINE),State Quota,OBC-A (Non-Creamy Layer),OBC-A (Non-Creamy Layer),4556,4556,1
2024,2,NIL RATAN SIRCAR MEDICAL COLLEGE,M.D. (OBST. AND GYNAE)/MS (OBSTETRICS AND GYNAECOLOGY),State Quota,General,UR,4250,4726,2
2024,2,MURSHIDABAD MEDICAL COLLEGE AND HOSPITAL,M.D. (RADIO- DIAGNOSIS),State Quota,OBC-A (Non-Creamy Layer),OBC-A (Non-Creamy Layer),4729,4729,1
2024,2,CALCUTTA NATIONAL MEDICAL COLLEGE KOLKATA,M.S. (GENERAL SURGERY),State Quota,General,UR,4734,4735,2
2024,2,BURDWAN MEDICAL COLLEGE,M.D. (TUBERCULOSIS AND RESPIRATORY DISEASES)/PULMONA RY MEDICINE /M.D. (RESPIRATORY MEDICINE),State Quota,General,UR,4782,4782,1
2024,2,GOURI DEVI INSTITUTE OF MEDICAL SCIENCES AND HOSPITAL,M.D. (RADIO- DIAGNOSIS),State Quota,General,UR,4790,4790,1
2024,2,INSTITUTE OF POST GRADUATE MEDICAL EDUCATION AND RESEARCH KOLKATA,M.S. (GENERAL SURGERY),State Quota,OBC-A (Non-Creamy Layer),OBC-A (Non-Creamy Layer),4802,4802,1
2024,2,NIL RATAN SIRCAR MEDICAL COLLEGE,M.D. (GENERAL MEDICINE),State Quota,EWS,EWS,4951,4951,1
2024,2,MEDICAL COLLEGE KOLKATA,M.D. (RADIO- DIAGNOSIS),State Quota,EWS,EWS,5078,5078,1
2024,2,KPC MEDICAL COLLEGE,M.D. (RADIO- DIAGNOSIS),Private Management Quota,General,UR,5142,5142,1
2024,2,MEDICAL COLLEGE KOLKATA,M.D. (OBST. AND GYNAE)/MS (OBSTETRICS AND GYNAECOLOGY),State Quota,General,UR,4542,5267,3
2024,2,BURDWAN MEDICAL COLLEGE,M.S. (ORTHOPAEDICS),State Quota,General,UR,5282,5282,1
2024,2,NIL RATAN SIRCAR MEDICAL COLLEGE,M.D. (RADIO- DIAGNOSIS),State Quota,SC,SC,5290,5290,1
2024,2,"RAMAKRISHNA MISSION SEVA PRATISHTHAN VIVEKANANDA INSTITUTE OF MEDICAL SCIENCES, KOLKATA",M.S. (ORTHOPAEDICS),State Quota,General,UR,5298,5298,1
2024,2,INSTITUTE OF POST GRADUATE MEDICAL EDUCATION AND RESEARCH KOLKATA,M.D. (RADIO- DIAGNOSIS),State Quota,SC,SC,5352,5352,1
2024,2,R G KAR MEDICAL COLLEGE,M.D. (OBST. AND GYNAE)/MS (OBSTETRICS AND GYNAECOLOGY),State Quota,General,UR,5227,5365,3
2024,2,BURDWAN MEDICAL COLLEGE,M.S. (GENERAL SURGERY),State Quota,General,UR,5462,5467,2
2024,2,MURSHIDABAD MEDICAL COLLEGE AND HOSPITAL,M.S. (ORTHOPAEDICS),State Quota,General,UR,5534,5534,1
2024,2,CALCUTTA NATIONAL MEDICAL COLLEGE KOLKATA,M.D. (OBST. AND GYNAE)/MS (OBSTETRICS AND GYNAECOLOGY),State Quota,General,UR,5539,5539,1
2024,2,R G KAR MEDICAL COLLEGE,M.D. (GENERAL MEDICINE),State Quota,OBC-A (Non-Creamy Layer),OBC-A (Non-Creamy Layer),5733,5733,1
2024,2,BANKURA SAMMILANI MEDICAL COLLEGE,M.S. (GENERAL SURGERY),State Quota,General,UR,5816,5846,2
2024,2,MEDICAL COLLEGE KOLKATA,M.D. (GENERAL MEDICINE),State Quota,SC,SC,5040,5870,2
2024,2,CALCUTTA NATIONAL MEDICAL COLLEGE KOLKATA,M.D. (PSYCHIATRY),State Quota,General,UR,5907,5907,1
2024,2,NORTH BENGAL MEDICAL COLLEGE AND HOSPITAL,M.D. (GENERAL MEDICINE),State Quota,OBC-A (Non-Creamy Layer),OBC-A (Non-Creamy Layer),6092,6092,1
2024,2,NIL RATAN SIRCAR MEDICAL COLLEGE,M.D. (RADIO- DIAGNOSIS),In-Service,General,UR,6187,6187,1
2024,2,BURDWAN MEDICAL COLLEGE,M.D. (OBST. AND GYNAE)/MS (OBSTETRICS AND GYNAECOLOGY),State Quota,General,UR,6149,6235,2
2024,2,INSTITUTE OF POST GRADUATE MEDICAL EDUCATION AND RESEARCH KOLKATA,M.S. (ORTHOPAEDICS),State Quota,OBC-B (Non-Creamy Layer),OBC-B (Non-Creamy Layer),6259,6259,1
2024,2,NORTH BENGAL MEDICAL COLLEGE AND HOSPITAL,M.D. (OBST. AND GYNAE)/MS (OBSTETRICS AND GYNAECOLOGY),State Quota,General,UR,6296,6296,1
2024,2,"RAMAKRISHNA MISSION SEVA PRATISHTHAN VIVEKANANDA INSTITUTE OF MEDICAL SCIENCES, KOLKATA",M.D. (GENERAL MEDICINE),State Quota,EWS,EWS,6395,6395,1
2024,2,COLLEGE OF MEDICINE AND SAGORE DUTTA HOSPITAL,M.D. (OBST. AND GYNAE)/MS (OBSTETRICS AND GYNAECOLOGY),State Quota,General,UR,6402,6402,1
2024,2,BANKURA SAMMILANI MEDICAL COLLEGE,M.D. (RADIO- DIAGNOSIS),State Quota,EWS,EWS,6720,6720,1
2024,2,MEDICAL COLLEGE KOLKATA,M.D. (PSYCHIATRY),State Quota,General,UR,7087,7087,1
2024,2,INSTITUTE OF POST GRADUATE MEDICAL EDUCATION AND RESEARCH KOLKATA,M.S. (E.N.T.),State Quota,General,UR,7132,7132,1
2024,2,R G KAR MEDICAL COLLEGE,M.D. (PSYCHIATRY),State Quota,General,UR,7188,7188,1
2024,2,SHRI RAMKRISHNA INSTITUTE OF MEDICAL SCIENCES & SANAKA HOSPITALS,M.D. (GENERAL MEDICINE),State Quota,General,UR,7248,7248,1
2024,2,"CHITTARANJAN SEVA SADAN COLLEGE OF OBS. GYNAE AND CHILD HEALTH,KOLKATA",M.D. (OBST. AND GYNAE)/MS (OBSTETRICS AND GYNAECOLOGY),State Quota,General,UR,6257,7260,3
2024,2,BANKURA SAMMILANI MEDICAL COLLEGE,M.D. (OBST. AND GYNAE)/MS (OBSTETRICS AND GYNAECOLOGY),State Quota,General,UR,7297,7297,1
2024,2,MIDNAPORE MEDICAL COLLEGE,M.S. (GENERAL SURGERY),State Quota,General,UR,7521,7521,1
2024,2,COLLEGE OF MEDICINE AND JNM HOSPITAL KALYANI,M.S. (GENERAL SURGERY),State Quota,General,UR,7691,7691,1
2024,2,"RAMAKRISHNA MISSION SEVA PRATISHTHAN VIVEKANANDA INSTITUTE OF MEDICAL SCIENCES, KOLKATA",M.D. (OBST. AND GYNAE)/MS (OBSTETRICS AND GYNAECOLOGY),State Quota,General,UR,5594,7880,2
2024,2,MIDNAPORE MEDICAL COLLEGE,M.D. (OBST. AND GYNAE)/MS (OBSTETRICS AND GYNAECOLOGY),State Quota,General,UR,7888,7888,1
2024,2,"COMMAND HOSPITAL EC, ALIPORE, KOLKATA",M.D. (OBST. AND GYNAE)/MS (OBSTETRICS AND GYNAECOLOGY),State Quota,General,UR,8001,8001,1
2024,2,"RAMAKRISHNA MISSION SEVA PRATISHTHAN VIVEKANANDA INSTITUTE OF MEDICAL SCIENCES, KOLKATA",M.S. (GENERAL SURGERY),State Quota,General,UR,7034,8027,2
2024,2,COLLEGE OF MEDICINE AND SAGORE DUTTA HOSPITAL,M.D. (PSYCHIATRY),State Quota,General,UR,8041,8041,1
2024,2,KPC MEDICAL COLLEGE,M.S. (GENERAL SURGERY),State Quota,General,UR,8104,8104,1
2024,2,COLLEGE OF MEDICINE AND JNM HOSPITAL KALYANI,M.D. (PSYCHIATRY),State Quota,General,UR,8246,8246,1
2024,2,ICARE INSTITUTE OF MEDICAL SCIENCES AND RESEARCH HALDIA,"M.D. (DERM.,VENE. AND LEPROSY)/ (DERMATOLOGY)/ (SKIN AND VENEREAL DISEASES)/ (VENEREOLOGY)",State Quota,General,UR,8416,8416,1
2024,2,ICARE INSTITUTE OF MEDICAL SCIENCES AND RESEARCH HALDIA,M.S. (GENERAL SURGERY),State Quota,General,UR,8463,8463,1
2024,2,INSTITUTE OF POST GRADUATE MEDICAL EDUCATION AND RESEARCH KOLKATA,M.D. (TUBERCULOSIS AND RESPIRATORY DISEASES)/PULMONA RY MEDICINE /M.D. (RESPIRATORY MEDICINE),State Quota,SC,SC,8677,8677,1
2024,2,MEDICAL COLLEGE KOLKATA,M.S. (OPHTHALMOLOGY),State Quota,General,UR,5558,8863,2
2024,2,INSTITUTE OF POST GRADUATE MEDICAL EDUCATION AND RESEARCH KOLKATA,M.D. (EMERGENCY AND CRITICAL CARE)/M.D. (EMERGENCY MEDICINE),State Quota,General,UR,8880,8880,1
2024,2,JAGANNATH GUPTA INSTITUTE OF MEDICAL SCIENCES AND HOSPITAL,M.S. (ORTHOPAEDICS),State Quota,General,UR,8903,8903,1
2024,2,MEDICAL COLLEGE KOLKATA,M.S. (E.N.T.),State Quota,General,UR,8928,8928,1
2024,2,INSTITUTE OF POST GRADUATE MEDICAL EDUCATION AND RESEARCH KOLKATA,M.S. (OPHTHALMOLOGY),State Quota,General,UR,8975,8975,1
2024,2,"RAMAKRISHNA MISSION SEVA PRATISHTHAN VIVEKANANDA INSTITUTE OF MEDICAL SCIENCES, KOLKATA",M.D. (RADIO- DIAGNOSIS),State Quota,OBC-B (Non-Creamy Layer),OBC-B (Non-Creamy Layer),9141,9141,1
2024,2,NORTH BENGAL MEDICAL COLLEGE AND HOSPITAL,M.D. (RADIO- DIAGNOSIS),State Quota,SC,SC,9248,9248,1
2024,2,R G KAR MEDICAL COLLEGE,M.D. (GENERAL MEDICINE),State Quota,SC,SC,9302,9302,1
2024,2,R G KAR MEDICAL COLLEGE,M.S. (E.N.T.),State Quota,General,UR,9446,9446,1
2024,2,MEDICAL COLLEGE KOLKATA,M.D. GERIATRICS,State Quota,General,UR,9449,9449,1
2024,2,CALCUTTA NATIONAL MEDICAL COLLEGE KOLKATA,M.D. (GENERAL MEDICINE),State Quota,SC,SC,8836,9451,2
2024,2,"RAMAKRISHNA MISSION SEVA PRATISHTHAN VIVEKANANDA INSTITUTE OF MEDICAL SCIENCES, KOLKATA",M.S. (E.N.T.),State Quota,General,UR,9469,9469,1
2024,2,NIL RATAN SIRCAR MEDICAL COLLEGE,M.S. (OPHTHALMOLOGY),State Quota,General,UR,9485,9485,1
2024,2,BURDWAN MEDICAL COLLEGE,M.S. (E.N.T.),State Quota,General,UR,9818,9818,1
2024,2,BURDWAN MEDICAL COLLEGE,M.D. (GENERAL MEDICINE),State Quota,SC,SC,9963,9963,1
2024,2,ICARE INSTITUTE OF MEDICAL SCIENCES AND RESEARCH HALDIA,M.S. (ORTHOPAEDICS),Private Management Quota,General,UR,10189,10189,1
2024,2,MEDICAL COLLEGE KOLKATA,M.D. (RADIOTHERAPY/ RADIATION ONCOLOGY),State Quota,General,UR,10231,10231,1
2024,2,R G KAR MEDICAL COLLEGE,M.S. (OPHTHALMOLOGY),State Quota,General,UR,10318,10318,1
2024,2,MEDICAL COLLEGE KOLKATA,"M.D. (DERM.,VENE. AND LEPROSY)/ (DERMATOLOGY)/ (SKIN AND VENEREAL DISEASES)/ (VENEREOLOGY)",State Quota,SC,SC,10354,10354,1
2024,2,ICARE INSTITUTE OF MEDICAL SCIENCES AND RESEARCH HALDIA,M.D. (PAEDIATRICS),Private Management Quota,General,UR,7187,10401,2
2024,2,SHRI RAMKRISHNA INSTITUTE OF MEDICAL SCIENCES & SANAKA HOSPITALS,M.D. (RADIO- DIAGNOSIS),State Quota,General,UR,10406,10406,1
2024,2,CALCUTTA NATIONAL MEDICAL COLLEGE KOLKATA,M.D. (TUBERCULOSIS AND RESPIRATORY DISEASES)/PULMONA RY MEDICINE /M.D. (RESPIRATORY MEDICINE),State Quota,EWS,EWS,10450,10450,1
2024,2,NIL RATAN SIRCAR MEDICAL COLLEGE,M.D. (TUBERCULOSIS AND RESPIRATORY DISEASES)/PULMONA RY MEDICINE /M.D. (RESPIRATORY MEDICINE),State Quota,SC,SC,10550,10550,1
2024,2,"SCHOOL OF TROPICAL MEDICINE, KOLKATA","M.D. (DERM.,VENE. AND LEPROSY)/ (DERMATOLOGY)/ (SKIN AND VENEREAL DISEASES)/ (VENEREOLOGY)",State Quota,SC,SC,10704,10704,1
2024,2,GOURI DEVI INSTITUTE OF MEDICAL SCIENCES AND HOSPITAL,M.D. (GENERAL MEDICINE),State Quota,General,UR,10766,10766,1
2024,2,INSTITUTE OF POST GRADUATE MEDICAL EDUCATION AND RESEARCH KOLKATA,M.D. (RADIOTHERAPY/ RADIATION ONCOLOGY),State Quota,General,UR,10778,10778,1
2024,2,INSTITUTE OF CHILD HEALTH,M.D. (PAEDIATRICS),State Quota,SC,SC,10844,10844,1
2024,2,KPC MEDICAL COLLEGE,M.D. (GENERAL MEDICINE),Private Management Quota,General,UR,10863,10863,1
2024,2,INSTITUTE OF POST GRADUATE MEDICAL EDUCATION AND RESEARCH KOLKATA,M.S. (ORTHOPAEDICS),State Quota,SC,SC,10894,10894,1
2024,2,CALCUTTA NATIONAL MEDICAL COLLEGE KOLKATA,M.S. (OPHTHALMOLOGY),State Quota,General,UR,11060,11060,1
2024,2,BURDWAN MEDICAL COLLEGE,M.S. (ORTHOPAEDICS),State Quota,OBC-B (Non-Creamy Layer),OBC-B (Non-Creamy Layer),11256,11256,1
2024,2,BANKURA SAMMILANI MEDICAL COLLEGE,"M.D. (DERM.,VENE. AND LEPROSY)/ (DERMATOLOGY)/ (SKIN AND VENEREAL DISEASES)/ (VENEREOLOGY)",State Quota,SC,SC,11409,11409,1
2024,2,BURDWAN MEDICAL COLLEGE,M.S. (OPHTHALMOLOGY),State Quota,General,UR,11494,11494,1
2024,2,INSTITUTE OF POST GRADUATE MEDICAL EDUCATION AND RESEARCH KOLKATA,M.D. (ANAESTHESIOLOGY),State Quota,General,UR,8879,11732,3
2024,2,NORTH BENGAL MEDICAL COLLEGE AND HOSPITAL,M.D. (OBST. AND GYNAE)/MS (OBSTETRICS AND GYNAECOLOGY),State Quota,OBC-A (Non-Creamy Layer),OBC-A (Non-Creamy Layer),11797,11797,1
2024,2,NIL RATAN SIRCAR MEDICAL COLLEGE,M.D. (RADIOTHERAPY/ RADIATION ONCOLOGY),State Quota,General,UR,12033,12033,1
2024,2,"COMMAND HOSPITAL EC, ALIPORE, KOLKATA",M.D. (PAEDIATRICS),State Quota,OBC-A (Non-Creamy Layer),OBC (Non-Creamy Layer),12362,12362,1
2024,2,INSTITUTE OF POST GRADUATE MEDICAL EDUCATION AND RESEARCH KOLKATA,M.D. (OBST. AND GYNAE)/MS (OBSTETRICS AND GYNAECOLOGY),State Quota,OBC-A (Non-Creamy Layer),OBC-A (Non-Creamy Layer),12789,12789,1
2024,2,COLLEGE OF MEDICINE AND SAGORE DUTTA HOSPITAL,M.D. (GENERAL MEDICINE),State Quota,SC,SC,12877,12877,1
2024,2,ICARE INSTITUTE OF MEDICAL SCIENCES AND RESEARCH HALDIA,M.D. (TUBERCULOSIS AND RESPIRATORY DISEASES)/PULMONA RY MEDICINE /M.D. (RESPIRATORY MEDICINE),Private Management Quota,OBC (Non-Creamy Layer),UR,11161,12879,2
2024,2,NIL RATAN SIRCAR MEDICAL COLLEGE,M.D. (OBST. AND GYNAE)/MS (OBSTETRICS AND GYNAECOLOGY),State Quota,SC,SC,12940,12940,1
2024,2,R G KAR MEDICAL COLLEGE,M.S. (ORTHOPAEDICS),State Quota,OBC-A (Non-Creamy Layer),OBC-A (Non-Creamy Layer),13039,13039,1
2024,2,ICARE INSTITUTE OF MEDICAL SCIENCES AND RESEARCH HALDIA,M.S. (GENERAL SURGERY),Private Management Quota,OBC (Non-Creamy Layer),UR,10614,13048,2
2024,2,KPC MEDICAL COLLEGE,"M.D. (DERM.,VENE. AND LEPROSY)/ (DERMATOLOGY)/ (SKIN AND VENEREAL DISEASES)/ (VENEREOLOGY)",Private Management Quota,General,UR,13402,13402,1
2024,2,ESI PGIMSR AND ESIC MEDICAL COLLEGE JOKA KOLKATA,M.D. (PATHOLOGY),State Quota,General,UR,13604,13604,1
2024,2,INSTITUTE OF POST GRADUATE MEDICAL EDUCATION AND RESEARCH KOLKATA,M.D. (OBST. AND GYNAE)/MS (OBSTETRICS AND GYNAECOLOGY),State Quota,SC,SC,13955,13955,1
2024,2,ICARE INSTITUTE OF MEDICAL SCIENCES AND RESEARCH HALDIA,M.S. (OPHTHALMOLOGY),Private Management Quota,General,UR,13975,13975,1
2024,2,NIL RATAN SIRCAR MEDICAL COLLEGE,M.D. (ANAESTHESIOLOGY),State Quota,General,UR,11639,14349,2
2024,2,MIDNAPORE MEDICAL COLLEGE,M.S. (E.N.T.),State Quota,General,UR,14490,14490,1
2024,2,BURDWAN MEDICAL COLLEGE,M.D. (PAEDIATRICS),State Quota,EWS,EWS,14599,14599,1
2024,2,MEDICAL COLLEGE KOLKATA,M.D. (ANAESTHESIOLOGY),State Quota,General,UR,14165,14853,2
2024,2,ICARE INSTITUTE OF MEDICAL SCIENCES AND RESEARCH HALDIA,M.D. (PSYCHIATRY),Private Management Quota,OBC (Non-Creamy Layer),UR,14895,14895,1
2024,2,INSTITUTE OF CHILD HEALTH,M.D. (PAEDIATRICS),State Quota,EWS,EWS,15014,15014,1
2024,2,DR. B C ROY POST GRADUATE INSTITUTE OF PAEDIATRIC SCIENCES,M.D. (PAEDIATRICS),State Quota,EWS,EWS,15034,15034,1
2024,2,R G KAR MEDICAL COLLEGE,M.D. (RADIOTHERAPY/ RADIATION ONCOLOGY),State Quota,General,UR,15109,15109,1
2024,2,INSTITUTE OF POST GRADUATE MEDICAL EDUCATION AND RESEARCH KOLKATA,M.D. (GENERAL MEDICINE),State Quota,ST,ST,15126,15126,1
2024,2,CALCUTTA NATIONAL MEDICAL COLLEGE KOLKATA,M.S. (ORTHOPAEDICS),State Quota,SC,SC,15138,15138,1
2024,2,NORTH BENGAL MEDICAL COLLEGE AND HOSPITAL,M.D. (PAEDIATRICS),State Quota,EWS,EWS,15231,15231,1
2024,2,"IQ CITY MEDICAL COLLEGE, DURGAPUR",M.D. (PAEDIATRICS),State Quota,General,UR,15339,15339,1
2024,2,CALCUTTA NATIONAL MEDICAL COLLEGE KOLKATA,M.D. (OBST. AND GYNAE)/MS (OBSTETRICS AND GYNAECOLOGY),State Quota,OBC-A (Non-Creamy Layer),OBC-A (Non-Creamy Layer),15387,15387,1
2024,2,R G KAR MEDICAL COLLEGE,M.D. (ANAESTHESIOLOGY),State Quota,General,UR,14959,15489,4
2024,2,R G KAR MEDICAL COLLEGE,M.D. (OBST. AND GYNAE)/MS (OBSTETRICS AND GYNAECOLOGY),State Quota,EWS,EWS,15692,15692,1
2024,2,NORTH BENGAL MEDICAL COLLEGE AND HOSPITAL,M.D. (GENERAL MEDICINE),State Quota,SC,SC,15776,15776,1
2024,2,INSTITUTE OF POST GRADUATE MEDICAL EDUCATION AND RESEARCH KOLKATA,M.D. (PSYCHIATRY),State Quota,OBC-A (Non-Creamy Layer),OBC-A (Non-Creamy Layer),15789,15789,1
2024,2,ICARE INSTITUTE OF MEDICAL SCIENCES AND RESEARCH HALDIA,M.S. (E.N.T.),Private Management Quota,OBC (Non-Creamy Layer),UR,15804,15804,1
2024,2,R G KAR MEDICAL COLLEGE,M.S. (GENERAL SURGERY),State Quota,OBC-A (Non-Creamy Layer),OBC-A (Non-Creamy Layer),15994,15994,1
2024,2,MURSHIDABAD MEDICAL COLLEGE AND HOSPITAL,M.S. (OPHTHALMOLOGY),State Quota,General,UR,16069,16069,1
2024,2,COLLEGE OF MEDICINE AND SAGORE DUTTA HOSPITAL,M.S. (OPHTHALMOLOGY),State Quota,General,UR,16297,16297,1
2024,2,COLLEGE OF MEDICINE AND JNM HOSPITAL KALYANI,M.D. (OBST. AND GYNAE)/MS (OBSTETRICS AND GYNAECOLOGY),State Quota,OBC-A (Non-Creamy Layer),OBC-A (Non-Creamy Layer),16307,16307,1
2024,2,SHRI RAMKRISHNA INSTITUTE OF MEDICAL SCIENCES & SANAKA HOSPITALS,M.D. (PAEDIATRICS),State Quota,EWS,UR,16401,16401,1
2024,2,GOURI DEVI INSTITUTE OF MEDICAL SCIENCES AND HOSPITAL,M.S. (ORTHOPAEDICS),State Quota,General,UR,16470,16470,1
2024,2,"RAMAKRISHNA MISSION SEVA PRATISHTHAN VIVEKANANDA INSTITUTE OF MEDICAL SCIENCES, KOLKATA",DIP.IN GYNAE. AND OBST.,State Quota,General,UR,16525,16525,1
2024,2,GOURI DEVI INSTITUTE OF MEDICAL SCIENCES AND HOSPITAL,M.D. (PAEDIATRICS),State Quota,General,UR,16570,16570,1
2024,2,CALCUTTA NATIONAL MEDICAL COLLEGE KOLKATA,M.D. (ANAESTHESIOLOGY),State Quota,General,UR,16215,16671,2
2024,2,MEDICAL COLLEGE KOLKATA,M.D. (OBST. AND GYNAE)/MS (OBSTETRICS AND GYNAECOLOGY),State Quota,OBC-A (Non-Creamy Layer),OBC-A (Non-Creamy Layer),16699,16699,1
2024,2,"RAMAKRISHNA MISSION SEVA PRATISHTHAN VIVEKANANDA INSTITUTE OF MEDICAL SCIENCES, KOLKATA",M.D. (OBST. AND GYNAE)/MS (OBSTETRICS AND GYNAECOLOGY),State Quota,OBC-A (Non-Creamy Layer),OBC-A (Non-Creamy Layer),16731,16731,1
2024,2,ESI PGIMSR AND ESIC MEDICAL COLLEGE JOKA KOLKATA,M.D. (OBST. AND GYNAE)/MS (OBSTETRICS AND GYNAECOLOGY),State Quota,OBC-A (Non-Creamy Layer),OBC (Non-Creamy Layer),16785,16785,1
2024,2,INSTITUTE OF POST GRADUATE MEDICAL EDUCATION AND RESEARCH KOLKATA,M.S. (ORTHOPAEDICS),State Quota,EWS,EWS,17086,17086,1
2024,2,ESI PGIMSR AND ESIC MEDICAL COLLEGE JOKA KOLKATA,M.D. (ANAESTHESIOLOGY),State Quota,General,UR,17144,17144,1
2024,2,NIL RATAN SIRCAR MEDICAL COLLEGE,M.D. (ANAESTHESIOLOGY),State Quota,OBC-A (Non-Creamy Layer),OBC-A (Non-Creamy Layer),17229,17229,1
2024,2,"RAMAKRISHNA MISSION SEVA PRATISHTHAN VIVEKANANDA INSTITUTE OF MEDICAL SCIENCES, KOLKATA",M.S. (GENERAL SURGERY),State Quota,OBC-A (Non-Creamy Layer),OBC-A (Non-Creamy Layer),17442,17442,1
2024,2,MIDNAPORE MEDICAL COLLEGE,M.D. (GENERAL MEDICINE),State Quota,SC,SC,17606,17606,1
2024,2,BURDWAN MEDICAL COLLEGE,M.D. (ANAESTHESIOLOGY),State Quota,General,UR,17042,17737,2
2024,2,INSTITUTE OF POST GRADUATE MEDICAL EDUCATION AND RESEARCH KOLKATA,M.D. (ANAESTHESIOLOGY),State Quota,OBC-A (Non-Creamy Layer),OBC-A (Non-Creamy Layer),17892,17892,1
2024,2,ICARE INSTITUTE OF MEDICAL SCIENCES AND RESEARCH HALDIA,M.D. (OBST. AND GYNAE)/MS (OBSTETRICS AND GYNAECOLOGY),State Quota,General,UR,17902,17902,1
2024,2,NORTH BENGAL MEDICAL COLLEGE AND HOSPITAL,M.D. (ANAESTHESIOLOGY),State Quota,General,UR,18043,18043,1
2024,2,COLLEGE OF MEDICINE AND JNM HOSPITAL KALYANI,M.D. (ANAESTHESIOLOGY),State Quota,General,UR,18095,18095,1
2024,2,ICARE INSTITUTE OF MEDICAL SCIENCES AND RESEARCH HALDIA,M.D. (ANAESTHESIOLOGY),Private Management Quota,EWS,UR,18160,18160,1
2024,2,"COMMAND HOSPITAL EC, ALIPORE, KOLKATA",M.D. (ANAESTHESIOLOGY),State Quota,General,UR,18238,18238,1
2024,2,MIDNAPORE MEDICAL COLLEGE,M.S. (GENERAL SURGERY),State Quota,OBC-B (Non-Creamy Layer),OBC-B (Non-Creamy Layer),18392,18392,1
2024,2,BANKURA SAMMILANI MEDICAL COLLEGE,M.D. (ANAESTHESIOLOGY),State Quota,General,UR,18447,18447,1
2024,2,"IQ CITY MEDICAL COLLEGE, DURGAPUR",M.S. (ORTHOPAEDICS),State Quota,General,UR,18449,18449,1
2024,2,CALCUTTA NATIONAL MEDICAL COLLEGE KOLKATA,M.D. (OBST. AND GYNAE)/MS (OBSTETRICS AND GYNAECOLOGY),State Quota,EWS,EWS,18459,18459,1
2024,2,MEDICAL COLLEGE KOLKATA,M.S. (GENERAL SURGERY),State Quota,SC,SC,18523,18523,1
2024,2,"RAMAKRISHNA MISSION SEVA PRATISHTHAN VIVEKANANDA INSTITUTE OF MEDICAL SCIENCES, KOLKATA",DIP.IN GYNAE. AND OBST.,State Quota,OBC-A (Non-Creamy Layer),OBC-A (Non-Creamy Layer),18552,18552,1
2024,2,JAGANNATH GUPTA INSTITUTE OF MEDICAL SCIENCES AND HOSPITAL,M.D. (GENERAL MEDICINE),Private Management Quota,General,UR,18652,18652,1
2024,2,"RAMAKRISHNA MISSION SEVA PRATISHTHAN VIVEKANANDA INSTITUTE OF MEDICAL SCIENCES, KOLKATA",M.D. (GENERAL MEDICINE),State Quota,SC,SC,18908,18908,1
2024,2,MIDNAPORE MEDICAL COLLEGE,M.D. (ANAESTHESIOLOGY),State Quota,General,UR,18964,18964,1
2024,2,"RAMAKRISHNA MISSION SEVA PRATISHTHAN VIVEKANANDA INSTITUTE OF MEDICAL SCIENCES, KOLKATA",M.D. (ANAESTHESIOLOGY),State Quota,General,UR,19074,19074,1
2024,2,MEDICAL COLLEGE KOLKATA,"M.D. (DERM.,VENE. AND LEPROSY)/ (DERMATOLOGY)/ (SKIN AND VENEREAL DISEASES)/ (VENEREOLOGY)",In-Service,SC,UR,19128,19128,1
2024,2,ICARE INSTITUTE OF MEDICAL SCIENCES AND RESEARCH HALDIA,M.D. (PAEDIATRICS),State Quota,General,UR,19348,19348,1
2024,2,NIL RATAN SIRCAR MEDICAL COLLEGE,M.D. (RADIO- DIAGNOSIS),In-Service,OBC-A (Non-Creamy Layer),OBC-A (Non-Creamy Layer),19428,19428,1
2024,2,CALCUTTA NATIONAL MEDICAL COLLEGE KOLKATA,M.D. (PAEDIATRICS),State Quota,SC,SC,19471,19471,1
2024,2,INSTITUTE OF POST GRADUATE MEDICAL EDUCATION AND RESEARCH KOLKATA,M.S. (GENERAL SURGERY),State Quota,SC,SC,19564,19564,1
2024,2,MIDNAPORE MEDICAL COLLEGE,M.D. (OBST. AND GYNAE)/MS (OBSTETRICS AND GYNAECOLOGY),State Quota,EWS,EWS,20072,20072,1
2024,2,ICARE INSTITUTE OF MEDICAL SCIENCES AND RESEARCH HALDIA,M.D. (ANAESTHESIOLOGY),Private Management Quota,General,UR,20120,20120,1
2024,2,KPC MEDICAL COLLEGE,M.D. (PSYCHIATRY),State Quota,General,UR,20124,20124,1
2024,2,"RAMAKRISHNA MISSION SEVA PRATISHTHAN VIVEKANANDA INSTITUTE OF MEDICAL SCIENCES, KOLKATA",DIPLOMA IN CHILD HEALTH/ PAEDIATRICS,State Quota,General,UR,20175,20175,1
2024,2,ICARE INSTITUTE OF MEDICAL SCIENCES AND RESEARCH HALDIA,M.D. (TUBERCULOSIS AND RESPIRATORY DISEASES)/PULMONA RY MEDICINE /M.D. (RESPIRATORY MEDICINE),State Quota,General,UR,20427,20427,1
2024,2,BURDWAN MEDICAL COLLEGE,M.S. (ORTHOPAEDICS),State Quota,SC,SC,20728,20728,1
2024,2,INSTITUTE OF POST GRADUATE MEDICAL EDUCATION AND RESEARCH KOLKATA,M.D. (PATHOLOGY),State Quota,General,UR,20384,20808,2
2024,2,INSTITUTE OF POST GRADUATE MEDICAL EDUCATION AND RESEARCH KOLKATA,M.S. (E.N.T.),State Quota,OBC-B (Non-Creamy Layer),OBC-B (Non-Creamy Layer),20809,20809,1
2024,2,SHRI RAMKRISHNA INSTITUTE OF MEDICAL SCIENCES & SANAKA HOSPITALS,M.S. (ORTHOPAEDICS),Private Management Quota,OBC (Non-Creamy Layer),UR,21111,21111,1
2024,2,NIL RATAN SIRCAR MEDICAL COLLEGE,M.D. (PAEDIATRICS),State Quota,SC,SC,21166,21166,1
2024,2,BANKURA SAMMILANI MEDICAL COLLEGE,M.S. (ORTHOPAEDICS),State Quota,EWS,EWS,21185,21185,1
2024,2,INSTITUTE OF POST GRADUATE MEDICAL EDUCATION AND RESEARCH KOLKATA,M.D. (PSYCHIATRY),State Quota,SC,SC,21477,21477,1
2024,2,BURDWAN MEDICAL COLLEGE,M.D. (PAEDIATRICS),State Quota,SC,SC,17202,21478,2
2024,2,DR. B C ROY POST GRADUATE INSTITUTE OF PAEDIATRIC SCIENCES,M.D. (PAEDIATRICS),State Quota,SC,SC,21881,21881,1
2024,2,R G KAR MEDICAL COLLEGE,M.D. (OBST. AND GYNAE)/MS (OBSTETRICS AND GYNAECOLOGY),State Quota,SC,SC,18343,21907,2
2024,2,SHRI RAMKRISHNA INSTITUTE OF MEDICAL SCIENCES & SANAKA HOSPITALS,M.D. (PAEDIATRICS),Private Management Quota,General,UR,21951,21951,1
2024,2,R G KAR MEDICAL COLLEGE,M.D. (PHYSICAL MED. AND REHABILITATION),State Quota,General,UR,22034,22034,1
2024,2,JAGANNATH GUPTA INSTITUTE OF MEDICAL SCIENCES AND HOSPITAL,M.D. (TUBERCULOSIS AND RESPIRATORY DISEASES)/PULMONA RY MEDICINE /M.D. (RESPIRATORY MEDICINE),State Quota,General,UR,22170,22170,1
2024,2,MIDNAPORE MEDICAL COLLEGE,M.S. (GENERAL SURGERY),State Quota,EWS,EWS,22358,22358,1
2024,2,INSTITUTE OF POST GRADUATE MEDICAL EDUCATION AND RESEARCH KOLKATA,M.D. (GENERAL MEDICINE),In-Service,General,UR,22375,22375,1
2024,2,MEDICAL COLLEGE KOLKATA,M.D. (PATHOLOGY),State Quota,General,UR,22583,22583,1
2024,2,BANKURA SAMMILANI MEDICAL COLLEGE,M.D. (OBST. AND GYNAE)/MS (OBSTETRICS AND GYNAECOLOGY),State Quota,EWS,EWS,22643,22643,1
2024,2,KPC MEDICAL COLLEGE,M.D. (ANAESTHESIOLOGY),State Quota,General,UR,22862,22862,1
2024,2,"IQ CITY MEDICAL COLLEGE, DURGAPUR",M.D. (OBST. AND GYNAE)/MS (OBSTETRICS AND GYNAECOLOGY),State Quota,General,UR,23229,23229,1
2024,2,MALDA MEDICAL COLLEGE AND HOSPITAL,M.D. (OBST. AND GYNAE)/MS (OBSTETRICS AND GYNAECOLOGY),State Quota,EWS,EWS,23241,23241,1
2024,2,MEDICAL COLLEGE KOLKATA,M.D. (RADIO- DIAGNOSIS),In-Service,SC,SC,23347,23347,1
2024,2,ALL INDIA INSTITUTE OF HYGIENE AND PUBLIC HEALTH,M.D. (PREVENTIVE AND SOCIAL MEDICINE)/ COMMUNITY MEDICINE,State Quota,General,UR,23163,23695,2
2024,2,JAGANNATH GUPTA INSTITUTE OF MEDICAL SCIENCES AND HOSPITAL,M.D. (ANAESTHESIOLOGY),State Quota,General,UR,23965,23965,1
2024,2,"RAMAKRISHNA MISSION SEVA PRATISHTHAN VIVEKANANDA INSTITUTE OF MEDICAL SCIENCES, KOLKATA",M.D. (OBST. AND GYNAE)/MS (OBSTETRICS AND GYNAECOLOGY),State Quota,EWS,EWS,24025,24025,1
2024,2,ESI PGIMSR AND ESIC MEDICAL COLLEGE JOKA KOLKATA,M.D. (OBST. AND GYNAE)/MS (OBSTETRICS AND GYNAECOLOGY),State Quota,EWS,EWS,24055,24055,1
2024,2,SHRI RAMKRISHNA INSTITUTE OF MEDICAL SCIENCES & SANAKA HOSPITALS,M.D. (GENERAL MEDICINE),Private Management Quota,OBC (Non-Creamy Layer),UR,24111,24378,2
2024,2,MEDICAL COLLEGE KOLKATA,M.S. (OPHTHALMOLOGY),State Quota,OBC-A (Non-Creamy Layer),OBC-A (Non-Creamy Layer),24440,24440,1
2024,2,MIDNAPORE MEDICAL COLLEGE,M.D. (PAEDIATRICS),State Quota,SC,SC,24458,24458,1
2024,2,SHRI RAMKRISHNA INSTITUTE OF MEDICAL SCIENCES & SANAKA HOSPITALS,M.D. (GENERAL MEDICINE),Private Management Quota,General,UR,24064,24568,2
2024,2,BURDWAN MEDICAL COLLEGE,M.D. (OBST. AND GYNAE)/MS (OBSTETRICS AND GYNAECOLOGY),State Quota,SC,SC,24655,24655,1
2024,2,"RAMAKRISHNA MISSION SEVA PRATISHTHAN VIVEKANANDA INSTITUTE OF MEDICAL SCIENCES, KOLKATA",M.D. (PAEDIATRICS),State Quota,SC,SC,24882,24882,1
2024,2,BANKURA SAMMILANI MEDICAL COLLEGE,M.D. (OBST. AND GYNAE)/MS (OBSTETRICS AND GYNAECOLOGY),State Quota,SC,SC,25152,25152,1
2024,2,INSTITUTE OF POST GRADUATE MEDICAL EDUCATION AND RESEARCH KOLKATA,M.D. (GENERAL MEDICINE),In-Service,OBC-A (Non-Creamy Layer),UR,25369,25369,1
2024,2,BURDWAN MEDICAL COLLEGE,M.D. (PSYCHIATRY),State Quota,SC,SC,25430,25430,1
2024,2,SHRI RAMKRISHNA INSTITUTE OF MEDICAL SCIENCES & SANAKA HOSPITALS,M.S. (ORTHOPAEDICS),State Quota,General,UR,25588,25588,1
2024,2,R G KAR MEDICAL COLLEGE,M.S. (GENERAL SURGERY),State Quota,SC,SC,25716,25716,1
2024,2,NIL RATAN SIRCAR MEDICAL COLLEGE,M.S. (OPHTHALMOLOGY),State Quota,OBC-B (Non-Creamy Layer),OBC-B (Non-Creamy Layer),25752,25752,1
2024,2,SHRI RAMKRISHNA INSTITUTE OF MEDICAL SCIENCES & SANAKA HOSPITALS,M.D. (OBST. AND GYNAE)/MS (OBSTETRICS AND GYNAECOLOGY),Private Management Quota,General,UR,25760,25760,1
2024,2,MALDA MEDICAL COLLEGE AND HOSPITAL,M.D. (PAEDIATRICS),State Quota,SC,SC,25778,25778,1
2024,2,"RAMAKRISHNA MISSION SEVA PRATISHTHAN VIVEKANANDA INSTITUTE OF MEDICAL SCIENCES, KOLKATA",M.D. (OBST. AND GYNAE)/MS (OBSTETRICS AND GYNAECOLOGY),State Quota,SC,SC,26439,26439,1
2024,2,ICARE INSTITUTE OF MEDICAL SCIENCES AND RESEARCH HALDIA,M.S. (E.N.T.),State Quota,General,UR,26774,26774,1
2024,2,ICARE INSTITUTE OF MEDICAL SCIENCES AND RESEARCH HALDIA,M.D. (GENERAL MEDICINE),State Quota,EWS,EWS,26805,26805,1
2024,2,BANKURA SAMMILANI MEDICAL COLLEGE,M.D. (TUBERCULOSIS AND RESPIRATORY DISEASES)/PULMONA RY MEDICINE /M.D. (RESPIRATORY MEDICINE),State Quota,SC,SC,26856,26856,1
2024,2,GOURI DEVI INSTITUTE OF MEDICAL SCIENCES AND HOSPITAL,M.D. (ANAESTHESIOLOGY),State Quota,General,UR,26860,26860,1
2024,2,BANKURA SAMMILANI MEDICAL COLLEGE,M.S. (GENERAL SURGERY),State Quota,SC,SC,26901,26901,1
2024,2,R G KAR MEDICAL COLLEGE,M.D. (PATHOLOGY),State Quota,General,UR,26920,26920,1
2024,2,SHRI RAMKRISHNA INSTITUTE OF MEDICAL SCIENCES & SANAKA HOSPITALS,M.S. (E.N.T.),State Quota,General,UR,27085,27085,1
2024,2,MIDNAPORE MEDICAL COLLEGE,M.D. (OBST. AND GYNAE)/MS (OBSTETRICS AND GYNAECOLOGY),State Quota,SC,SC,26934,27451,2
2024,2,JAGANNATH GUPTA INSTITUTE OF MEDICAL SCIENCES AND HOSPITAL,"M.D. (DERM.,VENE. AND LEPROSY)/ (DERMATOLOGY)/ (SKIN AND VENEREAL DISEASES)/ (VENEREOLOGY)",State Quota,EWS,EWS,27529,27529,1
2024,2,"RAMAKRISHNA MISSION SEVA PRATISHTHAN VIVEKANANDA INSTITUTE OF MEDICAL SCIENCES, KOLKATA",M.D. (PATHOLOGY),State Quota,General,UR,27741,27741,1
2024,2,BURDWAN MEDICAL COLLEGE,M.D. (PATHOLOGY),State Quota,General,UR,27745,27745,1
2024,2,NORTH BENGAL MEDICAL COLLEGE AND HOSPITAL,M.S. (ORTHOPAEDICS),State Quota,SC,SC,27755,27755,1
2024,2,BURDWAN MEDICAL COLLEGE,M.S. (GENERAL SURGERY),State Quota,SC,SC,27946,27946,1
2024,2,MURSHIDABAD MEDICAL COLLEGE AND HOSPITAL,M.D. (RADIO- DIAGNOSIS),In-Service,SC,UR,28074,28074,1
2024,2,"RAMAKRISHNA MISSION SEVA PRATISHTHAN VIVEKANANDA INSTITUTE OF MEDICAL SCIENCES, KOLKATA",M.D. (RADIO- DIAGNOSIS),In-Service,General,UR,28354,28354,1
2024,2,MEDICAL COLLEGE KOLKATA,M.D. (GENERAL MEDICINE),In-Service,General,UR,28362,28362,1
2024,2,MALDA MEDICAL COLLEGE AND HOSPITAL,M.D. (OBST. AND GYNAE)/MS (OBSTETRICS AND GYNAECOLOGY),State Quota,SC,SC,28401,28401,1
2024,2,COLLEGE OF MEDICINE AND SAGORE DUTTA HOSPITAL,M.D. (PATHOLOGY),State Quota,General,UR,28408,28408,1
2024,2,SHRI RAMKRISHNA INSTITUTE OF MEDICAL SCIENCES & SANAKA HOSPITALS,M.S. (GENERAL SURGERY),Private Management Quota,EWS,UR,28458,28458,1
2024,2,BURDWAN MEDICAL COLLEGE,M.D. (RADIO- DIAGNOSIS),In-Service,SC,SC,28805,28805,1
2024,2,"RAMAKRISHNA MISSION SEVA PRATISHTHAN VIVEKANANDA INSTITUTE OF MEDICAL SCIENCES, KOLKATA",M.S. (OPHTHALMOLOGY),State Quota,SC,SC,28852,28852,1
2024,2,INSTITUTE OF POST GRADUATE MEDICAL EDUCATION AND RESEARCH KOLKATA,M.D. (PHYSIOLOGY),State Quota,General,UR,28879,28879,1
2024,2,MURSHIDABAD MEDICAL COLLEGE AND HOSPITAL,M.D. (OBST. AND GYNAE)/MS (OBSTETRICS AND GYNAECOLOGY),State Quota,OBC-B (Non-Creamy Layer),OBC-B (Non-Creamy Layer),28935,28935,1
2024,2,NORTH BENGAL MEDICAL COLLEGE AND HOSPITAL,M.D. (PATHOLOGY),State Quota,General,UR,29044,29044,1
2024,2,NORTH BENGAL MEDICAL COLLEGE AND HOSPITAL,M.S. (GENERAL SURGERY),State Quota,SC,SC,29250,29250,1
2024,2,MEDICAL COLLEGE KOLKATA,M.D. (PAEDIATRICS),In-Service,OBC-A (Non-Creamy Layer),UR,29269,29269,1
2024,2,MEDICAL COLLEGE KOLKATA,DIP.IN GYNAE. AND OBST.,State Quota,OBC-B (Non-Creamy Layer),OBC-B (Non-Creamy Layer),29356,29356,1
2024,2,NORTH BENGAL MEDICAL COLLEGE AND HOSPITAL,M.S. (E.N.T.),State Quota,SC,SC,29864,29864,1
2024,2,ESI PGIMSR AND ESIC MEDICAL COLLEGE JOKA KOLKATA,M.S. (E.N.T.),State Quota,SC,SC,30329,30329,1
2024,2,ESI PGIMSR AND ESIC MEDICAL COLLEGE JOKA KOLKATA,M.D. (ANAESTHESIOLOGY),State Quota,OBC-A (Non-Creamy Layer),OBC (Non-Creamy Layer),30860,30860,1
2024,2,MURSHIDABAD MEDICAL COLLEGE AND HOSPITAL,M.D. (PATHOLOGY),State Quota,General,UR,30936,30936,1
2024,2,"IQ CITY MEDICAL COLLEGE, DURGAPUR",M.D. (GENERAL MEDICINE),State Quota,SC,SC,31166,31166,1
2024,2,MEDICAL COLLEGE KOLKATA,M.D. (RADIOTHERAPY/ RADIATION ONCOLOGY),State Quota,SC,SC,31186,31186,1
2024,2,KPC MEDICAL COLLEGE,M.D. (RADIO- DIAGNOSIS),State Quota,SC,SC,31289,31289,1
2024,2,NIL RATAN SIRCAR MEDICAL COLLEGE,M.D. (GENERAL MEDICINE),State Quota,ST,ST,31374,31374,1
2024,2,INSTITUTE OF POST GRADUATE MEDICAL EDUCATION AND RESEARCH KOLKATA,M.D. (GENERAL MEDICINE),In-Service,OBC-A (Non-Creamy Layer),OBC-A (Non-Creamy Layer),31533,31533,1
2024,2,R G KAR MEDICAL COLLEGE,M.S. (OPHTHALMOLOGY),State Quota,OBC-A (Non-Creamy Layer),OBC-A (Non-Creamy Layer),31787,31787,1
2024,2,GOURI DEVI INSTITUTE OF MEDICAL SCIENCES AND HOSPITAL,"M.D. (DERM.,VENE. AND LEPROSY)/ (DERMATOLOGY)/ (SKIN AND VENEREAL DISEASES)/ (VENEREOLOGY)",Private Management Quota,General,UR,31999,31999,1
2024,2,ICARE INSTITUTE OF MEDICAL SCIENCES AND RESEARCH HALDIA,M.S. (OPHTHALMOLOGY),State Quota,General,UR,32388,32388,1
2024,2,"IQ CITY MEDICAL COLLEGE, DURGAPUR",M.D. (PAEDIATRICS),Private Management Quota,OBC (Non-Creamy Layer),UR,32496,32496,1
2024,2,MEDICAL COLLEGE KOLKATA,M.D. (ANAESTHESIOLOGY),State Quota,SC,SC,32468,32504,2
2024,2,"RAMAKRISHNA MISSION SEVA PRATISHTHAN VIVEKANANDA INSTITUTE OF MEDICAL SCIENCES, KOLKATA",M.S. (E.N.T.),State Quota,SC,SC,32824,32824,1
2024,2,MEDICAL COLLEGE KOLKATA,M.D. (GENERAL MEDICINE),In-Service,OBC-A (Non-Creamy Layer),UR,33077,33077,1
2024,2,R G KAR MEDICAL COLLEGE,DIPLOMA IN ANAESTHESIOLOGY,State Quota,General,UR,33760,33760,1
2024,2,SHRI RAMKRISHNA INSTITUTE OF MEDICAL SCIENCES & SANAKA HOSPITALS,M.D. (PSYCHIATRY),State Quota,OBC-A (Non-Creamy Layer),OBC-A (Non-Creamy Layer),34231,34231,1
2024,2,SHRI RAMKRISHNA INSTITUTE OF MEDICAL SCIENCES & SANAKA HOSPITALS,M.S. (GENERAL SURGERY),Private Management Quota,General,UR,34233,34233,1
2024,2,R G KAR MEDICAL COLLEGE,M.D. (RADIOTHERAPY/ RADIATION ONCOLOGY),State Quota,SC,SC,34311,34311,1
2024,2,M R BANGUR HOSPITAL,(NBEMS) GENERAL MEDICINE,In-Service DNB,OBC-A (Non-Creamy Layer),UR,34315,34315,1
2024,2,MEDICAL COLLEGE KOLKATA,M.D. (PAEDIATRICS),State Quota,ST,ST,34771,34771,1
2024,2,BURDWAN MEDICAL COLLEGE,M.D. (ANAESTHESIOLOGY),State Quota,SC,SC,35104,35104,1
2024,2,BANKURA SAMMILANI MEDICAL COLLEGE,M.S. (OPHTHALMOLOGY),State Quota,SC,SC,35373,35373,1
2024,2,INSTITUTE OF POST GRADUATE MEDICAL EDUCATION AND RESEARCH KOLKATA,M.D. (PATHOLOGY),State Quota,SC,SC,35454,35454,1
2024,2,SHRI RAMKRISHNA INSTITUTE OF MEDICAL SCIENCES & SANAKA HOSPITALS,M.S. (GENERAL SURGERY),Private Management Quota,OBC (Non-Creamy Layer),UR,35635,35635,1
2024,2,NIL RATAN SIRCAR MEDICAL COLLEGE,M.D. (ANAESTHESIOLOGY),State Quota,EWS,EWS,35676,35676,1
2024,2,NIL RATAN SIRCAR MEDICAL COLLEGE,M.D. (GENERAL MEDICINE),In-Service,General,UR,36396,36396,1
2024,2,NORTH BENGAL MEDICAL COLLEGE AND HOSPITAL,M.S. (OPHTHALMOLOGY),State Quota,SC,SC,36772,36772,1
2024,2,NIL RATAN SIRCAR MEDICAL COLLEGE,M.D. (PSYCHIATRY),State Quota,OBC-B (Non-Creamy Layer),OBC-B (Non-Creamy Layer),36921,36921,1
2024,2,NORTH BENGAL MEDICAL COLLEGE AND HOSPITAL,M.D. (ANAESTHESIOLOGY),State Quota,SC,SC,37017,37017,1
2024,2,"IQ CITY MEDICAL COLLEGE, DURGAPUR",M.D. (GENERAL MEDICINE),Private Management Quota,General,UR,37186,37186,1
2024,2,"SCHOOL OF TROPICAL MEDICINE, KOLKATA",M.D. (TROPICAL MEDICINE),State Quota,EWS,EWS,37353,37353,1
2024,2,BANKURA SAMMILANI MEDICAL COLLEGE,M.D. (ANAESTHESIOLOGY),State Quota,SC,SC,37611,37611,1
2024,2,CALCUTTA NATIONAL MEDICAL COLLEGE KOLKATA,M.D. (PREVENTIVE AND SOCIAL MEDICINE)/ COMMUNITY MEDICINE,State Quota,General,UR,37640,37640,1
2024,2,"IQ CITY MEDICAL COLLEGE, DURGAPUR",M.D. (PAEDIATRICS),Private Management Quota,General,UR,37826,37826,1
2024,2,NIL RATAN SIRCAR MEDICAL COLLEGE,M.D. (GENERAL MEDICINE),In-Service,OBC-A (Non-Creamy Layer),UR,38017,38017,1
2024,2,JAGANNATH GUPTA INSTITUTE OF MEDICAL SCIENCES AND HOSPITAL,M.S. (GENERAL SURGERY),State Quota,SC,SC,38518,38518,1
2024,2,MIDNAPORE MEDICAL COLLEGE,M.S. (OPHTHALMOLOGY),State Quota,SC,SC,38612,38612,1
2024,2,"IQ CITY MEDICAL COLLEGE, DURGAPUR",M.S. (OPHTHALMOLOGY),Private Management Quota,General,UR,38046,38794,2
2024,2,"IQ CITY MEDICAL COLLEGE, DURGAPUR",M.S. (GENERAL SURGERY),Private Management Quota,OBC (Non-Creamy Layer),UR,39018,39018,1
2024,2,DISTRICT HOSPITAL HOWRAH,(NBEMS) GENERAL MEDICINE,In-Service DNB,OBC-B (Non-Creamy Layer),UR,39089,39089,1
2024,2,BURDWAN MEDICAL COLLEGE,M.D. (PATHOLOGY),State Quota,OBC-A (Non-Creamy Layer),OBC-A (Non-Creamy Layer),39247,39247,1
2024,2,JAGANNATH GUPTA INSTITUTE OF MEDICAL SCIENCES AND HOSPITAL,M.D. (PAEDIATRICS),Private Management Quota,SC,UR,39520,39520,1
2024,2,"RAMAKRISHNA MISSION SEVA PRATISHTHAN VIVEKANANDA INSTITUTE OF MEDICAL SCIENCES, KOLKATA",M.D. (GENERAL MEDICINE),State Quota,ST,ST,39605,39605,1
2024,2,INSTITUTE OF POST GRADUATE MEDICAL EDUCATION AND RESEARCH KOLKATA,M.S. (ORTHOPAEDICS),In-Service,OBC-A (Non-Creamy Layer),UR,39683,39683,1
2024,2,NORTH BENGAL MEDICAL COLLEGE AND HOSPITAL,M.D. (RADIO- DIAGNOSIS),In-Service,SC,SC,39706,39706,1
2024,2,INSTITUTE OF POST GRADUATE MEDICAL EDUCATION AND RESEARCH KOLKATA,M.D. (PHYSICAL MED. AND REHABILITATION),State Quota,SC,SC,39761,39761,1
2024,2,NORTH BENGAL MEDICAL COLLEGE AND HOSPITAL,M.D. (PSYCHIATRY),State Quota,SC,SC,39856,39856,1
2024,2,KPC MEDICAL COLLEGE,M.D. (PATHOLOGY),State Quota,General,UR,39875,39875,1
2024,2,MEDICAL COLLEGE KOLKATA,DIPLOMA IN OPHTHALMOLOGY/DO MS,State Quota,General,UR,38222,40071,2
2024,2,MIDNAPORE MEDICAL COLLEGE,M.D. (ANAESTHESIOLOGY),State Quota,OBC-B (Non-Creamy Layer),OBC-B (Non-Creamy Layer),40227,40227,1
2024,2,KPC MEDICAL COLLEGE,M.S. (E.N.T.),Private Management Quota,General,UR,26886,40753,2
2024,2,BARASAT GOVERNMENT MEDICAL COLLEGE AND HOSPITAL,(NBEMS-DIPLOMA) PAEDIATRICS,In-Service DNB,General,UR,41106,41106,1
2024,2,COLLEGE OF MEDICINE AND SAGORE DUTTA HOSPITAL,M.D. (ANAESTHESIOLOGY),State Quota,SC,SC,41297,41297,1
2024,2,KPC MEDICAL COLLEGE,M.S. (ORTHOPAEDICS),Private Management Quota,General,UR,36002,41993,2
2024,2,"IQ CITY MEDICAL COLLEGE, DURGAPUR",M.D. (PATHOLOGY),State Quota,General,UR,42307,42307,1
2024,2,GOURI DEVI INSTITUTE OF MEDICAL SCIENCES AND HOSPITAL,M.D. (PATHOLOGY),State Quota,General,UR,42604,42604,1
2024,2,GOURI DEVI INSTITUTE OF MEDICAL SCIENCES AND HOSPITAL,M.D. (OBST. AND GYNAE)/MS (OBSTETRICS AND GYNAECOLOGY),State Quota,SC,SC,42807,42807,1
2024,2,CALCUTTA NATIONAL MEDICAL COLLEGE KOLKATA,M.S. (ORTHOPAEDICS),In-Service,General,UR,42911,42911,1
2024,2,MURSHIDABAD MEDICAL COLLEGE AND HOSPITAL,M.D. (ANAESTHESIOLOGY),State Quota,SC,SC,42946,42946,1
2024,2,COLLEGE OF MEDICINE AND SAGORE DUTTA HOSPITAL,M.D. (PREVENTIVE AND SOCIAL MEDICINE)/ COMMUNITY MEDICINE,State Quota,General,UR,43808,43808,1
2024,2,BANKURA SAMMILANI MEDICAL COLLEGE,M.D. (RADIO- DIAGNOSIS),In-Service,OBC-A (Non-Creamy Layer),OBC-A (Non-Creamy Layer),43868,43868,1
2024,2,R G KAR MEDICAL COLLEGE,M.S. (ORTHOPAEDICS),In-Service,OBC-A (Non-Creamy Layer),UR,44252,44252,1
2024,2,ICARE INSTITUTE OF MEDICAL SCIENCES AND RESEARCH HALDIA,M.S. (OPHTHALMOLOGY),State Quota,SC,SC,44520,44520,1
2024,2,ALL INDIA INSTITUTE OF HYGIENE AND PUBLIC HEALTH,M.D. (PREVENTIVE AND SOCIAL MEDICINE)/ COMMUNITY MEDICINE,State Quota,OBC-A (Non-Creamy Layer),OBC (Non-Creamy Layer),43761,45019,2
2024,2,BURDWAN MEDICAL COLLEGE,M.D. (PREVENTIVE AND SOCIAL MEDICINE)/ COMMUNITY MEDICINE,State Quota,General,UR,45767,45767,1
2024,2,MEDICAL COLLEGE KOLKATA,M.D. (GENERAL MEDICINE),In-Service,OBC-B (Non-Creamy Layer),OBC-B (Non-Creamy Layer),45884,45884,1
2024,2,JAGANNATH GUPTA INSTITUTE OF MEDICAL SCIENCES AND HOSPITAL,M.D. (OBST. AND GYNAE)/MS (OBSTETRICS AND GYNAECOLOGY),Private Management Quota,General,UR,45923,45923,1
2024,2,JAGANNATH GUPTA INSTITUTE OF MEDICAL SCIENCES AND HOSPITAL,M.S. (ORTHOPAEDICS),Private Management Quota,SC,UR,45933,45933,1
2024,2,MEDICAL COLLEGE KOLKATA,M.D. (PATHOLOGY),State Quota,SC,SC,45973,45973,1
2024,2,MALDA MEDICAL COLLEGE AND HOSPITAL,M.D. (PAEDIATRICS),In-Service,OBC-A (Non-Creamy Layer),UR,46298,46298,1
2024,2,R G KAR MEDICAL COLLEGE,M.D. (GENERAL MEDICINE),In-Service,OBC-A (Non-Creamy Layer),UR,46738,46738,1
2024,2,MAHARAJA JITENDRA NARAYAN MEDICAL COLLEGE AND HOSPITAL,(NBEMS-DIPLOMA) RADIO-DIAGNOSIS,In-Service DNB,OBC-A (Non-Creamy Layer),UR,47402,47402,1
2024,2,NIL RATAN SIRCAR MEDICAL COLLEGE,M.D. (PATHOLOGY),State Quota,SC,SC,47590,47590,1
2024,2,NORTH BENGAL MEDICAL COLLEGE AND HOSPITAL,M.D. (ANAESTHESIOLOGY),State Quota,OBC-B (Non-Creamy Layer),OBC-B (Non-Creamy Layer),47697,47697,1
2024,2,MEDICAL COLLEGE KOLKATA,M.D. (GENERAL MEDICINE),In-Service,SC,SC,47881,47881,1
2024,2,NORTH BENGAL MEDICAL COLLEGE AND HOSPITAL,M.D. (ANAESTHESIOLOGY),State Quota,EWS,EWS,48367,48367,1
2024,2,MEDICAL COLLEGE KOLKATA,M.D. (PAEDIATRICS),In-Service,General,UR,48440,48440,1
2024,2,MEDICAL COLLEGE KOLKATA,MD/MS (ANATOMY),State Quota,General,UR,49233,49233,1
2024,2,KPC MEDICAL COLLEGE,M.S. (GENERAL SURGERY),Private Management Quota,General,UR,22493,49864,3
2024,2,R G KAR MEDICAL COLLEGE,M.D. (GENERAL MEDICINE),In-Service,General,UR,50580,50580,1
2024,2,INSTITUTE OF POST GRADUATE MEDICAL EDUCATION AND RESEARCH KOLKATA,M.D. (BIOCHEMISTRY),State Quota,General,UR,50966,50966,1
2024,2,NORTH BENGAL MEDICAL COLLEGE AND HOSPITAL,M.D. (GENERAL MEDICINE),In-Service,General,UR,51005,51005,1
2024,2,MEDICAL COLLEGE KOLKATA,DIPLOMA IN OPHTHALMOLOGY/DO MS,State Quota,SC,SC,51151,51151,1
2024,2,BANKURA SAMMILANI MEDICAL COLLEGE,M.D. (PATHOLOGY),State Quota,SC,SC,51869,51869,1
2024,2,INSTITUTE OF POST GRADUATE MEDICAL EDUCATION AND RESEARCH KOLKATA,M.D. (PATHOLOGY),State Quota,OBC-B (Non-Creamy Layer),OBC-B (Non-Creamy Layer),52327,52327,1
2024,2,R G KAR MEDICAL COLLEGE,M.D. (PATHOLOGY),State Quota,SC,SC,52471,52471,1
2024,2,INSTITUTE OF POST GRADUATE MEDICAL EDUCATION AND RESEARCH KOLKATA,M.S. (ORTHOPAEDICS),In-Service,SC,UR,52506,52506,1
2024,2,SHRI RAMKRISHNA INSTITUTE OF MEDICAL SCIENCES & SANAKA HOSPITALS,M.D. (ANAESTHESIOLOGY),State Quota,SC,SC,52656,52656,1
2024,2,INSTITUTE OF POST GRADUATE MEDICAL EDUCATION AND RESEARCH KOLKATA,M.D. (PHARMACOLOGY),State Quota,General,UR,53215,53215,1
2024,2,NORTH BENGAL MEDICAL COLLEGE AND HOSPITAL,M.D. (PREVENTIVE AND SOCIAL MEDICINE)/ COMMUNITY MEDICINE,State Quota,General,UR,53350,53350,1
2024,2,R G KAR MEDICAL COLLEGE,M.D. (PAEDIATRICS),State Quota,ST,ST,53669,53669,1
2024,2,COLLEGE OF MEDICINE AND SAGORE DUTTA HOSPITAL,M.D. (PAEDIATRICS),State Quota,ST,ST,54606,54606,1
2024,2,KPC MEDICAL COLLEGE,M.D. (ANAESTHESIOLOGY),Private Management Quota,General,UR,54933,54933,1
2024,2,CALCUTTA NATIONAL MEDICAL COLLEGE KOLKATA,M.D. (GENERAL MEDICINE),In-Service,General,UR,46185,55775,2
2024,2,BARASAT GOVERNMENT MEDICAL COLLEGE AND HOSPITAL,(NBEMS) GENERAL MEDICINE,In-Service DNB,OBC-A (Non-Creamy Layer),OBC-A (Non-Creamy Layer),56015,56015,1
2024,2,"SCHOOL OF TROPICAL MEDICINE, KOLKATA",M.D. (MICROBIOLOGY),State Quota,General,UR,56163,56163,1
2024,2,CALCUTTA NATIONAL MEDICAL COLLEGE KOLKATA,M.D. (PATHOLOGY),State Quota,SC,SC,56721,56721,1
2024,2,DIAMOND HARBOUR GOVERNMENT MEDICAL COLLEGE AND HOSPITAL,(NBEMS) GENERAL MEDICINE,In-Service DNB,SC,SC,57014,57014,1
2024,2,INSTITUTE OF POST GRADUATE MEDICAL EDUCATION AND RESEARCH KOLKATA,M.S. (ORTHOPAEDICS),In-Service,OBC-A (Non-Creamy Layer),OBC-A (Non-Creamy Layer),57220,57220,1
2024,2,GOURI DEVI INSTITUTE OF MEDICAL SCIENCES AND HOSPITAL,M.S. (E.N.T.),State Quota,SC,SC,58050,58050,1
2024,2,BANKURA SAMMILANI MEDICAL COLLEGE,M.D. (MICROBIOLOGY),State Quota,General,UR,58516,58516,1
2024,2,R G KAR MEDICAL COLLEGE,M.D. (MICROBIOLOGY),State Quota,General,UR,58547,58547,1
2024,2,"RAMAKRISHNA MISSION SEVA PRATISHTHAN VIVEKANANDA INSTITUTE OF MEDICAL SCIENCES, KOLKATA",M.S. (GENERAL SURGERY),State Quota,ST,ST,60319,60319,1
2024,2,MEDICAL COLLEGE KOLKATA,MD/MS (ANATOMY),State Quota,SC,UR,60387,60387,1
2024,2,GOURI DEVI INSTITUTE OF MEDICAL SCIENCES AND HOSPITAL,M.D. (PAEDIATRICS),Private Management Quota,General,UR,42657,61340,2
2024,2,NIL RATAN SIRCAR MEDICAL COLLEGE,M.S. (ORTHOPAEDICS),In-Service,OBC-A (Non-Creamy Layer),UR,61852,61852,1
2024,2,"RAMAKRISHNA MISSION SEVA PRATISHTHAN VIVEKANANDA INSTITUTE OF MEDICAL SCIENCES, KOLKATA",M.D. (GENERAL MEDICINE),In-Service,General,UR,61883,61883,1
2024,2,ICARE INSTITUTE OF MEDICAL SCIENCES AND RESEARCH HALDIA,M.D. (PSYCHIATRY),State Quota,SC,SC,62149,62149,1
2024,2,IMAMBARA DISTRICT HOSPITAL,(NBEMS) GENERAL MEDICINE,In-Service DNB,OBC-A (Non-Creamy Layer),OBC-A (Non-Creamy Layer),62259,62259,1
2024,2,"IQ CITY MEDICAL COLLEGE, DURGAPUR",M.D. (ANAESTHESIOLOGY),State Quota,SC,SC,62413,62413,1
2024,2,CALCUTTA NATIONAL MEDICAL COLLEGE KOLKATA,M.D. (GENERAL MEDICINE),In-Service,SC,SC,62441,62441,1
2024,2,ICARE INSTITUTE OF MEDICAL SCIENCES AND RESEARCH HALDIA,M.D. (ANAESTHESIOLOGY),State Quota,SC,SC,62514,62514,1
2024,2,JAGANNATH GUPTA INSTITUTE OF MEDICAL SCIENCES AND HOSPITAL,M.D. (GENERAL MEDICINE),State Quota,OBC-B (Non-Creamy Layer),OBC-B (Non-Creamy Layer),63328,63328,1
2024,2,MEDICAL COLLEGE KOLKATA,M.S. (OPHTHALMOLOGY),State Quota,ST,ST,63489,63489,1
2024,2,BURDWAN MEDICAL COLLEGE,M.D. (FORENSIC MEDICINE),State Quota,General,UR,63527,63527,1
2024,2,JAGANNATH GUPTA INSTITUTE OF MEDICAL SCIENCES AND HOSPITAL,M.D. (PAEDIATRICS),Private Management Quota,General,UR,45329,64212,3
2024,2,JAGANNATH GUPTA INSTITUTE OF MEDICAL SCIENCES AND HOSPITAL,M.D. (ANAESTHESIOLOGY),State Quota,SC,SC,64405,64405,1
2024,2,BURDWAN MEDICAL COLLEGE,M.D. (GENERAL MEDICINE),In-Service,OBC (Non-Creamy Layer),UR,65044,65044,1
2024,2,KPC MEDICAL COLLEGE,M.D. (PATHOLOGY),State Quota,OBC-A (Non-Creamy Layer),OBC-A (Non-Creamy Layer),65661,65661,1
2024,2,INSTITUTE OF POST GRADUATE MEDICAL EDUCATION AND RESEARCH KOLKATA,M.D. (PAEDIATRICS),In-Service,OBC-A (Non-Creamy Layer),UR,66219,66219,1
2024,2,MEDICAL COLLEGE KOLKATA,M.S. (ORTHOPAEDICS),In-Service,SC,SC,66820,66820,1
2024,2,TAMRALIPTO GOVERNMENT MEDICAL COLLEGE,(NBEMS) GENERAL MEDICINE,In-Service DNB,SC,UR,66967,66967,1
2024,2,INSTITUTE OF POST GRADUATE MEDICAL EDUCATION AND RESEARCH KOLKATA,M.D. (PATHOLOGY),In-Service,General,UR,67004,67004,1
2024,2,"RAMAKRISHNA MISSION SEVA PRATISHTHAN VIVEKANANDA INSTITUTE OF MEDICAL SCIENCES, KOLKATA",M.D. (GENERAL MEDICINE),In-Service,OBC-A (Non-Creamy Layer),UR,67261,67261,1
2024,2,DIAMOND HARBOUR GOVERNMENT MEDICAL COLLEGE AND HOSPITAL,(NBEMS) PAEDIATRICS,In-Service DNB,SC,UR,67912,67912,1
2024,2,"IQ CITY MEDICAL COLLEGE, DURGAPUR",M.D. (PATHOLOGY),Private Management Quota,General,UR,67950,67950,1
2024,2,NORTH BENGAL MEDICAL COLLEGE AND HOSPITAL,M.D. (FORENSIC MEDICINE),State Quota,SC,UR,68174,68174,1
2024,2,"IQ CITY MEDICAL COLLEGE, DURGAPUR",M.D. (TUBERCULOSIS AND RESPIRATORY DISEASES)/PULMONA RY MEDICINE /M.D. (RESPIRATORY MEDICINE),Private Management Quota,General,UR,59916,68411,2
2024,2,GOURI DEVI INSTITUTE OF MEDICAL SCIENCES AND HOSPITAL,M.D. (OBST. AND GYNAE)/MS (OBSTETRICS AND GYNAECOLOGY),Private Management Quota,General,UR,30178,68564,3
2024,2,BURDWAN MEDICAL COLLEGE,DIPLOMA IN OPHTHALMOLOGY/DO MS,State Quota,SC,SC,68687,68687,1
2024,2,INSTITUTE OF POST GRADUATE MEDICAL EDUCATION AND RESEARCH KOLKATA,M.S. (GENERAL SURGERY),In-Service,SC,UR,68863,68863,1
2024,2,MIDNAPORE MEDICAL COLLEGE,M.D. (GENERAL MEDICINE),In-Service,General,UR,68906,68906,1
2024,2,"SCHOOL OF TROPICAL MEDICINE, KOLKATA",M.D. (PHARMACOLOGY),State Quota,General,UR,69537,69537,1
2024,2,MURSHIDABAD MEDICAL COLLEGE AND HOSPITAL,M.S. (GENERAL SURGERY),State Quota,ST,ST,69558,69558,1
2024,2,"IQ CITY MEDICAL COLLEGE, DURGAPUR",M.D. (PSYCHIATRY),Private Management Quota,General,UR,69783,69783,1
2024,2,BANKURA SAMMILANI MEDICAL COLLEGE,"M.D. (DERM.,VENE. AND LEPROSY)/ (DERMATOLOGY)/ (SKIN AND VENEREAL DISEASES)/ (VENEREOLOGY)",In-Service,SC,SC,70464,70464,1
2024,2,KPC MEDICAL COLLEGE,M.D. (PHARMACOLOGY),State Quota,General,UR,70671,70671,1
2024,2,MURSHIDABAD MEDICAL COLLEGE AND HOSPITAL,M.D. (PREVENTIVE AND SOCIAL MEDICINE)/ COMMUNITY MEDICINE,State Quota,SC,SC,70716,70716,1
2024,2,NORTH BENGAL MEDICAL COLLEGE AND HOSPITAL,M.D. (OBST. AND GYNAE)/MS (OBSTETRICS AND GYNAECOLOGY),State Quota,ST,ST,71028,71028,1
2024,2,INSTITUTE OF CHILD HEALTH,M.D. (PAEDIATRICS),In-Service,General,UR,68130,71560,2
2024,2,JAGANNATH GUPTA INSTITUTE OF MEDICAL SCIENCES AND HOSPITAL,M.D. (TUBERCULOSIS AND RESPIRATORY DISEASES)/PULMONA RY MEDICINE /M.D. (RESPIRATORY MEDICINE),Private Management Quota,General,UR,71662,71662,1
2024,2,NORTH BENGAL MEDICAL COLLEGE AND HOSPITAL,M.D. (OBST. AND GYNAE)/MS (OBSTETRICS AND GYNAECOLOGY),In-Service,General,UR,71671,71671,1
2024,2,BANKURA SAMMILANI MEDICAL COLLEGE,M.D. (GENERAL MEDICINE),In-Service,General,UR,71840,71840,1
2024,2,COLLEGE OF MEDICINE AND SAGORE DUTTA HOSPITAL,M.D. (MICROBIOLOGY),State Quota,General,UR,72243,72243,1
2024,2,JAGANNATH GUPTA INSTITUTE OF MEDICAL SCIENCES AND HOSPITAL,M.D. (ANAESTHESIOLOGY),State Quota,OBC-B (Non-Creamy Layer),OBC-B (Non-Creamy Layer),72463,72463,1
2024,2,MEDICAL COLLEGE KOLKATA,M.D. (MICROBIOLOGY),State Quota,SC,SC,72760,72760,1
2024,2,INSTITUTE OF POST GRADUATE MEDICAL EDUCATION AND RESEARCH KOLKATA,M.D. (RADIO- DIAGNOSIS),In-Service,OBC-B (Non-Creamy Layer),OBC-B (Non-Creamy Layer),73467,73467,1
2024,2,SHRI RAMKRISHNA INSTITUTE OF MEDICAL SCIENCES & SANAKA HOSPITALS,M.D. (PSYCHIATRY),Private Management Quota,OBC (Non-Creamy Layer),UR,73793,73793,1
2024,2,MEDICAL COLLEGE KOLKATA,M.D. (TUBERCULOSIS AND RESPIRATORY DISEASES)/PULMONA RY MEDICINE /M.D. (RESPIRATORY MEDICINE),In-Service,General,UR,73913,73913,1
2024,2,BURDWAN MEDICAL COLLEGE,M.D. (RADIOTHERAPY/ RADIATION ONCOLOGY),State Quota,EWS,EWS,73970,73970,1
2024,2,ALL INDIA INSTITUTE OF HYGIENE AND PUBLIC HEALTH,M.D. (PREVENTIVE AND SOCIAL MEDICINE)/ COMMUNITY MEDICINE,In-Service,General,UR,74209,74209,1
2024,2,ALL INDIA INSTITUTE OF HYGIENE AND PUBLIC HEALTH,M.D. (PREVENTIVE AND SOCIAL MEDICINE)/ COMMUNITY MEDICINE,State Quota,ST,ST,74860,74860,1
2024,2,MEDICAL COLLEGE KOLKATA,M.S. (E.N.T.),State Quota,ST,ST,75960,75960,1
2024,2,NIL RATAN SIRCAR MEDICAL COLLEGE,M.S. (GENERAL SURGERY),In-Service,General,UR,77161,77161,1
2024,2,ALL INDIA INSTITUTE OF HYGIENE AND PUBLIC HEALTH,M.P.H. (EPIDEMIOLOGY),State Quota,SC,SC,77353,77353,1
2024,2,"IQ CITY MEDICAL COLLEGE, DURGAPUR",M.D. (PREVENTIVE AND SOCIAL MEDICINE)/ COMMUNITY MEDICINE,State Quota,General,UR,77891,77891,1
2024,2,INSTITUTE OF POST GRADUATE MEDICAL EDUCATION AND RESEARCH KOLKATA,M.S. (GENERAL SURGERY),In-Service,General,UR,78138,78138,1
2024,2,MEDICAL COLLEGE KOLKATA,M.D. IN TRANSFUSION MEDICINE/ IMMUNO- HAEMATOLOGY AND BLOOD TRANSFUSION,State Quota,OBC-B (Non-Creamy Layer),OBC-B (Non-Creamy Layer),78474,78474,1
2024,2,NORTH BENGAL MEDICAL COLLEGE AND HOSPITAL,M.D. (MICROBIOLOGY),State Quota,SC,UR,79853,79853,1
2024,2,JAGANNATH GUPTA INSTITUTE OF MEDICAL SCIENCES AND HOSPITAL,M.S. (E.N.T.),Private Management Quota,General,UR,79862,79862,1
2024,2,"DEBEN MAHATO SADAR HOSPITAL, PURULIA",(NBEMS) GENERAL MEDICINE,In-Service DNB,General,UR,80752,80752,1
2024,2,GOURI DEVI INSTITUTE OF MEDICAL SCIENCES AND HOSPITAL,M.S. (ORTHOPAEDICS),Private Management Quota,General,UR,81026,81026,1
2024,2,INSTITUTE OF POST GRADUATE MEDICAL EDUCATION AND RESEARCH KOLKATA,M.D. (ANAESTHESIOLOGY),In-Service,SC,UR,81401,81401,1
2024,2,ICARE INSTITUTE OF MEDICAL SCIENCES AND RESEARCH HALDIA,M.D. (ANAESTHESIOLOGY),State Quota,OBC-A (Non-Creamy Layer),OBC-A (Non-Creamy Layer),82043,82043,1
2024,2,MEDICAL COLLEGE KOLKATA,M.D. (PAEDIATRICS),In-Service,SC,SC,82202,82202,1
2024,2,R G KAR MEDICAL COLLEGE,M.D. (TUBERCULOSIS AND RESPIRATORY DISEASES)/PULMONA RY MEDICINE /M.D. (RESPIRATORY MEDICINE),In-Service,General,UR,82723,82723,1
2024,2,GOURI DEVI INSTITUTE OF MEDICAL SCIENCES AND HOSPITAL,M.S. (GENERAL SURGERY),Private Management Quota,General,UR,82855,82855,1
2024,2,"SCHOOL OF TROPICAL MEDICINE, KOLKATA",DIPLOMA IN CLINICAL PATHOLOGY,State Quota,SC,SC,82929,82929,1
2024,2,COLLEGE OF MEDICINE AND JNM HOSPITAL KALYANI,M.D. (PHARMACOLOGY),State Quota,General,UR,83146,83146,1
2024,2,INSTITUTE OF POST GRADUATE MEDICAL EDUCATION AND RESEARCH KOLKATA,M.D. (PSYCHIATRY),In-Service,General,UR,83810,83810,1
2024,2,R G KAR MEDICAL COLLEGE,M.S. (GENERAL SURGERY),In-Service,General,UR,84024,84024,1
2024,2,M R BANGUR HOSPITAL,(NBEMS) GENERAL SURGERY,In-Service DNB,SC,UR,84925,84925,1
2024,2,CALCUTTA NATIONAL MEDICAL COLLEGE KOLKATA,M.D. (PSYCHIATRY),In-Service,General,UR,84997,84997,1
2024,2,CALCUTTA NATIONAL MEDICAL COLLEGE KOLKATA,M.S. (ORTHOPAEDICS),In-Service,SC,SC,85222,85222,1
2024,2,BURDWAN MEDICAL COLLEGE,M.D. (PHARMACOLOGY),State Quota,SC,UR,85241,85241,1
2024,2,COLLEGE OF MEDICINE AND SAGORE DUTTA HOSPITAL,M.D. (TUBERCULOSIS AND RESPIRATORY DISEASES)/PULMONA RY MEDICINE /M.D. (RESPIRATORY MEDICINE),State Quota,ST,ST,85362,85362,1
2024,2,GOURI DEVI INSTITUTE OF MEDICAL SCIENCES AND HOSPITAL,M.S. (OPHTHALMOLOGY),Private Management Quota,OBC (Non-Creamy Layer),UR,85476,85476,1
2024,2,INSTITUTE OF POST GRADUATE MEDICAL EDUCATION AND RESEARCH KOLKATA,"M.D. (DERM.,VENE. AND LEPROSY)/ (DERMATOLOGY)/ (SKIN AND VENEREAL DISEASES)/ (VENEREOLOGY)",In-Service,OBC-B (Non-Creamy Layer),OBC-B (Non-Creamy Layer),85522,85522,1
2024,2,GOURI DEVI INSTITUTE OF MEDICAL SCIENCES AND HOSPITAL,M.D. (TUBERCULOSIS AND RESPIRATORY DISEASES)/PULMONA RY MEDICINE /M.D. (RESPIRATORY MEDICINE),Private Management Quota,General,UR,79832,86032,2
2024,2,NIL RATAN SIRCAR MEDICAL COLLEGE,M.D. (PAEDIATRICS),In-Service,General,UR,86315,86315,1
2024,2,JAGANNATH GUPTA INSTITUTE OF MEDICAL SCIENCES AND HOSPITAL,M.S. (GENERAL SURGERY),Private Management Quota,EWS,UR,86758,86758,1
2024,2,GOURI DEVI INSTITUTE OF MEDICAL SCIENCES AND HOSPITAL,M.D. (RADIO- DIAGNOSIS),In-Service,General,UR,87936,87936,1
2024,2,BURDWAN MEDICAL COLLEGE,M.D. (PAEDIATRICS),In-Service,OBC-A (Non-Creamy Layer),UR,88100,88100,1
2024,2,INSTITUTE OF POST GRADUATE MEDICAL EDUCATION AND RESEARCH KOLKATA,M.D. (BIOCHEMISTRY),State Quota,SC,SC,88125,88125,1
2024,2,MEDICAL COLLEGE KOLKATA,M.D. (PATHOLOGY),In-Service,General,UR,88474,88474,1
2024,2,CALCUTTA NATIONAL MEDICAL COLLEGE KOLKATA,M.S. (OPHTHALMOLOGY),In-Service,OBC-A (Non-Creamy Layer),UR,88986,88986,1
2024,2,BURDWAN MEDICAL COLLEGE,M.D. (PREVENTIVE AND SOCIAL MEDICINE)/ COMMUNITY MEDICINE,State Quota,OBC-A (Non-Creamy Layer),OBC-A (Non-Creamy Layer),89117,89117,1
2024,2,JAGANNATH GUPTA INSTITUTE OF MEDICAL SCIENCES AND HOSPITAL,M.S. (GENERAL SURGERY),Private Management Quota,General,UR,76532,89421,3
2024,2,"IQ CITY MEDICAL COLLEGE, DURGAPUR",M.S. (GENERAL SURGERY),Private Management Quota,General,UR,53244,89664,4
2024,2,GOURI DEVI INSTITUTE OF MEDICAL SCIENCES AND HOSPITAL,M.S. (GENERAL SURGERY),Private Management Quota,OBC (Non-Creamy Layer),UR,89772,89772,1
2024,2,CALCUTTA NATIONAL MEDICAL COLLEGE KOLKATA,M.D. (PHARMACOLOGY),State Quota,SC,SC,89808,89808,1
2024,2,NIL RATAN SIRCAR MEDICAL COLLEGE,M.D. (PREVENTIVE AND SOCIAL MEDICINE)/ COMMUNITY MEDICINE,State Quota,EWS,EWS,90565,90565,1
2024,2,MEDICAL COLLEGE KOLKATA,(NBEMS) CARDIO VASCULAR AND THORACIC SURGERY (DIRECT 6 YEARS COURSE),In-Service DNB,General,UR,90575,90575,1
2024,2,DISTRICT HOSPITAL NADIA,(NBEMS) GENERAL MEDICINE,In-Service DNB,OBC-B (Non-Creamy Layer),UR,90794,90794,1
2024,2,MEDICAL COLLEGE KOLKATA,M.D. (OBST. AND GYNAE)/MS (OBSTETRICS AND GYNAECOLOGY),In-Service,General,UR,60270,90908,2
2024,2,MEDICAL COLLEGE KOLKATA,M.S. (OPHTHALMOLOGY),In-Service,General,UR,91751,91751,1
2024,2,INSTITUTE OF POST GRADUATE MEDICAL EDUCATION AND RESEARCH KOLKATA,M.D. (OBST. AND GYNAE)/MS (OBSTETRICS AND GYNAECOLOGY),In-Service,SC,UR,91981,91981,1
2024,2,MALDA MEDICAL COLLEGE AND HOSPITAL,M.D. (MICROBIOLOGY),State Quota,General,UR,92037,92037,1
2024,2,CALCUTTA NATIONAL MEDICAL COLLEGE KOLKATA,M.D. (PAEDIATRICS),In-Service,SC,UR,89103,92304,2
2024,2,KPC MEDICAL COLLEGE,M.D. (PREVENTIVE AND SOCIAL MEDICINE)/ COMMUNITY MEDICINE,State Quota,OBC-A (Non-Creamy Layer),OBC-A (Non-Creamy Layer),93183,93183,1
2024,2,BANKURA SAMMILANI MEDICAL COLLEGE,M.D. (OBST. AND GYNAE)/MS (OBSTETRICS AND GYNAECOLOGY),In-Service,SC,UR,93469,93469,1
2024,2,ICARE INSTITUTE OF MEDICAL SCIENCES AND RESEARCH HALDIA,M.S. (ORTHOPAEDICS),State Quota,ST,ST,93545,93545,1
2024,2,BANKURA SAMMILANI MEDICAL COLLEGE,M.S. (E.N.T.),State Quota,ST,ST,94195,94195,1
2024,2,NIL RATAN SIRCAR MEDICAL COLLEGE,M.D. (BIOCHEMISTRY),State Quota,SC,SC,94196,94196,1
2024,2,KPC MEDICAL COLLEGE,"M.D. (DERM.,VENE. AND LEPROSY)/ (DERMATOLOGY)/ (SKIN AND VENEREAL DISEASES)/ (VENEREOLOGY)",NRI Quota,General,UR,94306,94306,1
2024,2,DR. B C ROY POST GRADUATE INSTITUTE OF PAEDIATRIC SCIENCES,M.D. (PAEDIATRICS),In-Service,SC,UR,94347,94347,1
2024,2,NIL RATAN SIRCAR MEDICAL COLLEGE,M.D. (OBST. AND GYNAE)/MS (OBSTETRICS AND GYNAECOLOGY),In-Service,General,UR,94498,94498,1
2024,2,BURDWAN MEDICAL COLLEGE,M.D. (TUBERCULOSIS AND RESPIRATORY DISEASES)/PULMONA RY MEDICINE /M.D. (RESPIRATORY MEDICINE),In-Service,General,UR,94512,94512,1
2024,2,"IQ CITY MEDICAL COLLEGE, DURGAPUR",M.S. (E.N.T.),Private Management Quota,General,UR,94656,94656,1
2024,2,INSTITUTE OF POST GRADUATE MEDICAL EDUCATION AND RESEARCH KOLKATA,M.D. (RADIOTHERAPY/ RADIATION ONCOLOGY),State Quota,ST,ST,95186,95186,1
2024,2,R G KAR MEDICAL COLLEGE,M.D. (ANAESTHESIOLOGY),In-Service,General,UR,95211,95211,1
2024,2,GOURI DEVI INSTITUTE OF MEDICAL SCIENCES AND HOSPITAL,M.S. (E.N.T.),Private Management Quota,General,UR,95232,95232,1
2024,2,R G KAR MEDICAL COLLEGE,M.D. (OBST. AND GYNAE)/MS (OBSTETRICS AND GYNAECOLOGY),In-Service,OBC-A (Non-Creamy Layer),UR,95605,95605,1
2024,2,NIL RATAN SIRCAR MEDICAL COLLEGE,M.S. (E.N.T.),In-Service,General,UR,95803,95803,1
2024,2,COLLEGE OF MEDICINE AND SAGORE DUTTA HOSPITAL,M.D. (PAEDIATRICS),In-Service,OBC-A (Non-Creamy Layer),UR,95861,95861,1
2024,2,R G KAR MEDICAL COLLEGE,M.D. (PSYCHIATRY),In-Service,General,UR,95968,95968,1
2024,2,IMAMBARA DISTRICT HOSPITAL,(NBEMS) OBSTETRICS AND GYNAECOLOGY,In-Service DNB,SC,UR,96479,96479,1
2024,2,R G KAR MEDICAL COLLEGE,M.D. (OBST. AND GYNAE)/MS (OBSTETRICS AND GYNAECOLOGY),In-Service,OBC-A (Non-Creamy Layer),OBC-A (Non-Creamy Layer),96712,96712,1
2024,2,DIAMOND HARBOUR GOVERNMENT MEDICAL COLLEGE AND HOSPITAL,(NBEMS) OBSTETRICS AND GYNAECOLOGY,In-Service DNB,General,UR,96971,96971,1
2024,2,"IQ CITY MEDICAL COLLEGE, DURGAPUR",M.D. (ANAESTHESIOLOGY),Private Management Quota,OBC (Non-Creamy Layer),UR,87767,98156,2
2024,2,MEDICAL COLLEGE KOLKATA,M.S. (GENERAL SURGERY),In-Service,General,UR,98267,98267,1
2024,2,"RAMAKRISHNA MISSION SEVA PRATISHTHAN VIVEKANANDA INSTITUTE OF MEDICAL SCIENCES, KOLKATA",M.D. (PAEDIATRICS),In-Service,SC,UR,98328,98328,1
2024,2,GOURI DEVI INSTITUTE OF MEDICAL SCIENCES AND HOSPITAL,M.D. (PATHOLOGY),Private Management Quota,General,UR,98451,98451,1
2024,2,CALCUTTA NATIONAL MEDICAL COLLEGE KOLKATA,M.S. (GENERAL SURGERY),In-Service,OBC-A (Non-Creamy Layer),UR,98644,98644,1
2024,2,DR. B C ROY POST GRADUATE INSTITUTE OF PAEDIATRIC SCIENCES,(NBEMS) PAEDIATRIC SURGERY (DIRECT 6 YEARS COURSE),In-Service DNB,SC,UR,99037,99037,1
2024,2,BANKURA SAMMILANI MEDICAL COLLEGE,M.D. (BIOCHEMISTRY),State Quota,General,UR,99040,99040,1
2024,2,BURDWAN MEDICAL COLLEGE,M.D. (OBST. AND GYNAE)/MS (OBSTETRICS AND GYNAECOLOGY),In-Service,General,UR,99079,99079,1
2024,2,CALCUTTA NATIONAL MEDICAL COLLEGE KOLKATA,M.D. (OBST. AND GYNAE)/MS (OBSTETRICS AND GYNAECOLOGY),In-Service,General,UR,99097,99097,1
2024,2,JAGANNATH GUPTA INSTITUTE OF MEDICAL SCIENCES AND HOSPITAL,M.D. (ANAESTHESIOLOGY),Private Management Quota,SC,UR,99648,99648,1
2024,2,GOURI DEVI INSTITUTE OF MEDICAL SCIENCES AND HOSPITAL,MD/MS (ANATOMY),State Quota,General,UR,99813,99813,1
2024,2,BURDWAN MEDICAL COLLEGE,M.D. (BIOCHEMISTRY),State Quota,SC,SC,99940,99940,1
2024,2,MEDICAL COLLEGE KOLKATA,M.S. (OPHTHALMOLOGY),In-Service,OBC-A (Non-Creamy Layer),UR,100117,100117,1
2024,2,R G KAR MEDICAL COLLEGE,M.S. (GENERAL SURGERY),In-Service,OBC-A (Non-Creamy Layer),UR,100710,100710,1
2024,2,INSTITUTE OF POST GRADUATE MEDICAL EDUCATION AND RESEARCH KOLKATA,M.D. (PHYSICAL MED. AND REHABILITATION),In-Service,General,UR,101091,101091,1
2024,2,INSTITUTE OF POST GRADUATE MEDICAL EDUCATION AND RESEARCH KOLKATA,M.D. (PSYCHIATRY),In-Service,SC,SC,101647,101647,1
2024,2,BURDWAN MEDICAL COLLEGE,M.D. (PHYSIOLOGY),State Quota,General,UR,102304,102304,1
2024,2,JAGANNATH GUPTA INSTITUTE OF MEDICAL SCIENCES AND HOSPITAL,M.D. (ANAESTHESIOLOGY),Private Management Quota,General,UR,102507,102507,1
2024,2,BURDWAN MEDICAL COLLEGE,M.S. (GENERAL SURGERY),In-Service,General,UR,102630,102630,1
2024,2,DISTRICT HOSPITAL NADIA,(NBEMS) OBSTETRICS AND GYNAECOLOGY,In-Service DNB,General,UR,102641,102641,1
2024,2,ICARE INSTITUTE OF MEDICAL SCIENCES AND RESEARCH HALDIA,M.D. (PATHOLOGY),Private Management Quota,General,UR,103107,103107,1
2024,2,"IQ CITY MEDICAL COLLEGE, DURGAPUR",M.S. (OPHTHALMOLOGY),State Quota,OBC-A (Non-Creamy Layer),OBC-A (Non-Creamy Layer),103243,103243,1
2024,2,ICARE INSTITUTE OF MEDICAL SCIENCES AND RESEARCH HALDIA,M.D. (MICROBIOLOGY),State Quota,General,UR,103382,103382,1
2024,2,GOURI DEVI INSTITUTE OF MEDICAL SCIENCES AND HOSPITAL,M.D. (ANAESTHESIOLOGY),Private Management Quota,OBC (Non-Creamy Layer),UR,103779,103779,1
2024,2,MURSHIDABAD MEDICAL COLLEGE AND HOSPITAL,M.S. (GENERAL SURGERY),In-Service,OBC-A (Non-Creamy Layer),OBC-A (Non-Creamy Layer),103796,103796,1
2024,2,CALCUTTA NATIONAL MEDICAL COLLEGE KOLKATA,M.D. (PREVENTIVE AND SOCIAL MEDICINE)/ COMMUNITY MEDICINE,In-Service,General,UR,104236,104236,1
2024,2,"CHITTARANJAN SEVA SADAN COLLEGE OF OBS. GYNAE AND CHILD HEALTH,KOLKATA",M.D. (OBST. AND GYNAE)/MS (OBSTETRICS AND GYNAECOLOGY),In-Service,General,UR,104463,104463,1
2024,2,BURDWAN MEDICAL COLLEGE,M.D. (MICROBIOLOGY),State Quota,SC,SC,104593,104593,1
2024,2,"RAMAKRISHNA MISSION SEVA PRATISHTHAN VIVEKANANDA INSTITUTE OF MEDICAL SCIENCES, KOLKATA",M.D. (OBST. AND GYNAE)/MS (OBSTETRICS AND GYNAECOLOGY),In-Service,General,UR,104899,104899,1
2024,2,MEDICAL COLLEGE KOLKATA,DIPLOMA IN OPHTHALMOLOGY/DO MS,State Quota,OBC-B (Non-Creamy Layer),OBC-B (Non-Creamy Layer),105034,105034,1
2024,2,KPC MEDICAL COLLEGE,M.D. (RADIO- DIAGNOSIS),NRI Quota,General,UR,70336,105305,2
2024,2,CALCUTTA NATIONAL MEDICAL COLLEGE KOLKATA,M.D. (OBST. AND GYNAE)/MS (OBSTETRICS AND GYNAECOLOGY),In-Service,OBC-A (Non-Creamy Layer),OBC-A (Non-Creamy Layer),105524,105524,1
2024,2,INSTITUTE OF POST GRADUATE MEDICAL EDUCATION AND RESEARCH KOLKATA,M.S. (OPHTHALMOLOGY),In-Service,General,UR,105848,105848,1
2024,2,DISTRICT HOSPITAL HOWRAH,(NBEMS) PAEDIATRICS,In-Service DNB,OBC-A (Non-Creamy Layer),OBC-A (Non-Creamy Layer),106011,106011,1
2024,2,INSTITUTE OF POST GRADUATE MEDICAL EDUCATION AND RESEARCH KOLKATA,M.S. (GENERAL SURGERY),In-Service,SC,SC,106046,106046,1
2024,2,GOURI DEVI INSTITUTE OF MEDICAL SCIENCES AND HOSPITAL,M.D. (RADIO- DIAGNOSIS),NRI Quota,OBC (Non-Creamy Layer),UR,106228,106228,1
2024,2,MIDNAPORE MEDICAL COLLEGE,M.D. (PAEDIATRICS),In-Service,SC,SC,106581,106581,1
2024,2,KPC MEDICAL COLLEGE,M.D. (GENERAL MEDICINE),NRI Quota,General,UR,66652,106904,2
2024,2,R G KAR MEDICAL COLLEGE,M.D. (PHYSIOLOGY),State Quota,General,UR,107099,107099,1
2024,2,NIL RATAN SIRCAR MEDICAL COLLEGE,M.D. (ANAESTHESIOLOGY),State Quota,ST,ST,107243,107243,1
2024,2,BURDWAN MEDICAL COLLEGE,M.D. (OBST. AND GYNAE)/MS (OBSTETRICS AND GYNAECOLOGY),In-Service,OBC-B (Non-Creamy Layer),OBC-B (Non-Creamy Layer),107475,107475,1
2024,2,MEDICAL COLLEGE KOLKATA,M.D. (RADIOTHERAPY/ RADIATION ONCOLOGY),In-Service,General,UR,107735,107735,1
2024,2,CALCUTTA NATIONAL MEDICAL COLLEGE KOLKATA,M.S. (OPHTHALMOLOGY),State Quota,ST,ST,108464,108464,1
2024,2,BANKURA SAMMILANI MEDICAL COLLEGE,M.D. (PAEDIATRICS),In-Service,SC,SC,108803,108803,1
2024,2,"SCHOOL OF TROPICAL MEDICINE, KOLKATA",M.D. (MICROBIOLOGY),State Quota,OBC-A (Non-Creamy Layer),OBC-A (Non-Creamy Layer),110045,110045,1
2024,2,ICARE INSTITUTE OF MEDICAL SCIENCES AND RESEARCH HALDIA,M.D. (PATHOLOGY),State Quota,SC,SC,110337,110337,1
2024,2,INSTITUTE OF POST GRADUATE MEDICAL EDUCATION AND RESEARCH KOLKATA,M.D. (PATHOLOGY),In-Service,SC,SC,110915,110915,1
2024,2,BURDWAN MEDICAL COLLEGE,M.D. (OBST. AND GYNAE)/MS (OBSTETRICS AND GYNAECOLOGY),In-Service,SC,SC,113648,113648,1
2024,2,INSTITUTE OF POST GRADUATE MEDICAL EDUCATION AND RESEARCH KOLKATA,M.D. (EMERGENCY AND CRITICAL CARE)/M.D. (EMERGENCY MEDICINE),In-Service,SC,SC,114283,114283,1
2024,2,NIL RATAN SIRCAR MEDICAL COLLEGE,M.D. (OBST. AND GYNAE)/MS (OBSTETRICS AND GYNAECOLOGY),In-Service,SC,SC,114336,114336,1
2024,2,ASANSOL DISTRICT HOSPITAL,(NBEMS) GENERAL MEDICINE,In-Service DNB,SC,SC,114448,114448,1
2024,2,CALCUTTA NATIONAL MEDICAL COLLEGE KOLKATA,M.D. (ANAESTHESIOLOGY),State Quota,ST,ST,115056,115056,1
2024,2,M R BANGUR HOSPITAL,(NBEMS) OBSTETRICS AND GYNAECOLOGY,In-Service DNB,SC,SC,116001,116001,1
2024,2,BANKURA SAMMILANI MEDICAL COLLEGE,M.D. (OBST. AND GYNAE)/MS (OBSTETRICS AND GYNAECOLOGY),In-Service,SC,SC,120316,120316,1
2024,2,"CHITTARANJAN SEVA SADAN COLLEGE OF OBS. GYNAE AND CHILD HEALTH,KOLKATA",M.D. (PAEDIATRICS),In-Service,ST,ST,120484,120484,1
2024,2,BANKURA SAMMILANI MEDICAL COLLEGE,M.S. (GENERAL SURGERY),In-Service,SC,SC,120571,120571,1
2024,2,COLLEGE OF MEDICINE AND SAGORE DUTTA HOSPITAL,M.D. (OBST. AND GYNAE)/MS (OBSTETRICS AND GYNAECOLOGY),In-Service,SC,SC,120837,120837,1
2024,2,MURSHIDABAD MEDICAL COLLEGE AND HOSPITAL,M.D. (ANAESTHESIOLOGY),In-Service,OBC-A (Non-Creamy Layer),OBC-A (Non-Creamy Layer),121008,121008,1
2024,2,"RAMAKRISHNA MISSION SEVA PRATISHTHAN VIVEKANANDA INSTITUTE OF MEDICAL SCIENCES, KOLKATA",M.D. (OBST. AND GYNAE)/MS (OBSTETRICS AND GYNAECOLOGY),In-Service,SC,SC,122300,122300,1
2024,2,SILIGURI DISTRICT HOSPITAL,(NBEMS) OBSTETRICS AND GYNAECOLOGY,In-Service DNB,OBC-A (Non-Creamy Layer),OBC-A (Non-Creamy Layer),122497,122497,1
2024,2,BURDWAN MEDICAL COLLEGE,M.S. (GENERAL SURGERY),In-Service,OBC-B (Non-Creamy Layer),OBC-B (Non-Creamy Layer),123250,123250,1
2024,2,NIL RATAN SIRCAR MEDICAL COLLEGE,M.D. (FORENSIC MEDICINE),State Quota,SC,SC,125356,125356,1
2024,2,ALL INDIA INSTITUTE OF HYGIENE AND PUBLIC HEALTH,M.D. (PREVENTIVE AND SOCIAL MEDICINE)/ COMMUNITY MEDICINE,In-Service,SC,SC,125381,125381,1
2024,2,BANKURA SAMMILANI MEDICAL COLLEGE,M.D. (PHYSIOLOGY),State Quota,SC,SC,125603,125603,1
2024,2,INSTITUTE OF POST GRADUATE MEDICAL EDUCATION AND RESEARCH KOLKATA,M.D. (PATHOLOGY),State Quota,ST,ST,125728,125728,1
2024,2,NIL RATAN SIRCAR MEDICAL COLLEGE,M.D. (ANAESTHESIOLOGY),In-Service,OBC-B (Non-Creamy Layer),OBC-B (Non-Creamy Layer),125888,125888,1
2024,2,R G KAR MEDICAL COLLEGE,M.D. (FORENSIC MEDICINE),State Quota,OBC-B (Non-Creamy Layer),OBC-B (Non-Creamy Layer),126762,126762,1
2024,2,R G KAR MEDICAL COLLEGE,M.S. (ORTHOPAEDICS),In-Service,ST,ST,126815,126815,1
2024,2,MEDICAL COLLEGE KOLKATA,DIPLOMA IN ORTHOPAEDICS,In-Service,SC,SC,127953,127953,1
2024,2,NORTH BENGAL MEDICAL COLLEGE AND HOSPITAL,M.D. (PAEDIATRICS),In-Service,ST,ST,128798,128798,1
2024,3,INSTITUTE OF POST GRADUATE MEDICAL EDUCATION AND RESEARCH KOLKATA,M.D. (RADIO- DIAGNOSIS),State Quota,General,UR,152,198,2
2024,3,INSTITUTE OF POST GRADUATE MEDICAL EDUCATION AND RESEARCH KOLKATA,M.D. (GENERAL MEDICINE),State Quota,General,UR,241,277,2
2024,3,MEDICAL COLLEGE KOLKATA,M.D. (GENERAL MEDICINE),State Quota,General,UR,360,544,3
2024,3,INSTITUTE OF POST GRADUATE MEDICAL EDUCATION AND RESEARCH KOLKATA,M.D. (GENERAL MEDICINE),State Quota,OBC-A (Non-Creamy Layer),OBC-A (Non-Creamy Layer),771,771,1
2024,3,ESI PGIMSR AND ESIC MEDICAL COLLEGE JOKA KOLKATA,M.D. (GENERAL MEDICINE),State Quota,General,UR,1026,1026,1
2024,3,INSTITUTE OF POST GRADUATE MEDICAL EDUCATION AND RESEARCH KOLKATA,M.D. (PSYCHIATRY),State Quota,General,UR,1344,1344,1
2024,3,CALCUTTA NATIONAL MEDICAL COLLEGE KOLKATA,M.D. (GENERAL MEDICINE),State Quota,General,UR,1367,1367,1
2024,3,"RAMAKRISHNA MISSION SEVA PRATISHTHAN VIVEKANANDA INSTITUTE OF MEDICAL SCIENCES, KOLKATA",M.D. (GENERAL MEDICINE),State Quota,General,UR,1425,1425,1
2024,3,MEDICAL COLLEGE KOLKATA,"M.D. (DERM.,VENE. AND LEPROSY)/ (DERMATOLOGY)/ (SKIN AND VENEREAL DISEASES)/ (VENEREOLOGY)",State Quota,General,UR,1466,1466,1
2024,3,R G KAR MEDICAL COLLEGE,M.D. (GENERAL MEDICINE),State Quota,General,UR,620,1499,2
2024,3,MEDICAL COLLEGE KOLKATA,M.D. (GENERAL MEDICINE),State Quota,EWS,EWS,1807,1807,1
2024,3,CALCUTTA NATIONAL MEDICAL COLLEGE KOLKATA,"M.D. (DERM.,VENE. AND LEPROSY)/ (DERMATOLOGY)/ (SKIN AND VENEREAL DISEASES)/ (VENEREOLOGY)",State Quota,General,UR,1944,1944,1
2024,3,BURDWAN MEDICAL COLLEGE,M.D. (GENERAL MEDICINE),State Quota,General,UR,1866,2087,2
2024,3,NIL RATAN SIRCAR MEDICAL COLLEGE,M.D. (RADIO- DIAGNOSIS),State Quota,General,UR,1093,2212,2
2024,3,MEDICAL COLLEGE KOLKATA,M.D. (GENERAL MEDICINE),State Quota,OBC-A (Non-Creamy Layer),OBC-A (Non-Creamy Layer),2517,2517,1
2024,3,INSTITUTE OF POST GRADUATE MEDICAL EDUCATION AND RESEARCH KOLKATA,"M.D. (DERM.,VENE. AND LEPROSY)/ (DERMATOLOGY)/ (SKIN AND VENEREAL DISEASES)/ (VENEREOLOGY)",State Quota,General,UR,2526,2526,1
2024,3,INSTITUTE OF POST GRADUATE MEDICAL EDUCATION AND RESEARCH KOLKATA,M.D. (RADIO- DIAGNOSIS),State Quota,OBC-B (Non-Creamy Layer),OBC-B (Non-Creamy Layer),2816,2816,1
2024,3,R G KAR MEDICAL COLLEGE,"M.D. (DERM.,VENE. AND LEPROSY)/ (DERMATOLOGY)/ (SKIN AND VENEREAL DISEASES)/ (VENEREOLOGY)",State Quota,General,UR,2834,2834,1
2024,3,NORTH BENGAL MEDICAL COLLEGE AND HOSPITAL,M.D. (RADIO- DIAGNOSIS),State Quota,OBC-A (Non-Creamy Layer),UR,2928,2928,1
2024,3,INSTITUTE OF POST GRADUATE MEDICAL EDUCATION AND RESEARCH KOLKATA,M.D. (OBST. AND GYNAE)/MS (OBSTETRICS AND GYNAECOLOGY),State Quota,OBC-A (Non-Creamy Layer),UR,3150,3150,1
2024,3,BURDWAN MEDICAL COLLEGE,"M.D. (DERM.,VENE. AND LEPROSY)/ (DERMATOLOGY)/ (SKIN AND VENEREAL DISEASES)/ (VENEREOLOGY)",State Quota,General,UR,3185,3185,1
2024,3,BANKURA SAMMILANI MEDICAL COLLEGE,M.D. (RADIO- DIAGNOSIS),State Quota,General,UR,3500,3500,1
2024,3,BANKURA SAMMILANI MEDICAL COLLEGE,M.D. (GENERAL MEDICINE),State Quota,General,UR,3734,3734,1
2024,3,"COMMAND HOSPITAL EC, ALIPORE, KOLKATA",M.D. (RADIO- DIAGNOSIS),State Quota,OBC-A (Non-Creamy Layer),OBC (Non-Creamy Layer),4104,4104,1
2024,3,COLLEGE OF MEDICINE AND SAGORE DUTTA HOSPITAL,M.D. (GENERAL MEDICINE),State Quota,General,UR,4113,4113,1
2024,3,MIDNAPORE MEDICAL COLLEGE,M.D. (GENERAL MEDICINE),State Quota,General,UR,2895,4330,2
2024,3,INSTITUTE OF POST GRADUATE MEDICAL EDUCATION AND RESEARCH KOLKATA,M.D. (RADIO- DIAGNOSIS),In-Service,General,UR,4405,4405,1
2024,3,NORTH BENGAL MEDICAL COLLEGE AND HOSPITAL,M.D. (GENERAL MEDICINE),State Quota,General,UR,4445,4445,1
2024,3,BURDWAN MEDICAL COLLEGE,M.D. (GENERAL MEDICINE),State Quota,OBC-A (Non-Creamy Layer),OBC-A (Non-Creamy Layer),4556,4556,1
2024,3,MEDICAL COLLEGE KOLKATA,M.S. (GENERAL SURGERY),State Quota,General,UR,2163,4735,3
2024,3,NORTH BENGAL MEDICAL COLLEGE AND HOSPITAL,M.D. (GENERAL MEDICINE),State Quota,EWS,UR,5031,5031,1
2024,3,MEDICAL COLLEGE KOLKATA,M.D. (RADIO- DIAGNOSIS),State Quota,EWS,EWS,5078,5078,1
2024,3,KPC MEDICAL COLLEGE,M.D. (RADIO- DIAGNOSIS),Private Management Quota,General,UR,5142,5142,1
2024,3,NIL RATAN SIRCAR MEDICAL COLLEGE,M.D. (RADIO- DIAGNOSIS),State Quota,SC,SC,5290,5290,1
2024,3,INSTITUTE OF POST GRADUATE MEDICAL EDUCATION AND RESEARCH KOLKATA,M.D. (RADIO- DIAGNOSIS),State Quota,SC,SC,5352,5352,1
2024,3,MEDICAL COLLEGE KOLKATA,M.D. (OBST. AND GYNAE)/MS (OBSTETRICS AND GYNAECOLOGY),State Quota,General,UR,4542,5365,4
2024,3,MEDICAL COLLEGE KOLKATA,M.D. (PAEDIATRICS),State Quota,General,UR,2308,5558,4
2024,3,INSTITUTE OF POST GRADUATE MEDICAL EDUCATION AND RESEARCH KOLKATA,M.D. (PAEDIATRICS),State Quota,General,UR,5607,5607,1
2024,3,ESI PGIMSR AND ESIC MEDICAL COLLEGE JOKA KOLKATA,M.D. (PAEDIATRICS),State Quota,General,UR,5846,5846,1
2024,3,MEDICAL COLLEGE KOLKATA,M.D. (GENERAL MEDICINE),State Quota,SC,SC,5040,5870,2
2024,3,KPC MEDICAL COLLEGE,M.D. (GENERAL MEDICINE),State Quota,General,UR,5873,5873,1
2024,3,NIL RATAN SIRCAR MEDICAL COLLEGE,M.D. (RADIO- DIAGNOSIS),In-Service,General,UR,6187,6187,1
2024,3,BURDWAN MEDICAL COLLEGE,M.S. (ORTHOPAEDICS),State Quota,General,UR,6207,6207,1
2024,3,NORTH BENGAL MEDICAL COLLEGE AND HOSPITAL,M.D. (GENERAL MEDICINE),State Quota,OBC-A (Non-Creamy Layer),OBC-A (Non-Creamy Layer),6216,6216,1
2024,3,INSTITUTE OF POST GRADUATE MEDICAL EDUCATION AND RESEARCH KOLKATA,M.S. (GENERAL SURGERY),State Quota,General,UR,1664,7132,3
2024,3,CALCUTTA NATIONAL MEDICAL COLLEGE KOLKATA,M.D. (GENERAL MEDICINE),State Quota,OBC-B (Non-Creamy Layer),OBC-B (Non-Creamy Layer),7175,7175,1
2024,3,CALCUTTA NATIONAL MEDICAL COLLEGE KOLKATA,M.D. (PSYCHIATRY),State Quota,General,UR,7188,7188,1
2024,3,NIL RATAN SIRCAR MEDICAL COLLEGE,M.D. (OBST. AND GYNAE)/MS (OBSTETRICS AND GYNAECOLOGY),State Quota,General,UR,4250,7260,3
2024,3,R G KAR MEDICAL COLLEGE,M.D. (PAEDIATRICS),State Quota,General,UR,7413,7413,1
2024,3,INSTITUTE OF POST GRADUATE MEDICAL EDUCATION AND RESEARCH KOLKATA,M.S. (ORTHOPAEDICS),State Quota,General,UR,7427,7427,1
2024,3,NIL RATAN SIRCAR MEDICAL COLLEGE,M.S. (GENERAL SURGERY),State Quota,General,UR,4520,7510,3
2024,3,NIL RATAN SIRCAR MEDICAL COLLEGE,M.D. (TUBERCULOSIS AND RESPIRATORY DISEASES)/PULMONA RY MEDICINE /M.D. (RESPIRATORY MEDICINE),State Quota,General,UR,7745,7745,1
2024,3,NIL RATAN SIRCAR MEDICAL COLLEGE,M.D. (PAEDIATRICS),State Quota,General,UR,5518,7832,2
2024,3,CALCUTTA NATIONAL MEDICAL COLLEGE KOLKATA,M.D. (PAEDIATRICS),State Quota,General,UR,7888,7888,1
2024,3,"RAMAKRISHNA MISSION SEVA PRATISHTHAN VIVEKANANDA INSTITUTE OF MEDICAL SCIENCES, KOLKATA",M.D. (GENERAL MEDICINE),State Quota,EWS,EWS,8606,8606,1
2024,3,INSTITUTE OF POST GRADUATE MEDICAL EDUCATION AND RESEARCH KOLKATA,M.D. (TUBERCULOSIS AND RESPIRATORY DISEASES)/PULMONA RY MEDICINE /M.D. (RESPIRATORY MEDICINE),State Quota,SC,SC,8677,8677,1
2024,3,R G KAR MEDICAL COLLEGE,M.D. (OBST. AND GYNAE)/MS (OBSTETRICS AND GYNAECOLOGY),State Quota,General,UR,5227,8879,4
2024,3,INSTITUTE OF CHILD HEALTH,M.D. (PAEDIATRICS),State Quota,General,UR,6257,8989,2
2024,3,DR. B C ROY POST GRADUATE INSTITUTE OF PAEDIATRIC SCIENCES,M.D. (PAEDIATRICS),State Quota,General,UR,9000,9000,1
2024,3,"RAMAKRISHNA MISSION SEVA PRATISHTHAN VIVEKANANDA INSTITUTE OF MEDICAL SCIENCES, KOLKATA",M.D. (RADIO- DIAGNOSIS),State Quota,OBC-B (Non-Creamy Layer),OBC-B (Non-Creamy Layer),9141,9141,1
2024,3,R G KAR MEDICAL COLLEGE,M.S. (GENERAL SURGERY),State Quota,General,UR,9469,9469,1
2024,3,"CHITTARANJAN SEVA SADAN COLLEGE OF OBS. GYNAE AND CHILD HEALTH,KOLKATA",M.D. (OBST. AND GYNAE)/MS (OBSTETRICS AND GYNAECOLOGY),State Quota,General,UR,7011,9485,3
2024,3,CALCUTTA NATIONAL MEDICAL COLLEGE KOLKATA,M.S. (GENERAL SURGERY),State Quota,General,UR,9509,9657,2
2024,3,"CHITTARANJAN SEVA SADAN COLLEGE OF OBS. GYNAE AND CHILD HEALTH,KOLKATA",M.D. (PAEDIATRICS),State Quota,General,UR,9446,9925,2
2024,3,BANKURA SAMMILANI MEDICAL COLLEGE,M.D. (OBST. AND GYNAE)/MS (OBSTETRICS AND GYNAECOLOGY),State Quota,General,UR,9945,9945,1
2024,3,R G KAR MEDICAL COLLEGE,M.D. (GENERAL MEDICINE),State Quota,SC,SC,9963,9963,1
2024,3,R G KAR MEDICAL COLLEGE,M.S. (ORTHOPAEDICS),State Quota,General,UR,7692,10226,2
2024,3,MEDICAL COLLEGE KOLKATA,M.D. (PSYCHIATRY),State Quota,General,UR,10231,10231,1
2024,3,NORTH BENGAL MEDICAL COLLEGE AND HOSPITAL,M.D. (GENERAL MEDICINE),State Quota,OBC-B (Non-Creamy Layer),OBC-B (Non-Creamy Layer),10280,10280,1
2024,3,MEDICAL COLLEGE KOLKATA,"M.D. (DERM.,VENE. AND LEPROSY)/ (DERMATOLOGY)/ (SKIN AND VENEREAL DISEASES)/ (VENEREOLOGY)",State Quota,SC,SC,10354,10354,1
2024,3,MEDICAL COLLEGE KOLKATA,M.D. (TUBERCULOSIS AND RESPIRATORY DISEASES)/PULMONA RY MEDICINE /M.D. (RESPIRATORY MEDICINE),State Quota,EWS,UR,10450,10450,1
2024,3,NORTH BENGAL MEDICAL COLLEGE AND HOSPITAL,M.D. (OBST. AND GYNAE)/MS (OBSTETRICS AND GYNAECOLOGY),State Quota,General,UR,10485,10485,1
2024,3,CALCUTTA NATIONAL MEDICAL COLLEGE KOLKATA,M.D. (GENERAL MEDICINE),State Quota,SC,SC,10550,10550,1
2024,3,R G KAR MEDICAL COLLEGE,M.D. (TUBERCULOSIS AND RESPIRATORY DISEASES)/PULMONA RY MEDICINE /M.D. (RESPIRATORY MEDICINE),State Quota,General,UR,10603,10603,1
2024,3,CALCUTTA NATIONAL MEDICAL COLLEGE KOLKATA,M.D. (TUBERCULOSIS AND RESPIRATORY DISEASES)/PULMONA RY MEDICINE /M.D. (RESPIRATORY MEDICINE),State Quota,EWS,EWS,10833,10833,1
2024,3,INSTITUTE OF CHILD HEALTH,M.D. (PAEDIATRICS),State Quota,SC,SC,10844,10844,1
2024,3,CALCUTTA NATIONAL MEDICAL COLLEGE KOLKATA,M.S. (ORTHOPAEDICS),State Quota,SC,UR,10894,10894,1
2024,3,"RAMAKRISHNA MISSION SEVA PRATISHTHAN VIVEKANANDA INSTITUTE OF MEDICAL SCIENCES, KOLKATA",M.D. (PAEDIATRICS),State Quota,General,UR,11060,11060,1
2024,3,CALCUTTA NATIONAL MEDICAL COLLEGE KOLKATA,M.S. (ORTHOPAEDICS),State Quota,General,UR,11537,11537,1
2024,3,BURDWAN MEDICAL COLLEGE,M.D. (TUBERCULOSIS AND RESPIRATORY DISEASES)/PULMONA RY MEDICINE /M.D. (RESPIRATORY MEDICINE),State Quota,General,UR,11642,11642,1
2024,3,BURDWAN MEDICAL COLLEGE,M.S. (GENERAL SURGERY),State Quota,General,UR,11286,11732,2
2024,3,"RAMAKRISHNA MISSION SEVA PRATISHTHAN VIVEKANANDA INSTITUTE OF MEDICAL SCIENCES, KOLKATA",M.D. (OBST. AND GYNAE)/MS (OBSTETRICS AND GYNAECOLOGY),State Quota,General,UR,10168,12033,2
2024,3,ICARE INSTITUTE OF MEDICAL SCIENCES AND RESEARCH HALDIA,M.D. (PAEDIATRICS),Private Management Quota,OBC (Non-Creamy Layer),UR,12879,12879,1
2024,3,NIL RATAN SIRCAR MEDICAL COLLEGE,M.D. (OBST. AND GYNAE)/MS (OBSTETRICS AND GYNAECOLOGY),State Quota,SC,SC,12940,12940,1
2024,3,INSTITUTE OF POST GRADUATE MEDICAL EDUCATION AND RESEARCH KOLKATA,M.S. (ORTHOPAEDICS),State Quota,OBC-A (Non-Creamy Layer),OBC-A (Non-Creamy Layer),13039,13039,1
2024,3,ESI PGIMSR AND ESIC MEDICAL COLLEGE JOKA KOLKATA,M.S. (GENERAL SURGERY),State Quota,OBC-A (Non-Creamy Layer),OBC (Non-Creamy Layer),13537,13537,1
2024,3,BURDWAN MEDICAL COLLEGE,M.D. (PAEDIATRICS),State Quota,General,UR,13604,13604,1
2024,3,BANKURA SAMMILANI MEDICAL COLLEGE,M.S. (GENERAL SURGERY),State Quota,General,UR,12746,13758,2
2024,3,MIDNAPORE MEDICAL COLLEGE,M.D. (PAEDIATRICS),State Quota,General,UR,13860,13860,1
2024,3,ICARE INSTITUTE OF MEDICAL SCIENCES AND RESEARCH HALDIA,M.D. (PAEDIATRICS),Private Management Quota,General,UR,13975,13975,1
2024,3,BANKURA SAMMILANI MEDICAL COLLEGE,M.D. (PAEDIATRICS),State Quota,General,UR,14110,14110,1
2024,3,"RAMAKRISHNA MISSION SEVA PRATISHTHAN VIVEKANANDA INSTITUTE OF MEDICAL SCIENCES, KOLKATA",M.S. (ORTHOPAEDICS),State Quota,General,UR,14165,14165,1
2024,3,MEDICAL COLLEGE KOLKATA,M.D. GERIATRICS,State Quota,General,UR,14349,14349,1
2024,3,INSTITUTE OF POST GRADUATE MEDICAL EDUCATION AND RESEARCH KOLKATA,M.D. (TUBERCULOSIS AND RESPIRATORY DISEASES)/PULMONA RY MEDICINE /M.D. (RESPIRATORY MEDICINE),State Quota,OBC-B (Non-Creamy Layer),OBC-B (Non-Creamy Layer),14442,14442,1
2024,3,NORTH BENGAL MEDICAL COLLEGE AND HOSPITAL,M.S. (GENERAL SURGERY),State Quota,General,UR,14627,14627,1
2024,3,SHRI RAMKRISHNA INSTITUTE OF MEDICAL SCIENCES & SANAKA HOSPITALS,M.D. (RADIO- DIAGNOSIS),State Quota,General,UR,14897,14897,1
2024,3,MURSHIDABAD MEDICAL COLLEGE AND HOSPITAL,M.S. (ORTHOPAEDICS),State Quota,General,UR,14906,14906,1
2024,3,R G KAR MEDICAL COLLEGE,M.D. (PSYCHIATRY),State Quota,General,UR,14910,14910,1
2024,3,"RAMAKRISHNA MISSION SEVA PRATISHTHAN VIVEKANANDA INSTITUTE OF MEDICAL SCIENCES, KOLKATA",M.S. (GENERAL SURGERY),State Quota,General,UR,12916,14983,2
2024,3,BANKURA SAMMILANI MEDICAL COLLEGE,M.D. (RADIO- DIAGNOSIS),State Quota,EWS,EWS,15014,15014,1
2024,3,MEDICAL COLLEGE KOLKATA,M.D. (PAEDIATRICS),State Quota,EWS,EWS,15034,15034,1
2024,3,COLLEGE OF MEDICINE AND SAGORE DUTTA HOSPITAL,M.D. (OBST. AND GYNAE)/MS (OBSTETRICS AND GYNAECOLOGY),State Quota,General,UR,15109,15109,1
2024,3,INSTITUTE OF POST GRADUATE MEDICAL EDUCATION AND RESEARCH KOLKATA,M.D. (EMERGENCY AND CRITICAL CARE)/M.D. (EMERGENCY MEDICINE),State Quota,General,UR,15120,15120,1
2024,3,INSTITUTE OF POST GRADUATE MEDICAL EDUCATION AND RESEARCH KOLKATA,M.D. (GENERAL MEDICINE),State Quota,ST,ST,15126,15126,1
2024,3,R G KAR MEDICAL COLLEGE,M.S. (GENERAL SURGERY),State Quota,EWS,EWS,15157,15157,1
2024,3,MIDNAPORE MEDICAL COLLEGE,M.S. (GENERAL SURGERY),State Quota,General,UR,15220,15220,1
2024,3,INSTITUTE OF CHILD HEALTH,M.D. (PAEDIATRICS),State Quota,EWS,EWS,15231,15231,1
2024,3,BURDWAN MEDICAL COLLEGE,M.D. (OBST. AND GYNAE)/MS (OBSTETRICS AND GYNAECOLOGY),State Quota,General,UR,13916,15339,3
2024,3,COLLEGE OF MEDICINE AND JNM HOSPITAL KALYANI,M.S. (GENERAL SURGERY),State Quota,General,UR,15489,15489,1
2024,3,INSTITUTE OF POST GRADUATE MEDICAL EDUCATION AND RESEARCH KOLKATA,M.S. (ORTHOPAEDICS),State Quota,OBC-B (Non-Creamy Layer),OBC-B (Non-Creamy Layer),15552,15552,1
2024,3,"COMMAND HOSPITAL EC, ALIPORE, KOLKATA",M.D. (OBST. AND GYNAE)/MS (OBSTETRICS AND GYNAECOLOGY),State Quota,General,UR,15589,15589,1
2024,3,ICARE INSTITUTE OF MEDICAL SCIENCES AND RESEARCH HALDIA,M.S. (ORTHOPAEDICS),Private Management Quota,EWS,UR,15615,15615,1
2024,3,DR. B C ROY POST GRADUATE INSTITUTE OF PAEDIATRIC SCIENCES,M.D. (PAEDIATRICS),State Quota,EWS,EWS,15692,15692,1
2024,3,ICARE INSTITUTE OF MEDICAL SCIENCES AND RESEARCH HALDIA,M.D. (TUBERCULOSIS AND RESPIRATORY DISEASES)/PULMONA RY MEDICINE /M.D. (RESPIRATORY MEDICINE),Private Management Quota,OBC (Non-Creamy Layer),UR,15804,15804,1
2024,3,R G KAR MEDICAL COLLEGE,M.S. (ORTHOPAEDICS),State Quota,OBC-A (Non-Creamy Layer),OBC-A (Non-Creamy Layer),15994,15994,1
2024,3,MIDNAPORE MEDICAL COLLEGE,M.D. (OBST. AND GYNAE)/MS (OBSTETRICS AND GYNAECOLOGY),State Quota,General,UR,16069,16069,1
2024,3,MEDICAL COLLEGE KOLKATA,M.S. (OPHTHALMOLOGY),State Quota,General,UR,8863,16297,2
2024,3,"COMMAND HOSPITAL EC, ALIPORE, KOLKATA",M.D. (PAEDIATRICS),State Quota,OBC-A (Non-Creamy Layer),OBC (Non-Creamy Layer),16307,16307,1
2024,3,COLLEGE OF MEDICINE AND SAGORE DUTTA HOSPITAL,M.D. (PSYCHIATRY),State Quota,General,UR,16330,16330,1
2024,3,NIL RATAN SIRCAR MEDICAL COLLEGE,M.S. (ORTHOPAEDICS),State Quota,EWS,EWS,16401,16401,1
2024,3,JAGANNATH GUPTA INSTITUTE OF MEDICAL SCIENCES AND HOSPITAL,M.S. (ORTHOPAEDICS),State Quota,General,UR,16470,16470,1
2024,3,GOURI DEVI INSTITUTE OF MEDICAL SCIENCES AND HOSPITAL,M.D. (GENERAL MEDICINE),State Quota,General,UR,16570,16570,1
2024,3,GOURI DEVI INSTITUTE OF MEDICAL SCIENCES AND HOSPITAL,M.D. (RADIO- DIAGNOSIS),State Quota,General,UR,16602,16602,1
2024,3,ICARE INSTITUTE OF MEDICAL SCIENCES AND RESEARCH HALDIA,M.S. (GENERAL SURGERY),Private Management Quota,OBC (Non-Creamy Layer),UR,16667,16667,1
2024,3,INSTITUTE OF POST GRADUATE MEDICAL EDUCATION AND RESEARCH KOLKATA,M.S. (E.N.T.),State Quota,General,UR,16671,16671,1
2024,3,INSTITUTE OF POST GRADUATE MEDICAL EDUCATION AND RESEARCH KOLKATA,M.D. (OBST. AND GYNAE)/MS (OBSTETRICS AND GYNAECOLOGY),State Quota,OBC-A (Non-Creamy Layer),OBC-A (Non-Creamy Layer),16699,16699,1
2024,3,MEDICAL COLLEGE KOLKATA,M.D. (OBST. AND GYNAE)/MS (OBSTETRICS AND GYNAECOLOGY),State Quota,OBC-A (Non-Creamy Layer),OBC-A (Non-Creamy Layer),16731,16731,1
2024,3,R G KAR MEDICAL COLLEGE,M.D. (TUBERCULOSIS AND RESPIRATORY DISEASES)/PULMONA RY MEDICINE /M.D. (RESPIRATORY MEDICINE),State Quota,EWS,EWS,17086,17086,1
2024,3,INSTITUTE OF POST GRADUATE MEDICAL EDUCATION AND RESEARCH KOLKATA,M.D. (RADIOTHERAPY/ RADIATION ONCOLOGY),State Quota,General,UR,17144,17144,1
2024,3,COLLEGE OF MEDICINE AND JNM HOSPITAL KALYANI,M.D. (OBST. AND GYNAE)/MS (OBSTETRICS AND GYNAECOLOGY),State Quota,OBC-A (Non-Creamy Layer),OBC-A (Non-Creamy Layer),17229,17229,1
2024,3,KPC MEDICAL COLLEGE,M.S. (GENERAL SURGERY),State Quota,General,UR,17401,17401,1
2024,3,KPC MEDICAL COLLEGE,"M.D. (DERM.,VENE. AND LEPROSY)/ (DERMATOLOGY)/ (SKIN AND VENEREAL DISEASES)/ (VENEREOLOGY)",Private Management Quota,General,UR,13402,17521,2
2024,3,COLLEGE OF MEDICINE AND JNM HOSPITAL KALYANI,M.D. (PSYCHIATRY),State Quota,SC,UR,17606,17606,1
2024,3,NORTH BENGAL MEDICAL COLLEGE AND HOSPITAL,M.D. (RADIO- DIAGNOSIS),State Quota,SC,SC,17775,17775,1
2024,3,NORTH BENGAL MEDICAL COLLEGE AND HOSPITAL,M.D. (OBST. AND GYNAE)/MS (OBSTETRICS AND GYNAECOLOGY),State Quota,OBC-A (Non-Creamy Layer),OBC-A (Non-Creamy Layer),17892,17892,1
2024,3,KPC MEDICAL COLLEGE,M.D. (OBST. AND GYNAE)/MS (OBSTETRICS AND GYNAECOLOGY),State Quota,General,UR,17902,17902,1
2024,3,MEDICAL COLLEGE KOLKATA,M.D. (OBST. AND GYNAE)/MS (OBSTETRICS AND GYNAECOLOGY),State Quota,OBC-B (Non-Creamy Layer),OBC-B (Non-Creamy Layer),18130,18130,1
2024,3,CALCUTTA NATIONAL MEDICAL COLLEGE KOLKATA,M.S. (GENERAL SURGERY),State Quota,OBC-B (Non-Creamy Layer),OBC-B (Non-Creamy Layer),18248,18248,1
2024,3,MEDICAL COLLEGE KOLKATA,M.S. (E.N.T.),State Quota,General,UR,18305,18305,1
2024,3,R G KAR MEDICAL COLLEGE,M.S. (E.N.T.),State Quota,General,UR,18314,18314,1
2024,3,INSTITUTE OF POST GRADUATE MEDICAL EDUCATION AND RESEARCH KOLKATA,M.D. (ANAESTHESIOLOGY),State Quota,General,UR,14959,18447,3
2024,3,CALCUTTA NATIONAL MEDICAL COLLEGE KOLKATA,M.D. (OBST. AND GYNAE)/MS (OBSTETRICS AND GYNAECOLOGY),State Quota,EWS,EWS,18459,18459,1
2024,3,MEDICAL COLLEGE KOLKATA,M.S. (GENERAL SURGERY),State Quota,SC,SC,18523,18523,1
2024,3,"RAMAKRISHNA MISSION SEVA PRATISHTHAN VIVEKANANDA INSTITUTE OF MEDICAL SCIENCES, KOLKATA",M.D. (OBST. AND GYNAE)/MS (OBSTETRICS AND GYNAECOLOGY),State Quota,OBC-A (Non-Creamy Layer),OBC-A (Non-Creamy Layer),18552,18552,1
2024,3,INSTITUTE OF POST GRADUATE MEDICAL EDUCATION AND RESEARCH KOLKATA,M.S. (GENERAL SURGERY),State Quota,OBC-A (Non-Creamy Layer),OBC-A (Non-Creamy Layer),18707,18707,1
2024,3,INSTITUTE OF POST GRADUATE MEDICAL EDUCATION AND RESEARCH KOLKATA,M.S. (OPHTHALMOLOGY),State Quota,General,UR,18811,18811,1
2024,3,INSTITUTE OF POST GRADUATE MEDICAL EDUCATION AND RESEARCH KOLKATA,M.S. (ORTHOPAEDICS),State Quota,EWS,EWS,18826,18826,1
2024,3,BURDWAN MEDICAL COLLEGE,M.D. (GENERAL MEDICINE),State Quota,SC,SC,18908,18908,1
2024,3,"RAMAKRISHNA MISSION SEVA PRATISHTHAN VIVEKANANDA INSTITUTE OF MEDICAL SCIENCES, KOLKATA",M.D. (PAEDIATRICS),State Quota,OBC-B (Non-Creamy Layer),OBC-B (Non-Creamy Layer),19012,19012,1
2024,3,NIL RATAN SIRCAR MEDICAL COLLEGE,M.S. (OPHTHALMOLOGY),State Quota,General,UR,19018,19018,1
2024,3,R G KAR MEDICAL COLLEGE,M.S. (GENERAL SURGERY),State Quota,OBC-A (Non-Creamy Layer),OBC-A (Non-Creamy Layer),19102,19102,1
2024,3,MEDICAL COLLEGE KOLKATA,"M.D. (DERM.,VENE. AND LEPROSY)/ (DERMATOLOGY)/ (SKIN AND VENEREAL DISEASES)/ (VENEREOLOGY)",In-Service,SC,UR,19128,19128,1
2024,3,INSTITUTE OF POST GRADUATE MEDICAL EDUCATION AND RESEARCH KOLKATA,M.D. (OBST. AND GYNAE)/MS (OBSTETRICS AND GYNAECOLOGY),State Quota,SC,SC,19159,19159,1
2024,3,COLLEGE OF MEDICINE AND JNM HOSPITAL KALYANI,M.S. (E.N.T.),State Quota,General,UR,19348,19348,1
2024,3,NIL RATAN SIRCAR MEDICAL COLLEGE,M.D. (RADIO- DIAGNOSIS),In-Service,OBC-A (Non-Creamy Layer),OBC-A (Non-Creamy Layer),19428,19428,1
2024,3,CALCUTTA NATIONAL MEDICAL COLLEGE KOLKATA,M.S. (OPHTHALMOLOGY),State Quota,General,UR,19443,19443,1
2024,3,CALCUTTA NATIONAL MEDICAL COLLEGE KOLKATA,M.D. (PAEDIATRICS),State Quota,OBC-B (Non-Creamy Layer),OBC-B (Non-Creamy Layer),20057,20057,1
2024,3,NORTH BENGAL MEDICAL COLLEGE AND HOSPITAL,M.D. (PAEDIATRICS),State Quota,EWS,EWS,20072,20072,1
2024,3,ICARE INSTITUTE OF MEDICAL SCIENCES AND RESEARCH HALDIA,M.S. (GENERAL SURGERY),Private Management Quota,General,UR,20120,20120,1
2024,3,BURDWAN MEDICAL COLLEGE,M.S. (E.N.T.),State Quota,General,UR,20175,20175,1
2024,3,INSTITUTE OF POST GRADUATE MEDICAL EDUCATION AND RESEARCH KOLKATA,M.D. (PSYCHIATRY),State Quota,OBC-A (Non-Creamy Layer),OBC-A (Non-Creamy Layer),20224,20224,1
2024,3,BURDWAN MEDICAL COLLEGE,M.S. (GENERAL SURGERY),State Quota,OBC-A (Non-Creamy Layer),OBC-A (Non-Creamy Layer),20473,20473,1
2024,3,BURDWAN MEDICAL COLLEGE,M.S. (ORTHOPAEDICS),State Quota,OBC-B (Non-Creamy Layer),OBC-B (Non-Creamy Layer),20603,20603,1
2024,3,MEDICAL COLLEGE KOLKATA,M.D. (RADIOTHERAPY/ RADIATION ONCOLOGY),State Quota,General,UR,20674,20674,1
2024,3,JAGANNATH GUPTA INSTITUTE OF MEDICAL SCIENCES AND HOSPITAL,"M.D. (DERM.,VENE. AND LEPROSY)/ (DERMATOLOGY)/ (SKIN AND VENEREAL DISEASES)/ (VENEREOLOGY)",State Quota,General,UR,20808,20808,1
2024,3,MEDICAL COLLEGE KOLKATA,M.D. (ANAESTHESIOLOGY),State Quota,General,UR,19074,20942,2
2024,3,NIL RATAN SIRCAR MEDICAL COLLEGE,M.D. (RADIOTHERAPY/ RADIATION ONCOLOGY),State Quota,General,UR,21189,21189,1
2024,3,ESI PGIMSR AND ESIC MEDICAL COLLEGE JOKA KOLKATA,M.D. (ANAESTHESIOLOGY),State Quota,General,UR,21241,21241,1
2024,3,INSTITUTE OF POST GRADUATE MEDICAL EDUCATION AND RESEARCH KOLKATA,M.D. (OBST. AND GYNAE)/MS (OBSTETRICS AND GYNAECOLOGY),State Quota,OBC-B (Non-Creamy Layer),OBC-B (Non-Creamy Layer),21659,21659,1
2024,3,R G KAR MEDICAL COLLEGE,M.S. (OPHTHALMOLOGY),State Quota,General,UR,21779,21779,1
2024,3,INSTITUTE OF POST GRADUATE MEDICAL EDUCATION AND RESEARCH KOLKATA,M.D. (PAEDIATRICS),State Quota,SC,SC,21881,21881,1
2024,3,MIDNAPORE MEDICAL COLLEGE,M.D. (GENERAL MEDICINE),State Quota,SC,SC,21907,21907,1
2024,3,INSTITUTE OF POST GRADUATE MEDICAL EDUCATION AND RESEARCH KOLKATA,M.D. (PHYSICAL MED. AND REHABILITATION),State Quota,General,UR,22034,22034,1
2024,3,COLLEGE OF MEDICINE AND SAGORE DUTTA HOSPITAL,M.S. (OPHTHALMOLOGY),State Quota,General,UR,22170,22170,1
2024,3,"RAMAKRISHNA MISSION SEVA PRATISHTHAN VIVEKANANDA INSTITUTE OF MEDICAL SCIENCES, KOLKATA",DIP.IN GYNAE. AND OBST.,State Quota,OBC-A (Non-Creamy Layer),UR,22226,22226,1
2024,3,INSTITUTE OF POST GRADUATE MEDICAL EDUCATION AND RESEARCH KOLKATA,M.S. (ORTHOPAEDICS),State Quota,SC,SC,22241,22241,1
2024,3,"RAMAKRISHNA MISSION SEVA PRATISHTHAN VIVEKANANDA INSTITUTE OF MEDICAL SCIENCES, KOLKATA",M.S. (GENERAL SURGERY),State Quota,OBC-A (Non-Creamy Layer),OBC-A (Non-Creamy Layer),22307,22307,1
2024,3,BURDWAN MEDICAL COLLEGE,M.S. (GENERAL SURGERY),State Quota,EWS,EWS,22358,22358,1
2024,3,INSTITUTE OF POST GRADUATE MEDICAL EDUCATION AND RESEARCH KOLKATA,M.D. (GENERAL MEDICINE),In-Service,General,UR,22375,22375,1
2024,3,"RAMAKRISHNA MISSION SEVA PRATISHTHAN VIVEKANANDA INSTITUTE OF MEDICAL SCIENCES, KOLKATA",M.S. (OPHTHALMOLOGY),State Quota,General,UR,22493,22493,1
2024,3,R G KAR MEDICAL COLLEGE,M.D. (ANAESTHESIOLOGY),State Quota,General,UR,19491,22583,3
2024,3,R G KAR MEDICAL COLLEGE,M.D. (OBST. AND GYNAE)/MS (OBSTETRICS AND GYNAECOLOGY),State Quota,EWS,EWS,22643,22643,1
2024,3,NIL RATAN SIRCAR MEDICAL COLLEGE,M.D. (ANAESTHESIOLOGY),State Quota,General,UR,21857,22665,3
2024,3,BURDWAN MEDICAL COLLEGE,M.S. (OPHTHALMOLOGY),State Quota,General,UR,22708,22708,1
2024,3,ALL INDIA INSTITUTE OF HYGIENE AND PUBLIC HEALTH,M.D. (PREVENTIVE AND SOCIAL MEDICINE)/ COMMUNITY MEDICINE,State Quota,General,UR,21736,23163,2
2024,3,BANKURA SAMMILANI MEDICAL COLLEGE,M.D. (OBST. AND GYNAE)/MS (OBSTETRICS AND GYNAECOLOGY),State Quota,EWS,EWS,23241,23241,1
2024,3,MEDICAL COLLEGE KOLKATA,M.D. (RADIO- DIAGNOSIS),In-Service,SC,SC,23347,23347,1
2024,3,"RAMAKRISHNA MISSION SEVA PRATISHTHAN VIVEKANANDA INSTITUTE OF MEDICAL SCIENCES, KOLKATA",M.S. (E.N.T.),State Quota,General,UR,23473,23473,1
2024,3,CALCUTTA NATIONAL MEDICAL COLLEGE KOLKATA,M.D. (ANAESTHESIOLOGY),State Quota,General,UR,22862,23695,2
2024,3,R G KAR MEDICAL COLLEGE,M.D. (ANAESTHESIOLOGY),State Quota,EWS,UR,24025,24025,1
2024,3,ICARE INSTITUTE OF MEDICAL SCIENCES AND RESEARCH HALDIA,M.D. (TUBERCULOSIS AND RESPIRATORY DISEASES)/PULMONA RY MEDICINE /M.D. (RESPIRATORY MEDICINE),Private Management Quota,General,UR,24064,24064,1
2024,3,ICARE INSTITUTE OF MEDICAL SCIENCES AND RESEARCH HALDIA,M.D. (PSYCHIATRY),Private Management Quota,OBC (Non-Creamy Layer),UR,24111,24111,1
2024,3,ICARE INSTITUTE OF MEDICAL SCIENCES AND RESEARCH HALDIA,M.S. (OPHTHALMOLOGY),Private Management Quota,OBC (Non-Creamy Layer),UR,24160,24160,1
2024,3,ICARE INSTITUTE OF MEDICAL SCIENCES AND RESEARCH HALDIA,M.S. (E.N.T.),Private Management Quota,General,UR,24568,24568,1
2024,3,MIDNAPORE MEDICAL COLLEGE,M.S. (E.N.T.),State Quota,General,UR,24692,24692,1
2024,3,"RAMAKRISHNA MISSION SEVA PRATISHTHAN VIVEKANANDA INSTITUTE OF MEDICAL SCIENCES, KOLKATA",M.D. (PAEDIATRICS),State Quota,SC,SC,24882,24882,1
2024,3,INSTITUTE OF POST GRADUATE MEDICAL EDUCATION AND RESEARCH KOLKATA,M.S. (GENERAL SURGERY),State Quota,SC,SC,25039,25039,1
2024,3,MURSHIDABAD MEDICAL COLLEGE AND HOSPITAL,M.S. (OPHTHALMOLOGY),State Quota,General,UR,25156,25156,1
2024,3,ICARE INSTITUTE OF MEDICAL SCIENCES AND RESEARCH HALDIA,M.D. (OBST. AND GYNAE)/MS (OBSTETRICS AND GYNAECOLOGY),State Quota,General,UR,25261,25261,1
2024,3,INSTITUTE OF POST GRADUATE MEDICAL EDUCATION AND RESEARCH KOLKATA,M.D. (GENERAL MEDICINE),In-Service,OBC-A (Non-Creamy Layer),UR,25369,25369,1
2024,3,R G KAR MEDICAL COLLEGE,M.S. (GENERAL SURGERY),State Quota,SC,SC,25716,25716,1
2024,3,GOURI DEVI INSTITUTE OF MEDICAL SCIENCES AND HOSPITAL,"M.D. (DERM.,VENE. AND LEPROSY)/ (DERMATOLOGY)/ (SKIN AND VENEREAL DISEASES)/ (VENEREOLOGY)",Private Management Quota,General,UR,25760,25760,1
2024,3,MIDNAPORE MEDICAL COLLEGE,M.D. (ANAESTHESIOLOGY),State Quota,General,UR,25812,25812,1
2024,3,MIDNAPORE MEDICAL COLLEGE,M.S. (GENERAL SURGERY),State Quota,EWS,EWS,25927,25927,1
2024,3,MEDICAL COLLEGE KOLKATA,M.D. (PATHOLOGY),State Quota,General,UR,26374,26374,1
2024,3,MEDICAL COLLEGE KOLKATA,M.D. (OBST. AND GYNAE)/MS (OBSTETRICS AND GYNAECOLOGY),State Quota,SC,SC,26439,26439,1
2024,3,ICARE INSTITUTE OF MEDICAL SCIENCES AND RESEARCH HALDIA,M.S. (GENERAL SURGERY),State Quota,General,UR,26774,26774,1
2024,3,R G KAR MEDICAL COLLEGE,M.D. (RADIOTHERAPY/ RADIATION ONCOLOGY),State Quota,General,UR,26886,26886,1
2024,3,BANKURA SAMMILANI MEDICAL COLLEGE,M.S. (GENERAL SURGERY),State Quota,SC,SC,26901,26901,1
2024,3,BURDWAN MEDICAL COLLEGE,M.D. (ANAESTHESIOLOGY),State Quota,General,UR,24361,26920,2
2024,3,CALCUTTA NATIONAL MEDICAL COLLEGE KOLKATA,M.D. (OBST. AND GYNAE)/MS (OBSTETRICS AND GYNAECOLOGY),State Quota,SC,SC,25152,26934,2
2024,3,MIDNAPORE MEDICAL COLLEGE,M.D. (OBST. AND GYNAE)/MS (OBSTETRICS AND GYNAECOLOGY),State Quota,EWS,EWS,26967,26967,1
2024,3,BANKURA SAMMILANI MEDICAL COLLEGE,M.D. (ANAESTHESIOLOGY),State Quota,General,UR,26992,26992,1
2024,3,COLLEGE OF MEDICINE AND JNM HOSPITAL KALYANI,M.D. (ANAESTHESIOLOGY),State Quota,General,UR,27073,27073,1
2024,3,NORTH BENGAL MEDICAL COLLEGE AND HOSPITAL,M.D. (ANAESTHESIOLOGY),State Quota,General,UR,27199,27199,1
2024,3,INSTITUTE OF POST GRADUATE MEDICAL EDUCATION AND RESEARCH KOLKATA,M.D. (RADIOTHERAPY/ RADIATION ONCOLOGY),State Quota,OBC-A (Non-Creamy Layer),UR,27387,27387,1
2024,3,CALCUTTA NATIONAL MEDICAL COLLEGE KOLKATA,M.D. (PAEDIATRICS),State Quota,SC,SC,27451,27451,1
2024,3,"RAMAKRISHNA MISSION SEVA PRATISHTHAN VIVEKANANDA INSTITUTE OF MEDICAL SCIENCES, KOLKATA",M.D. (ANAESTHESIOLOGY),State Quota,General,UR,27628,27628,1
2024,3,ESI PGIMSR AND ESIC MEDICAL COLLEGE JOKA KOLKATA,M.D. (PATHOLOGY),State Quota,General,UR,27745,27745,1
2024,3,CALCUTTA NATIONAL MEDICAL COLLEGE KOLKATA,M.S. (ORTHOPAEDICS),State Quota,SC,SC,27946,27946,1
2024,3,ESI PGIMSR AND ESIC MEDICAL COLLEGE JOKA KOLKATA,M.S. (ORTHOPAEDICS),State Quota,ST,ST,28004,28004,1
2024,3,MURSHIDABAD MEDICAL COLLEGE AND HOSPITAL,M.D. (RADIO- DIAGNOSIS),In-Service,SC,UR,28074,28074,1
2024,3,"RAMAKRISHNA MISSION SEVA PRATISHTHAN VIVEKANANDA INSTITUTE OF MEDICAL SCIENCES, KOLKATA",M.D. (RADIO- DIAGNOSIS),In-Service,General,UR,28354,28354,1
2024,3,MEDICAL COLLEGE KOLKATA,M.D. (GENERAL MEDICINE),In-Service,General,UR,28362,28362,1
2024,3,GOURI DEVI INSTITUTE OF MEDICAL SCIENCES AND HOSPITAL,M.D. (OBST. AND GYNAE)/MS (OBSTETRICS AND GYNAECOLOGY),Private Management Quota,EWS,UR,28458,28458,1
2024,3,"COMMAND HOSPITAL EC, ALIPORE, KOLKATA",M.D. (ANAESTHESIOLOGY),State Quota,General,UR,28704,28704,1
2024,3,MEDICAL COLLEGE KOLKATA,DIP.IN GYNAE. AND OBST.,State Quota,OBC-B (Non-Creamy Layer),OBC-B (Non-Creamy Layer),28935,28935,1
2024,3,"RAMAKRISHNA MISSION SEVA PRATISHTHAN VIVEKANANDA INSTITUTE OF MEDICAL SCIENCES, KOLKATA",DIPLOMA IN CHILD HEALTH/ PAEDIATRICS,State Quota,General,UR,29151,29151,1
2024,3,BANKURA SAMMILANI MEDICAL COLLEGE,M.D. (OBST. AND GYNAE)/MS (OBSTETRICS AND GYNAECOLOGY),State Quota,OBC-B (Non-Creamy Layer),OBC-B (Non-Creamy Layer),29201,29201,1
2024,3,NORTH BENGAL MEDICAL COLLEGE AND HOSPITAL,M.S. (GENERAL SURGERY),State Quota,SC,SC,29250,29250,1
2024,3,MEDICAL COLLEGE KOLKATA,M.D. (PAEDIATRICS),In-Service,OBC-A (Non-Creamy Layer),UR,29269,29269,1
2024,3,BURDWAN MEDICAL COLLEGE,M.D. (OBST. AND GYNAE)/MS (OBSTETRICS AND GYNAECOLOGY),State Quota,OBC-B (Non-Creamy Layer),OBC-B (Non-Creamy Layer),29356,29356,1
2024,3,"RAMAKRISHNA MISSION SEVA PRATISHTHAN VIVEKANANDA INSTITUTE OF MEDICAL SCIENCES, KOLKATA",M.D. (OBST. AND GYNAE)/MS (OBSTETRICS AND GYNAECOLOGY),State Quota,EWS,EWS,29507,29507,1
2024,3,BURDWAN MEDICAL COLLEGE,M.S. (ORTHOPAEDICS),State Quota,SC,SC,29864,29864,1
2024,3,NIL RATAN SIRCAR MEDICAL COLLEGE,M.D. (PAEDIATRICS),State Quota,SC,SC,30149,30149,1
2024,3,MEDICAL COLLEGE KOLKATA,M.S. (OPHTHALMOLOGY),State Quota,EWS,EWS,30393,30393,1
2024,3,BANKURA SAMMILANI MEDICAL COLLEGE,M.S. (GENERAL SURGERY),State Quota,OBC-B (Non-Creamy Layer),OBC-B (Non-Creamy Layer),30438,30438,1
2024,3,INSTITUTE OF POST GRADUATE MEDICAL EDUCATION AND RESEARCH KOLKATA,M.D. (PREVENTIVE AND SOCIAL MEDICINE)/ COMMUNITY MEDICINE,State Quota,General,UR,30562,30562,1
2024,3,CALCUTTA NATIONAL MEDICAL COLLEGE KOLKATA,M.S. (E.N.T.),State Quota,OBC-A (Non-Creamy Layer),OBC-A (Non-Creamy Layer),30860,30860,1
2024,3,NORTH BENGAL MEDICAL COLLEGE AND HOSPITAL,M.D. (GENERAL MEDICINE),State Quota,SC,SC,31286,31286,1
2024,3,"RAMAKRISHNA MISSION SEVA PRATISHTHAN VIVEKANANDA INSTITUTE OF MEDICAL SCIENCES, KOLKATA",M.D. (GENERAL MEDICINE),State Quota,SC,SC,31289,31289,1
2024,3,DR. B C ROY POST GRADUATE INSTITUTE OF PAEDIATRIC SCIENCES,M.D. (PAEDIATRICS),State Quota,SC,SC,31446,31446,1
2024,3,INSTITUTE OF POST GRADUATE MEDICAL EDUCATION AND RESEARCH KOLKATA,M.D. (GENERAL MEDICINE),In-Service,OBC-A (Non-Creamy Layer),OBC-A (Non-Creamy Layer),31533,31533,1
2024,3,BURDWAN MEDICAL COLLEGE,M.D. (PAEDIATRICS),State Quota,SC,SC,17202,31650,2
2024,3,INSTITUTE OF POST GRADUATE MEDICAL EDUCATION AND RESEARCH KOLKATA,M.D. (ANAESTHESIOLOGY),State Quota,OBC-A (Non-Creamy Layer),OBC-A (Non-Creamy Layer),31787,31787,1
2024,3,MEDICAL COLLEGE KOLKATA,DIPLOMA IN ORTHOPAEDICS,State Quota,General,UR,32009,32009,1
2024,3,MEDICAL COLLEGE KOLKATA,M.S. (OPHTHALMOLOGY),State Quota,OBC-A (Non-Creamy Layer),OBC-A (Non-Creamy Layer),32016,32016,1
2024,3,NIL RATAN SIRCAR MEDICAL COLLEGE,M.D. (ANAESTHESIOLOGY),State Quota,OBC-A (Non-Creamy Layer),OBC-A (Non-Creamy Layer),32056,32056,1
2024,3,ESI PGIMSR AND ESIC MEDICAL COLLEGE JOKA KOLKATA,M.D. (ANAESTHESIOLOGY),State Quota,OBC-B (Non-Creamy Layer),OBC (Non-Creamy Layer),32445,32445,1
2024,3,"RAMAKRISHNA MISSION SEVA PRATISHTHAN VIVEKANANDA INSTITUTE OF MEDICAL SCIENCES, KOLKATA",M.S. (ORTHOPAEDICS),State Quota,SC,SC,32467,32467,1
2024,3,"RAMAKRISHNA MISSION SEVA PRATISHTHAN VIVEKANANDA INSTITUTE OF MEDICAL SCIENCES, KOLKATA",M.D. (OBST. AND GYNAE)/MS (OBSTETRICS AND GYNAECOLOGY),State Quota,SC,SC,32468,32468,1
2024,3,ICARE INSTITUTE OF MEDICAL SCIENCES AND RESEARCH HALDIA,M.D. (ANAESTHESIOLOGY),Private Management Quota,OBC (Non-Creamy Layer),UR,32496,32496,1
2024,3,R G KAR MEDICAL COLLEGE,M.D. (OBST. AND GYNAE)/MS (OBSTETRICS AND GYNAECOLOGY),State Quota,SC,SC,18343,32504,2
2024,3,ICARE INSTITUTE OF MEDICAL SCIENCES AND RESEARCH HALDIA,"M.D. (DERM.,VENE. AND LEPROSY)/ (DERMATOLOGY)/ (SKIN AND VENEREAL DISEASES)/ (VENEREOLOGY)",State Quota,General,UR,32592,32592,1
2024,3,KPC MEDICAL COLLEGE,M.D. (ANAESTHESIOLOGY),State Quota,General,UR,32801,32801,1
2024,3,MEDICAL COLLEGE KOLKATA,M.D. (GENERAL MEDICINE),In-Service,OBC-A (Non-Creamy Layer),UR,33077,33077,1
2024,3,R G KAR MEDICAL COLLEGE,M.D. (PHYSICAL MED. AND REHABILITATION),State Quota,General,UR,33201,33201,1
2024,3,MIDNAPORE MEDICAL COLLEGE,M.D. (PAEDIATRICS),State Quota,SC,SC,33691,33691,1
2024,3,ICARE INSTITUTE OF MEDICAL SCIENCES AND RESEARCH HALDIA,M.D. (RADIO- DIAGNOSIS),State Quota,OBC-A (Non-Creamy Layer),OBC-A (Non-Creamy Layer),34231,34231,1
2024,3,ICARE INSTITUTE OF MEDICAL SCIENCES AND RESEARCH HALDIA,M.D. (ANAESTHESIOLOGY),Private Management Quota,General,UR,34233,34233,1
2024,3,"IQ CITY MEDICAL COLLEGE, DURGAPUR",M.D. (GENERAL MEDICINE),State Quota,SC,SC,34311,34311,1
2024,3,M R BANGUR HOSPITAL,(NBEMS) GENERAL MEDICINE,In-Service DNB,OBC-A (Non-Creamy Layer),UR,34315,34315,1
2024,3,NORTH BENGAL MEDICAL COLLEGE AND HOSPITAL,M.S. (ORTHOPAEDICS),State Quota,SC,SC,34393,34393,1
2024,3,"IQ CITY MEDICAL COLLEGE, DURGAPUR",M.S. (ORTHOPAEDICS),State Quota,General,UR,34494,34494,1
2024,3,SHRI RAMKRISHNA INSTITUTE OF MEDICAL SCIENCES & SANAKA HOSPITALS,M.D. (GENERAL MEDICINE),State Quota,General,UR,34610,34610,1
2024,3,KPC MEDICAL COLLEGE,M.D. (GENERAL MEDICINE),Private Management Quota,General,UR,18652,34681,3
2024,3,MALDA MEDICAL COLLEGE AND HOSPITAL,M.D. (PAEDIATRICS),State Quota,SC,SC,34780,34780,1
2024,3,BURDWAN MEDICAL COLLEGE,M.D. (ANAESTHESIOLOGY),State Quota,OBC-A (Non-Creamy Layer),OBC-A (Non-Creamy Layer),35026,35026,1
2024,3,BANKURA SAMMILANI MEDICAL COLLEGE,M.D. (OBST. AND GYNAE)/MS (OBSTETRICS AND GYNAECOLOGY),State Quota,SC,SC,35104,35104,1
2024,3,CALCUTTA NATIONAL MEDICAL COLLEGE KOLKATA,DIPLOMA IN ANAESTHESIOLOGY,State Quota,General,UR,35155,35155,1
2024,3,NIL RATAN SIRCAR MEDICAL COLLEGE,M.D. (TUBERCULOSIS AND RESPIRATORY DISEASES)/PULMONA RY MEDICINE /M.D. (RESPIRATORY MEDICINE),State Quota,SC,SC,35373,35373,1
2024,3,MIDNAPORE MEDICAL COLLEGE,M.D. (ANAESTHESIOLOGY),State Quota,OBC-A (Non-Creamy Layer),OBC-A (Non-Creamy Layer),36108,36108,1
2024,3,SHRI RAMKRISHNA INSTITUTE OF MEDICAL SCIENCES & SANAKA HOSPITALS,M.D. (GENERAL MEDICINE),Private Management Quota,SC,UR,36709,36709,1
2024,3,MIDNAPORE MEDICAL COLLEGE,M.D. (OBST. AND GYNAE)/MS (OBSTETRICS AND GYNAECOLOGY),State Quota,SC,SC,35892,36792,2
2024,3,SHRI RAMKRISHNA INSTITUTE OF MEDICAL SCIENCES & SANAKA HOSPITALS,M.S. (ORTHOPAEDICS),State Quota,General,UR,36898,36898,1
2024,3,MIDNAPORE MEDICAL COLLEGE,M.S. (GENERAL SURGERY),State Quota,OBC-B (Non-Creamy Layer),OBC-B (Non-Creamy Layer),36921,36921,1
2024,3,COLLEGE OF MEDICINE AND SAGORE DUTTA HOSPITAL,M.D. (GENERAL MEDICINE),In-Service,SC,SC,37595,37595,1
2024,3,MALDA MEDICAL COLLEGE AND HOSPITAL,M.D. (OBST. AND GYNAE)/MS (OBSTETRICS AND GYNAECOLOGY),State Quota,SC,SC,37611,37611,1
2024,3,SHRI RAMKRISHNA INSTITUTE OF MEDICAL SCIENCES & SANAKA HOSPITALS,M.D. (GENERAL MEDICINE),Private Management Quota,OBC (Non-Creamy Layer),UR,35635,37703,2
2024,3,SHRI RAMKRISHNA INSTITUTE OF MEDICAL SCIENCES & SANAKA HOSPITALS,M.D. (GENERAL MEDICINE),Private Management Quota,General,UR,37705,37705,1
2024,3,"IQ CITY MEDICAL COLLEGE, DURGAPUR",M.D. (PAEDIATRICS),Private Management Quota,General,UR,37826,38046,2
2024,3,"IQ CITY MEDICAL COLLEGE, DURGAPUR",M.D. (GENERAL MEDICINE),Private Management Quota,General,UR,38794,38794,1
2024,3,GOURI DEVI INSTITUTE OF MEDICAL SCIENCES AND HOSPITAL,M.D. (PAEDIATRICS),State Quota,General,UR,38841,38841,1
2024,3,"RAMAKRISHNA MISSION SEVA PRATISHTHAN VIVEKANANDA INSTITUTE OF MEDICAL SCIENCES, KOLKATA",M.D. (ANAESTHESIOLOGY),State Quota,OBC-A (Non-Creamy Layer),OBC-A (Non-Creamy Layer),37214,38844,2
2024,3,BURDWAN MEDICAL COLLEGE,M.S. (GENERAL SURGERY),State Quota,SC,SC,38961,38961,1
2024,3,"IQ CITY MEDICAL COLLEGE, DURGAPUR",M.S. (OPHTHALMOLOGY),Private Management Quota,OBC (Non-Creamy Layer),UR,39018,39018,1
2024,3,"IQ CITY MEDICAL COLLEGE, DURGAPUR",M.D. (PAEDIATRICS),State Quota,General,UR,39072,39072,1
2024,3,DISTRICT HOSPITAL HOWRAH,(NBEMS) GENERAL MEDICINE,In-Service DNB,OBC-B (Non-Creamy Layer),UR,39089,39089,1
2024,3,CALCUTTA NATIONAL MEDICAL COLLEGE KOLKATA,M.S. (GENERAL SURGERY),State Quota,SC,SC,35941,39137,2
2024,3,R G KAR MEDICAL COLLEGE,M.S. (OPHTHALMOLOGY),State Quota,OBC-A (Non-Creamy Layer),OBC-A (Non-Creamy Layer),39247,39247,1
2024,3,ICARE INSTITUTE OF MEDICAL SCIENCES AND RESEARCH HALDIA,M.D. (PAEDIATRICS),State Quota,General,UR,39303,39303,1
2024,3,BANKURA SAMMILANI MEDICAL COLLEGE,M.D. (TUBERCULOSIS AND RESPIRATORY DISEASES)/PULMONA RY MEDICINE /M.D. (RESPIRATORY MEDICINE),State Quota,SC,SC,39436,39436,1
2024,3,INSTITUTE OF POST GRADUATE MEDICAL EDUCATION AND RESEARCH KOLKATA,M.S. (ORTHOPAEDICS),In-Service,OBC-A (Non-Creamy Layer),UR,39683,39683,1
2024,3,NORTH BENGAL MEDICAL COLLEGE AND HOSPITAL,M.D. (RADIO- DIAGNOSIS),In-Service,SC,SC,39706,39706,1
2024,3,MIDNAPORE MEDICAL COLLEGE,M.S. (GENERAL SURGERY),State Quota,SC,SC,39761,39761,1
2024,3,KPC MEDICAL COLLEGE,M.D. (RADIO- DIAGNOSIS),State Quota,SC,SC,40177,40177,1
2024,3,GOURI DEVI INSTITUTE OF MEDICAL SCIENCES AND HOSPITAL,M.S. (ORTHOPAEDICS),State Quota,OBC-A (Non-Creamy Layer),UR,40582,40582,1
2024,3,R G KAR MEDICAL COLLEGE,M.D. (PATHOLOGY),State Quota,General,UR,40636,40636,1
2024,3,IMAMBARA DISTRICT HOSPITAL,(NBEMS) PAEDIATRICS,In-Service DNB,General,UR,41106,41106,1
2024,3,INSTITUTE OF POST GRADUATE MEDICAL EDUCATION AND RESEARCH KOLKATA,M.D. (PATHOLOGY),State Quota,General,UR,25187,41487,3
2024,3,"SCHOOL OF TROPICAL MEDICINE, KOLKATA",M.D. (TROPICAL MEDICINE),State Quota,SC,SC,41899,41899,1
2024,3,SHRI RAMKRISHNA INSTITUTE OF MEDICAL SCIENCES & SANAKA HOSPITALS,M.D. (PAEDIATRICS),State Quota,General,UR,42039,42039,1
2024,3,MEDICAL COLLEGE KOLKATA,M.D. (PATHOLOGY),State Quota,OBC-B (Non-Creamy Layer),OBC-B (Non-Creamy Layer),42090,42090,1
2024,3,JAGANNATH GUPTA INSTITUTE OF MEDICAL SCIENCES AND HOSPITAL,M.D. (TUBERCULOSIS AND RESPIRATORY DISEASES)/PULMONA RY MEDICINE /M.D. (RESPIRATORY MEDICINE),State Quota,General,UR,42307,42307,1
2024,3,BURDWAN MEDICAL COLLEGE,M.D. (PATHOLOGY),State Quota,General,UR,42656,42656,1
2024,3,KPC MEDICAL COLLEGE,M.D. (PSYCHIATRY),State Quota,General,UR,42657,42657,1
2024,3,"IQ CITY MEDICAL COLLEGE, DURGAPUR",M.S. (OPHTHALMOLOGY),Private Management Quota,SC,UR,42679,42679,1
2024,3,KPC MEDICAL COLLEGE,M.S. (ORTHOPAEDICS),State Quota,SC,SC,42807,42807,1
2024,3,R G KAR MEDICAL COLLEGE,M.D. (RADIOTHERAPY/ RADIATION ONCOLOGY),State Quota,SC,SC,42815,42815,1
2024,3,CALCUTTA NATIONAL MEDICAL COLLEGE KOLKATA,M.S. (ORTHOPAEDICS),In-Service,General,UR,42911,42911,1
2024,3,ICARE INSTITUTE OF MEDICAL SCIENCES AND RESEARCH HALDIA,M.D. (PSYCHIATRY),State Quota,General,UR,42966,42966,1
2024,3,"RAMAKRISHNA MISSION SEVA PRATISHTHAN VIVEKANANDA INSTITUTE OF MEDICAL SCIENCES, KOLKATA",M.D. (PATHOLOGY),State Quota,General,UR,43150,43150,1
2024,3,SHRI RAMKRISHNA INSTITUTE OF MEDICAL SCIENCES & SANAKA HOSPITALS,M.D. (OBST. AND GYNAE)/MS (OBSTETRICS AND GYNAECOLOGY),Private Management Quota,General,UR,43172,43172,1
2024,3,MEDICAL COLLEGE KOLKATA,M.D. (PREVENTIVE AND SOCIAL MEDICINE)/ COMMUNITY MEDICINE,State Quota,General,UR,43808,43808,1
2024,3,"IQ CITY MEDICAL COLLEGE, DURGAPUR",M.S. (GENERAL SURGERY),State Quota,General,UR,43873,43873,1
2024,3,MEDICAL COLLEGE KOLKATA,DIPLOMA IN OTO- RHINO- LARYNGOLOGY,State Quota,General,UR,44163,44163,1
2024,3,R G KAR MEDICAL COLLEGE,M.S. (ORTHOPAEDICS),In-Service,OBC-A (Non-Creamy Layer),UR,44252,44252,1
2024,3,MIDNAPORE MEDICAL COLLEGE,M.S. (E.N.T.),State Quota,OBC-A (Non-Creamy Layer),OBC-A (Non-Creamy Layer),44436,44436,1
2024,3,MURSHIDABAD MEDICAL COLLEGE AND HOSPITAL,M.D. (PATHOLOGY),State Quota,OBC (Non-Creamy Layer),UR,44620,44620,1
2024,3,MEDICAL COLLEGE KOLKATA,M.S. (OPHTHALMOLOGY),State Quota,SC,SC,44695,44695,1
2024,3,"RAMAKRISHNA MISSION SEVA PRATISHTHAN VIVEKANANDA INSTITUTE OF MEDICAL SCIENCES, KOLKATA",M.S. (E.N.T.),State Quota,SC,SC,44929,44929,1
2024,3,KPC MEDICAL COLLEGE,M.S. (ORTHOPAEDICS),Private Management Quota,General,UR,36002,44964,2
2024,3,NIL RATAN SIRCAR MEDICAL COLLEGE,M.D. (PREVENTIVE AND SOCIAL MEDICINE)/ COMMUNITY MEDICINE,State Quota,General,UR,45767,45767,1
2024,3,ESI PGIMSR AND ESIC MEDICAL COLLEGE JOKA KOLKATA,M.S. (E.N.T.),State Quota,SC,SC,45790,45790,1
2024,3,NORTH BENGAL MEDICAL COLLEGE AND HOSPITAL,M.S. (E.N.T.),State Quota,SC,SC,45812,45812,1
2024,3,MEDICAL COLLEGE KOLKATA,M.D. (GENERAL MEDICINE),In-Service,OBC-B (Non-Creamy Layer),OBC-B (Non-Creamy Layer),45884,45884,1
2024,3,MALDA MEDICAL COLLEGE AND HOSPITAL,M.D. (OBST. AND GYNAE)/MS (OBSTETRICS AND GYNAECOLOGY),State Quota,EWS,EWS,45997,45997,1
2024,3,CALCUTTA NATIONAL MEDICAL COLLEGE KOLKATA,M.D. (GENERAL MEDICINE),In-Service,General,UR,46185,46185,1
2024,3,CALCUTTA NATIONAL MEDICAL COLLEGE KOLKATA,M.D. (ANAESTHESIOLOGY),State Quota,EWS,EWS,46204,46204,1
2024,3,MEDICAL COLLEGE KOLKATA,M.D. (ANAESTHESIOLOGY),State Quota,SC,SC,45973,46206,2
2024,3,MALDA MEDICAL COLLEGE AND HOSPITAL,M.D. (PAEDIATRICS),In-Service,OBC-A (Non-Creamy Layer),UR,46298,46298,1
2024,3,R G KAR MEDICAL COLLEGE,M.D. (GENERAL MEDICINE),In-Service,OBC-A (Non-Creamy Layer),UR,46738,46738,1
2024,3,BANKURA SAMMILANI MEDICAL COLLEGE,M.S. (OPHTHALMOLOGY),State Quota,SC,SC,46810,46810,1
2024,3,COLLEGE OF MEDICINE AND SAGORE DUTTA HOSPITAL,M.D. (PATHOLOGY),State Quota,General,UR,47186,47186,1
2024,3,MAHARAJA JITENDRA NARAYAN MEDICAL COLLEGE AND HOSPITAL,(NBEMS-DIPLOMA) RADIO-DIAGNOSIS,In-Service DNB,OBC-A (Non-Creamy Layer),UR,47402,47402,1
2024,3,NORTH BENGAL MEDICAL COLLEGE AND HOSPITAL,M.S. (OPHTHALMOLOGY),State Quota,SC,SC,47415,47415,1
2024,3,MURSHIDABAD MEDICAL COLLEGE AND HOSPITAL,M.D. (OBST. AND GYNAE)/MS (OBSTETRICS AND GYNAECOLOGY),State Quota,OBC-B (Non-Creamy Layer),OBC-B (Non-Creamy Layer),40227,47697,2
2024,3,GOURI DEVI INSTITUTE OF MEDICAL SCIENCES AND HOSPITAL,M.D. (ANAESTHESIOLOGY),State Quota,General,UR,47847,47847,1
2024,3,MEDICAL COLLEGE KOLKATA,M.D. (GENERAL MEDICINE),In-Service,SC,SC,47881,47881,1
2024,3,BURDWAN MEDICAL COLLEGE,M.D. (ANAESTHESIOLOGY),State Quota,SC,SC,48402,48402,1
2024,3,MEDICAL COLLEGE KOLKATA,M.D. (PAEDIATRICS),In-Service,General,UR,48440,48440,1
2024,3,NIL RATAN SIRCAR MEDICAL COLLEGE,M.D. (RADIOTHERAPY/ RADIATION ONCOLOGY),State Quota,OBC-A (Non-Creamy Layer),OBC-A (Non-Creamy Layer),49006,49006,1
2024,3,ALL INDIA INSTITUTE OF HYGIENE AND PUBLIC HEALTH,M.P.H. (EPIDEMIOLOGY),State Quota,General,UR,49409,49409,1
2024,3,"RAMAKRISHNA MISSION SEVA PRATISHTHAN VIVEKANANDA INSTITUTE OF MEDICAL SCIENCES, KOLKATA",M.S. (OPHTHALMOLOGY),State Quota,SC,SC,49828,49828,1
2024,3,"RAMAKRISHNA MISSION SEVA PRATISHTHAN VIVEKANANDA INSTITUTE OF MEDICAL SCIENCES, KOLKATA",DIP.IN GYNAE. AND OBST.,State Quota,OBC-A (Non-Creamy Layer),OBC-A (Non-Creamy Layer),50055,50055,1
2024,3,MIDNAPORE MEDICAL COLLEGE,M.S. (OPHTHALMOLOGY),State Quota,SC,SC,50134,50134,1
2024,3,ICARE INSTITUTE OF MEDICAL SCIENCES AND RESEARCH HALDIA,M.D. (TUBERCULOSIS AND RESPIRATORY DISEASES)/PULMONA RY MEDICINE /M.D. (RESPIRATORY MEDICINE),State Quota,General,UR,50379,50379,1
2024,3,NORTH BENGAL MEDICAL COLLEGE AND HOSPITAL,M.D. (ANAESTHESIOLOGY),State Quota,SC,SC,50535,50535,1
2024,3,R G KAR MEDICAL COLLEGE,M.D. (GENERAL MEDICINE),In-Service,General,UR,50580,50580,1
2024,3,NORTH BENGAL MEDICAL COLLEGE AND HOSPITAL,M.D. (GENERAL MEDICINE),In-Service,General,UR,51005,51005,1
2024,3,MEDICAL COLLEGE KOLKATA,DIP.IN GYNAE. AND OBST.,State Quota,SC,SC,51151,51151,1
2024,3,BURDWAN MEDICAL COLLEGE,M.D. (PSYCHIATRY),State Quota,SC,SC,51869,51869,1
2024,3,INSTITUTE OF POST GRADUATE MEDICAL EDUCATION AND RESEARCH KOLKATA,M.D. (PATHOLOGY),State Quota,OBC-B (Non-Creamy Layer),OBC-B (Non-Creamy Layer),52327,52327,1
2024,3,"RAMAKRISHNA MISSION SEVA PRATISHTHAN VIVEKANANDA INSTITUTE OF MEDICAL SCIENCES, KOLKATA",DIPLOMA IN OTO- RHINO- LARYNGOLOGY,State Quota,General,UR,52448,52448,1
2024,3,INSTITUTE OF POST GRADUATE MEDICAL EDUCATION AND RESEARCH KOLKATA,M.D. (PATHOLOGY),State Quota,SC,SC,52471,52471,1
2024,3,INSTITUTE OF POST GRADUATE MEDICAL EDUCATION AND RESEARCH KOLKATA,M.S. (ORTHOPAEDICS),In-Service,SC,UR,52506,52506,1
2024,3,NIL RATAN SIRCAR MEDICAL COLLEGE,M.D. (PATHOLOGY),State Quota,SC,SC,52545,52545,1
2024,3,SHRI RAMKRISHNA INSTITUTE OF MEDICAL SCIENCES & SANAKA HOSPITALS,M.D. (ANAESTHESIOLOGY),State Quota,General,UR,44902,52599,2
2024,3,NORTH BENGAL MEDICAL COLLEGE AND HOSPITAL,M.D. (PSYCHIATRY),State Quota,SC,SC,53509,53509,1
2024,3,BURDWAN MEDICAL COLLEGE,M.D. (RADIO- DIAGNOSIS),State Quota,ST,ST,53669,53669,1
2024,3,MEDICAL COLLEGE KOLKATA,DIPLOMA IN OPHTHALMOLOGY/DO MS,State Quota,General,UR,47631,53684,2
2024,3,R G KAR MEDICAL COLLEGE,M.D. (ANAESTHESIOLOGY),State Quota,SC,SC,46799,53846,2
2024,3,ALL INDIA INSTITUTE OF HYGIENE AND PUBLIC HEALTH,M.D. (PREVENTIVE AND SOCIAL MEDICINE)/ COMMUNITY MEDICINE,State Quota,OBC-A (Non-Creamy Layer),OBC (Non-Creamy Layer),45019,55389,2
2024,3,COLLEGE OF MEDICINE AND SAGORE DUTTA HOSPITAL,M.D. (ANAESTHESIOLOGY),State Quota,SC,SC,55417,55417,1
2024,3,BANKURA SAMMILANI MEDICAL COLLEGE,M.D. (ANAESTHESIOLOGY),State Quota,SC,SC,55998,55998,1
2024,3,BARASAT GOVERNMENT MEDICAL COLLEGE AND HOSPITAL,(NBEMS) GENERAL MEDICINE,In-Service DNB,OBC-A (Non-Creamy Layer),OBC-A (Non-Creamy Layer),56015,56015,1
2024,3,NORTH BENGAL MEDICAL COLLEGE AND HOSPITAL,M.D. (PATHOLOGY),State Quota,General,UR,45815,56163,2
2024,3,MURSHIDABAD MEDICAL COLLEGE AND HOSPITAL,M.D. (ANAESTHESIOLOGY),State Quota,SC,SC,56190,56190,1
2024,3,JAGANNATH GUPTA INSTITUTE OF MEDICAL SCIENCES AND HOSPITAL,M.S. (GENERAL SURGERY),State Quota,SC,SC,56316,56316,1
2024,3,MEDICAL COLLEGE KOLKATA,M.D. (PATHOLOGY),State Quota,SC,SC,56721,56721,1
2024,3,GOURI DEVI INSTITUTE OF MEDICAL SCIENCES AND HOSPITAL,M.D. (PAEDIATRICS),State Quota,OBC-B (Non-Creamy Layer),OBC-B (Non-Creamy Layer),56881,56881,1
2024,3,DIAMOND HARBOUR GOVERNMENT MEDICAL COLLEGE AND HOSPITAL,(NBEMS) GENERAL MEDICINE,In-Service DNB,SC,SC,57014,57014,1
2024,3,INSTITUTE OF POST GRADUATE MEDICAL EDUCATION AND RESEARCH KOLKATA,M.S. (ORTHOPAEDICS),In-Service,OBC-A (Non-Creamy Layer),OBC-A (Non-Creamy Layer),57220,57220,1
2024,3,JAGANNATH GUPTA INSTITUTE OF MEDICAL SCIENCES AND HOSPITAL,M.S. (GENERAL SURGERY),State Quota,OBC-B (Non-Creamy Layer),OBC-B (Non-Creamy Layer),57539,57539,1
2024,3,GOURI DEVI INSTITUTE OF MEDICAL SCIENCES AND HOSPITAL,M.S. (GENERAL SURGERY),State Quota,SC,SC,58050,58050,1
2024,3,"SCHOOL OF TROPICAL MEDICINE, KOLKATA",M.D. (MICROBIOLOGY),State Quota,General,UR,58611,58611,1
2024,3,ICARE INSTITUTE OF MEDICAL SCIENCES AND RESEARCH HALDIA,M.D. (ANAESTHESIOLOGY),State Quota,General,UR,58627,58627,1
2024,3,MEDICAL COLLEGE KOLKATA,DIPLOMA IN OPHTHALMOLOGY/DO MS,State Quota,OBC-A (Non-Creamy Layer),OBC-A (Non-Creamy Layer),58752,58752,1
2024,3,JAGANNATH GUPTA INSTITUTE OF MEDICAL SCIENCES AND HOSPITAL,M.D. (GENERAL MEDICINE),Private Management Quota,General,UR,55072,59916,2
2024,3,NIL RATAN SIRCAR MEDICAL COLLEGE,M.D. (PSYCHIATRY),State Quota,OBC-B (Non-Creamy Layer),OBC-B (Non-Creamy Layer),60348,60348,1
2024,3,"IQ CITY MEDICAL COLLEGE, DURGAPUR",M.D. (PATHOLOGY),State Quota,General,UR,60768,60768,1
2024,3,JAGANNATH GUPTA INSTITUTE OF MEDICAL SCIENCES AND HOSPITAL,M.D. (ANAESTHESIOLOGY),State Quota,General,UR,44518,61119,2
2024,3,SHRI RAMKRISHNA INSTITUTE OF MEDICAL SCIENCES & SANAKA HOSPITALS,M.S. (GENERAL SURGERY),State Quota,SC,SC,61740,61740,1
2024,3,NIL RATAN SIRCAR MEDICAL COLLEGE,M.S. (ORTHOPAEDICS),In-Service,OBC-A (Non-Creamy Layer),UR,61852,61852,1
2024,3,"RAMAKRISHNA MISSION SEVA PRATISHTHAN VIVEKANANDA INSTITUTE OF MEDICAL SCIENCES, KOLKATA",M.D. (GENERAL MEDICINE),In-Service,General,UR,61883,61883,1
2024,3,IMAMBARA DISTRICT HOSPITAL,(NBEMS) GENERAL MEDICINE,In-Service DNB,OBC-A (Non-Creamy Layer),OBC-A (Non-Creamy Layer),62259,62259,1
2024,3,JAGANNATH GUPTA INSTITUTE OF MEDICAL SCIENCES AND HOSPITAL,M.D. (GENERAL MEDICINE),State Quota,OBC-B (Non-Creamy Layer),OBC-B (Non-Creamy Layer),63328,63328,1
2024,3,MEDICAL COLLEGE KOLKATA,M.S. (OPHTHALMOLOGY),State Quota,ST,ST,63489,63489,1
2024,3,NIL RATAN SIRCAR MEDICAL COLLEGE,M.S. (OPHTHALMOLOGY),State Quota,OBC-B (Non-Creamy Layer),OBC-B (Non-Creamy Layer),64103,64103,1
2024,3,GOURI DEVI INSTITUTE OF MEDICAL SCIENCES AND HOSPITAL,M.S. (ORTHOPAEDICS),Private Management Quota,SC,UR,64686,64686,1
2024,3,INSTITUTE OF POST GRADUATE MEDICAL EDUCATION AND RESEARCH KOLKATA,M.S. (E.N.T.),State Quota,OBC-B (Non-Creamy Layer),OBC-B (Non-Creamy Layer),20809,64873,2
2024,3,BURDWAN MEDICAL COLLEGE,M.D. (GENERAL MEDICINE),In-Service,OBC (Non-Creamy Layer),UR,65044,65044,1
2024,3,NIL RATAN SIRCAR MEDICAL COLLEGE,M.S. (E.N.T.),State Quota,EWS,EWS,65075,65075,1
2024,3,NORTH BENGAL MEDICAL COLLEGE AND HOSPITAL,M.D. (GENERAL MEDICINE),In-Service,OBC-A (Non-Creamy Layer),UR,65230,65230,1
2024,3,CALCUTTA NATIONAL MEDICAL COLLEGE KOLKATA,M.D. (PATHOLOGY),State Quota,SC,SC,65566,65566,1
2024,3,INSTITUTE OF POST GRADUATE MEDICAL EDUCATION AND RESEARCH KOLKATA,M.D. (PAEDIATRICS),In-Service,OBC-A (Non-Creamy Layer),UR,66219,66219,1
2024,3,MEDICAL COLLEGE KOLKATA,M.S. (ORTHOPAEDICS),In-Service,SC,SC,66820,66820,1
2024,3,TAMRALIPTO GOVERNMENT MEDICAL COLLEGE,(NBEMS) GENERAL MEDICINE,In-Service DNB,SC,UR,66967,66967,1
2024,3,GOURI DEVI INSTITUTE OF MEDICAL SCIENCES AND HOSPITAL,M.S. (OPHTHALMOLOGY),State Quota,General,UR,59332,66972,2
2024,3,JAGANNATH GUPTA INSTITUTE OF MEDICAL SCIENCES AND HOSPITAL,M.D. (OBST. AND GYNAE)/MS (OBSTETRICS AND GYNAECOLOGY),Private Management Quota,OBC (Non-Creamy Layer),UR,67516,67516,1
2024,3,DIAMOND HARBOUR GOVERNMENT MEDICAL COLLEGE AND HOSPITAL,(NBEMS) PAEDIATRICS,In-Service DNB,SC,UR,67912,67912,1
2024,3,GOURI DEVI INSTITUTE OF MEDICAL SCIENCES AND HOSPITAL,M.D. (PATHOLOGY),State Quota,General,UR,67950,67950,1
2024,3,SHRI RAMKRISHNA INSTITUTE OF MEDICAL SCIENCES & SANAKA HOSPITALS,M.D. (PAEDIATRICS),Private Management Quota,General,UR,67961,67961,1
2024,3,INSTITUTE OF POST GRADUATE MEDICAL EDUCATION AND RESEARCH KOLKATA,M.D. (PHYSICAL MED. AND REHABILITATION),State Quota,SC,SC,68687,68687,1
2024,3,INSTITUTE OF POST GRADUATE MEDICAL EDUCATION AND RESEARCH KOLKATA,M.S. (GENERAL SURGERY),In-Service,SC,UR,68863,68863,1
2024,3,COLLEGE OF MEDICINE AND SAGORE DUTTA HOSPITAL,M.D. (PREVENTIVE AND SOCIAL MEDICINE)/ COMMUNITY MEDICINE,State Quota,General,UR,69186,69186,1
2024,3,ICARE INSTITUTE OF MEDICAL SCIENCES AND RESEARCH HALDIA,M.S. (E.N.T.),State Quota,General,UR,69220,69220,1
2024,3,SHRI RAMKRISHNA INSTITUTE OF MEDICAL SCIENCES & SANAKA HOSPITALS,M.S. (E.N.T.),State Quota,General,UR,66035,69257,2
2024,3,"RAMAKRISHNA MISSION SEVA PRATISHTHAN VIVEKANANDA INSTITUTE OF MEDICAL SCIENCES, KOLKATA",M.S. (GENERAL SURGERY),State Quota,ST,ST,69558,69558,1
2024,3,MEDICAL COLLEGE KOLKATA,DIPLOMA IN ANAESTHESIOLOGY,State Quota,SC,SC,69681,69681,1
2024,3,ICARE INSTITUTE OF MEDICAL SCIENCES AND RESEARCH HALDIA,M.S. (OPHTHALMOLOGY),State Quota,General,UR,69683,69683,1
2024,3,R G KAR MEDICAL COLLEGE,M.D. (PATHOLOGY),State Quota,SC,SC,70204,70204,1
2024,3,BANKURA SAMMILANI MEDICAL COLLEGE,"M.D. (DERM.,VENE. AND LEPROSY)/ (DERMATOLOGY)/ (SKIN AND VENEREAL DISEASES)/ (VENEREOLOGY)",In-Service,SC,SC,70464,70464,1
2024,3,KPC MEDICAL COLLEGE,M.S. (GENERAL SURGERY),State Quota,OBC-A (Non-Creamy Layer),OBC-A (Non-Creamy Layer),70686,70686,1
2024,3,BANKURA SAMMILANI MEDICAL COLLEGE,M.D. (PATHOLOGY),State Quota,SC,SC,70716,70716,1
2024,3,ICARE INSTITUTE OF MEDICAL SCIENCES AND RESEARCH HALDIA,M.S. (OPHTHALMOLOGY),State Quota,SC,SC,71168,71168,1
2024,3,INSTITUTE OF CHILD HEALTH,M.D. (PAEDIATRICS),In-Service,General,UR,68130,71560,2
2024,3,NORTH BENGAL MEDICAL COLLEGE AND HOSPITAL,M.D. (OBST. AND GYNAE)/MS (OBSTETRICS AND GYNAECOLOGY),In-Service,General,UR,71671,71671,1
2024,3,BANKURA SAMMILANI MEDICAL COLLEGE,M.D. (GENERAL MEDICINE),In-Service,General,UR,71840,71840,1
2024,3,MEDICAL COLLEGE KOLKATA,M.D. (PHARMACOLOGY),State Quota,General,UR,72594,72594,1
2024,3,ALL INDIA INSTITUTE OF HYGIENE AND PUBLIC HEALTH,M.D. (PREVENTIVE AND SOCIAL MEDICINE)/ COMMUNITY MEDICINE,State Quota,SC,SC,72675,72675,1
2024,3,CALCUTTA NATIONAL MEDICAL COLLEGE KOLKATA,M.D. (OBST. AND GYNAE)/MS (OBSTETRICS AND GYNAECOLOGY),State Quota,ST,ST,72965,72965,1
2024,3,INSTITUTE OF POST GRADUATE MEDICAL EDUCATION AND RESEARCH KOLKATA,M.D. (RADIO- DIAGNOSIS),In-Service,OBC-B (Non-Creamy Layer),OBC-B (Non-Creamy Layer),73467,73467,1
2024,3,MEDICAL COLLEGE KOLKATA,M.D. (TUBERCULOSIS AND RESPIRATORY DISEASES)/PULMONA RY MEDICINE /M.D. (RESPIRATORY MEDICINE),In-Service,General,UR,73913,73913,1
2024,3,MEDICAL COLLEGE KOLKATA,DIP.IN GYNAE. AND OBST.,State Quota,EWS,EWS,73970,73970,1
2024,3,JAGANNATH GUPTA INSTITUTE OF MEDICAL SCIENCES AND HOSPITAL,M.D. (OBST. AND GYNAE)/MS (OBSTETRICS AND GYNAECOLOGY),State Quota,SC,SC,74855,74855,1
2024,3,ALL INDIA INSTITUTE OF HYGIENE AND PUBLIC HEALTH,M.D. (PREVENTIVE AND SOCIAL MEDICINE)/ COMMUNITY MEDICINE,State Quota,ST,ST,74860,74860,1
2024,3,COLLEGE OF MEDICINE AND JNM HOSPITAL KALYANI,M.D. (PREVENTIVE AND SOCIAL MEDICINE)/ COMMUNITY MEDICINE,State Quota,General,UR,75597,75597,1
2024,3,KPC MEDICAL COLLEGE,M.D. (ANAESTHESIOLOGY),State Quota,OBC-A (Non-Creamy Layer),OBC-A (Non-Creamy Layer),76439,76439,1
2024,3,NIL RATAN SIRCAR MEDICAL COLLEGE,M.S. (GENERAL SURGERY),In-Service,General,UR,77161,77161,1
2024,3,ALL INDIA INSTITUTE OF HYGIENE AND PUBLIC HEALTH,M.P.H. (EPIDEMIOLOGY),State Quota,SC,SC,77353,77353,1
2024,3,BURDWAN MEDICAL COLLEGE,M.D. (PREVENTIVE AND SOCIAL MEDICINE)/ COMMUNITY MEDICINE,State Quota,General,UR,77698,77698,1
2024,3,"IQ CITY MEDICAL COLLEGE, DURGAPUR",M.D. (PREVENTIVE AND SOCIAL MEDICINE)/ COMMUNITY MEDICINE,State Quota,General,UR,77891,77891,1
2024,3,JAGANNATH GUPTA INSTITUTE OF MEDICAL SCIENCES AND HOSPITAL,M.S. (E.N.T.),State Quota,SC,SC,78058,78058,1
2024,3,INSTITUTE OF POST GRADUATE MEDICAL EDUCATION AND RESEARCH KOLKATA,M.S. (GENERAL SURGERY),In-Service,General,UR,78138,78138,1
2024,3,JAGANNATH GUPTA INSTITUTE OF MEDICAL SCIENCES AND HOSPITAL,M.S. (ORTHOPAEDICS),Private Management Quota,General,UR,78810,78810,1
2024,3,"IQ CITY MEDICAL COLLEGE, DURGAPUR",M.D. (TUBERCULOSIS AND RESPIRATORY DISEASES)/PULMONA RY MEDICINE /M.D. (RESPIRATORY MEDICINE),Private Management Quota,General,UR,61483,79784,2
2024,3,GOURI DEVI INSTITUTE OF MEDICAL SCIENCES AND HOSPITAL,M.D. (OBST. AND GYNAE)/MS (OBSTETRICS AND GYNAECOLOGY),State Quota,SC,SC,80100,80100,1
2024,3,NIL RATAN SIRCAR MEDICAL COLLEGE,M.D. (PHARMACOLOGY),State Quota,General,UR,80322,80322,1
2024,3,"DEBEN MAHATO SADAR HOSPITAL, PURULIA",(NBEMS) GENERAL MEDICINE,In-Service DNB,General,UR,80752,80752,1
2024,3,JAGANNATH GUPTA INSTITUTE OF MEDICAL SCIENCES AND HOSPITAL,M.D. (TUBERCULOSIS AND RESPIRATORY DISEASES)/PULMONA RY MEDICINE /M.D. (RESPIRATORY MEDICINE),Private Management Quota,General,UR,81202,81202,1
2024,3,INSTITUTE OF POST GRADUATE MEDICAL EDUCATION AND RESEARCH KOLKATA,M.D. (ANAESTHESIOLOGY),In-Service,SC,UR,81401,81401,1
2024,3,JAGANNATH GUPTA INSTITUTE OF MEDICAL SCIENCES AND HOSPITAL,M.D. (ANAESTHESIOLOGY),State Quota,OBC-A (Non-Creamy Layer),OBC-A (Non-Creamy Layer),82043,82043,1
2024,3,MEDICAL COLLEGE KOLKATA,M.D. (PAEDIATRICS),In-Service,SC,SC,82202,82202,1
2024,3,MEDICAL COLLEGE KOLKATA,DIPLOMA IN OPHTHALMOLOGY/DO MS,State Quota,SC,SC,71390,82406,2
2024,3,GOURI DEVI INSTITUTE OF MEDICAL SCIENCES AND HOSPITAL,M.S. (GENERAL SURGERY),Private Management Quota,General,UR,82855,82855,1
2024,3,MEDICAL COLLEGE KOLKATA,M.D. IN TRANSFUSION MEDICINE/ IMMUNO- HAEMATOLOGY AND BLOOD TRANSFUSION,State Quota,OBC-A (Non-Creamy Layer),OBC-A (Non-Creamy Layer),82862,82862,1
2024,3,BURDWAN MEDICAL COLLEGE,DIPLOMA IN OPHTHALMOLOGY/DO MS,State Quota,SC,SC,82929,82929,1
2024,3,"SCHOOL OF TROPICAL MEDICINE, KOLKATA",M.D. (PHARMACOLOGY),State Quota,General,UR,83146,83146,1
2024,3,NIL RATAN SIRCAR MEDICAL COLLEGE,M.D. (ANAESTHESIOLOGY),State Quota,OBC-B (Non-Creamy Layer),OBC-B (Non-Creamy Layer),83398,83398,1
2024,3,INSTITUTE OF POST GRADUATE MEDICAL EDUCATION AND RESEARCH KOLKATA,M.D. (PSYCHIATRY),In-Service,General,UR,83810,83810,1
2024,3,R G KAR MEDICAL COLLEGE,M.S. (GENERAL SURGERY),In-Service,General,UR,84024,84024,1
2024,3,ICARE INSTITUTE OF MEDICAL SCIENCES AND RESEARCH HALDIA,M.D. (ANAESTHESIOLOGY),State Quota,SC,SC,84734,84734,1
2024,3,M R BANGUR HOSPITAL,(NBEMS) GENERAL SURGERY,In-Service DNB,SC,UR,84925,84925,1
2024,3,CALCUTTA NATIONAL MEDICAL COLLEGE KOLKATA,M.D. (PSYCHIATRY),In-Service,General,UR,84997,84997,1
2024,3,"IQ CITY MEDICAL COLLEGE, DURGAPUR",M.S. (GENERAL SURGERY),Private Management Quota,OBC (Non-Creamy Layer),UR,85315,85315,1
2024,3,MEDICAL COLLEGE KOLKATA,M.D. (PAEDIATRICS),State Quota,ST,ST,85362,85362,1
2024,3,DR. B C ROY POST GRADUATE INSTITUTE OF PAEDIATRIC SCIENCES,M.D. (PAEDIATRICS),In-Service,OBC-A (Non-Creamy Layer),OBC-A (Non-Creamy Layer),85521,85521,1
2024,3,INSTITUTE OF POST GRADUATE MEDICAL EDUCATION AND RESEARCH KOLKATA,"M.D. (DERM.,VENE. AND LEPROSY)/ (DERMATOLOGY)/ (SKIN AND VENEREAL DISEASES)/ (VENEREOLOGY)",In-Service,OBC-B (Non-Creamy Layer),OBC-B (Non-Creamy Layer),85522,85522,1
2024,3,COLLEGE OF MEDICINE AND SAGORE DUTTA HOSPITAL,M.D. (TUBERCULOSIS AND RESPIRATORY DISEASES)/PULMONA RY MEDICINE /M.D. (RESPIRATORY MEDICINE),State Quota,ST,ST,86013,86013,1
2024,3,GOURI DEVI INSTITUTE OF MEDICAL SCIENCES AND HOSPITAL,M.D. (TUBERCULOSIS AND RESPIRATORY DISEASES)/PULMONA RY MEDICINE /M.D. (RESPIRATORY MEDICINE),Private Management Quota,General,UR,79832,86032,2
2024,3,NIL RATAN SIRCAR MEDICAL COLLEGE,M.D. (PAEDIATRICS),In-Service,General,UR,86315,86315,1
2024,3,KPC MEDICAL COLLEGE,M.D. (ANAESTHESIOLOGY),Private Management Quota,General,UR,86362,86362,1
2024,3,KPC MEDICAL COLLEGE,M.S. (GENERAL SURGERY),Private Management Quota,EWS,UR,86758,86758,1
2024,3,KPC MEDICAL COLLEGE,M.S. (GENERAL SURGERY),Private Management Quota,General,UR,48258,87809,4
2024,3,GOURI DEVI INSTITUTE OF MEDICAL SCIENCES AND HOSPITAL,M.S. (E.N.T.),State Quota,SC,SC,88315,88315,1
2024,3,MEDICAL COLLEGE KOLKATA,M.D. (PATHOLOGY),In-Service,General,UR,88474,88474,1
2024,3,INSTITUTE OF POST GRADUATE MEDICAL EDUCATION AND RESEARCH KOLKATA,M.D. (ANAESTHESIOLOGY),State Quota,ST,ST,88841,88841,1
2024,3,DR. B C ROY POST GRADUATE INSTITUTE OF PAEDIATRIC SCIENCES,M.D. (PAEDIATRICS),In-Service,SC,SC,88937,88937,1
2024,3,"SCHOOL OF TROPICAL MEDICINE, KOLKATA",M.D. (TROPICAL MEDICINE),In-Service,SC,UR,88995,88995,1
2024,3,R G KAR MEDICAL COLLEGE,M.D. (PREVENTIVE AND SOCIAL MEDICINE)/ COMMUNITY MEDICINE,State Quota,OBC-A (Non-Creamy Layer),OBC-A (Non-Creamy Layer),89117,89117,1
2024,3,SHRI RAMKRISHNA INSTITUTE OF MEDICAL SCIENCES & SANAKA HOSPITALS,M.S. (ORTHOPAEDICS),Private Management Quota,OBC (Non-Creamy Layer),UR,89772,89772,1
2024,3,MEDICAL COLLEGE KOLKATA,M.D. (PHARMACOLOGY),State Quota,SC,SC,89808,89808,1
2024,3,INSTITUTE OF POST GRADUATE MEDICAL EDUCATION AND RESEARCH KOLKATA,M.D. (BIOCHEMISTRY),State Quota,General,UR,90158,90158,1
2024,3,BURDWAN MEDICAL COLLEGE,M.D. (RADIOTHERAPY/ RADIATION ONCOLOGY),State Quota,EWS,EWS,90565,90565,1
2024,3,MEDICAL COLLEGE KOLKATA,(NBEMS) CARDIO VASCULAR AND THORACIC SURGERY (DIRECT 6 YEARS COURSE),In-Service DNB,General,UR,90575,90575,1
2024,3,DISTRICT HOSPITAL NADIA,(NBEMS) GENERAL MEDICINE,In-Service DNB,OBC-B (Non-Creamy Layer),UR,90794,90794,1
2024,3,MEDICAL COLLEGE KOLKATA,M.D. (OBST. AND GYNAE)/MS (OBSTETRICS AND GYNAECOLOGY),In-Service,General,UR,60270,90908,2
2024,3,KPC MEDICAL COLLEGE,M.D. (PHARMACOLOGY),State Quota,General,UR,91063,91063,1
2024,3,MEDICAL COLLEGE KOLKATA,M.S. (OPHTHALMOLOGY),In-Service,General,UR,91751,91751,1
2024,3,INSTITUTE OF POST GRADUATE MEDICAL EDUCATION AND RESEARCH KOLKATA,M.D. (OBST. AND GYNAE)/MS (OBSTETRICS AND GYNAECOLOGY),In-Service,SC,UR,91981,91981,1
2024,3,CALCUTTA NATIONAL MEDICAL COLLEGE KOLKATA,M.D. (PAEDIATRICS),In-Service,SC,UR,89103,92304,2
2024,3,CALCUTTA NATIONAL MEDICAL COLLEGE KOLKATA,M.D. (PREVENTIVE AND SOCIAL MEDICINE)/ COMMUNITY MEDICINE,State Quota,SC,SC,92724,92724,1
2024,3,R G KAR MEDICAL COLLEGE,M.D. (PATHOLOGY),State Quota,OBC-A (Non-Creamy Layer),OBC-A (Non-Creamy Layer),93183,93183,1
2024,3,GOURI DEVI INSTITUTE OF MEDICAL SCIENCES AND HOSPITAL,M.S. (OPHTHALMOLOGY),Private Management Quota,SC,UR,93260,93260,1
2024,3,BANKURA SAMMILANI MEDICAL COLLEGE,M.D. (OBST. AND GYNAE)/MS (OBSTETRICS AND GYNAECOLOGY),In-Service,SC,UR,93469,93469,1
2024,3,ICARE INSTITUTE OF MEDICAL SCIENCES AND RESEARCH HALDIA,M.S. (ORTHOPAEDICS),State Quota,ST,ST,93545,93545,1
2024,3,R G KAR MEDICAL COLLEGE,M.S. (GENERAL SURGERY),In-Service,SC,SC,94347,94347,1
2024,3,NIL RATAN SIRCAR MEDICAL COLLEGE,M.D. (OBST. AND GYNAE)/MS (OBSTETRICS AND GYNAECOLOGY),In-Service,General,UR,94498,94498,1
2024,3,COLLEGE OF MEDICINE AND SAGORE DUTTA HOSPITAL,M.D. (PAEDIATRICS),State Quota,ST,ST,95186,95186,1
2024,3,KPC MEDICAL COLLEGE,M.S. (E.N.T.),Private Management Quota,General,UR,95232,95232,1
2024,3,R G KAR MEDICAL COLLEGE,M.D. (OBST. AND GYNAE)/MS (OBSTETRICS AND GYNAECOLOGY),In-Service,OBC-A (Non-Creamy Layer),UR,95605,95605,1
2024,3,NIL RATAN SIRCAR MEDICAL COLLEGE,M.S. (E.N.T.),In-Service,General,UR,95803,95803,1
2024,3,DR. B C ROY POST GRADUATE INSTITUTE OF PAEDIATRIC SCIENCES,M.D. (PAEDIATRICS),In-Service,OBC-A (Non-Creamy Layer),UR,95861,95861,1
2024,3,R G KAR MEDICAL COLLEGE,M.D. (PSYCHIATRY),In-Service,General,UR,95968,95968,1
2024,3,IMAMBARA DISTRICT HOSPITAL,(NBEMS) OBSTETRICS AND GYNAECOLOGY,In-Service DNB,SC,UR,96479,96479,1
2024,3,INSTITUTE OF POST GRADUATE MEDICAL EDUCATION AND RESEARCH KOLKATA,M.D. (MICROBIOLOGY),State Quota,General,UR,96717,96717,1
2024,3,DIAMOND HARBOUR GOVERNMENT MEDICAL COLLEGE AND HOSPITAL,(NBEMS) OBSTETRICS AND GYNAECOLOGY,In-Service DNB,General,UR,96971,96971,1
2024,3,CALCUTTA NATIONAL MEDICAL COLLEGE KOLKATA,M.D. (ANAESTHESIOLOGY),State Quota,OBC-B (Non-Creamy Layer),OBC-B (Non-Creamy Layer),97024,97024,1
2024,3,NIL RATAN SIRCAR MEDICAL COLLEGE,M.D. (PHYSICAL MED. AND REHABILITATION),In-Service,ST,UR,97042,97042,1
2024,3,GOURI DEVI INSTITUTE OF MEDICAL SCIENCES AND HOSPITAL,M.D. (PAEDIATRICS),Private Management Quota,General,UR,61340,97533,2
2024,3,R G KAR MEDICAL COLLEGE,M.D. (MICROBIOLOGY),State Quota,General,UR,97604,97604,1
2024,3,"IQ CITY MEDICAL COLLEGE, DURGAPUR",M.S. (E.N.T.),Private Management Quota,General,UR,98082,98082,1
2024,3,GOURI DEVI INSTITUTE OF MEDICAL SCIENCES AND HOSPITAL,M.S. (E.N.T.),Private Management Quota,OBC (Non-Creamy Layer),UR,98156,98156,1
2024,3,DR. B C ROY POST GRADUATE INSTITUTE OF PAEDIATRIC SCIENCES,(NBEMS) PAEDIATRIC SURGERY (DIRECT 6 YEARS COURSE),In-Service DNB,SC,UR,99037,99037,1
2024,3,MEDICAL COLLEGE KOLKATA,M.D. (FORENSIC MEDICINE),State Quota,General,UR,99040,99040,1
2024,3,COLLEGE OF MEDICINE AND SAGORE DUTTA HOSPITAL,M.D. (PAEDIATRICS),In-Service,General,UR,99079,99079,1
2024,3,BURDWAN MEDICAL COLLEGE,M.D. (OBST. AND GYNAE)/MS (OBSTETRICS AND GYNAECOLOGY),In-Service,General,UR,99600,99600,1
2024,3,JAGANNATH GUPTA INSTITUTE OF MEDICAL SCIENCES AND HOSPITAL,M.S. (GENERAL SURGERY),Private Management Quota,SC,UR,99648,99648,1
2024,3,GOURI DEVI INSTITUTE OF MEDICAL SCIENCES AND HOSPITAL,MD/MS (ANATOMY),State Quota,General,UR,99813,99813,1
2024,3,MURSHIDABAD MEDICAL COLLEGE AND HOSPITAL,M.D. (PREVENTIVE AND SOCIAL MEDICINE)/ COMMUNITY MEDICINE,State Quota,SC,SC,100101,100101,1
2024,3,MEDICAL COLLEGE KOLKATA,M.S. (OPHTHALMOLOGY),In-Service,OBC-A (Non-Creamy Layer),UR,100117,100117,1
2024,3,"CHITTARANJAN SEVA SADAN COLLEGE OF OBS. GYNAE AND CHILD HEALTH,KOLKATA",M.D. (OBST. AND GYNAE)/MS (OBSTETRICS AND GYNAECOLOGY),State Quota,ST,ST,100150,100150,1
2024,3,ICARE INSTITUTE OF MEDICAL SCIENCES AND RESEARCH HALDIA,M.D. (RADIO- DIAGNOSIS),NRI Quota,OBC (Non-Creamy Layer),UR,100243,100243,1
2024,3,NORTH BENGAL MEDICAL COLLEGE AND HOSPITAL,M.D. (PREVENTIVE AND SOCIAL MEDICINE)/ COMMUNITY MEDICINE,State Quota,General,UR,100523,100523,1
2024,3,R G KAR MEDICAL COLLEGE,M.S. (GENERAL SURGERY),In-Service,OBC-A (Non-Creamy Layer),UR,100710,100710,1
2024,3,INSTITUTE OF POST GRADUATE MEDICAL EDUCATION AND RESEARCH KOLKATA,M.D. (RADIOTHERAPY/ RADIATION ONCOLOGY),In-Service,General,UR,101380,101380,1
2024,3,INSTITUTE OF POST GRADUATE MEDICAL EDUCATION AND RESEARCH KOLKATA,M.D. (PSYCHIATRY),In-Service,SC,SC,101647,101647,1
2024,3,COLLEGE OF MEDICINE AND SAGORE DUTTA HOSPITAL,M.D. (MICROBIOLOGY),State Quota,General,UR,102304,102304,1
2024,3,KPC MEDICAL COLLEGE,M.S. (ORTHOPAEDICS),In-Service,OBC-B (Non-Creamy Layer),OBC-B (Non-Creamy Layer),102518,102518,1
2024,3,BURDWAN MEDICAL COLLEGE,M.S. (GENERAL SURGERY),In-Service,General,UR,102630,102630,1
2024,3,DISTRICT HOSPITAL NADIA,(NBEMS) OBSTETRICS AND GYNAECOLOGY,In-Service DNB,General,UR,102641,102641,1
2024,3,KPC MEDICAL COLLEGE,M.D. (PATHOLOGY),State Quota,General,UR,103107,103107,1
2024,3,"RAMAKRISHNA MISSION SEVA PRATISHTHAN VIVEKANANDA INSTITUTE OF MEDICAL SCIENCES, KOLKATA",DIPLOMA IN OPHTHALMOLOGY/DO MS,State Quota,OBC-A (Non-Creamy Layer),OBC-A (Non-Creamy Layer),103243,103243,1
2024,3,"IQ CITY MEDICAL COLLEGE, DURGAPUR",M.D. (ANAESTHESIOLOGY),Private Management Quota,OBC (Non-Creamy Layer),UR,103779,103779,1
2024,3,MURSHIDABAD MEDICAL COLLEGE AND HOSPITAL,M.S. (GENERAL SURGERY),In-Service,OBC-A (Non-Creamy Layer),OBC-A (Non-Creamy Layer),103796,103796,1
2024,3,CALCUTTA NATIONAL MEDICAL COLLEGE KOLKATA,M.D. (PREVENTIVE AND SOCIAL MEDICINE)/ COMMUNITY MEDICINE,In-Service,General,UR,104236,104236,1
2024,3,"IQ CITY MEDICAL COLLEGE, DURGAPUR",M.D. (PSYCHIATRY),Private Management Quota,General,UR,104261,104261,1
2024,3,RAIGANJ GOVERNMENT MEDICAL COLLEGE AND HOSPITAL,(NBEMS) GENERAL MEDICINE,In-Service DNB,General,UR,104620,104620,1
2024,3,MIDNAPORE MEDICAL COLLEGE,M.D. (OBST. AND GYNAE)/MS (OBSTETRICS AND GYNAECOLOGY),In-Service,General,UR,104899,104899,1
2024,3,KPC MEDICAL COLLEGE,M.D. (RADIO- DIAGNOSIS),NRI Quota,General,UR,70336,105305,2
2024,3,INSTITUTE OF POST GRADUATE MEDICAL EDUCATION AND RESEARCH KOLKATA,M.S. (OPHTHALMOLOGY),In-Service,General,UR,105848,105848,1
2024,3,INSTITUTE OF POST GRADUATE MEDICAL EDUCATION AND RESEARCH KOLKATA,M.S. (GENERAL SURGERY),In-Service,SC,SC,106046,106046,1
2024,3,GOURI DEVI INSTITUTE OF MEDICAL SCIENCES AND HOSPITAL,M.D. (RADIO- DIAGNOSIS),NRI Quota,OBC (Non-Creamy Layer),UR,106228,106228,1
2024,3,GOURI DEVI INSTITUTE OF MEDICAL SCIENCES AND HOSPITAL,M.D. (TUBERCULOSIS AND RESPIRATORY DISEASES)/PULMONA RY MEDICINE /M.D. (RESPIRATORY MEDICINE),State Quota,OBC-A (Non-Creamy Layer),OBC-A (Non-Creamy Layer),106385,106385,1
2024,3,MIDNAPORE MEDICAL COLLEGE,M.D. (PAEDIATRICS),In-Service,SC,SC,106581,106581,1
2024,3,KPC MEDICAL COLLEGE,M.D. (GENERAL MEDICINE),NRI Quota,General,UR,66652,106904,2
2024,3,R G KAR MEDICAL COLLEGE,M.D. (BIOCHEMISTRY),State Quota,General,UR,107099,107099,1
2024,3,"IQ CITY MEDICAL COLLEGE, DURGAPUR",M.D. (GENERAL MEDICINE),NRI Quota,OBC-A (Non-Creamy Layer),UR,107229,107229,1
2024,3,COLLEGE OF MEDICINE AND SAGORE DUTTA HOSPITAL,M.D. (TUBERCULOSIS AND RESPIRATORY DISEASES)/PULMONA RY MEDICINE /M.D. (RESPIRATORY MEDICINE),In-Service,OBC-B (Non-Creamy Layer),OBC-B (Non-Creamy Layer),107475,107475,1
2024,3,"IQ CITY MEDICAL COLLEGE, DURGAPUR",M.D. (ANAESTHESIOLOGY),Private Management Quota,General,UR,107757,107757,1
2024,3,"CHITTARANJAN SEVA SADAN COLLEGE OF OBS. GYNAE AND CHILD HEALTH,KOLKATA",M.D. (OBST. AND GYNAE)/MS (OBSTETRICS AND GYNAECOLOGY),In-Service,General,UR,108478,108478,1
2024,3,NIL RATAN SIRCAR MEDICAL COLLEGE,M.D. (BIOCHEMISTRY),State Quota,SC,SC,108521,108521,1
2024,3,BANKURA SAMMILANI MEDICAL COLLEGE,M.D. (PAEDIATRICS),In-Service,SC,SC,108803,108803,1
2024,3,INFECTIOUS DISEASES AND BELIAGHATA GENERAL HOSPITAL,(NBEMS) GENERAL MEDICINE,In-Service DNB,SC,SC,108983,108983,1
2024,3,MEDICAL COLLEGE KOLKATA,M.D. (PATHOLOGY),State Quota,OBC-A (Non-Creamy Layer),OBC-A (Non-Creamy Layer),110045,110045,1
2024,3,CALCUTTA NATIONAL MEDICAL COLLEGE KOLKATA,M.S. (GENERAL SURGERY),In-Service,OBC-A (Non-Creamy Layer),UR,98644,110122,2
2024,3,NIL RATAN SIRCAR MEDICAL COLLEGE,M.D. (MICROBIOLOGY),State Quota,General,UR,110125,110125,1
2024,3,KPC MEDICAL COLLEGE,M.D. (PATHOLOGY),State Quota,SC,SC,110337,110337,1
2024,3,NORTH BENGAL MEDICAL COLLEGE AND HOSPITAL,M.D. (MICROBIOLOGY),State Quota,General,UR,110481,110481,1
2024,3,"RAMAKRISHNA MISSION SEVA PRATISHTHAN VIVEKANANDA INSTITUTE OF MEDICAL SCIENCES, KOLKATA",M.D. (PAEDIATRICS),In-Service,SC,SC,110676,110676,1
2024,3,INSTITUTE OF POST GRADUATE MEDICAL EDUCATION AND RESEARCH KOLKATA,M.D. (PATHOLOGY),In-Service,SC,SC,110915,110915,1
2024,3,MEDICAL COLLEGE KOLKATA,M.D. (OBST. AND GYNAE)/MS (OBSTETRICS AND GYNAECOLOGY),In-Service,OBC-A (Non-Creamy Layer),OBC-A (Non-Creamy Layer),110998,110998,1
2024,3,INSTITUTE OF POST GRADUATE MEDICAL EDUCATION AND RESEARCH KOLKATA,M.D. (PHYSICAL MED. AND REHABILITATION),In-Service,OBC-A (Non-Creamy Layer),UR,111400,111400,1
2024,3,R G KAR MEDICAL COLLEGE,M.D. (PAEDIATRICS),State Quota,ST,ST,111519,111519,1
2024,3,INSTITUTE OF POST GRADUATE MEDICAL EDUCATION AND RESEARCH KOLKATA,M.D. (PREVENTIVE AND SOCIAL MEDICINE)/ COMMUNITY MEDICINE,In-Service,General,UR,112163,112163,1
2024,3,GOURI DEVI INSTITUTE OF MEDICAL SCIENCES AND HOSPITAL,M.D. (ANAESTHESIOLOGY),Private Management Quota,General,UR,112502,112502,1
2024,3,"RAMAKRISHNA MISSION SEVA PRATISHTHAN VIVEKANANDA INSTITUTE OF MEDICAL SCIENCES, KOLKATA",M.D. (OBST. AND GYNAE)/MS (OBSTETRICS AND GYNAECOLOGY),In-Service,General,UR,109908,113120,2
2024,3,BANKURA SAMMILANI MEDICAL COLLEGE,M.S. (GENERAL SURGERY),In-Service,General,UR,113323,113323,1
2024,3,R G KAR MEDICAL COLLEGE,M.D. (TUBERCULOSIS AND RESPIRATORY DISEASES)/PULMONA RY MEDICINE /M.D. (RESPIRATORY MEDICINE),In-Service,OBC-A (Non-Creamy Layer),OBC-A (Non-Creamy Layer),113482,113482,1
2024,3,KPC MEDICAL COLLEGE,M.D. (PREVENTIVE AND SOCIAL MEDICINE)/ COMMUNITY MEDICINE,State Quota,General,UR,113484,113484,1
2024,3,INFECTIOUS DISEASES AND BELIAGHATA GENERAL HOSPITAL,(NBEMS) MICROBIOLOGY,In-Service DNB,General,UR,113568,113568,1
2024,3,BURDWAN MEDICAL COLLEGE,M.D. (OBST. AND GYNAE)/MS (OBSTETRICS AND GYNAECOLOGY),In-Service,SC,SC,113648,113648,1
2024,3,R G KAR MEDICAL COLLEGE,M.S. (OPHTHALMOLOGY),In-Service,General,UR,113727,113727,1
2024,3,BANKURA SAMMILANI MEDICAL COLLEGE,M.S. (GENERAL SURGERY),In-Service,OBC-A (Non-Creamy Layer),OBC-A (Non-Creamy Layer),114049,114049,1
2024,3,BURDWAN MEDICAL COLLEGE,M.D. (FORENSIC MEDICINE),State Quota,General,UR,114133,114133,1
2024,3,"IQ CITY MEDICAL COLLEGE, DURGAPUR",M.S. (E.N.T.),State Quota,SC,SC,114201,114201,1
2024,3,MEDICAL COLLEGE KOLKATA,M.D. (OBST. AND GYNAE)/MS (OBSTETRICS AND GYNAECOLOGY),In-Service,SC,SC,114283,114283,1
2024,3,NIL RATAN SIRCAR MEDICAL COLLEGE,M.D. (OBST. AND GYNAE)/MS (OBSTETRICS AND GYNAECOLOGY),In-Service,SC,SC,114336,114336,1
2024,3,JAGANNATH GUPTA INSTITUTE OF MEDICAL SCIENCES AND HOSPITAL,M.D. (PAEDIATRICS),Private Management Quota,General,UR,105649,114682,3
2024,3,GOURI DEVI INSTITUTE OF MEDICAL SCIENCES AND HOSPITAL,M.S. (ORTHOPAEDICS),Private Management Quota,General,UR,114712,114712,1
2024,3,JAGANNATH GUPTA INSTITUTE OF MEDICAL SCIENCES AND HOSPITAL,M.S. (E.N.T.),Private Management Quota,OBC (Non-Creamy Layer),UR,114772,114772,1
2024,3,COLLEGE OF MEDICINE AND JNM HOSPITAL KALYANI,M.D. (PHARMACOLOGY),State Quota,General,UR,114991,114991,1
2024,3,MURSHIDABAD MEDICAL COLLEGE AND HOSPITAL,M.S. (GENERAL SURGERY),State Quota,ST,ST,115056,115056,1
2024,3,ICARE INSTITUTE OF MEDICAL SCIENCES AND RESEARCH HALDIA,M.D. (RADIO- DIAGNOSIS),NRI Quota,General,UR,99118,115615,2
2024,3,MEDICAL COLLEGE KOLKATA,M.D. (RADIOTHERAPY/ RADIATION ONCOLOGY),In-Service,General,UR,107735,115867,2
2024,3,M R BANGUR HOSPITAL,(NBEMS) OBSTETRICS AND GYNAECOLOGY,In-Service DNB,SC,SC,116001,116001,1
2024,3,JAGANNATH GUPTA INSTITUTE OF MEDICAL SCIENCES AND HOSPITAL,M.S. (GENERAL SURGERY),Private Management Quota,General,UR,97677,116535,3
2024,3,"RAMAKRISHNA MISSION SEVA PRATISHTHAN VIVEKANANDA INSTITUTE OF MEDICAL SCIENCES, KOLKATA",M.S. (GENERAL SURGERY),In-Service,General,UR,114438,116961,2
2024,3,RAMPURHAT GOVT. MEDICAL COLLEGE AND HOSPITAL,(NBEMS) OBSTETRICS AND GYNAECOLOGY,In-Service DNB,General,UR,117100,117100,1
2024,3,MIDNAPORE MEDICAL COLLEGE,M.S. (GENERAL SURGERY),In-Service,General,UR,113970,117164,2
2024,3,Jalpaiguri Government Medical College and Hospital (Formerly DISTRICT HOSPITAL) JALPAIGURI,(NBEMS) GENERAL MEDICINE,In-Service DNB,General,UR,117907,117907,1
2024,3,GOURI DEVI INSTITUTE OF MEDICAL SCIENCES AND HOSPITAL,M.D. (GENERAL MEDICINE),NRI Quota,General,UR,118572,118572,1
2024,3,INSTITUTE OF POST GRADUATE MEDICAL EDUCATION AND RESEARCH KOLKATA,M.D. (PATHOLOGY),In-Service,General,UR,101091,119741,2
2024,3,GOURI DEVI INSTITUTE OF MEDICAL SCIENCES AND HOSPITAL,M.D. (PATHOLOGY),State Quota,SC,SC,119892,119892,1
2024,3,MEDICAL COLLEGE KOLKATA,M.D. (MICROBIOLOGY),State Quota,SC,SC,119996,119996,1
2024,3,ESI PGIMSR AND ESIC MEDICAL COLLEGE JOKA KOLKATA,M.D. (OBST. AND GYNAE)/MS (OBSTETRICS AND GYNAECOLOGY),In-Service,OBC-A (Non-Creamy Layer),OBC (Non-Creamy Layer),120017,120017,1
2024,3,GOURI DEVI INSTITUTE OF MEDICAL SCIENCES AND HOSPITAL,M.S. (GENERAL SURGERY),Private Management Quota,OBC (Non-Creamy Layer),UR,120265,120265,1
2024,3,BANKURA SAMMILANI MEDICAL COLLEGE,M.D. (OBST. AND GYNAE)/MS (OBSTETRICS AND GYNAECOLOGY),In-Service,SC,SC,120316,120316,1
2024,3,"CHITTARANJAN SEVA SADAN COLLEGE OF OBS. GYNAE AND CHILD HEALTH,KOLKATA",M.D. (PAEDIATRICS),In-Service,ST,ST,120484,120484,1
2024,3,R G KAR MEDICAL COLLEGE,M.D. (RADIOTHERAPY/ RADIATION ONCOLOGY),In-Service,General,UR,120532,120532,1
2024,3,BANKURA SAMMILANI MEDICAL COLLEGE,M.S. (GENERAL SURGERY),In-Service,SC,SC,120571,120571,1
2024,3,INSTITUTE OF POST GRADUATE MEDICAL EDUCATION AND RESEARCH KOLKATA,M.S. (E.N.T.),In-Service,OBC-A (Non-Creamy Layer),UR,120779,120779,1
2024,3,RAIGANJ GOVERNMENT MEDICAL COLLEGE AND HOSPITAL,(NBEMS) GENERAL MEDICINE,In-Service DNB,OBC-A (Non-Creamy Layer),OBC-A (Non-Creamy Layer),120804,120804,1
2024,3,JAGANNATH GUPTA INSTITUTE OF MEDICAL SCIENCES AND HOSPITAL,M.D. (ANAESTHESIOLOGY),Private Management Quota,General,UR,110206,120830,2
2024,3,COLLEGE OF MEDICINE AND SAGORE DUTTA HOSPITAL,M.D. (OBST. AND GYNAE)/MS (OBSTETRICS AND GYNAECOLOGY),In-Service,SC,SC,120837,120837,1
2024,3,INSTITUTE OF POST GRADUATE MEDICAL EDUCATION AND RESEARCH KOLKATA,M.D. (ANAESTHESIOLOGY),In-Service,OBC-A (Non-Creamy Layer),UR,121008,121008,1
2024,3,MEDICAL COLLEGE KOLKATA,DIPLOMA IN ORTHOPAEDICS,In-Service,General,UR,121142,121142,1
2024,3,"SCHOOL OF TROPICAL MEDICINE, KOLKATA",M.D. (TROPICAL MEDICINE),In-Service,SC,SC,121643,121643,1
2024,3,R G KAR MEDICAL COLLEGE,M.D. (ANAESTHESIOLOGY),In-Service,General,UR,95211,121698,2
2024,3,CALCUTTA NATIONAL MEDICAL COLLEGE KOLKATA,M.D. (MICROBIOLOGY),State Quota,General,UR,121853,121853,1
2024,3,"IQ CITY MEDICAL COLLEGE, DURGAPUR",M.D. (PATHOLOGY),Private Management Quota,General,UR,122162,122162,1
2024,3,ICARE INSTITUTE OF MEDICAL SCIENCES AND RESEARCH HALDIA,M.D. (PATHOLOGY),Private Management Quota,General,UR,122173,122173,1
2024,3,INSTITUTE OF POST GRADUATE MEDICAL EDUCATION AND RESEARCH KOLKATA,M.D. (OBST. AND GYNAE)/MS (OBSTETRICS AND GYNAECOLOGY),In-Service,SC,SC,122268,122268,1
2024,3,DIAMOND HARBOUR GOVERNMENT MEDICAL COLLEGE AND HOSPITAL,(NBEMS) OBSTETRICS AND GYNAECOLOGY,In-Service DNB,OBC-A (Non-Creamy Layer),OBC-A (Non-Creamy Layer),122497,122497,1
2024,3,MALDA MEDICAL COLLEGE AND HOSPITAL,M.D. (MICROBIOLOGY),State Quota,General,UR,122718,122718,1
2024,3,INSTITUTE OF POST GRADUATE MEDICAL EDUCATION AND RESEARCH KOLKATA,M.D. (ANAESTHESIOLOGY),In-Service,General,UR,123619,123619,1
2024,3,"IQ CITY MEDICAL COLLEGE, DURGAPUR",M.D. (GENERAL MEDICINE),NRI Quota,General,UR,123636,123636,1
2024,3,JAGANNATH GUPTA INSTITUTE OF MEDICAL SCIENCES AND HOSPITAL,M.D. (ANAESTHESIOLOGY),State Quota,SC,SC,83144,123672,2
2024,3,ASANSOL DISTRICT HOSPITAL,(NBEMS) GENERAL SURGERY,In-Service DNB,General,UR,123680,123680,1
2024,3,"RAMAKRISHNA MISSION SEVA PRATISHTHAN VIVEKANANDA INSTITUTE OF MEDICAL SCIENCES, KOLKATA",M.S. (OPHTHALMOLOGY),In-Service,General,UR,124015,124015,1
2024,3,KPC MEDICAL COLLEGE,M.D. (PSYCHIATRY),Private Management Quota,SC,UR,124556,124556,1
2024,3,"SCHOOL OF TROPICAL MEDICINE, KOLKATA",M.D. (TROPICAL MEDICINE),In-Service,OBC-A (Non-Creamy Layer) PwD,UR PwD,124660,124660,1
2024,3,MIDNAPORE MEDICAL COLLEGE,M.D. (OBST. AND GYNAE)/MS (OBSTETRICS AND GYNAECOLOGY),In-Service,SC,SC,124872,124872,1
2024,3,"IQ CITY MEDICAL COLLEGE, DURGAPUR",M.S. (GENERAL SURGERY),Private Management Quota,General,UR,83791,125322,4
2024,3,KPC MEDICAL COLLEGE,M.S. (E.N.T.),State Quota,OBC-A (Non-Creamy Layer),OBC-A (Non-Creamy Layer),125333,125333,1
2024,3,ALL INDIA INSTITUTE OF HYGIENE AND PUBLIC HEALTH,M.D. (PREVENTIVE AND SOCIAL MEDICINE)/ COMMUNITY MEDICINE,In-Service,SC,SC,125381,125381,1
2024,3,GOURI DEVI INSTITUTE OF MEDICAL SCIENCES AND HOSPITAL,M.D. (OBST. AND GYNAE)/MS (OBSTETRICS AND GYNAECOLOGY),In-Service,General,UR,125536,125536,1
2024,3,MEDICAL COLLEGE KOLKATA,M.S. (E.N.T.),State Quota,ST,ST,125728,125728,1
2024,3,INSTITUTE OF POST GRADUATE MEDICAL EDUCATION AND RESEARCH KOLKATA,M.D. (EMERGENCY AND CRITICAL CARE)/M.D. (EMERGENCY MEDICINE),In-Service,SC,SC,125744,125744,1
2024,3,NORTH BENGAL MEDICAL COLLEGE AND HOSPITAL,M.D. (ANAESTHESIOLOGY),In-Service,OBC-A (Non-Creamy Layer),UR,125801,125801,1
2024,3,MEDICAL COLLEGE KOLKATA,M.S. (OPHTHALMOLOGY),In-Service,OBC-B (Non-Creamy Layer),OBC-B (Non-Creamy Layer),125888,125888,1
2024,3,SHRI RAMKRISHNA INSTITUTE OF MEDICAL SCIENCES & SANAKA HOSPITALS,M.D. (PSYCHIATRY),Private Management Quota,SC,UR,126065,126065,1
2024,3,NIL RATAN SIRCAR MEDICAL COLLEGE,M.D. (ANAESTHESIOLOGY),In-Service,OBC-A (Non-Creamy Layer),UR,126096,126096,1
2024,3,"RAMAKRISHNA MISSION SEVA PRATISHTHAN VIVEKANANDA INSTITUTE OF MEDICAL SCIENCES, KOLKATA",DIPLOMA IN CHILD HEALTH/ PAEDIATRICS,In-Service,General,UR,126466,126466,1
2024,3,NORTH BENGAL MEDICAL COLLEGE AND HOSPITAL,M.D. (ANAESTHESIOLOGY),In-Service,SC,SC,127192,127192,1
2024,3,CALCUTTA NATIONAL MEDICAL COLLEGE KOLKATA,M.D. (ANAESTHESIOLOGY),State Quota,ST,ST,128037,128037,1
2024,3,IMAMBARA DISTRICT HOSPITAL,(NBEMS) GENERAL SURGERY,In-Service DNB,General,UR,128243,128243,1
2024,3,NORTH BENGAL MEDICAL COLLEGE AND HOSPITAL,M.D. (PAEDIATRICS),In-Service,ST,ST,128798,128798,1
2024,3,NIL RATAN SIRCAR MEDICAL COLLEGE,M.D. (ANAESTHESIOLOGY),In-Service,General,UR,128941,128941,1
2024,3,JAGANNATH GUPTA INSTITUTE OF MEDICAL SCIENCES AND HOSPITAL,M.D. (TUBERCULOSIS AND RESPIRATORY DISEASES)/PULMONA RY MEDICINE /M.D. (RESPIRATORY MEDICINE),In-Service,General,UR,129237,129237,1
2024,3,MEDICAL COLLEGE KOLKATA,M.D. (ANAESTHESIOLOGY),In-Service,General,UR,129392,129392,1
2024,3,COLLEGE OF MEDICINE AND SAGORE DUTTA HOSPITAL,M.D. (PHARMACOLOGY),State Quota,General,UR,117158,129503,2
2024,3,CALCUTTA NATIONAL MEDICAL COLLEGE KOLKATA,M.D. (BIOCHEMISTRY),State Quota,SC,UR,129868,129868,1
2024,3,"RAMAKRISHNA MISSION SEVA PRATISHTHAN VIVEKANANDA INSTITUTE OF MEDICAL SCIENCES, KOLKATA",M.S. (E.N.T.),In-Service,General,UR,129994,129994,1
2024,3,BANKURA SAMMILANI MEDICAL COLLEGE,M.D. (BIOCHEMISTRY),State Quota,General,UR,130170,130170,1
2024,3,ICARE INSTITUTE OF MEDICAL SCIENCES AND RESEARCH HALDIA,M.D. (PATHOLOGY),State Quota,SC,SC,130426,130426,1
2024,3,Jalpaiguri Government Medical College and Hospital (Formerly DISTRICT HOSPITAL) JALPAIGURI,(NBEMS) OBSTETRICS AND GYNAECOLOGY,In-Service DNB,General,UR,115065,130888,2
2024,3,MURSHIDABAD MEDICAL COLLEGE AND HOSPITAL,M.D. (ANAESTHESIOLOGY),In-Service,OBC-A (Non-Creamy Layer),OBC-A (Non-Creamy Layer),131029,131029,1
2024,3,SHRI RAMKRISHNA INSTITUTE OF MEDICAL SCIENCES & SANAKA HOSPITALS,M.S. (GENERAL SURGERY),Private Management Quota,General,UR,104562,131141,3
2024,3,R G KAR MEDICAL COLLEGE,M.D. (ANAESTHESIOLOGY),In-Service,OBC (Non-Creamy Layer),UR,131615,131615,1
2024,3,CALCUTTA NATIONAL MEDICAL COLLEGE KOLKATA,M.D. (ANAESTHESIOLOGY),In-Service,General,UR,131827,131827,1
2024,3,ALL INDIA INSTITUTE OF HYGIENE AND PUBLIC HEALTH,M.D. (PREVENTIVE AND SOCIAL MEDICINE)/ COMMUNITY MEDICINE,In-Service,General,UR,74209,131883,2
2024,3,BURDWAN MEDICAL COLLEGE,M.D. (ANAESTHESIOLOGY),In-Service,OBC-A (Non-Creamy Layer),UR,131900,131900,1
2024,3,BARASAT GOVERNMENT MEDICAL COLLEGE AND HOSPITAL,(NBEMS-DIPLOMA) PAEDIATRICS,In-Service DNB,General,UR,131970,131970,1
2024,3,BURDWAN MEDICAL COLLEGE,M.D. (PATHOLOGY),In-Service,OBC-A (Non-Creamy Layer),UR,132583,132583,1
2024,3,DISTRICT HOSPITAL ALIPURDUAR,(NBEMS) GENERAL MEDICINE,In-Service DNB,General,UR,132992,132992,1
2024,3,KPC MEDICAL COLLEGE,"M.D. (DERM.,VENE. AND LEPROSY)/ (DERMATOLOGY)/ (SKIN AND VENEREAL DISEASES)/ (VENEREOLOGY)",NRI Quota,General,UR,94306,133871,2
2024,3,"COMMAND HOSPITAL EC, ALIPORE, KOLKATA",M.D. (ANAESTHESIOLOGY),In-Service,General,UR,134051,134051,1
2024,3,"CHITTARANJAN SEVA SADAN COLLEGE OF OBS. GYNAE AND CHILD HEALTH,KOLKATA",(NBEMS-DIPLOMA) PAEDIATRICS,In-Service DNB,General,UR,134150,134150,1
2024,3,"RAMAKRISHNA MISSION SEVA PRATISHTHAN VIVEKANANDA INSTITUTE OF MEDICAL SCIENCES, KOLKATA",M.D. (ANAESTHESIOLOGY),In-Service,OBC-A (Non-Creamy Layer),UR,134596,134596,1
2024,3,MEDICAL COLLEGE KOLKATA,M.S. (OPHTHALMOLOGY),In-Service,SC,SC,135168,135168,1
2024,3,BURDWAN MEDICAL COLLEGE,M.D. (PHYSIOLOGY),State Quota,General,UR,135300,135300,1
2024,3,KPC MEDICAL COLLEGE,M.S. (ORTHOPAEDICS),NRI Quota,OBC (Non-Creamy Layer),UR,135347,135347,1
2024,3,DISTRICT HOSPITAL HOWRAH,(NBEMS) OBSTETRICS AND GYNAECOLOGY,In-Service DNB,SC,SC,135697,135697,1
2024,3,"RAMAKRISHNA MISSION SEVA PRATISHTHAN VIVEKANANDA INSTITUTE OF MEDICAL SCIENCES, KOLKATA",M.D. (PATHOLOGY),In-Service,General,UR,136627,136627,1
2024,3,KPC MEDICAL COLLEGE,M.S. (GENERAL SURGERY),In-Service,General,UR,136813,136813,1
2024,3,MEDICAL COLLEGE KOLKATA,DIP.IN GYNAE. AND OBST.,In-Service,SC,UR,136824,136824,1
2024,3,BANKURA SAMMILANI MEDICAL COLLEGE,M.D. (ANAESTHESIOLOGY),In-Service,General,UR,136982,136982,1
2024,3,INSTITUTE OF POST GRADUATE MEDICAL EDUCATION AND RESEARCH KOLKATA,M.D. (ANAESTHESIOLOGY),In-Service,SC,SC,137055,137055,1
2024,3,ASANSOL DISTRICT HOSPITAL,(NBEMS) OBSTETRICS AND GYNAECOLOGY,In-Service DNB,SC,SC,137147,137147,1
2024,3,NIL RATAN SIRCAR MEDICAL COLLEGE,M.S. (GENERAL SURGERY),In-Service,SC,SC,137188,137188,1
2024,3,SHRI RAMKRISHNA INSTITUTE OF MEDICAL SCIENCES & SANAKA HOSPITALS,M.S. (GENERAL SURGERY),In-Service,General,UR,137405,137405,1
2024,3,NORTH BENGAL MEDICAL COLLEGE AND HOSPITAL,M.D. (PHYSIOLOGY),In-Service,General,UR,137616,137616,1
2024,3,MIDNAPORE MEDICAL COLLEGE,M.D. (ANAESTHESIOLOGY),In-Service,General,UR,137680,137680,1
2024,3,INSTITUTE OF POST GRADUATE MEDICAL EDUCATION AND RESEARCH KOLKATA,M.D. (OBST. AND GYNAE)/MS (OBSTETRICS AND GYNAECOLOGY),In-Service,OBC-B (Non-Creamy Layer),OBC-B (Non-Creamy Layer),138534,138534,1
2024,3,BANKURA SAMMILANI MEDICAL COLLEGE,M.S. (E.N.T.),State Quota,ST,ST,139132,139132,1
2024,3,COLLEGE OF MEDICINE AND SAGORE DUTTA HOSPITAL,M.D. (PATHOLOGY),In-Service,General,UR,139666,139666,1
2024,3,MEDICAL COLLEGE KOLKATA,M.S. (GENERAL SURGERY),In-Service,SC,SC,139708,139708,1
2024,3,M R BANGUR HOSPITAL,(NBEMS-DIPLOMA) PAEDIATRICS,In-Service DNB,General,UR,134566,139982,2
2024,3,Jalpaiguri Government Medical College and Hospital (Formerly DISTRICT HOSPITAL) JALPAIGURI,(NBEMS) GENERAL MEDICINE,In-Service DNB,OBC-A (Non-Creamy Layer),OBC-A (Non-Creamy Layer),140068,140068,1
2024,3,JAGANNATH GUPTA INSTITUTE OF MEDICAL SCIENCES AND HOSPITAL,M.S. (E.N.T.),State Quota,OBC-A (Non-Creamy Layer),OBC-A (Non-Creamy Layer),140154,140154,1
2024,3,SHRI RAMKRISHNA INSTITUTE OF MEDICAL SCIENCES & SANAKA HOSPITALS,M.D. (PAEDIATRICS),In-Service,General,UR,140472,140472,1
2024,3,NIL RATAN SIRCAR MEDICAL COLLEGE,M.D. (ANAESTHESIOLOGY),In-Service,SC,SC,140676,140676,1
2024,3,KPC MEDICAL COLLEGE,M.D. (ANAESTHESIOLOGY),In-Service,General,UR,140921,140921,1
2024,3,GOURI DEVI INSTITUTE OF MEDICAL SCIENCES AND HOSPITAL,M.D. (TUBERCULOSIS AND RESPIRATORY DISEASES)/PULMONA RY MEDICINE /M.D. (RESPIRATORY MEDICINE),In-Service,General,UR,141729,141729,1
2024,3,NIL RATAN SIRCAR MEDICAL COLLEGE,M.S. (OPHTHALMOLOGY),In-Service,SC,SC,142437,142437,1
2024,3,ICARE INSTITUTE OF MEDICAL SCIENCES AND RESEARCH HALDIA,M.D. (PSYCHIATRY),State Quota,SC,SC,142592,142592,1
2024,3,R G KAR MEDICAL COLLEGE,M.D. (ANAESTHESIOLOGY),In-Service,SC,SC,143190,143190,1
2024,3,"IQ CITY MEDICAL COLLEGE, DURGAPUR",M.D. (MICROBIOLOGY),Private Management Quota,General,UR,143311,143311,1
2024,3,MIDNAPORE MEDICAL COLLEGE,M.D. (GENERAL MEDICINE),In-Service,ST,ST,143345,143345,1
2024,3,BARASAT GOVERNMENT MEDICAL COLLEGE AND HOSPITAL,(NBEMS) GENERAL SURGERY,In-Service DNB,OBC-A (Non-Creamy Layer),OBC-A (Non-Creamy Layer),143465,143465,1
2024,3,RAMPURHAT GOVT. MEDICAL COLLEGE AND HOSPITAL,(NBEMS-DIPLOMA) TUBERCULOSIS AND CHEST DISEASES,In-Service DNB,OBC-A (Non-Creamy Layer),UR,143840,143840,1
2024,3,INSTITUTE OF POST GRADUATE MEDICAL EDUCATION AND RESEARCH KOLKATA,M.D. (PATHOLOGY),State Quota,ST,ST,144019,144019,1
2024,3,DISTRICT HOSPITAL HOWRAH,(NBEMS) GENERAL MEDICINE,In-Service DNB,SC,SC,144041,144041,1
2024,3,GOURI DEVI INSTITUTE OF MEDICAL SCIENCES AND HOSPITAL,M.D. (PATHOLOGY),Private Management Quota,General,UR,144603,144603,1
2024,3,CALCUTTA NATIONAL MEDICAL COLLEGE KOLKATA,MD/MS (ANATOMY),State Quota,General,UR,144693,144693,1
2024,3,CALCUTTA NATIONAL MEDICAL COLLEGE KOLKATA,M.S. (OPHTHALMOLOGY),In-Service,SC,SC,144910,144910,1
2024,3,SURI SADAR HOSPITAL,(NBEMS) OBSTETRICS AND GYNAECOLOGY,In-Service DNB,General,UR,145028,145028,1
2024,3,Jalpaiguri Government Medical College and Hospital (Formerly DISTRICT HOSPITAL) JALPAIGURI,(NBEMS) GENERAL SURGERY,In-Service DNB,SC,UR,145111,145111,1
2024,3,BURDWAN MEDICAL COLLEGE,M.S. (GENERAL SURGERY),In-Service,SC,SC,145451,145451,1
2024,3,CALCUTTA NATIONAL MEDICAL COLLEGE KOLKATA,M.S. (OPHTHALMOLOGY),State Quota,ST,ST,145513,145513,1
2024,3,BANKURA SAMMILANI MEDICAL COLLEGE,M.D. (ANAESTHESIOLOGY),In-Service,OBC-A (Non-Creamy Layer),OBC-A (Non-Creamy Layer),145967,145967,1
2024,3,MAHARAJA JITENDRA NARAYAN MEDICAL COLLEGE AND HOSPITAL,(NBEMS) GENERAL MEDICINE,In-Service DNB,SC,SC,146243,146243,1
2024,3,MEDICAL COLLEGE KOLKATA,DIP.IN GYNAE. AND OBST.,In-Service,General,UR,146363,146363,1
2024,3,"DEBEN MAHATO SADAR HOSPITAL, PURULIA",(NBEMS-DIPLOMA) PAEDIATRICS,In-Service DNB,General,UR,146378,146378,1
2024,3,JAGANNATH GUPTA INSTITUTE OF MEDICAL SCIENCES AND HOSPITAL,M.D. (GENERAL MEDICINE),NRI Quota,OBC (Non-Creamy Layer),UR,146393,146393,1
2024,3,ESI PGIMSR AND ESIC MEDICAL COLLEGE JOKA KOLKATA,M.S. (GENERAL SURGERY),In-Service,SC,SC,146474,146474,1
2024,3,CALCUTTA NATIONAL MEDICAL COLLEGE KOLKATA,DIPLOMA IN ANAESTHESIOLOGY,In-Service,General,UR,146799,146799,1
2024,3,R G KAR MEDICAL COLLEGE,M.D. (PREVENTIVE AND SOCIAL MEDICINE)/ COMMUNITY MEDICINE,In-Service,General,UR,146834,146834,1
2024,3,MURSHIDABAD MEDICAL COLLEGE AND HOSPITAL,M.D. (PATHOLOGY),In-Service,SC,UR,146924,146924,1
2024,3,ASANSOL DISTRICT HOSPITAL,(NBEMS) ANAESTHESIOLOGY,In-Service DNB,General,UR,147164,147164,1
2024,3,"IQ CITY MEDICAL COLLEGE, DURGAPUR",M.S. (GENERAL SURGERY),In-Service,SC,SC,147233,147233,1
2024,3,RAMPURHAT GOVT. MEDICAL COLLEGE AND HOSPITAL,(NBEMS) PAEDIATRICS,In-Service DNB,SC,SC,147253,147253,1
2024,3,"RAMAKRISHNA MISSION SEVA PRATISHTHAN VIVEKANANDA INSTITUTE OF MEDICAL SCIENCES, KOLKATA",DIP.IN GYNAE. AND OBST.,In-Service,General,UR,147546,147546,1
2024,3,ICARE INSTITUTE OF MEDICAL SCIENCES AND RESEARCH HALDIA,"M.D. (DERM.,VENE. AND LEPROSY)/ (DERMATOLOGY)/ (SKIN AND VENEREAL DISEASES)/ (VENEREOLOGY)",NRI Quota,General,UR,140519,147662,2
2024,3,"DEBEN MAHATO SADAR HOSPITAL, PURULIA",(NBEMS) GENERAL SURGERY,In-Service DNB,General,UR,147668,147668,1
2024,3,ICARE INSTITUTE OF MEDICAL SCIENCES AND RESEARCH HALDIA,M.D. (GENERAL MEDICINE),NRI Quota,General,UR,147690,147690,1
2024,3,GOURI DEVI INSTITUTE OF MEDICAL SCIENCES AND HOSPITAL,M.D. (OBST. AND GYNAE)/MS (OBSTETRICS AND GYNAECOLOGY),NRI Quota,General,UR,148055,148055,1
2024,3,ICARE INSTITUTE OF MEDICAL SCIENCES AND RESEARCH HALDIA,M.D. (PSYCHIATRY),In-Service,General,UR,148083,148083,1
2024,3,SILIGURI DISTRICT HOSPITAL,(NBEMS) OBSTETRICS AND GYNAECOLOGY,In-Service DNB,OBC-A (Non-Creamy Layer),OBC-A (Non-Creamy Layer),149226,149226,1
2024,3,BURDWAN MEDICAL COLLEGE,DIP.IN GYNAE. AND OBST.,In-Service,General,UR,149611,149611,1
2024,3,ASANSOL DISTRICT HOSPITAL,(NBEMS-DIPLOMA) TUBERCULOSIS AND CHEST DISEASES,In-Service DNB,General,UR,149993,149993,1
2024,3,COLLEGE OF MEDICINE AND SAGORE DUTTA HOSPITAL,M.D. (ANAESTHESIOLOGY),In-Service,SC,SC,150305,150305,1
2024,3,MAHARAJA JITENDRA NARAYAN MEDICAL COLLEGE AND HOSPITAL,(NBEMS-DIPLOMA) OBSTETRICS AND GYNAECOLOGY,In-Service DNB,General,UR,150634,150634,1
2024,3,ASANSOL DISTRICT HOSPITAL,(NBEMS) PAEDIATRICS,In-Service DNB,SC,SC,151060,151060,1
2024,3,ESI PGIMSR AND ESIC MEDICAL COLLEGE JOKA KOLKATA,M.D. (ANAESTHESIOLOGY),In-Service,SC,SC,151120,151120,1
2024,3,DIAMOND HARBOUR GOVERNMENT MEDICAL COLLEGE AND HOSPITAL,(NBEMS-DIPLOMA) TUBERCULOSIS AND CHEST DISEASES,In-Service DNB,SC,UR,151836,151836,1
2024,3,"RAMAKRISHNA MISSION SEVA PRATISHTHAN VIVEKANANDA INSTITUTE OF MEDICAL SCIENCES, KOLKATA",M.S. (OPHTHALMOLOGY),In-Service,SC,SC,151996,151996,1
2024,3,NIL RATAN SIRCAR MEDICAL COLLEGE,M.D. (PREVENTIVE AND SOCIAL MEDICINE)/ COMMUNITY MEDICINE,In-Service,General,UR,152070,152070,1
2024,3,NORTH BENGAL MEDICAL COLLEGE AND HOSPITAL,M.D. (PATHOLOGY),In-Service,General,UR,150872,152271,2
2024,3,R G KAR MEDICAL COLLEGE,M.D. (PATHOLOGY),In-Service,SC,SC,152593,152593,1
2024,3,COLLEGE OF MEDICINE AND SAGORE DUTTA HOSPITAL,M.D. (PREVENTIVE AND SOCIAL MEDICINE)/ COMMUNITY MEDICINE,In-Service,SC,SC,152622,152622,1
2024,3,R G KAR MEDICAL COLLEGE,M.D. (OBST. AND GYNAE)/MS (OBSTETRICS AND GYNAECOLOGY),In-Service,ST,ST,152705,152705,1
2024,3,R G KAR MEDICAL COLLEGE,M.D. (MICROBIOLOGY),State Quota,SC,SC,153039,153039,1
2024,3,"CHITTARANJAN SEVA SADAN COLLEGE OF OBS. GYNAE AND CHILD HEALTH,KOLKATA",(NBEMS-DIPLOMA) PAEDIATRICS,In-Service DNB,OBC-A (Non-Creamy Layer),OBC-A (Non-Creamy Layer),153100,153100,1
2024,3,BURDWAN MEDICAL COLLEGE,M.D. (ANAESTHESIOLOGY),In-Service,SC,SC,153329,153329,1
2024,3,NORTH BENGAL MEDICAL COLLEGE AND HOSPITAL,M.D. (BIOCHEMISTRY),State Quota,SC,UR,153725,153725,1
2024,3,SHRI RAMKRISHNA INSTITUTE OF MEDICAL SCIENCES & SANAKA HOSPITALS,M.S. (ORTHOPAEDICS),NRI Quota,OBC (Non-Creamy Layer),UR,154369,154369,1
2024,3,TAMRALIPTO GOVERNMENT MEDICAL COLLEGE,(NBEMS-DIPLOMA) PAEDIATRICS,In-Service DNB,SC,SC,154711,154711,1
2024,3,MEDICAL COLLEGE KOLKATA,M.D. (ANAESTHESIOLOGY),State Quota,ST,ST,155449,155449,1
2024,3,"SCHOOL OF TROPICAL MEDICINE, KOLKATA",DIPLOMA IN CLINICAL PATHOLOGY,State Quota,SC,SC,155534,155534,1
2024,3,ESI PGIMSR AND ESIC MEDICAL COLLEGE JOKA KOLKATA,M.D. (PATHOLOGY),In-Service,General,UR,155636,155636,1
2024,3,R G KAR MEDICAL COLLEGE,M.S. (E.N.T.),In-Service,SC,SC,156087,156087,1
2024,3,ALL INDIA INSTITUTE OF HYGIENE AND PUBLIC HEALTH,M.P.H. (EPIDEMIOLOGY),In-Service,General,UR,155368,156131,2
2024,3,CALCUTTA NATIONAL MEDICAL COLLEGE KOLKATA,M.S. (E.N.T.),In-Service,SC,SC,156152,156152,1
2024,3,SHRI RAMKRISHNA INSTITUTE OF MEDICAL SCIENCES & SANAKA HOSPITALS,M.D. (ANAESTHESIOLOGY),State Quota,SC,SC,102462,156200,2
2024,3,GOURI DEVI INSTITUTE OF MEDICAL SCIENCES AND HOSPITAL,M.D. (PAEDIATRICS),NRI Quota,General,UR,156473,156473,1
2024,3,"IQ CITY MEDICAL COLLEGE, DURGAPUR","M.D. (DERM.,VENE. AND LEPROSY)/ (DERMATOLOGY)/ (SKIN AND VENEREAL DISEASES)/ (VENEREOLOGY)",NRI Quota,General,UR,156869,156869,1
2024,3,MEDICAL COLLEGE KOLKATA,DIPLOMA IN ANAESTHESIOLOGY,In-Service,General,UR,157581,157581,1
2024,3,KPC MEDICAL COLLEGE,M.D. (MICROBIOLOGY),Private Management Quota,General,UR,157845,157845,1
2024,3,KPC MEDICAL COLLEGE,M.S. (GENERAL SURGERY),NRI Quota,SC,UR,157894,157894,1
2024,3,"WALSH S.D.H., SERAMPORE",(NBEMS) OBSTETRICS AND GYNAECOLOGY,In-Service DNB,SC,SC,158035,158035,1
2024,3,IMAMBARA DISTRICT HOSPITAL,(NBEMS-DIPLOMA) PAEDIATRICS,In-Service DNB,General,UR,158059,158059,1
2024,3,MEDICAL COLLEGE KOLKATA,DIPLOMA IN OTO- RHINO- LARYNGOLOGY,In-Service,General,UR,158105,158105,1
2024,3,MURSHIDABAD MEDICAL COLLEGE AND HOSPITAL,M.D. (BIOCHEMISTRY),State Quota,General,UR,158342,158342,1
2024,3,"IQ CITY MEDICAL COLLEGE, DURGAPUR",M.D. (OBST. AND GYNAE)/MS (OBSTETRICS AND GYNAECOLOGY),NRI Quota,General,UR,146445,158812,2
2024,3,GOURI DEVI INSTITUTE OF MEDICAL SCIENCES AND HOSPITAL,M.D. (MICROBIOLOGY),State Quota,General,UR,159041,159041,1
2024,3,JAGANNATH GUPTA INSTITUTE OF MEDICAL SCIENCES AND HOSPITAL,M.S. (ORTHOPAEDICS),NRI Quota,General,UR,159092,159092,1
2024,3,"IQ CITY MEDICAL COLLEGE, DURGAPUR",M.D. (PHARMACOLOGY),State Quota,General,UR,153987,159444,2
2024,3,NIL RATAN SIRCAR MEDICAL COLLEGE,M.D. (BIOCHEMISTRY),In-Service,General,UR,159475,159475,1
2024,3,MEDICAL COLLEGE KOLKATA,DIPLOMA IN OPHTHALMOLOGY/DO MS,In-Service,General,UR,150105,159664,3
2024,3,R G KAR MEDICAL COLLEGE,M.D. (MICROBIOLOGY),In-Service,General,UR,160085,160085,1
2024,3,SILIGURI DISTRICT HOSPITAL,(NBEMS-DIPLOMA) ANAESTHESIOLOGY,In-Service DNB,General,UR,160181,160181,1
2024,3,ICARE INSTITUTE OF MEDICAL SCIENCES AND RESEARCH HALDIA,M.D. (OBST. AND GYNAE)/MS (OBSTETRICS AND GYNAECOLOGY),NRI Quota,SC,UR,160240,160240,1
2024,3,R G KAR MEDICAL COLLEGE,M.D. (BIOCHEMISTRY),In-Service,General,UR,160584,160584,1
2024,3,"RAMAKRISHNA MISSION SEVA PRATISHTHAN VIVEKANANDA INSTITUTE OF MEDICAL SCIENCES, KOLKATA",M.D. (GENERAL MEDICINE),In-Service,ST,ST,160816,160816,1
2024,3,GOURI DEVI INSTITUTE OF MEDICAL SCIENCES AND HOSPITAL,M.D. (RADIO- DIAGNOSIS),NRI Quota,General,UR,118344,161365,3
2024,3,CALCUTTA NATIONAL MEDICAL COLLEGE KOLKATA,M.D. (MICROBIOLOGY),In-Service,General,UR,161845,161845,1
2024,3,KPC MEDICAL COLLEGE,M.D. (MICROBIOLOGY),State Quota,General,UR,162024,162024,1
2024,3,NIL RATAN SIRCAR MEDICAL COLLEGE,M.D. (FORENSIC MEDICINE),State Quota,General,UR,162225,162225,1
2024,3,"IQ CITY MEDICAL COLLEGE, DURGAPUR",M.D. (MICROBIOLOGY),State Quota,General,UR,162543,162543,1
2024,3,M R BANGUR HOSPITAL,(NBEMS) GENERAL SURGERY,In-Service DNB,SC,SC,162871,162871,1
2024,3,NORTH BENGAL MEDICAL COLLEGE AND HOSPITAL,M.S. (GENERAL SURGERY),In-Service,OBC-B (Non-Creamy Layer),OBC-B (Non-Creamy Layer),163153,163153,1
2024,3,BURDWAN MEDICAL COLLEGE,M.S. (E.N.T.),In-Service,OBC-A (Non-Creamy Layer),OBC-A (Non-Creamy Layer),163740,163740,1
2024,3,SHRI RAMKRISHNA INSTITUTE OF MEDICAL SCIENCES & SANAKA HOSPITALS,M.D. (RADIO- DIAGNOSIS),NRI Quota,General,UR,157166,163829,2
2024,3,KPC MEDICAL COLLEGE,M.D. (OBST. AND GYNAE)/MS (OBSTETRICS AND GYNAECOLOGY),NRI Quota,OBC (Non-Creamy Layer),UR,117553,164067,2
2024,3,KPC MEDICAL COLLEGE,M.D. (PATHOLOGY),In-Service,SC,UR,164534,164534,1
2024,3,SREE BALARAM SEVA MANDIR S.G. HOSPITAL,(NBEMS-DIPLOMA) OBSTETRICS AND GYNAECOLOGY,In-Service DNB,General,UR,164698,164698,1
2024,3,RAMPURHAT GOVT. MEDICAL COLLEGE AND HOSPITAL,(NBEMS) GENERAL MEDICINE,In-Service DNB,SC,SC,165563,165563,1
2024,3,GOURI DEVI INSTITUTE OF MEDICAL SCIENCES AND HOSPITAL,"M.D. (DERM.,VENE. AND LEPROSY)/ (DERMATOLOGY)/ (SKIN AND VENEREAL DISEASES)/ (VENEREOLOGY)",NRI Quota,EWS,UR,166000,166000,1
2024,3,MURSHIDABAD MEDICAL COLLEGE AND HOSPITAL,M.D. (BIOCHEMISTRY),In-Service,General,UR,166486,166486,1
2024,3,NIL RATAN SIRCAR MEDICAL COLLEGE,M.D. (PATHOLOGY),In-Service,SC,SC,167354,167354,1
2024,3,CALCUTTA NATIONAL MEDICAL COLLEGE KOLKATA,M.D. (PHYSIOLOGY),State Quota,General,UR,167561,167561,1
2024,3,NORTH BENGAL MEDICAL COLLEGE AND HOSPITAL,M.D. (FORENSIC MEDICINE),State Quota,SC,UR,167631,167631,1
2024,3,MEDICAL COLLEGE KOLKATA,M.D. (PHARMACOLOGY),In-Service,General,UR,168075,168075,1
2024,3,DISTRICT HOSPITAL HOWRAH,(NBEMS-DIPLOMA) OBSTETRICS AND GYNAECOLOGY,In-Service DNB,General,UR,168175,168175,1
2024,3,ICARE INSTITUTE OF MEDICAL SCIENCES AND RESEARCH HALDIA,M.D. (MICROBIOLOGY),State Quota,General,UR,168181,168181,1
2024,3,BARASAT GOVERNMENT MEDICAL COLLEGE AND HOSPITAL,(NBEMS-DIPLOMA) OTORHINOLARYNGOL OGY (E.N.T.),In-Service DNB,General,UR,168569,168569,1
2024,3,MEDICAL COLLEGE KOLKATA,MD/MS (ANATOMY),State Quota,General,UR,167094,168980,2
2024,3,DR.B.N.BOSE SUB DIVISIONAL HOSPITAL,(NBEMS-DIPLOMA) OBSTETRICS AND GYNAECOLOGY,In-Service DNB,General,UR,169021,169021,1
2024,3,INSTITUTE OF POST GRADUATE MEDICAL EDUCATION AND RESEARCH KOLKATA,M.D. (RADIOTHERAPY/ RADIATION ONCOLOGY),State Quota,ST,ST,169150,169150,1
2024,3,MEDICAL COLLEGE KOLKATA,DIP.IN GYNAE. AND OBST.,In-Service,SC,SC,165522,169316,2
2024,3,NIL RATAN SIRCAR MEDICAL COLLEGE,M.D. (TUBERCULOSIS AND RESPIRATORY DISEASES)/PULMONA RY MEDICINE /M.D. (RESPIRATORY MEDICINE),In-Service,ST,ST,169709,169709,1
2024,3,ICARE INSTITUTE OF MEDICAL SCIENCES AND RESEARCH HALDIA,M.D. (ANAESTHESIOLOGY),In-Service,General,UR,169965,169965,1
2024,3,DIAMOND HARBOUR GOVERNMENT MEDICAL COLLEGE AND HOSPITAL,(NBEMS-DIPLOMA) PAEDIATRICS,In-Service DNB,General,UR,170114,170114,1
2024,3,VIDYASAGAR STATE GENERAL HOSPITAL,(NBEMS-DIPLOMA) OPHTHALMOLOGY,In-Service DNB,General,UR,170161,170161,1
2024,3,BURDWAN MEDICAL COLLEGE,M.D. (PREVENTIVE AND SOCIAL MEDICINE)/ COMMUNITY MEDICINE,State Quota,OBC-A (Non-Creamy Layer),OBC-A (Non-Creamy Layer),165021,170956,2
2024,3,"IQ CITY MEDICAL COLLEGE, DURGAPUR",M.D. (PREVENTIVE AND SOCIAL MEDICINE)/ COMMUNITY MEDICINE,State Quota,SC,SC,172230,172230,1
2024,3,ICARE INSTITUTE OF MEDICAL SCIENCES AND RESEARCH HALDIA,M.D. (TUBERCULOSIS AND RESPIRATORY DISEASES)/PULMONA RY MEDICINE /M.D. (RESPIRATORY MEDICINE),In-Service,SC,SC,172680,172680,1
2024,3,INSTITUTE OF POST GRADUATE MEDICAL EDUCATION AND RESEARCH KOLKATA,M.D. (PHYSIOLOGY),State Quota,General,UR,28879,172709,2
2024,3,IMAMBARA DISTRICT HOSPITAL,(NBEMS-DIPLOMA) ANAESTHESIOLOGY,In-Service DNB,SC,UR,172725,172725,1
2024,3,BURDWAN MEDICAL COLLEGE,M.D. (RADIOTHERAPY/ RADIATION ONCOLOGY),In-Service,OBC-A (Non-Creamy Layer),OBC-A (Non-Creamy Layer),173134,173134,1
2024,3,KPC MEDICAL COLLEGE,M.D. (PHYSIOLOGY),State Quota,General,UR,173148,173148,1
2024,3,INSTITUTE OF POST GRADUATE MEDICAL EDUCATION AND RESEARCH KOLKATA,MD/MS (ANATOMY),State Quota,General,UR,173201,173201,1
2024,3,JANGIPUR S. D. HOSPITAL,(NBEMS-DIPLOMA) ANAESTHESIOLOGY,In-Service DNB,General,UR,173437,173437,1
2024,3,SHRI RAMKRISHNA INSTITUTE OF MEDICAL SCIENCES & SANAKA HOSPITALS,M.D. (PSYCHIATRY),In-Service,OBC-A (Non-Creamy Layer),OBC-A (Non-Creamy Layer),173564,173564,1
2024,3,INSTITUTE OF POST GRADUATE MEDICAL EDUCATION AND RESEARCH KOLKATA,M.D. (BIOCHEMISTRY),In-Service,SC,SC,173742,173742,1
2024,3,JAGANNATH GUPTA INSTITUTE OF MEDICAL SCIENCES AND HOSPITAL,M.D. (OBST. AND GYNAE)/MS (OBSTETRICS AND GYNAECOLOGY),NRI Quota,General,UR,173814,173814,1
2024,3,DIAMOND HARBOUR GOVERNMENT MEDICAL COLLEGE AND HOSPITAL,(NBEMS-DIPLOMA) OBSTETRICS AND GYNAECOLOGY,In-Service DNB,General,UR,173970,173970,1
2024,3,NIL RATAN SIRCAR MEDICAL COLLEGE,M.D. (RADIOTHERAPY/ RADIATION ONCOLOGY),In-Service,ST,ST,173971,173971,1
2024,3,MAHARAJA JITENDRA NARAYAN MEDICAL COLLEGE AND HOSPITAL,(NBEMS) GENERAL SURGERY,In-Service DNB,OBC-B (Non-Creamy Layer),OBC-B (Non-Creamy Layer),174202,174202,1
2024,3,SHRI RAMKRISHNA INSTITUTE OF MEDICAL SCIENCES & SANAKA HOSPITALS,M.D. (OBST. AND GYNAE)/MS (OBSTETRICS AND GYNAECOLOGY),NRI Quota,General,UR,174504,174504,1
2024,3,DISTRICT HOSPITAL HOWRAH,(NBEMS) GENERAL SURGERY,In-Service DNB,SC,SC,174565,174565,1
2024,3,ICARE INSTITUTE OF MEDICAL SCIENCES AND RESEARCH HALDIA,"M.D. (DERM.,VENE. AND LEPROSY)/ (DERMATOLOGY)/ (SKIN AND VENEREAL DISEASES)/ (VENEREOLOGY)",NRI Quota,OBC (Non-Creamy Layer),UR,174795,174795,1
2024,3,JAGANNATH GUPTA INSTITUTE OF MEDICAL SCIENCES AND HOSPITAL,"M.D. (DERM.,VENE. AND LEPROSY)/ (DERMATOLOGY)/ (SKIN AND VENEREAL DISEASES)/ (VENEREOLOGY)",NRI Quota,General,UR,137908,175123,2
2024,3,MEDICAL COLLEGE KOLKATA,M.D. (FORENSIC MEDICINE),In-Service,General,UR,175366,175366,1
2024,3,MAHARAJA JITENDRA NARAYAN MEDICAL COLLEGE AND HOSPITAL,(NBEMS-DIPLOMA) OBSTETRICS AND GYNAECOLOGY,In-Service DNB,SC,SC,175774,175774,1
2024,3,MEDICAL COLLEGE KOLKATA,M.D. (PHYSIOLOGY),State Quota,General,UR,176008,176008,1
2024,3,R G KAR MEDICAL COLLEGE,DIPLOMA IN ANAESTHESIOLOGY,In-Service,SC,SC,176065,176065,1
2024,3,"IQ CITY MEDICAL COLLEGE, DURGAPUR",M.D. (RADIO- DIAGNOSIS),NRI Quota,SC,UR,176361,176361,1
2024,3,"IQ CITY MEDICAL COLLEGE, DURGAPUR",M.S. (ORTHOPAEDICS),NRI Quota,SC,UR,177460,177460,1
2024,3,JANGIPUR S. D. HOSPITAL,(NBEMS-DIPLOMA) PAEDIATRICS,In-Service DNB,General,UR,177991,177991,1
2024,3,GOURI DEVI INSTITUTE OF MEDICAL SCIENCES AND HOSPITAL,M.S. (E.N.T.),In-Service,General,UR,178246,178246,1
2024,3,CALCUTTA NATIONAL MEDICAL COLLEGE KOLKATA,M.D. (PHARMACOLOGY),In-Service,General,UR,179241,179241,1
2024,3,JAGANNATH GUPTA INSTITUTE OF MEDICAL SCIENCES AND HOSPITAL,M.D. (RADIO- DIAGNOSIS),NRI Quota,General,UR,177270,179273,2
2024,3,BURDWAN MEDICAL COLLEGE,M.D. (PATHOLOGY),In-Service,SC,SC,179572,179572,1
2024,3,BURDWAN MEDICAL COLLEGE,M.D. (MICROBIOLOGY),State Quota,SC,SC,179665,179665,1
2024,3,BARASAT GOVERNMENT MEDICAL COLLEGE AND HOSPITAL,(NBEMS-DIPLOMA) OPHTHALMOLOGY,In-Service DNB,General,UR,180218,180218,1
2024,3,LALBAGH SUB DIVISION HOSPITAL,(NBEMS-DIPLOMA) PAEDIATRICS,In-Service DNB,General,UR,180516,180516,1
2024,3,KALNA SD AND SS HOSPITAL,(NBEMS-DIPLOMA) PAEDIATRICS,In-Service DNB,General,UR,181224,181224,1
2024,3,COLLEGE OF MEDICINE AND JNM HOSPITAL KALYANI,M.D. (PHYSIOLOGY),State Quota,General,UR,181621,181621,1
2024,3,ICARE INSTITUTE OF MEDICAL SCIENCES AND RESEARCH HALDIA,M.D. (PHARMACOLOGY),Private Management Quota,General,UR,182343,182343,1
2024,3,RAMPURHAT GOVT. MEDICAL COLLEGE AND HOSPITAL,(NBEMS-DIPLOMA) ANAESTHESIOLOGY,In-Service DNB,General,UR,182580,182580,1
2024,3,MURSHIDABAD MEDICAL COLLEGE AND HOSPITAL,M.D. (PREVENTIVE AND SOCIAL MEDICINE)/ COMMUNITY MEDICINE,In-Service,SC,SC,182716,182716,1
2024,3,BURDWAN MEDICAL COLLEGE,M.D. (PSYCHIATRY),In-Service,ST,ST,183118,183118,1
2024,3,DISTRICT HOSPITAL ALIPURDUAR,(NBEMS-DIPLOMA) OBSTETRICS AND GYNAECOLOGY,In-Service DNB,SC,UR,183197,183197,1
2024,3,MEDICAL COLLEGE KOLKATA,DIP.IN GYNAE. AND OBST.,In-Service,OBC-A (Non-Creamy Layer),OBC-A (Non-Creamy Layer),183681,183681,1
2024,3,MEDICAL COLLEGE KOLKATA,M.S. (E.N.T.),State Quota,General PwD,UR PwD,183747,183747,1
2024,3,BANKURA SAMMILANI MEDICAL COLLEGE,M.D. (PREVENTIVE AND SOCIAL MEDICINE)/ COMMUNITY MEDICINE,State Quota,ST,ST,185369,185369,1
2024,3,KPC MEDICAL COLLEGE,M.D. (ANAESTHESIOLOGY),In-Service,SC,SC,186532,186532,1
2024,3,NIL RATAN SIRCAR MEDICAL COLLEGE,M.D. (PHYSICAL MED. AND REHABILITATION),In-Service,OBC-B (Non-Creamy Layer),OBC-B (Non-Creamy Layer),186591,186591,1
2024,3,ICARE INSTITUTE OF MEDICAL SCIENCES AND RESEARCH HALDIA,M.S. (ORTHOPAEDICS),NRI Quota,OBC (Non-Creamy Layer),UR,187442,187442,1
2024,3,ALL INDIA INSTITUTE OF HYGIENE AND PUBLIC HEALTH,M.D. (PREVENTIVE AND SOCIAL MEDICINE)/ COMMUNITY MEDICINE,In-Service,OBC-B (Non-Creamy Layer),OBC (Non-Creamy Layer),188832,188832,1
2024,3,CHANDANNAGAR SUB DIVISION HOSPITAL,(NBEMS-DIPLOMA) OBSTETRICS AND GYNAECOLOGY,In-Service DNB,SC,SC,188926,188926,1
2024,3,NORTH BENGAL MEDICAL COLLEGE AND HOSPITAL,M.D. (BIOCHEMISTRY),In-Service,SC,SC,189005,189005,1
2024,3,NIL RATAN SIRCAR MEDICAL COLLEGE,M.D. (FORENSIC MEDICINE),State Quota,SC,SC,189134,189134,1
2024,3,GOURI DEVI INSTITUTE OF MEDICAL SCIENCES AND HOSPITAL,M.D. (MICROBIOLOGY),State Quota,SC,SC,189558,189558,1
2024,3,INSTITUTE OF POST GRADUATE MEDICAL EDUCATION AND RESEARCH KOLKATA,M.D. (PHARMACOLOGY),In-Service,SC,SC,189700,189700,1
2024,3,R G KAR MEDICAL COLLEGE,M.D. (PHARMACOLOGY),State Quota,SC,SC,148057,189870,2
2024,3,BURDWAN MEDICAL COLLEGE,M.D. (MICROBIOLOGY),In-Service,SC,SC,190028,190028,1
2024,3,BURDWAN MEDICAL COLLEGE,M.D. (BIOCHEMISTRY),State Quota,SC,SC,190077,190077,1
2024,3,DISTRICT HOSPITAL NADIA,(NBEMS-DIPLOMA) ANAESTHESIOLOGY,In-Service DNB,SC,SC,190152,190152,1
2024,3,PRAFULLA CHANDRA SEN GOVT.MEDICAL COLLEGE AND HOSPITAL,(NBEMS-DIPLOMA) PAEDIATRICS,In-Service DNB,SC,SC,190244,190244,1
2024,3,R G KAR MEDICAL COLLEGE,M.S. (ORTHOPAEDICS),In-Service,ST,ST,190579,190579,1
2024,3,ISLAMPUR SUB DIVISIONAL HOSPITAL,(NBEMS-DIPLOMA) OBSTETRICS AND GYNAECOLOGY,In-Service DNB,SC,SC,190815,190815,1
2024,3,INSTITUTE OF POST GRADUATE MEDICAL EDUCATION AND RESEARCH KOLKATA,M.D. (MICROBIOLOGY),In-Service,SC,SC,190833,190833,1
2024,3,BURDWAN MEDICAL COLLEGE,DIPLOMA IN OPHTHALMOLOGY/DO MS,In-Service,SC,SC,190909,190909,1
2024,3,NORTH BENGAL MEDICAL COLLEGE AND HOSPITAL,M.D. (ANAESTHESIOLOGY),In-Service,OBC-B (Non-Creamy Layer),OBC-B (Non-Creamy Layer),191417,191417,1
2024,3,NORTH BENGAL MEDICAL COLLEGE AND HOSPITAL,M.D. (MICROBIOLOGY),In-Service,ST,ST,192147,192147,1
2024,3,ASANSOL DISTRICT HOSPITAL,(NBEMS) GENERAL SURGERY,In-Service DNB,SC,SC,193046,193046,1
2024,3,MEDICAL COLLEGE KOLKATA,MD/MS (ANATOMY),State Quota,SC,SC,193655,193655,1
2024,3,MIDNAPORE MEDICAL COLLEGE,M.S. (GENERAL SURGERY),In-Service,ST,ST,193891,193891,1
2024,3,"IQ CITY MEDICAL COLLEGE, DURGAPUR",M.D. (RADIO- DIAGNOSIS),NRI Quota,OBC (Non-Creamy Layer),UR,194296,194296,1
2025,1,MEDICAL COLLEGE KOLKATA,"M.D. (DERM.,VENE. AND LEPROSY)/ (DERMATOLOGY)/ (SKIN AND VENEREAL DISEASES)/ (VENEREOLOGY)",Open Quota,General,UR,235,235,1
2025,1,INSTITUTE OF POST GRADUATE MEDICAL EDUCATION AND RESEARCH KOLKATA,M.D. (GENERAL MEDICINE),Open Quota,General,UR,277,277,1
2025,1,INSTITUTE OF POST GRADUATE MEDICAL EDUCATION AND RESEARCH KOLKATA,M.D. (RADIO- DIAGNOSIS),Open Quota,General,UR,201,591,2
2025,1,MEDICAL COLLEGE KOLKATA,M.D. (GENERAL MEDICINE),Open Quota,General,UR,590,690,3
2025,1,NIL RATAN SIRCAR MEDICAL COLLEGE,M.D. (RADIO- DIAGNOSIS),Open Quota,EWS,EWS,707,707,1
2025,1,MEDICAL COLLEGE KOLKATA,M.D. (GENERAL MEDICINE),Open Quota,EWS,EWS,737,737,1
2025,1,NIL RATAN SIRCAR MEDICAL COLLEGE,M.D. (GENERAL MEDICINE),Open Quota,General,UR,806,816,2
2025,1,BURDWAN MEDICAL COLLEGE,M.D. (RADIO- DIAGNOSIS),Open Quota,General,UR,858,858,1
2025,1,R G KAR MEDICAL COLLEGE,M.D. (GENERAL MEDICINE),Open Quota,General,UR,867,867,1
2025,1,R G KAR MEDICAL COLLEGE,M.D. (GENERAL MEDICINE),Open Quota,OBC-A (Non-Creamy Layer),UR,900,900,1
2025,1,"RAMAKRISHNA MISSION SEVA PRATISHTHAN VIVEKANANDA INSTITUTE OF MEDICAL SCIENCES, KOLKATA",M.D. (RADIO- DIAGNOSIS),Open Quota,General,UR,915,915,1
2025,1,INSTITUTE OF POST GRADUATE MEDICAL EDUCATION AND RESEARCH KOLKATA,"M.D. (DERM.,VENE. AND LEPROSY)/ (DERMATOLOGY)/ (SKIN AND VENEREAL DISEASES)/ (VENEREOLOGY)",Open Quota,General,UR,359,922,2
2025,1,NIL RATAN SIRCAR MEDICAL COLLEGE,"M.D. (DERM.,VENE. AND LEPROSY)/ (DERMATOLOGY)/ (SKIN AND VENEREAL DISEASES)/ (VENEREOLOGY)",Open Quota,SC,SC,971,971,1
2025,1,MEDICAL COLLEGE KOLKATA,M.S. (GENERAL SURGERY),Open Quota,General,UR,1017,1017,1
2025,1,CALCUTTA NATIONAL MEDICAL COLLEGE KOLKATA,M.D. (GENERAL MEDICINE),Open Quota,General,UR,1043,1130,2
2025,1,ESI PGIMSR AND ESIC MEDICAL COLLEGE JOKA KOLKATA,M.D. (GENERAL MEDICINE),Open Quota,General,UR,1227,1259,2
2025,1,BANKURA SAMMILANI MEDICAL COLLEGE,M.D. (RADIO- DIAGNOSIS),Open Quota,General,UR,1260,1260,1
2025,1,INSTITUTE OF POST GRADUATE MEDICAL EDUCATION AND RESEARCH KOLKATA,M.S. (GENERAL SURGERY),Open Quota,General,UR,897,1310,2
2025,1,COLLEGE OF MEDICINE AND SAGORE DUTTA HOSPITAL,M.D. (GENERAL MEDICINE),Open Quota,General,UR,1425,1425,1
2025,1,"RAMAKRISHNA MISSION SEVA PRATISHTHAN VIVEKANANDA INSTITUTE OF MEDICAL SCIENCES, KOLKATA",M.D. (GENERAL MEDICINE),Open Quota,General,UR,1556,1556,1
2025,1,CALCUTTA NATIONAL MEDICAL COLLEGE KOLKATA,"M.D. (DERM.,VENE. AND LEPROSY)/ (DERMATOLOGY)/ (SKIN AND VENEREAL DISEASES)/ (VENEREOLOGY)",Open Quota,OBC-A (Non-Creamy Layer),OBC-A (Non-Creamy Layer),1596,1596,1
2025,1,INSTITUTE OF POST GRADUATE MEDICAL EDUCATION AND RESEARCH KOLKATA,M.D. (GENERAL MEDICINE),Open Quota,EWS,EWS,1626,1626,1
2025,1,INSTITUTE OF POST GRADUATE MEDICAL EDUCATION AND RESEARCH KOLKATA,M.D. (RADIO- DIAGNOSIS),Open Quota,OBC-A (Non-Creamy Layer),OBC-A (Non-Creamy Layer),1667,1667,1
2025,1,BURDWAN MEDICAL COLLEGE,M.D. (GENERAL MEDICINE),Open Quota,General,UR,1681,1684,2
2025,1,CALCUTTA NATIONAL MEDICAL COLLEGE KOLKATA,M.D. (GENERAL MEDICINE),Open Quota,OBC-A (Non-Creamy Layer),OBC-A (Non-Creamy Layer),1833,1833,1
2025,1,MURSHIDABAD MEDICAL COLLEGE AND HOSPITAL,M.D. (RADIO- DIAGNOSIS),Open Quota,General,UR,1886,1886,1
2025,1,"SCHOOL OF TROPICAL MEDICINE, KOLKATA","M.D. (DERM.,VENE. AND LEPROSY)/ (DERMATOLOGY)/ (SKIN AND VENEREAL DISEASES)/ (VENEREOLOGY)",Open Quota,General,UR,2020,2020,1
2025,1,NORTH BENGAL MEDICAL COLLEGE AND HOSPITAL,M.D. (GENERAL MEDICINE),Open Quota,General,UR,1921,2055,2
2025,1,MIDNAPORE MEDICAL COLLEGE,M.D. (GENERAL MEDICINE),Open Quota,General,UR,2085,2085,1
2025,1,"COMMAND HOSPITAL EC, ALIPORE, KOLKATA",M.D. (GENERAL MEDICINE),Open Quota,OBC (Non-Creamy Layer),OBC (Non-Creamy Layer),2087,2087,1
2025,1,BANKURA SAMMILANI MEDICAL COLLEGE,M.D. (GENERAL MEDICINE),Open Quota,General,UR,2187,2187,1
2025,1,MALDA MEDICAL COLLEGE AND HOSPITAL,M.D. (GENERAL MEDICINE),Open Quota,General,UR,2197,2197,1
2025,1,INSTITUTE OF POST GRADUATE MEDICAL EDUCATION AND RESEARCH KOLKATA,M.S. (ORTHOPAEDICS),Open Quota,General,UR,2244,2244,1
2025,1,KPC MEDICAL COLLEGE,M.D. (RADIO- DIAGNOSIS),Open Quota,General,UR,2270,2270,1
2025,1,BURDWAN MEDICAL COLLEGE,"M.D. (DERM.,VENE. AND LEPROSY)/ (DERMATOLOGY)/ (SKIN AND VENEREAL DISEASES)/ (VENEREOLOGY)",Open Quota,General,UR,2351,2351,1
2025,1,KPC MEDICAL COLLEGE,M.D. (GENERAL MEDICINE),Open Quota,General,UR,2372,2372,1
2025,1,INSTITUTE OF POST GRADUATE MEDICAL EDUCATION AND RESEARCH KOLKATA,M.S. (ORTHOPAEDICS),Open Quota,SC,UR,2412,2412,1
2025,1,INSTITUTE OF POST GRADUATE MEDICAL EDUCATION AND RESEARCH KOLKATA,M.D. (PAEDIATRICS),Open Quota,General,UR,2328,2495,2
2025,1,INSTITUTE OF POST GRADUATE MEDICAL EDUCATION AND RESEARCH KOLKATA,M.D. (GENERAL MEDICINE),Open Quota,SC,SC,2504,2504,1
2025,1,MEDICAL COLLEGE KOLKATA,M.D. (PAEDIATRICS),Open Quota,General,UR,1874,2568,3
2025,1,R G KAR MEDICAL COLLEGE,M.S. (ORTHOPAEDICS),Open Quota,General,UR,2665,2669,2
2025,1,R G KAR MEDICAL COLLEGE,M.D. (PAEDIATRICS),Open Quota,General,UR,2737,2760,3
2025,1,INSTITUTE OF CHILD HEALTH,M.D. (PAEDIATRICS),Open Quota,General,UR,2593,2764,2
2025,1,NIL RATAN SIRCAR MEDICAL COLLEGE,M.D. (RADIOTHERAPY/ RADIATION ONCOLOGY),Open Quota,General,UR,2775,2775,1
2025,1,"COMMAND HOSPITAL EC, ALIPORE, KOLKATA",M.D. (RADIO- DIAGNOSIS),Open Quota,OBC-B (Non-Creamy Layer),OBC (Non-Creamy Layer),2800,2800,1
2025,1,BURDWAN MEDICAL COLLEGE,M.D. (RADIO- DIAGNOSIS),Open Quota,OBC-A (Non-Creamy Layer),OBC-A (Non-Creamy Layer),2827,2827,1
2025,1,NIL RATAN SIRCAR MEDICAL COLLEGE,M.D. (PAEDIATRICS),Open Quota,General,UR,2851,2851,1
2025,1,INSTITUTE OF POST GRADUATE MEDICAL EDUCATION AND RESEARCH KOLKATA,M.D. (GENERAL MEDICINE),Open Quota,OBC-B (Non-Creamy Layer),OBC-B (Non-Creamy Layer),2926,2926,1
2025,1,MEDICAL COLLEGE KOLKATA,M.D. (RADIO- DIAGNOSIS),Open Quota,SC,SC,2978,2978,1
2025,1,NIL RATAN SIRCAR MEDICAL COLLEGE,M.S. (GENERAL SURGERY),Open Quota,General,UR,3081,3081,1
2025,1,INSTITUTE OF POST GRADUATE MEDICAL EDUCATION AND RESEARCH KOLKATA,M.D. (OBST. AND GYNAE)/MS (OBSTETRICS AND GYNAECOLOGY),Open Quota,General,UR,1349,3165,2
2025,1,MEDICAL COLLEGE KOLKATA,M.D. (GENERAL MEDICINE),Open Quota,OBC-B (Non-Creamy Layer),OBC-B (Non-Creamy Layer),3179,3179,1
2025,1,R G KAR MEDICAL COLLEGE,M.D. (GENERAL MEDICINE),Open Quota,OBC-A (Non-Creamy Layer),OBC-A (Non-Creamy Layer),3193,3193,1
2025,1,NIL RATAN SIRCAR MEDICAL COLLEGE,M.D. (TUBERCULOSIS AND RESPIRATORY DISEASES)/PULMONA RY MEDICINE /M.D. (RESPIRATORY MEDICINE),Open Quota,General,UR,3247,3247,1
2025,1,MEDICAL COLLEGE KOLKATA,M.D. (TUBERCULOSIS AND RESPIRATORY DISEASES)/PULMONA RY MEDICINE /M.D. (RESPIRATORY MEDICINE),Open Quota,General,UR,3378,3378,1
2025,1,CALCUTTA NATIONAL MEDICAL COLLEGE KOLKATA,M.D. (GENERAL MEDICINE),Open Quota,EWS,EWS,3391,3391,1
2025,1,INSTITUTE OF POST GRADUATE MEDICAL EDUCATION AND RESEARCH KOLKATA,M.S. (GENERAL SURGERY),Open Quota,SC,SC,3400,3400,1
2025,1,CALCUTTA NATIONAL MEDICAL COLLEGE KOLKATA,M.S. (ORTHOPAEDICS),Open Quota,General,UR,3616,3616,1
2025,1,MIDNAPORE MEDICAL COLLEGE,M.D. (GENERAL MEDICINE),Open Quota,OBC-A (Non-Creamy Layer),OBC-A (Non-Creamy Layer),3671,3671,1
2025,1,BURDWAN MEDICAL COLLEGE,M.S. (ORTHOPAEDICS),Open Quota,General,UR,3703,3703,1
2025,1,DR. B C ROY POST GRADUATE INSTITUTE OF PAEDIATRIC SCIENCES,M.D. (PAEDIATRICS),Open Quota,General,UR,3710,3710,1
2025,1,"RAMAKRISHNA MISSION SEVA PRATISHTHAN VIVEKANANDA INSTITUTE OF MEDICAL SCIENCES, KOLKATA",M.D. (PAEDIATRICS),Open Quota,General,UR,3747,3747,1
2025,1,NORTH BENGAL MEDICAL COLLEGE AND HOSPITAL,M.D. (RADIO- DIAGNOSIS),Open Quota,OBC-A (Non-Creamy Layer),OBC-A (Non-Creamy Layer),3762,3762,1
2025,1,"CHITTARANJAN SEVA SADAN COLLEGE OF OBS. GYNAE AND CHILD HEALTH,KOLKATA",M.D. (PAEDIATRICS),Open Quota,General,UR,3813,3813,1
2025,1,R G KAR MEDICAL COLLEGE,M.D. (OBST. AND GYNAE)/MS (OBSTETRICS AND GYNAECOLOGY),Open Quota,General,UR,3237,3872,3
2025,1,MEDICAL COLLEGE KOLKATA,M.D. (PAEDIATRICS),Open Quota,OBC-A (Non-Creamy Layer),OBC-A (Non-Creamy Layer),3890,3890,1
2025,1,MEDICAL COLLEGE KOLKATA,M.D. (OBST. AND GYNAE)/MS (OBSTETRICS AND GYNAECOLOGY),Open Quota,General,UR,2199,3958,3
2025,1,R G KAR MEDICAL COLLEGE,M.S. (GENERAL SURGERY),Open Quota,General,UR,2061,3976,2
2025,1,COLLEGE OF MEDICINE AND SAGORE DUTTA HOSPITAL,M.D. (PAEDIATRICS),Open Quota,General,UR,4105,4105,1
2025,1,NIL RATAN SIRCAR MEDICAL COLLEGE,M.D. (OBST. AND GYNAE)/MS (OBSTETRICS AND GYNAECOLOGY),Open Quota,OBC-A (Non-Creamy Layer),UR,4115,4115,1
2025,1,BURDWAN MEDICAL COLLEGE,M.D. (TUBERCULOSIS AND RESPIRATORY DISEASES)/PULMONA RY MEDICINE /M.D. (RESPIRATORY MEDICINE),Open Quota,General,UR,4119,4119,1
2025,1,BURDWAN MEDICAL COLLEGE,M.D. (PAEDIATRICS),Open Quota,General,UR,4149,4187,2
2025,1,BANKURA SAMMILANI MEDICAL COLLEGE,M.D. (PAEDIATRICS),Open Quota,General,UR,4283,4283,1
2025,1,MALDA MEDICAL COLLEGE AND HOSPITAL,M.D. (PAEDIATRICS),Open Quota,General,UR,4550,4550,1
2025,1,NIL RATAN SIRCAR MEDICAL COLLEGE,M.D. (RADIO- DIAGNOSIS),Open Quota,OBC-B (Non-Creamy Layer),OBC-B (Non-Creamy Layer),4625,4625,1
2025,1,NORTH BENGAL MEDICAL COLLEGE AND HOSPITAL,M.D. (PAEDIATRICS),Open Quota,General,UR,4659,4659,1
2025,1,COLLEGE OF MEDICINE AND SAGORE DUTTA HOSPITAL,M.D. (TUBERCULOSIS AND RESPIRATORY DISEASES)/PULMONA RY MEDICINE /M.D. (RESPIRATORY MEDICINE),Open Quota,General,UR,4661,4661,1
2025,1,CALCUTTA NATIONAL MEDICAL COLLEGE KOLKATA,M.D. (OBST. AND GYNAE)/MS (OBSTETRICS AND GYNAECOLOGY),Open Quota,General,UR,4668,4765,2
2025,1,INSTITUTE OF POST GRADUATE MEDICAL EDUCATION AND RESEARCH KOLKATA,M.D. (OBST. AND GYNAE)/MS (OBSTETRICS AND GYNAECOLOGY),Open Quota,OBC-A (Non-Creamy Layer),OBC-A (Non-Creamy Layer),4787,4787,1
2025,1,BURDWAN MEDICAL COLLEGE,M.D. (OBST. AND GYNAE)/MS (OBSTETRICS AND GYNAECOLOGY),Open Quota,General,UR,4856,4856,1
2025,1,"CHITTARANJAN SEVA SADAN COLLEGE OF OBS. GYNAE AND CHILD HEALTH,KOLKATA",M.D. (OBST. AND GYNAE)/MS (OBSTETRICS AND GYNAECOLOGY),Open Quota,General,UR,4943,4943,1
2025,1,CALCUTTA NATIONAL MEDICAL COLLEGE KOLKATA,M.D. (PAEDIATRICS),Open Quota,OBC-A (Non-Creamy Layer),OBC-A (Non-Creamy Layer),5026,5026,1
2025,1,COLLEGE OF MEDICINE AND SAGORE DUTTA HOSPITAL,M.D. (OBST. AND GYNAE)/MS (OBSTETRICS AND GYNAECOLOGY),Open Quota,General,UR,5075,5075,1
2025,1,BANKURA SAMMILANI MEDICAL COLLEGE,M.D. (TUBERCULOSIS AND RESPIRATORY DISEASES)/PULMONA RY MEDICINE /M.D. (RESPIRATORY MEDICINE),Open Quota,General,UR,5132,5132,1
2025,1,BANKURA SAMMILANI MEDICAL COLLEGE,M.S. (ORTHOPAEDICS),Open Quota,General,UR,5290,5290,1
2025,1,NORTH BENGAL MEDICAL COLLEGE AND HOSPITAL,M.D. (RADIO- DIAGNOSIS),Open Quota,SC,SC,5297,5297,1
2025,1,"RAMAKRISHNA MISSION SEVA PRATISHTHAN VIVEKANANDA INSTITUTE OF MEDICAL SCIENCES, KOLKATA",M.S. (ORTHOPAEDICS),Open Quota,General,UR,5325,5325,1
2025,1,BANKURA SAMMILANI MEDICAL COLLEGE,M.D. (RADIO- DIAGNOSIS),Open Quota,SC,SC,5473,5473,1
2025,1,MEDICAL COLLEGE KOLKATA,M.S. (OPHTHALMOLOGY),Open Quota,General,UR,5062,5515,3
2025,1,MURSHIDABAD MEDICAL COLLEGE AND HOSPITAL,M.S. (ORTHOPAEDICS),Open Quota,General,UR,5582,5582,1
2025,1,MEDICAL COLLEGE KOLKATA,M.D. (GENERAL MEDICINE),Open Quota,SC,SC,4417,5664,2
2025,1,INSTITUTE OF CHILD HEALTH,M.D. (PAEDIATRICS),Open Quota,OBC-A (Non-Creamy Layer),OBC-A (Non-Creamy Layer),5683,5683,1
2025,1,R G KAR MEDICAL COLLEGE,"M.D. (DERM.,VENE. AND LEPROSY)/ (DERMATOLOGY)/ (SKIN AND VENEREAL DISEASES)/ (VENEREOLOGY)",Open Quota,EWS,EWS,5774,5774,1
2025,1,ESI PGIMSR AND ESIC MEDICAL COLLEGE JOKA KOLKATA,M.D. (OBST. AND GYNAE)/MS (OBSTETRICS AND GYNAECOLOGY),Open Quota,General,UR,5795,5795,1
2025,1,CALCUTTA NATIONAL MEDICAL COLLEGE KOLKATA,M.S. (GENERAL SURGERY),Open Quota,General,UR,5330,5868,4
2025,1,INSTITUTE OF POST GRADUATE MEDICAL EDUCATION AND RESEARCH KOLKATA,M.D. (PSYCHIATRY),Open Quota,General,UR,5782,5945,2
2025,1,BANKURA SAMMILANI MEDICAL COLLEGE,M.D. (OBST. AND GYNAE)/MS (OBSTETRICS AND GYNAECOLOGY),Open Quota,General,UR,4933,5997,3
2025,1,BURDWAN MEDICAL COLLEGE,M.S. (GENERAL SURGERY),Open Quota,General,UR,5788,6034,2
2025,1,"RAMAKRISHNA MISSION SEVA PRATISHTHAN VIVEKANANDA INSTITUTE OF MEDICAL SCIENCES, KOLKATA",M.S. (GENERAL SURGERY),Open Quota,General,UR,6124,6124,1
2025,1,R G KAR MEDICAL COLLEGE,M.S. (ORTHOPAEDICS),Open Quota,SC,SC,6166,6166,1
2025,1,"RAMAKRISHNA MISSION SEVA PRATISHTHAN VIVEKANANDA INSTITUTE OF MEDICAL SCIENCES, KOLKATA",M.D. (OBST. AND GYNAE)/MS (OBSTETRICS AND GYNAECOLOGY),Open Quota,General,UR,6224,6224,1
2025,1,INSTITUTE OF POST GRADUATE MEDICAL EDUCATION AND RESEARCH KOLKATA,M.S. (ORTHOPAEDICS),Open Quota,OBC-A (Non-Creamy Layer),OBC-A (Non-Creamy Layer),6298,6298,1
2025,1,NORTH BENGAL MEDICAL COLLEGE AND HOSPITAL,M.D. (GENERAL MEDICINE),Open Quota,OBC-B (Non-Creamy Layer),OBC-B (Non-Creamy Layer),6416,6416,1
2025,1,GOURI DEVI INSTITUTE OF MEDICAL SCIENCES AND HOSPITAL,"M.D. (DERM.,VENE. AND LEPROSY)/ (DERMATOLOGY)/ (SKIN AND VENEREAL DISEASES)/ (VENEREOLOGY)",Open Quota,General,UR,6423,6423,1
2025,1,ICARE INSTITUTE OF MEDICAL SCIENCES AND RESEARCH HALDIA,M.D. (GENERAL MEDICINE),Open Quota,General,UR,6521,6521,1
2025,1,ESI PGIMSR AND ESIC MEDICAL COLLEGE JOKA KOLKATA,M.S. (ORTHOPAEDICS),Open Quota,General,UR,6547,6547,1
2025,1,NORTH BENGAL MEDICAL COLLEGE AND HOSPITAL,M.D. (OBST. AND GYNAE)/MS (OBSTETRICS AND GYNAECOLOGY),Open Quota,General,UR,6590,6590,1
2025,1,MIDNAPORE MEDICAL COLLEGE,M.D. (PAEDIATRICS),Open Quota,OBC-B (Non-Creamy Layer),OBC-B (Non-Creamy Layer),6596,6596,1
2025,1,BANKURA SAMMILANI MEDICAL COLLEGE,M.S. (GENERAL SURGERY),Open Quota,General,UR,6177,6630,2
2025,1,"RAMAKRISHNA MISSION SEVA PRATISHTHAN VIVEKANANDA INSTITUTE OF MEDICAL SCIENCES, KOLKATA",M.D. (GENERAL MEDICINE),Open Quota,SC,SC,6913,6913,1
2025,1,MEDICAL COLLEGE KOLKATA,M.S. (E.N.T.),Open Quota,General,UR,6962,6962,1
2025,1,R G KAR MEDICAL COLLEGE,M.D. (TUBERCULOSIS AND RESPIRATORY DISEASES)/PULMONA RY MEDICINE /M.D. (RESPIRATORY MEDICINE),Open Quota,OBC-B (Non-Creamy Layer),OBC-B (Non-Creamy Layer),7097,7097,1
2025,1,INSTITUTE OF POST GRADUATE MEDICAL EDUCATION AND RESEARCH KOLKATA,M.S. (E.N.T.),Open Quota,General,UR,7113,7113,1
2025,1,MIDNAPORE MEDICAL COLLEGE,M.S. (GENERAL SURGERY),Open Quota,General,UR,6135,7121,3
2025,1,INSTITUTE OF POST GRADUATE MEDICAL EDUCATION AND RESEARCH KOLKATA,M.D. (OBST. AND GYNAE)/MS (OBSTETRICS AND GYNAECOLOGY),Open Quota,SC,SC,7181,7181,1
2025,1,NIL RATAN SIRCAR MEDICAL COLLEGE,M.S. (OPHTHALMOLOGY),Open Quota,General,UR,7257,7257,1
2025,1,BURDWAN MEDICAL COLLEGE,M.S. (ORTHOPAEDICS),Open Quota,OBC-A (Non-Creamy Layer),OBC-A (Non-Creamy Layer),7318,7318,1
2025,1,KPC MEDICAL COLLEGE,M.D. (RADIO- DIAGNOSIS),Private Management Quota,General,UR,7335,7335,1
2025,1,MEDICAL COLLEGE KOLKATA,M.D. GERIATRICS,Open Quota,General,UR,7377,7377,1
2025,1,GOURI DEVI INSTITUTE OF MEDICAL SCIENCES AND HOSPITAL,M.D. (TUBERCULOSIS AND RESPIRATORY DISEASES)/PULMONA RY MEDICINE /M.D. (RESPIRATORY MEDICINE),Open Quota,General,UR,7521,7521,1
2025,1,NORTH BENGAL MEDICAL COLLEGE AND HOSPITAL,M.D. (GENERAL MEDICINE),Open Quota,EWS,EWS,7655,7655,1
2025,1,"COMMAND HOSPITAL EC, ALIPORE, KOLKATA",M.D. (OBST. AND GYNAE)/MS (OBSTETRICS AND GYNAECOLOGY),Open Quota,General,UR,7696,7696,1
2025,1,R G KAR MEDICAL COLLEGE,M.D. (OBST. AND GYNAE)/MS (OBSTETRICS AND GYNAECOLOGY),Open Quota,OBC-A (Non-Creamy Layer),OBC-A (Non-Creamy Layer),7789,7789,1
2025,1,MIDNAPORE MEDICAL COLLEGE,M.D. (OBST. AND GYNAE)/MS (OBSTETRICS AND GYNAECOLOGY),Open Quota,General,UR,6431,7928,3
2025,1,MURSHIDABAD MEDICAL COLLEGE AND HOSPITAL,M.D. (OBST. AND GYNAE)/MS (OBSTETRICS AND GYNAECOLOGY),Open Quota,General,UR,7932,7932,1
2025,1,MALDA MEDICAL COLLEGE AND HOSPITAL,M.D. (OBST. AND GYNAE)/MS (OBSTETRICS AND GYNAECOLOGY),Open Quota,General,UR,8012,8012,1
2025,1,ESI PGIMSR AND ESIC MEDICAL COLLEGE JOKA KOLKATA,M.D. (PAEDIATRICS),Open Quota,SC,SC,8233,8233,1
2025,1,BURDWAN MEDICAL COLLEGE,M.S. (OPHTHALMOLOGY),Open Quota,General,UR,8476,8476,1
2025,1,BURDWAN MEDICAL COLLEGE,M.S. (GENERAL SURGERY),Open Quota,OBC-B (Non-Creamy Layer),OBC-B (Non-Creamy Layer),8496,8496,1
2025,1,BANKURA SAMMILANI MEDICAL COLLEGE,"M.D. (DERM.,VENE. AND LEPROSY)/ (DERMATOLOGY)/ (SKIN AND VENEREAL DISEASES)/ (VENEREOLOGY)",Open Quota,SC,SC,8615,8615,1
2025,1,"RAMAKRISHNA MISSION SEVA PRATISHTHAN VIVEKANANDA INSTITUTE OF MEDICAL SCIENCES, KOLKATA",M.D. (GENERAL MEDICINE),Open Quota,EWS,EWS,8893,8893,1
2025,1,MEDICAL COLLEGE KOLKATA,M.S. (ORTHOPAEDICS),Open Quota,OBC-B (Non-Creamy Layer),OBC-B (Non-Creamy Layer),8908,8908,1
2025,1,R G KAR MEDICAL COLLEGE,M.S. (E.N.T.),Open Quota,General,UR,8915,8915,1
2025,1,NIL RATAN SIRCAR MEDICAL COLLEGE,M.D. (OBST. AND GYNAE)/MS (OBSTETRICS AND GYNAECOLOGY),Open Quota,EWS,EWS,8942,8942,1
2025,1,CALCUTTA NATIONAL MEDICAL COLLEGE KOLKATA,M.S. (ORTHOPAEDICS),Open Quota,OBC-B (Non-Creamy Layer),OBC-B (Non-Creamy Layer),8990,8990,1
2025,1,KPC MEDICAL COLLEGE,M.S. (ORTHOPAEDICS),Open Quota,OBC-A (Non-Creamy Layer),UR,8993,8993,1
2025,1,INSTITUTE OF POST GRADUATE MEDICAL EDUCATION AND RESEARCH KOLKATA,M.D. (ANAESTHESIOLOGY),Open Quota,General,UR,9009,9009,1
2025,1,NIL RATAN SIRCAR MEDICAL COLLEGE,M.D. (GENERAL MEDICINE),Open Quota,SC,SC,9017,9017,1
2025,1,DR. B C ROY POST GRADUATE INSTITUTE OF PAEDIATRIC SCIENCES,M.D. (PAEDIATRICS),Open Quota,OBC-A (Non-Creamy Layer),OBC-A (Non-Creamy Layer),9114,9114,1
2025,1,"RAMAKRISHNA MISSION SEVA PRATISHTHAN VIVEKANANDA INSTITUTE OF MEDICAL SCIENCES, KOLKATA",M.D. (PAEDIATRICS),Open Quota,OBC-A (Non-Creamy Layer),OBC-A (Non-Creamy Layer),9211,9211,1
2025,1,NIL RATAN SIRCAR MEDICAL COLLEGE,M.D. (OBST. AND GYNAE)/MS (OBSTETRICS AND GYNAECOLOGY),Open Quota,OBC-A (Non-Creamy Layer),OBC-A (Non-Creamy Layer),9229,9229,1
2025,1,CALCUTTA NATIONAL MEDICAL COLLEGE KOLKATA,M.S. (E.N.T.),Open Quota,General,UR,9288,9288,1
2025,1,BANKURA SAMMILANI MEDICAL COLLEGE,M.S. (E.N.T.),Open Quota,General,UR,9349,9349,1
2025,1,CALCUTTA NATIONAL MEDICAL COLLEGE KOLKATA,M.D. (GENERAL MEDICINE),Open Quota,SC,SC,9386,9386,1
2025,1,DIAMOND HARBOUR GOVERNMENT MEDICAL COLLEGE AND HOSPITAL,M.S. (E.N.T.),Open Quota,General,UR,9453,9453,1
2025,1,MEDICAL COLLEGE KOLKATA,M.D. (PAEDIATRICS),Open Quota,EWS,EWS,9496,9496,1
2025,1,MEDICAL COLLEGE KOLKATA,M.D. (RADIOTHERAPY/ RADIATION ONCOLOGY),Open Quota,General,UR,9540,9540,1
2025,1,BURDWAN MEDICAL COLLEGE,M.D. (GENERAL MEDICINE),Open Quota,SC,SC,9603,9603,1
2025,1,MIDNAPORE MEDICAL COLLEGE,M.D. (GENERAL MEDICINE),Open Quota,SC,SC,9610,9610,1
2025,1,NORTH BENGAL MEDICAL COLLEGE AND HOSPITAL,M.D. (GENERAL MEDICINE),Open Quota,SC,SC,9635,9635,1
2025,1,MEDICAL COLLEGE KOLKATA,M.D. (PSYCHIATRY),Open Quota,General,UR,9714,9714,1
2025,1,INSTITUTE OF POST GRADUATE MEDICAL EDUCATION AND RESEARCH KOLKATA,M.S. (OPHTHALMOLOGY),Open Quota,General,UR,9718,9718,1
2025,1,INSTITUTE OF POST GRADUATE MEDICAL EDUCATION AND RESEARCH KOLKATA,M.D. (PAEDIATRICS),Open Quota,SC,SC,9726,9726,1
2025,1,R G KAR MEDICAL COLLEGE,M.D. (PSYCHIATRY),Open Quota,General,UR,9780,9780,1
2025,1,ESI PGIMSR AND ESIC MEDICAL COLLEGE JOKA KOLKATA,M.S. (GENERAL SURGERY),Open Quota,OBC-B (Non-Creamy Layer),OBC (Non-Creamy Layer),9844,9844,1
2025,1,MIDNAPORE MEDICAL COLLEGE,M.S. (E.N.T.),Open Quota,General,UR,9850,9850,1
2025,1,CALCUTTA NATIONAL MEDICAL COLLEGE KOLKATA,M.D. (OBST. AND GYNAE)/MS (OBSTETRICS AND GYNAECOLOGY),Open Quota,OBC-A (Non-Creamy Layer),OBC-A (Non-Creamy Layer),10001,10001,1
2025,1,CALCUTTA NATIONAL MEDICAL COLLEGE KOLKATA,M.D. (PSYCHIATRY),Open Quota,General,UR,10011,10011,1
2025,1,NIL RATAN SIRCAR MEDICAL COLLEGE,M.D. (PAEDIATRICS),Open Quota,SC,SC,10076,10076,1
2025,1,NORTH BENGAL MEDICAL COLLEGE AND HOSPITAL,M.S. (E.N.T.),Open Quota,General,UR,10093,10093,1
2025,1,BANKURA SAMMILANI MEDICAL COLLEGE,M.S. (OPHTHALMOLOGY),Open Quota,General,UR,10230,10230,1
2025,1,"IQ CITY MEDICAL COLLEGE, DURGAPUR",M.D. (OBST. AND GYNAE)/MS (OBSTETRICS AND GYNAECOLOGY),Open Quota,General,UR,10247,10247,1
2025,1,DR. B C ROY POST GRADUATE INSTITUTE OF PAEDIATRIC SCIENCES,M.D. (PAEDIATRICS),Open Quota,SC,SC,10331,10331,1
2025,1,"COMMAND HOSPITAL EC, ALIPORE, KOLKATA",M.D. (PAEDIATRICS),Open Quota,OBC-A (Non-Creamy Layer),OBC (Non-Creamy Layer),10420,10420,1
2025,1,SHRI RAMKRISHNA INSTITUTE OF MEDICAL SCIENCES & SANAKA HOSPITALS,M.S. (GENERAL SURGERY),Open Quota,General,UR,10604,10604,1
2025,1,NIL RATAN SIRCAR MEDICAL COLLEGE,M.D. (ANAESTHESIOLOGY),Open Quota,General,UR,10772,10772,1
2025,1,MALDA MEDICAL COLLEGE AND HOSPITAL,M.D. (OBST. AND GYNAE)/MS (OBSTETRICS AND GYNAECOLOGY),Open Quota,OBC-A (Non-Creamy Layer),OBC-A (Non-Creamy Layer),10792,10792,1
2025,1,MEDICAL COLLEGE KOLKATA,M.D. (OBST. AND GYNAE)/MS (OBSTETRICS AND GYNAECOLOGY),Open Quota,OBC-B (Non-Creamy Layer),OBC-B (Non-Creamy Layer),10811,10811,1
2025,1,CALCUTTA NATIONAL MEDICAL COLLEGE KOLKATA,M.S. (OPHTHALMOLOGY),Open Quota,SC,SC,10903,10903,1
2025,1,R G KAR MEDICAL COLLEGE,M.D. (OBST. AND GYNAE)/MS (OBSTETRICS AND GYNAECOLOGY),Open Quota,OBC-B (Non-Creamy Layer),OBC-B (Non-Creamy Layer),11048,11048,1
2025,1,COLLEGE OF MEDICINE AND SAGORE DUTTA HOSPITAL,M.D. (PSYCHIATRY),Open Quota,General,UR,11139,11139,1
2025,1,BURDWAN MEDICAL COLLEGE,M.D. (OBST. AND GYNAE)/MS (OBSTETRICS AND GYNAECOLOGY),Open Quota,OBC-B (Non-Creamy Layer),OBC-B (Non-Creamy Layer),11205,11205,1
2025,1,CALCUTTA NATIONAL MEDICAL COLLEGE KOLKATA,M.D. (PAEDIATRICS),Open Quota,EWS,EWS,11743,11743,1
2025,1,MEDICAL COLLEGE KOLKATA,M.D. (ANAESTHESIOLOGY),Open Quota,General,UR,10501,11745,3
2025,1,"RAMAKRISHNA MISSION SEVA PRATISHTHAN VIVEKANANDA INSTITUTE OF MEDICAL SCIENCES, KOLKATA",M.S. (GENERAL SURGERY),Open Quota,OBC-B (Non-Creamy Layer),OBC-B (Non-Creamy Layer),11750,11750,1
2025,1,COLLEGE OF MEDICINE AND SAGORE DUTTA HOSPITAL,M.S. (OPHTHALMOLOGY),Open Quota,General,UR,11790,11790,1
2025,1,MEDICAL COLLEGE KOLKATA,M.S. (GENERAL SURGERY),Open Quota,OBC-A (Non-Creamy Layer),OBC-A (Non-Creamy Layer),12033,12033,1
2025,1,NORTH BENGAL MEDICAL COLLEGE AND HOSPITAL,M.S. (ORTHOPAEDICS),Open Quota,OBC-A (Non-Creamy Layer),OBC-A (Non-Creamy Layer),12044,12044,1
2025,1,"RAMAKRISHNA MISSION SEVA PRATISHTHAN VIVEKANANDA INSTITUTE OF MEDICAL SCIENCES, KOLKATA",M.S. (OPHTHALMOLOGY),Open Quota,General,UR,12126,12126,1
2025,1,R G KAR MEDICAL COLLEGE,M.D. (PAEDIATRICS),Open Quota,SC,SC,12365,12365,1
2025,1,R G KAR MEDICAL COLLEGE,M.S. (GENERAL SURGERY),Open Quota,OBC-A (Non-Creamy Layer),OBC-A (Non-Creamy Layer),12386,12386,1
2025,1,BURDWAN MEDICAL COLLEGE,M.D. (PAEDIATRICS),Open Quota,SC,SC,12439,12439,1
2025,1,R G KAR MEDICAL COLLEGE,M.D. (ANAESTHESIOLOGY),Open Quota,General,UR,12639,12639,1
2025,1,CALCUTTA NATIONAL MEDICAL COLLEGE KOLKATA,M.D. (ANAESTHESIOLOGY),Open Quota,General,UR,12789,12789,1
2025,1,"RAMAKRISHNA MISSION SEVA PRATISHTHAN VIVEKANANDA INSTITUTE OF MEDICAL SCIENCES, KOLKATA",M.D. (OBST. AND GYNAE)/MS (OBSTETRICS AND GYNAECOLOGY),Open Quota,OBC-A (Non-Creamy Layer),OBC-A (Non-Creamy Layer),13182,13182,1
2025,1,"CHITTARANJAN SEVA SADAN COLLEGE OF OBS. GYNAE AND CHILD HEALTH,KOLKATA",M.D. (PAEDIATRICS),Open Quota,SC,SC,13371,13371,1
2025,1,ESI PGIMSR AND ESIC MEDICAL COLLEGE JOKA KOLKATA,M.D. (OBST. AND GYNAE)/MS (OBSTETRICS AND GYNAECOLOGY),Open Quota,OBC-A (Non-Creamy Layer),OBC (Non-Creamy Layer),13419,13419,1
2025,1,MEDICAL COLLEGE KOLKATA,M.S. (GENERAL SURGERY),Open Quota,SC,SC,13615,13615,1
2025,1,SHRI RAMKRISHNA INSTITUTE OF MEDICAL SCIENCES & SANAKA HOSPITALS,M.S. (E.N.T.),Open Quota,General,UR,13619,13619,1
2025,1,NIL RATAN SIRCAR MEDICAL COLLEGE,M.S. (OPHTHALMOLOGY),Open Quota,OBC-A (Non-Creamy Layer),OBC-A (Non-Creamy Layer),13699,13699,1
2025,1,MALDA MEDICAL COLLEGE AND HOSPITAL,M.S. (OPHTHALMOLOGY),Open Quota,General,UR,13892,13892,1
2025,1,R G KAR MEDICAL COLLEGE,M.D. (RADIOTHERAPY/ RADIATION ONCOLOGY),Open Quota,General,UR,13908,13908,1
2025,1,NORTH BENGAL MEDICAL COLLEGE AND HOSPITAL,M.S. (OPHTHALMOLOGY),Open Quota,General,UR,13931,13931,1
2025,1,MEDICAL COLLEGE KOLKATA,M.D. (OBST. AND GYNAE)/MS (OBSTETRICS AND GYNAECOLOGY),Open Quota,EWS,EWS,13964,13964,1
2025,1,ICARE INSTITUTE OF MEDICAL SCIENCES AND RESEARCH HALDIA,M.D. (OBST. AND GYNAE)/MS (OBSTETRICS AND GYNAECOLOGY),Open Quota,General,UR,14114,14114,1
2025,1,COLLEGE OF MEDICINE AND JNM HOSPITAL KALYANI,M.D. (PSYCHIATRY),Open Quota,OBC-A (Non-Creamy Layer),OBC-A (Non-Creamy Layer),14164,14164,1
2025,1,MIDNAPORE MEDICAL COLLEGE,M.S. (OPHTHALMOLOGY),Open Quota,General,UR,14212,14212,1
2025,1,MIDNAPORE MEDICAL COLLEGE,M.D. (ANAESTHESIOLOGY),Open Quota,General,UR,14305,14305,1
2025,1,INSTITUTE OF POST GRADUATE MEDICAL EDUCATION AND RESEARCH KOLKATA,M.D. (RADIOTHERAPY/ RADIATION ONCOLOGY),Open Quota,General,UR,14751,14751,1
2025,1,COLLEGE OF MEDICINE AND SAGORE DUTTA HOSPITAL,M.D. (ANAESTHESIOLOGY),Open Quota,General,UR,14785,14785,1
2025,1,BURDWAN MEDICAL COLLEGE,M.D. (RADIOTHERAPY/ RADIATION ONCOLOGY),Open Quota,General,UR,14983,14983,1
2025,1,NIL RATAN SIRCAR MEDICAL COLLEGE,M.S. (ORTHOPAEDICS),Open Quota,SC,SC,15124,15124,1
2025,1,MIDNAPORE MEDICAL COLLEGE,M.D. (PAEDIATRICS),Open Quota,SC,SC,15131,15131,1
2025,1,MEDICAL COLLEGE KOLKATA,M.S. (E.N.T.),Open Quota,OBC-A (Non-Creamy Layer),OBC-A (Non-Creamy Layer),15204,15204,1
2025,1,KPC MEDICAL COLLEGE,M.S. (GENERAL SURGERY),Open Quota,General,UR,15243,15243,1
2025,1,ICARE INSTITUTE OF MEDICAL SCIENCES AND RESEARCH HALDIA,M.S. (OPHTHALMOLOGY),Open Quota,General,UR,15269,15269,1
2025,1,KPC MEDICAL COLLEGE,M.D. (PSYCHIATRY),Private Management Quota,General,UR,15369,15369,1
2025,1,"COMMAND HOSPITAL EC, ALIPORE, KOLKATA",M.D. (ANAESTHESIOLOGY),Open Quota,General,UR,15458,15458,1
2025,1,INSTITUTE OF POST GRADUATE MEDICAL EDUCATION AND RESEARCH KOLKATA,M.D. (PHYSICAL MED. AND REHABILITATION),Open Quota,General,UR,15464,15464,1
2025,1,NORTH BENGAL MEDICAL COLLEGE AND HOSPITAL,M.D. (ANAESTHESIOLOGY),Open Quota,General,UR,13375,15485,2
2025,1,INSTITUTE OF CHILD HEALTH,M.D. (PAEDIATRICS),Open Quota,EWS,EWS,15506,15506,1
2025,1,NIL RATAN SIRCAR MEDICAL COLLEGE,M.D. (ANAESTHESIOLOGY),Open Quota,OBC-A (Non-Creamy Layer),OBC-A (Non-Creamy Layer),15679,15679,1
2025,1,BURDWAN MEDICAL COLLEGE,M.D. (ANAESTHESIOLOGY),Open Quota,General,UR,15725,15725,1
2025,1,BURDWAN MEDICAL COLLEGE,M.S. (ORTHOPAEDICS),Open Quota,SC,SC,15752,15752,1
2025,1,R G KAR MEDICAL COLLEGE,M.D. (OBST. AND GYNAE)/MS (OBSTETRICS AND GYNAECOLOGY),Open Quota,SC,SC,15936,15936,1
2025,1,GOURI DEVI INSTITUTE OF MEDICAL SCIENCES AND HOSPITAL,M.D. (PAEDIATRICS),Open Quota,General,UR,16169,16169,1
2025,1,INSTITUTE OF CHILD HEALTH,M.D. (PAEDIATRICS),Open Quota,SC,SC,16318,16318,1
2025,1,BANKURA SAMMILANI MEDICAL COLLEGE,M.D. (ANAESTHESIOLOGY),Open Quota,General,UR,16181,16453,2
2025,1,MEDICAL COLLEGE KOLKATA,M.D. (OBST. AND GYNAE)/MS (OBSTETRICS AND GYNAECOLOGY),Open Quota,SC,SC,8687,16464,2
2025,1,MURSHIDABAD MEDICAL COLLEGE AND HOSPITAL,M.D. (ANAESTHESIOLOGY),Open Quota,General,UR,16509,16509,1
2025,1,NIL RATAN SIRCAR MEDICAL COLLEGE,M.D. (PAEDIATRICS),Open Quota,EWS,EWS,16615,16615,1
2025,1,BURDWAN MEDICAL COLLEGE,M.D. (OBST. AND GYNAE)/MS (OBSTETRICS AND GYNAECOLOGY),Open Quota,EWS,EWS,16826,16826,1
2025,1,MEDICAL COLLEGE KOLKATA,M.D. (PATHOLOGY),Open Quota,General,UR,16912,16912,1
2025,1,MALDA MEDICAL COLLEGE AND HOSPITAL,M.S. (GENERAL SURGERY),Open Quota,OBC-B (Non-Creamy Layer),OBC-B (Non-Creamy Layer),16954,16954,1
2025,1,"RAMAKRISHNA MISSION SEVA PRATISHTHAN VIVEKANANDA INSTITUTE OF MEDICAL SCIENCES, KOLKATA",DIPLOMA IN CHILD HEALTH/ PAEDIATRICS,Open Quota,General,UR,17002,17002,1
2025,1,MEDICAL COLLEGE KOLKATA,DIP.IN GYNAE. AND OBST.,Open Quota,General,UR,15786,17097,2
2025,1,NIL RATAN SIRCAR MEDICAL COLLEGE,M.S. (ORTHOPAEDICS),Open Quota,EWS,EWS,17480,17480,1
2025,1,GOURI DEVI INSTITUTE OF MEDICAL SCIENCES AND HOSPITAL,M.S. (GENERAL SURGERY),Open Quota,General,UR,17779,17779,1
2025,1,MEDICAL COLLEGE KOLKATA,M.D. IN TRANSFUSION MEDICINE/ IMMUNO- HAEMATOLOGY AND BLOOD TRANSFUSION,Open Quota,General,UR,17863,17863,1
2025,1,"RAMAKRISHNA MISSION SEVA PRATISHTHAN VIVEKANANDA INSTITUTE OF MEDICAL SCIENCES, KOLKATA",M.D. (PAEDIATRICS),Open Quota,SC,SC,17917,17917,1
2025,1,"RAMAKRISHNA MISSION SEVA PRATISHTHAN VIVEKANANDA INSTITUTE OF MEDICAL SCIENCES, KOLKATA",M.D. (ANAESTHESIOLOGY),Open Quota,General,UR,17473,17968,2
2025,1,INSTITUTE OF POST GRADUATE MEDICAL EDUCATION AND RESEARCH KOLKATA,M.D. (ANAESTHESIOLOGY),Open Quota,OBC-B (Non-Creamy Layer),OBC-B (Non-Creamy Layer),18014,18014,1
2025,1,INSTITUTE OF POST GRADUATE MEDICAL EDUCATION AND RESEARCH KOLKATA,M.D. (ANAESTHESIOLOGY),Open Quota,EWS,EWS,18033,18033,1
2025,1,NIL RATAN SIRCAR MEDICAL COLLEGE,M.D. (OBST. AND GYNAE)/MS (OBSTETRICS AND GYNAECOLOGY),Open Quota,SC,SC,18062,18062,1
2025,1,R G KAR MEDICAL COLLEGE,M.D. (GENERAL MEDICINE),Open Quota,ST,ST,18154,18154,1
2025,1,JAGANNATH GUPTA INSTITUTE OF MEDICAL SCIENCES AND HOSPITAL,M.D. (GENERAL MEDICINE),Open Quota,OBC-A (Non-Creamy Layer),OBC-A (Non-Creamy Layer),18161,18161,1
2025,1,CALCUTTA NATIONAL MEDICAL COLLEGE KOLKATA,M.D. (ANAESTHESIOLOGY),Open Quota,OBC-B (Non-Creamy Layer),OBC-B (Non-Creamy Layer),18260,18260,1
2025,1,R G KAR MEDICAL COLLEGE,M.D. (ANAESTHESIOLOGY),Open Quota,OBC-A (Non-Creamy Layer),OBC-A (Non-Creamy Layer),18528,18528,1
2025,1,MEDICAL COLLEGE KOLKATA,M.D. (TUBERCULOSIS AND RESPIRATORY DISEASES)/PULMONA RY MEDICINE /M.D. (RESPIRATORY MEDICINE),Open Quota,SC,SC,18661,18661,1
2025,1,BURDWAN MEDICAL COLLEGE,M.D. (ANAESTHESIOLOGY),Open Quota,OBC-A (Non-Creamy Layer),OBC-A (Non-Creamy Layer),18858,18858,1
2025,1,SHRI RAMKRISHNA INSTITUTE OF MEDICAL SCIENCES & SANAKA HOSPITALS,M.D. (GENERAL MEDICINE),Private Management Quota,EWS,UR,18969,18969,1
2025,1,INSTITUTE OF POST GRADUATE MEDICAL EDUCATION AND RESEARCH KOLKATA,M.D. (RADIO- DIAGNOSIS),Open Quota,ST,ST,19039,19039,1
2025,1,MURSHIDABAD MEDICAL COLLEGE AND HOSPITAL,M.S. (GENERAL SURGERY),Open Quota,OBC-B (Non-Creamy Layer),OBC-B (Non-Creamy Layer),19047,19047,1
2025,1,ALL INDIA INSTITUTE OF HYGIENE AND PUBLIC HEALTH,M.D. (PREVENTIVE AND SOCIAL MEDICINE)/ COMMUNITY MEDICINE,Open Quota,General,UR,19315,19315,1
2025,1,INSTITUTE OF POST GRADUATE MEDICAL EDUCATION AND RESEARCH KOLKATA,M.D. (PATHOLOGY),Open Quota,General,UR,18262,19502,2
2025,1,MALDA MEDICAL COLLEGE AND HOSPITAL,M.D. (PAEDIATRICS),Open Quota,SC,SC,19549,19549,1
2025,1,"IQ CITY MEDICAL COLLEGE, DURGAPUR",M.S. (GENERAL SURGERY),Open Quota,OBC-A (Non-Creamy Layer),UR,19576,19576,1
2025,1,R G KAR MEDICAL COLLEGE,M.S. (GENERAL SURGERY),Open Quota,SC,SC,19718,19718,1
2025,1,ESI PGIMSR AND ESIC MEDICAL COLLEGE JOKA KOLKATA,M.D. (BIOCHEMISTRY),Open Quota,General,UR,19733,19733,1
2025,1,CALCUTTA NATIONAL MEDICAL COLLEGE KOLKATA,M.D. (TUBERCULOSIS AND RESPIRATORY DISEASES)/PULMONA RY MEDICINE /M.D. (RESPIRATORY MEDICINE),Open Quota,SC,SC,19898,19898,1
2025,1,R G KAR MEDICAL COLLEGE,M.D. (PATHOLOGY),Open Quota,General,UR,20359,20359,1
2025,1,ALL INDIA INSTITUTE OF HYGIENE AND PUBLIC HEALTH,M.D. (PREVENTIVE AND SOCIAL MEDICINE)/ COMMUNITY MEDICINE,Open Quota,OBC-A (Non-Creamy Layer),UR,20373,20373,1
2025,1,MEDICAL COLLEGE KOLKATA,DIPLOMA IN OPHTHALMOLOGY/DO MS,Open Quota,General,UR,18491,20592,2
2025,1,KPC MEDICAL COLLEGE,"M.D. (DERM.,VENE. AND LEPROSY)/ (DERMATOLOGY)/ (SKIN AND VENEREAL DISEASES)/ (VENEREOLOGY)",Open Quota,OBC-B (Non-Creamy Layer),OBC-B (Non-Creamy Layer),20607,20607,1
2025,1,KPC MEDICAL COLLEGE,M.D. (ANAESTHESIOLOGY),Open Quota,General,UR,20863,20863,1
2025,1,GOURI DEVI INSTITUTE OF MEDICAL SCIENCES AND HOSPITAL,M.D. (GENERAL MEDICINE),Open Quota,OBC-A (Non-Creamy Layer),OBC-A (Non-Creamy Layer),20897,20897,1
2025,1,NIL RATAN SIRCAR MEDICAL COLLEGE,M.S. (GENERAL SURGERY),Open Quota,SC,SC,20912,20912,1
2025,1,CALCUTTA NATIONAL MEDICAL COLLEGE KOLKATA,M.D. (OBST. AND GYNAE)/MS (OBSTETRICS AND GYNAECOLOGY),Open Quota,SC,SC,20971,20971,1
2025,1,"IQ CITY MEDICAL COLLEGE, DURGAPUR",M.S. (E.N.T.),Open Quota,General,UR,21267,21267,1
2025,1,MEDICAL COLLEGE KOLKATA,M.S. (OPHTHALMOLOGY),Open Quota,OBC-B (Non-Creamy Layer),OBC-B (Non-Creamy Layer),21369,21369,1
2025,1,CALCUTTA NATIONAL MEDICAL COLLEGE KOLKATA,M.D. (PATHOLOGY),Open Quota,General,UR,21386,21386,1
2025,1,INSTITUTE OF POST GRADUATE MEDICAL EDUCATION AND RESEARCH KOLKATA,M.S. (GENERAL SURGERY),Open Quota,EWS,EWS,21569,21569,1
2025,1,"RAMAKRISHNA MISSION SEVA PRATISHTHAN VIVEKANANDA INSTITUTE OF MEDICAL SCIENCES, KOLKATA",M.D. (PATHOLOGY),Open Quota,General,UR,21630,21630,1
2025,1,MEDICAL COLLEGE KOLKATA,M.D. (ANAESTHESIOLOGY),Open Quota,SC,SC,21671,21671,1
2025,1,BURDWAN MEDICAL COLLEGE,M.D. (RADIOTHERAPY/ RADIATION ONCOLOGY),Open Quota,OBC-A (Non-Creamy Layer),OBC-A (Non-Creamy Layer),21926,21926,1
2025,1,MURSHIDABAD MEDICAL COLLEGE AND HOSPITAL,M.D. (ANAESTHESIOLOGY),Open Quota,OBC-A (Non-Creamy Layer),OBC-A (Non-Creamy Layer),21942,21942,1
2025,1,MEDICAL COLLEGE KOLKATA,DIPLOMA IN ANAESTHESIOLOGY,Open Quota,General,UR,18021,22199,2
2025,1,BANKURA SAMMILANI MEDICAL COLLEGE,M.D. (PATHOLOGY),Open Quota,General,UR,22206,22206,1
2025,1,"RAMAKRISHNA MISSION SEVA PRATISHTHAN VIVEKANANDA INSTITUTE OF MEDICAL SCIENCES, KOLKATA",DIP.IN GYNAE. AND OBST.,Open Quota,OBC-A (Non-Creamy Layer),OBC-A (Non-Creamy Layer),22533,22533,1
2025,1,TAMRALIPTO GOVERNMENT MEDICAL COLLEGE,(NBEMS) GENERAL MEDICINE,In-Service DNB,OBC-B (Non-Creamy Layer),UR,22679,22679,1
2025,1,INSTITUTE OF POST GRADUATE MEDICAL EDUCATION AND RESEARCH KOLKATA,M.D. (PSYCHIATRY),Open Quota,SC,SC,22702,22702,1
2025,1,COLLEGE OF MEDICINE AND JNM HOSPITAL KALYANI,M.D. (OBST. AND GYNAE)/MS (OBSTETRICS AND GYNAECOLOGY),Open Quota,EWS,EWS,23191,23191,1
2025,1,INSTITUTE OF POST GRADUATE MEDICAL EDUCATION AND RESEARCH KOLKATA,M.S. (GENERAL SURGERY),Open Quota,ST,ST,23210,23210,1
2025,1,ESI PGIMSR AND ESIC MEDICAL COLLEGE JOKA KOLKATA,M.S. (E.N.T.),Open Quota,EWS,EWS,23444,23444,1
2025,1,BURDWAN MEDICAL COLLEGE,M.S. (GENERAL SURGERY),Open Quota,SC,SC,23628,23628,1
2025,1,ICARE INSTITUTE OF MEDICAL SCIENCES AND RESEARCH HALDIA,M.S. (E.N.T.),Open Quota,General,UR,23917,23917,1
2025,1,"RAMAKRISHNA MISSION SEVA PRATISHTHAN VIVEKANANDA INSTITUTE OF MEDICAL SCIENCES, KOLKATA",M.S. (ORTHOPAEDICS),Open Quota,SC,SC,24025,24025,1
2025,1,R G KAR MEDICAL COLLEGE,M.S. (E.N.T.),Open Quota,OBC-B (Non-Creamy Layer),OBC-B (Non-Creamy Layer),24152,24152,1
2025,1,"RAMAKRISHNA MISSION SEVA PRATISHTHAN VIVEKANANDA INSTITUTE OF MEDICAL SCIENCES, KOLKATA",M.D. (OBST. AND GYNAE)/MS (OBSTETRICS AND GYNAECOLOGY),Open Quota,SC,SC,24448,24448,1
2025,1,INSTITUTE OF POST GRADUATE MEDICAL EDUCATION AND RESEARCH KOLKATA,M.D. (GENERAL MEDICINE),In-Service,OBC-A (Non-Creamy Layer),UR,24576,24576,1
2025,1,COLLEGE OF MEDICINE AND SAGORE DUTTA HOSPITAL,M.D. (GENERAL MEDICINE),Open Quota,ST,ST,24697,24697,1
2025,1,SHRI RAMKRISHNA INSTITUTE OF MEDICAL SCIENCES & SANAKA HOSPITALS,M.D. (ANAESTHESIOLOGY),Open Quota,General,UR,24804,24804,1
2025,1,"COMMAND HOSPITAL EC, ALIPORE, KOLKATA",M.S. (GENERAL SURGERY),Open Quota,EWS,EWS,25070,25070,1
2025,1,BURDWAN MEDICAL COLLEGE,M.D. (OBST. AND GYNAE)/MS (OBSTETRICS AND GYNAECOLOGY),Open Quota,SC,SC,25219,25219,1
2025,1,NORTH BENGAL MEDICAL COLLEGE AND HOSPITAL,M.D. (PATHOLOGY),Open Quota,General,UR,25664,25664,1
2025,1,MURSHIDABAD MEDICAL COLLEGE AND HOSPITAL,M.S. (GENERAL SURGERY),Open Quota,SC,SC,25688,25688,1
2025,1,JAGANNATH GUPTA INSTITUTE OF MEDICAL SCIENCES AND HOSPITAL,M.D. (PAEDIATRICS),Open Quota,OBC-B (Non-Creamy Layer),OBC-B (Non-Creamy Layer),25705,25705,1
2025,1,INSTITUTE OF POST GRADUATE MEDICAL EDUCATION AND RESEARCH KOLKATA,M.D. (RADIO- DIAGNOSIS),In-Service,OBC-B (Non-Creamy Layer),UR,25786,25786,1
2025,1,COLLEGE OF MEDICINE AND JNM HOSPITAL KALYANI,M.S. (GENERAL SURGERY),Open Quota,SC,SC,25806,25806,1
2025,1,MEDICAL COLLEGE KOLKATA,M.D. (PAEDIATRICS),Open Quota,ST,ST,25808,25808,1
2025,1,MIDNAPORE MEDICAL COLLEGE,M.S. (GENERAL SURGERY),Open Quota,SC,SC,26073,26073,1
2025,1,CALCUTTA NATIONAL MEDICAL COLLEGE KOLKATA,M.D. (PREVENTIVE AND SOCIAL MEDICINE)/ COMMUNITY MEDICINE,Open Quota,General,UR,23860,26133,2
2025,1,R G KAR MEDICAL COLLEGE,M.D. (ANAESTHESIOLOGY),Open Quota,OBC-B (Non-Creamy Layer),OBC-B (Non-Creamy Layer),26206,26206,1
2025,1,NORTH BENGAL MEDICAL COLLEGE AND HOSPITAL,M.D. (OBST. AND GYNAE)/MS (OBSTETRICS AND GYNAECOLOGY),Open Quota,SC,SC,26432,26432,1
2025,1,"CHITTARANJAN SEVA SADAN COLLEGE OF OBS. GYNAE AND CHILD HEALTH,KOLKATA",M.D. (OBST. AND GYNAE)/MS (OBSTETRICS AND GYNAECOLOGY),Open Quota,SC,SC,24439,26714,2
2025,1,INSTITUTE OF POST GRADUATE MEDICAL EDUCATION AND RESEARCH KOLKATA,M.D. (PATHOLOGY),Open Quota,OBC-A (Non-Creamy Layer),OBC-A (Non-Creamy Layer),26911,26911,1
2025,1,"RAMAKRISHNA MISSION SEVA PRATISHTHAN VIVEKANANDA INSTITUTE OF MEDICAL SCIENCES, KOLKATA",DIPLOMA IN OPHTHALMOLOGY/DO MS,Open Quota,General,UR,27259,27259,1
2025,1,COLLEGE OF MEDICINE AND SAGORE DUTTA HOSPITAL,M.D. (PREVENTIVE AND SOCIAL MEDICINE)/ COMMUNITY MEDICINE,Open Quota,General,UR,27384,27384,1
2025,1,INSTITUTE OF POST GRADUATE MEDICAL EDUCATION AND RESEARCH KOLKATA,M.D. (TUBERCULOSIS AND RESPIRATORY DISEASES)/PULMONA RY MEDICINE /M.D. (RESPIRATORY MEDICINE),Open Quota,EWS,EWS,27617,27617,1
2025,1,KPC MEDICAL COLLEGE,M.D. (GENERAL MEDICINE),Private Management Quota,General,UR,14887,28193,6
2025,1,INSTITUTE OF POST GRADUATE MEDICAL EDUCATION AND RESEARCH KOLKATA,M.D. (RADIOTHERAPY/ RADIATION ONCOLOGY),Open Quota,OBC-B (Non-Creamy Layer),OBC-B (Non-Creamy Layer),28309,28309,1
2025,1,INSTITUTE OF POST GRADUATE MEDICAL EDUCATION AND RESEARCH KOLKATA,M.D. (RADIOTHERAPY/ RADIATION ONCOLOGY),Open Quota,SC,SC,28807,28807,1
2025,1,KPC MEDICAL COLLEGE,"M.D. (DERM.,VENE. AND LEPROSY)/ (DERMATOLOGY)/ (SKIN AND VENEREAL DISEASES)/ (VENEREOLOGY)",Private Management Quota,OBC (Non-Creamy Layer),UR,28852,28852,1
2025,1,ICARE INSTITUTE OF MEDICAL SCIENCES AND RESEARCH HALDIA,M.D. (PAEDIATRICS),Open Quota,OBC-B (Non-Creamy Layer),OBC-B (Non-Creamy Layer),29002,29002,1
2025,1,"IQ CITY MEDICAL COLLEGE, DURGAPUR",M.D. (ANAESTHESIOLOGY),Open Quota,General,UR,29357,29357,1
2025,1,"RAMAKRISHNA MISSION SEVA PRATISHTHAN VIVEKANANDA INSTITUTE OF MEDICAL SCIENCES, KOLKATA",M.D. (OBST. AND GYNAE)/MS (OBSTETRICS AND GYNAECOLOGY),Open Quota,EWS,EWS,29478,29478,1
2025,1,BANKURA SAMMILANI MEDICAL COLLEGE,M.D. (OBST. AND GYNAE)/MS (OBSTETRICS AND GYNAECOLOGY),Open Quota,SC,SC,29746,29746,1
2025,1,R G KAR MEDICAL COLLEGE,M.D. (ANAESTHESIOLOGY),Open Quota,SC,SC,29865,29865,1
2025,1,MURSHIDABAD MEDICAL COLLEGE AND HOSPITAL,M.D. (PATHOLOGY),Open Quota,General,UR,29876,29876,1
2025,1,BURDWAN MEDICAL COLLEGE,M.D. (PREVENTIVE AND SOCIAL MEDICINE)/ COMMUNITY MEDICINE,Open Quota,General,UR,30020,30020,1
2025,1,BURDWAN MEDICAL COLLEGE,M.D. (PATHOLOGY),Open Quota,OBC-A (Non-Creamy Layer),OBC-A (Non-Creamy Layer),30328,30328,1
2025,1,MEDICAL COLLEGE KOLKATA,DIP.IN GYNAE. AND OBST.,Open Quota,OBC-B (Non-Creamy Layer),OBC-B (Non-Creamy Layer),30358,30358,1
2025,1,KPC MEDICAL COLLEGE,M.D. (ANAESTHESIOLOGY),Open Quota,OBC-B (Non-Creamy Layer),OBC-B (Non-Creamy Layer),30455,30455,1
2025,1,"RAMAKRISHNA MISSION SEVA PRATISHTHAN VIVEKANANDA INSTITUTE OF MEDICAL SCIENCES, KOLKATA",M.S. (GENERAL SURGERY),Open Quota,SC,SC,30836,30836,1
2025,1,JAGANNATH GUPTA INSTITUTE OF MEDICAL SCIENCES AND HOSPITAL,M.S. (GENERAL SURGERY),Open Quota,OBC-A (Non-Creamy Layer),OBC-A (Non-Creamy Layer),30968,30968,1
2025,1,MEDICAL COLLEGE KOLKATA,M.D. (MICROBIOLOGY),Open Quota,General,UR,31280,31280,1
2025,1,BURDWAN MEDICAL COLLEGE,M.D. (PSYCHIATRY),Open Quota,EWS,EWS,31649,31649,1
2025,1,CALCUTTA NATIONAL MEDICAL COLLEGE KOLKATA,M.D. (PSYCHIATRY),Open Quota,SC,SC,31660,31660,1
2025,1,MEDICAL COLLEGE KOLKATA,M.S. (GENERAL SURGERY),Open Quota,EWS,EWS,31703,31703,1
2025,1,NORTH BENGAL MEDICAL COLLEGE AND HOSPITAL,M.D. (PREVENTIVE AND SOCIAL MEDICINE)/ COMMUNITY MEDICINE,Open Quota,General,UR,32603,32603,1
2025,1,NIL RATAN SIRCAR MEDICAL COLLEGE,M.S. (E.N.T.),Open Quota,SC,SC,32833,32833,1
2025,1,INSTITUTE OF POST GRADUATE MEDICAL EDUCATION AND RESEARCH KOLKATA,M.D. (PATHOLOGY),Open Quota,SC,SC,32857,32857,1
2025,1,MEDICAL COLLEGE KOLKATA,M.S. (OPHTHALMOLOGY),Open Quota,SC,SC,22554,33162,2
2025,1,BURDWAN MEDICAL COLLEGE,M.S. (E.N.T.),Open Quota,SC,SC,33351,33351,1
2025,1,R G KAR MEDICAL COLLEGE,M.S. (OPHTHALMOLOGY),Open Quota,SC,SC,33412,33412,1
2025,1,ICARE INSTITUTE OF MEDICAL SCIENCES AND RESEARCH HALDIA,M.D. (ANAESTHESIOLOGY),Open Quota,General,UR,27807,33748,3
2025,1,"RAMAKRISHNA MISSION SEVA PRATISHTHAN VIVEKANANDA INSTITUTE OF MEDICAL SCIENCES, KOLKATA",M.S. (E.N.T.),Open Quota,SC,SC,33786,33786,1
2025,1,NIL RATAN SIRCAR MEDICAL COLLEGE,M.S. (GENERAL SURGERY),Open Quota,EWS,EWS,33797,33797,1
2025,1,INSTITUTE OF POST GRADUATE MEDICAL EDUCATION AND RESEARCH KOLKATA,M.D. (MICROBIOLOGY),Open Quota,General,UR,33809,33809,1
2025,1,JAGANNATH GUPTA INSTITUTE OF MEDICAL SCIENCES AND HOSPITAL,M.D. (ANAESTHESIOLOGY),Open Quota,General,UR,33944,33944,1
2025,1,INSTITUTE OF POST GRADUATE MEDICAL EDUCATION AND RESEARCH KOLKATA,M.D. (ANAESTHESIOLOGY),Open Quota,SC,SC,29664,33995,2
2025,1,KPC MEDICAL COLLEGE,M.S. (ORTHOPAEDICS),Private Management Quota,General,UR,27134,34069,2
2025,1,DIAMOND HARBOUR GOVERNMENT MEDICAL COLLEGE AND HOSPITAL,M.S. (OPHTHALMOLOGY),Open Quota,SC,SC,34251,34251,1
2025,1,NIL RATAN SIRCAR MEDICAL COLLEGE,M.D. (PSYCHIATRY),Open Quota,SC,SC,34335,34335,1
2025,1,"IQ CITY MEDICAL COLLEGE, DURGAPUR",M.D. (GENERAL MEDICINE),Private Management Quota,General,UR,27675,34659,2
2025,1,GOURI DEVI INSTITUTE OF MEDICAL SCIENCES AND HOSPITAL,M.D. (RADIO- DIAGNOSIS),Open Quota,SC,SC,34673,34673,1
2025,1,"RAMAKRISHNA MISSION SEVA PRATISHTHAN VIVEKANANDA INSTITUTE OF MEDICAL SCIENCES, KOLKATA",M.S. (GENERAL SURGERY),Open Quota,EWS,EWS,34831,34831,1
2025,1,MEDICAL COLLEGE KOLKATA,M.D. (RADIO- DIAGNOSIS),In-Service,General,UR,34844,34844,1
2025,1,MEDICAL COLLEGE KOLKATA,DIP.IN GYNAE. AND OBST.,Open Quota,SC,SC,34921,34921,1
2025,1,INSTITUTE OF POST GRADUATE MEDICAL EDUCATION AND RESEARCH KOLKATA,M.D. (BIOCHEMISTRY),Open Quota,General,UR,35255,35255,1
2025,1,ESI PGIMSR AND ESIC MEDICAL COLLEGE JOKA KOLKATA,M.D. (ANAESTHESIOLOGY),Open Quota,SC,SC,35511,35511,1
2025,1,MEDICAL COLLEGE KOLKATA,M.D. (PHARMACOLOGY),Open Quota,General,UR,35818,35818,1
2025,1,CALCUTTA NATIONAL MEDICAL COLLEGE KOLKATA,M.S. (OPHTHALMOLOGY),Open Quota,OBC-B (Non-Creamy Layer),OBC-B (Non-Creamy Layer),35828,35828,1
2025,1,"IQ CITY MEDICAL COLLEGE, DURGAPUR",M.D. (GENERAL MEDICINE),Open Quota,SC,SC,35914,35914,1
2025,1,BANKURA SAMMILANI MEDICAL COLLEGE,M.D. (PREVENTIVE AND SOCIAL MEDICINE)/ COMMUNITY MEDICINE,Open Quota,General,UR,35973,35973,1
2025,1,BURDWAN MEDICAL COLLEGE,DIPLOMA IN OPHTHALMOLOGY/DO MS,Open Quota,General,UR,35980,35980,1
2025,1,NIL RATAN SIRCAR MEDICAL COLLEGE,M.D. (RADIO- DIAGNOSIS),In-Service,General,UR,36112,36112,1
2025,1,NORTH BENGAL MEDICAL COLLEGE AND HOSPITAL,M.D. (PATHOLOGY),Open Quota,OBC-A (Non-Creamy Layer),OBC-A (Non-Creamy Layer),36609,36609,1
2025,1,JAGANNATH GUPTA INSTITUTE OF MEDICAL SCIENCES AND HOSPITAL,M.D. (ANAESTHESIOLOGY),Open Quota,OBC (Non-Creamy Layer),UR,36657,36657,1
2025,1,"IQ CITY MEDICAL COLLEGE, DURGAPUR","M.D. (DERM.,VENE. AND LEPROSY)/ (DERMATOLOGY)/ (SKIN AND VENEREAL DISEASES)/ (VENEREOLOGY)",Private Management Quota,General,UR,36680,36680,1
2025,1,NIL RATAN SIRCAR MEDICAL COLLEGE,M.D. (ANAESTHESIOLOGY),Open Quota,SC,SC,36774,36774,1
2025,1,"SCHOOL OF TROPICAL MEDICINE, KOLKATA",M.D. (TROPICAL MEDICINE),Open Quota,SC,SC,36795,36795,1
2025,1,MEDICAL COLLEGE KOLKATA,DIP.IN GYNAE. AND OBST.,Open Quota,EWS,EWS,36954,36954,1
2025,1,JAGANNATH GUPTA INSTITUTE OF MEDICAL SCIENCES AND HOSPITAL,M.D. (GENERAL MEDICINE),Private Management Quota,General,UR,33126,37185,2
2025,1,MURSHIDABAD MEDICAL COLLEGE AND HOSPITAL,M.S. (OPHTHALMOLOGY),Open Quota,SC,SC,37319,37319,1
2025,1,CALCUTTA NATIONAL MEDICAL COLLEGE KOLKATA,M.D. (ANAESTHESIOLOGY),Open Quota,SC,SC,37326,37326,1
2025,1,ICARE INSTITUTE OF MEDICAL SCIENCES AND RESEARCH HALDIA,M.S. (ORTHOPAEDICS),Open Quota,SC,SC,37867,37867,1
2025,1,BANKURA SAMMILANI MEDICAL COLLEGE,M.D. (ANAESTHESIOLOGY),Open Quota,SC,SC,38100,38100,1
2025,1,BARASAT GOVERNMENT MEDICAL COLLEGE AND HOSPITAL,(NBEMS) OBSTETRICS AND GYNAECOLOGY,In-Service DNB,General,UR,38116,38116,1
2025,1,ICARE INSTITUTE OF MEDICAL SCIENCES AND RESEARCH HALDIA,"M.D. (DERM.,VENE. AND LEPROSY)/ (DERMATOLOGY)/ (SKIN AND VENEREAL DISEASES)/ (VENEREOLOGY)",Private Management Quota,General,UR,38276,38276,1
2025,1,NIL RATAN SIRCAR MEDICAL COLLEGE,M.D. (RADIOTHERAPY/ RADIATION ONCOLOGY),Open Quota,SC,SC,38453,38453,1
2025,1,MEDICAL COLLEGE KOLKATA,M.D. (GENERAL MEDICINE),In-Service,General,UR,30365,38463,3
2025,1,NIL RATAN SIRCAR MEDICAL COLLEGE,M.D. (PHYSICAL MED. AND REHABILITATION),Open Quota,OBC-B (Non-Creamy Layer),OBC-B (Non-Creamy Layer),39273,39273,1
2025,1,"IQ CITY MEDICAL COLLEGE, DURGAPUR",M.D. (RADIO- DIAGNOSIS),Private Management Quota,General,UR,23375,39499,2
2025,1,MEDICAL COLLEGE KOLKATA,DIPLOMA IN ORTHOPAEDICS,Open Quota,SC,SC,39816,39816,1
2025,1,"IQ CITY MEDICAL COLLEGE, DURGAPUR",M.D. (PSYCHIATRY),Private Management Quota,General,UR,40307,40307,1
2025,1,COLLEGE OF MEDICINE AND JNM HOSPITAL KALYANI,M.D. (ANAESTHESIOLOGY),Open Quota,SC,SC,40674,40674,1
2025,1,"SCHOOL OF TROPICAL MEDICINE, KOLKATA",M.D. (MICROBIOLOGY),Open Quota,General,UR,41181,41181,1
2025,1,"IQ CITY MEDICAL COLLEGE, DURGAPUR",M.D. (GENERAL MEDICINE),Private Management Quota,OBC-A (Non-Creamy Layer),UR,41447,41447,1
2025,1,SHRI RAMKRISHNA INSTITUTE OF MEDICAL SCIENCES & SANAKA HOSPITALS,M.D. (GENERAL MEDICINE),Open Quota,SC,SC,41535,41535,1
2025,1,MIDNAPORE MEDICAL COLLEGE,M.D. (ANAESTHESIOLOGY),Open Quota,SC,SC,41661,41661,1
2025,1,NORTH BENGAL MEDICAL COLLEGE AND HOSPITAL,M.D. (ANAESTHESIOLOGY),Open Quota,SC,SC,41667,41667,1
2025,1,INSTITUTE OF POST GRADUATE MEDICAL EDUCATION AND RESEARCH KOLKATA,M.D. (PHARMACOLOGY),Open Quota,General,UR,41948,41948,1
2025,1,NIL RATAN SIRCAR MEDICAL COLLEGE,M.D. (ANAESTHESIOLOGY),Open Quota,EWS,EWS,41994,41994,1
2025,1,NORTH BENGAL MEDICAL COLLEGE AND HOSPITAL,M.D. (PSYCHIATRY),Open Quota,EWS,EWS,42478,42478,1
2025,1,COLLEGE OF MEDICINE AND JNM HOSPITAL KALYANI,M.D. (MICROBIOLOGY),Open Quota,General,UR,42669,42669,1
2025,1,R G KAR MEDICAL COLLEGE,M.D. (ANAESTHESIOLOGY),Open Quota,ST,ST,43011,43011,1
2025,1,MALDA MEDICAL COLLEGE AND HOSPITAL,M.D. (GENERAL MEDICINE),In-Service,SC,UR,43766,43766,1
2025,1,MEDICAL COLLEGE KOLKATA,M.D. (RADIOTHERAPY/ RADIATION ONCOLOGY),Open Quota,EWS,EWS,44077,44077,1
2025,1,NORTH BENGAL MEDICAL COLLEGE AND HOSPITAL,M.D. (RADIO- DIAGNOSIS),In-Service,General,UR,44791,44791,1
2025,1,BURDWAN MEDICAL COLLEGE,M.D. (MICROBIOLOGY),Open Quota,General,UR,46112,46112,1
2025,1,"IQ CITY MEDICAL COLLEGE, DURGAPUR",M.D. (TUBERCULOSIS AND RESPIRATORY DISEASES)/PULMONA RY MEDICINE /M.D. (RESPIRATORY MEDICINE),Private Management Quota,General,UR,46060,46113,2
2025,1,INSTITUTE OF POST GRADUATE MEDICAL EDUCATION AND RESEARCH KOLKATA,M.D. (PHYSICAL MED. AND REHABILITATION),Open Quota,SC,SC,46611,46611,1
2025,1,SHRI RAMKRISHNA INSTITUTE OF MEDICAL SCIENCES & SANAKA HOSPITALS,M.S. (ORTHOPAEDICS),Open Quota,OBC-B (Non-Creamy Layer),OBC-B (Non-Creamy Layer),46645,46645,1
2025,1,JAGANNATH GUPTA INSTITUTE OF MEDICAL SCIENCES AND HOSPITAL,M.D. (OBST. AND GYNAE)/MS (OBSTETRICS AND GYNAECOLOGY),Private Management Quota,General,UR,46647,46647,1
2025,1,SHRI RAMKRISHNA INSTITUTE OF MEDICAL SCIENCES & SANAKA HOSPITALS,M.D. (GENERAL MEDICINE),Private Management Quota,General,UR,46881,46881,1
2025,1,KPC MEDICAL COLLEGE,M.S. (GENERAL SURGERY),Open Quota,SC,SC,47330,47330,1
2025,1,NIL RATAN SIRCAR MEDICAL COLLEGE,M.D. (GENERAL MEDICINE),In-Service,General,UR,47700,47700,1
2025,1,SHRI RAMKRISHNA INSTITUTE OF MEDICAL SCIENCES & SANAKA HOSPITALS,M.D. (OBST. AND GYNAE)/MS (OBSTETRICS AND GYNAECOLOGY),Open Quota,SC,SC,47903,47903,1
2025,1,ICARE INSTITUTE OF MEDICAL SCIENCES AND RESEARCH HALDIA,M.S. (GENERAL SURGERY),Open Quota,OBC-A (Non-Creamy Layer),OBC-A (Non-Creamy Layer),48425,48425,1
2025,1,JAGANNATH GUPTA INSTITUTE OF MEDICAL SCIENCES AND HOSPITAL,M.S. (ORTHOPAEDICS),Private Management Quota,General,UR,48576,48576,1
2025,1,BURDWAN MEDICAL COLLEGE,DIP.IN GYNAE. AND OBST.,Open Quota,SC,SC,49129,49129,1
2025,1,"IQ CITY MEDICAL COLLEGE, DURGAPUR",M.S. (OPHTHALMOLOGY),Open Quota,OBC-A (Non-Creamy Layer),OBC-A (Non-Creamy Layer),49198,49198,1
2025,1,CALCUTTA NATIONAL MEDICAL COLLEGE KOLKATA,M.D. (PHARMACOLOGY),Open Quota,General,UR,49609,49609,1
2025,1,KPC MEDICAL COLLEGE,M.S. (GENERAL SURGERY),Private Management Quota,General,UR,28924,49906,6
2025,1,INSTITUTE OF POST GRADUATE MEDICAL EDUCATION AND RESEARCH KOLKATA,M.S. (ORTHOPAEDICS),Open Quota,ST,ST,50020,50020,1
2025,1,MEDICAL COLLEGE KOLKATA,M.D. (PATHOLOGY),Open Quota,OBC-B (Non-Creamy Layer),OBC-B (Non-Creamy Layer),50223,50223,1
2025,1,R G KAR MEDICAL COLLEGE,M.D. (OBST. AND GYNAE)/MS (OBSTETRICS AND GYNAECOLOGY),Open Quota,ST,ST,50317,50317,1
2025,1,DR. B C ROY POST GRADUATE INSTITUTE OF PAEDIATRIC SCIENCES,M.D. (PAEDIATRICS),Open Quota,ST,ST,50406,50406,1
2025,1,"IQ CITY MEDICAL COLLEGE, DURGAPUR",M.D. (PAEDIATRICS),Open Quota,SC,SC,50560,50560,1
2025,1,"IQ CITY MEDICAL COLLEGE, DURGAPUR",M.D. (OBST. AND GYNAE)/MS (OBSTETRICS AND GYNAECOLOGY),Private Management Quota,General,UR,37647,50708,2
2025,1,ALL INDIA INSTITUTE OF HYGIENE AND PUBLIC HEALTH,M.D. (PREVENTIVE AND SOCIAL MEDICINE)/ COMMUNITY MEDICINE,Open Quota,OBC-A (Non-Creamy Layer),OBC (Non-Creamy Layer),51421,51421,1
2025,1,JAGANNATH GUPTA INSTITUTE OF MEDICAL SCIENCES AND HOSPITAL,M.D. (TUBERCULOSIS AND RESPIRATORY DISEASES)/PULMONA RY MEDICINE /M.D. (RESPIRATORY MEDICINE),Private Management Quota,General,UR,48670,51595,2
2025,1,ICARE INSTITUTE OF MEDICAL SCIENCES AND RESEARCH HALDIA,M.D. (RADIO- DIAGNOSIS),Open Quota,EWS,EWS,52173,52173,1
2025,1,CALCUTTA NATIONAL MEDICAL COLLEGE KOLKATA,M.S. (E.N.T.),Open Quota,EWS,EWS,52181,52181,1
2025,1,"RAMAKRISHNA MISSION SEVA PRATISHTHAN VIVEKANANDA INSTITUTE OF MEDICAL SCIENCES, KOLKATA",M.S. (E.N.T.),Open Quota,EWS,EWS,52350,52350,1
2025,1,"IQ CITY MEDICAL COLLEGE, DURGAPUR",M.D. (PATHOLOGY),Open Quota,General,UR,52512,52512,1
2025,1,MEDICAL COLLEGE KOLKATA,M.S. (OPHTHALMOLOGY),Open Quota,EWS,EWS,52755,52755,1
2025,1,NIL RATAN SIRCAR MEDICAL COLLEGE,M.D. (PHARMACOLOGY),Open Quota,General,UR,52792,52792,1
2025,1,KPC MEDICAL COLLEGE,M.D. (PSYCHIATRY),Open Quota,OBC-B (Non-Creamy Layer),OBC-B (Non-Creamy Layer),53098,53098,1
2025,1,MURSHIDABAD MEDICAL COLLEGE AND HOSPITAL,M.D. (PREVENTIVE AND SOCIAL MEDICINE)/ COMMUNITY MEDICINE,Open Quota,General,UR,53191,53191,1
2025,1,KPC MEDICAL COLLEGE,M.D. (ANAESTHESIOLOGY),Open Quota,SC,SC,54058,54058,1
2025,1,R G KAR MEDICAL COLLEGE,M.D. (PHYSICAL MED. AND REHABILITATION),Open Quota,SC,SC,54477,54477,1
2025,1,R G KAR MEDICAL COLLEGE,M.S. (OPHTHALMOLOGY),Open Quota,EWS,EWS,54503,54503,1
2025,1,ALL INDIA INSTITUTE OF HYGIENE AND PUBLIC HEALTH,M.D. (PREVENTIVE AND SOCIAL MEDICINE)/ COMMUNITY MEDICINE,Open Quota,SC,SC,54605,54605,1
2025,1,"SCHOOL OF TROPICAL MEDICINE, KOLKATA",M.D. (PHARMACOLOGY),Open Quota,General,UR,54717,54717,1
2025,1,DISTRICT HOSPITAL HOWRAH,(NBEMS) PAEDIATRICS,In-Service DNB,General,UR,54957,54957,1
2025,1,NIL RATAN SIRCAR MEDICAL COLLEGE,M.D. (PATHOLOGY),Open Quota,SC,SC,54984,54984,1
2025,1,BURDWAN MEDICAL COLLEGE,M.D. (RADIO- DIAGNOSIS),In-Service,SC,UR,55275,55275,1
2025,1,MEDICAL COLLEGE KOLKATA,M.D. (ANAESTHESIOLOGY),Open Quota,EWS,EWS,55470,55470,1
2025,1,ICARE INSTITUTE OF MEDICAL SCIENCES AND RESEARCH HALDIA,M.D. (TUBERCULOSIS AND RESPIRATORY DISEASES)/PULMONA RY MEDICINE /M.D. (RESPIRATORY MEDICINE),Open Quota,SC,SC,56310,56310,1
2025,1,NIL RATAN SIRCAR MEDICAL COLLEGE,M.D. (RADIO- DIAGNOSIS),In-Service,SC,UR,56815,56815,1
2025,1,NIL RATAN SIRCAR MEDICAL COLLEGE,M.D. (PREVENTIVE AND SOCIAL MEDICINE)/ COMMUNITY MEDICINE,Open Quota,OBC-A (Non-Creamy Layer),OBC-A (Non-Creamy Layer),57482,57482,1
2025,1,KPC MEDICAL COLLEGE,M.S. (E.N.T.),Open Quota,SC,SC,57524,57524,1
2025,1,GOURI DEVI INSTITUTE OF MEDICAL SCIENCES AND HOSPITAL,"M.D. (DERM.,VENE. AND LEPROSY)/ (DERMATOLOGY)/ (SKIN AND VENEREAL DISEASES)/ (VENEREOLOGY)",Private Management Quota,General,UR,57615,57615,1
2025,1,DISTRICT HOSPITAL NADIA,(NBEMS-DIPLOMA) RADIO-DIAGNOSIS,In-Service DNB,OBC-A (Non-Creamy Layer),UR,57691,57691,1
2025,1,R G KAR MEDICAL COLLEGE,M.D. (PATHOLOGY),Open Quota,SC,SC,57732,57732,1
2025,1,CALCUTTA NATIONAL MEDICAL COLLEGE KOLKATA,DIPLOMA IN ANAESTHESIOLOGY,Open Quota,SC,SC,58543,58543,1
2025,1,"IQ CITY MEDICAL COLLEGE, DURGAPUR",M.S. (ORTHOPAEDICS),Private Management Quota,General,UR,58581,58581,1
2025,1,MEDICAL COLLEGE KOLKATA,MD/MS (ANATOMY),Open Quota,SC,SC,58951,58951,1
2025,1,KPC MEDICAL COLLEGE,M.D. (ANAESTHESIOLOGY),Private Management Quota,General,UR,59436,59436,1
2025,1,MEDICAL COLLEGE KOLKATA,DIPLOMA IN OPHTHALMOLOGY/DO MS,Open Quota,OBC-B (Non-Creamy Layer),OBC-B (Non-Creamy Layer),59646,59646,1
2025,1,SHRI RAMKRISHNA INSTITUTE OF MEDICAL SCIENCES & SANAKA HOSPITALS,M.D. (OBST. AND GYNAE)/MS (OBSTETRICS AND GYNAECOLOGY),Private Management Quota,General,UR,20088,59685,2
2025,1,KPC MEDICAL COLLEGE,M.D. (GENERAL MEDICINE),Open Quota,ST,ST,60439,60439,1
2025,1,MEDICAL COLLEGE KOLKATA,M.D. (BIOCHEMISTRY),Open Quota,General,UR,60571,60571,1
2025,1,"SCHOOL OF TROPICAL MEDICINE, KOLKATA","M.D. (DERM.,VENE. AND LEPROSY)/ (DERMATOLOGY)/ (SKIN AND VENEREAL DISEASES)/ (VENEREOLOGY)",In-Service,SC,UR,60711,60711,1
2025,1,NIL RATAN SIRCAR MEDICAL COLLEGE,"M.D. (DERM.,VENE. AND LEPROSY)/ (DERMATOLOGY)/ (SKIN AND VENEREAL DISEASES)/ (VENEREOLOGY)",In-Service,General,UR,60766,60766,1
2025,1,ALL INDIA INSTITUTE OF HYGIENE AND PUBLIC HEALTH,M.D. (PREVENTIVE AND SOCIAL MEDICINE)/ COMMUNITY MEDICINE,Open Quota,OBC-B (Non-Creamy Layer),OBC (Non-Creamy Layer),60804,60804,1
2025,1,COLLEGE OF MEDICINE AND SAGORE DUTTA HOSPITAL,M.D. (PATHOLOGY),Open Quota,SC,SC,60816,60816,1
2025,1,BANKURA SAMMILANI MEDICAL COLLEGE,M.D. (RADIO- DIAGNOSIS),In-Service,OBC-A (Non-Creamy Layer),OBC-A (Non-Creamy Layer),60925,60925,1
2025,1,MEDICAL COLLEGE KOLKATA,DIPLOMA IN OTO- RHINO- LARYNGOLOGY,Open Quota,EWS,EWS,61102,61102,1
2025,1,GOURI DEVI INSTITUTE OF MEDICAL SCIENCES AND HOSPITAL,M.D. (OBST. AND GYNAE)/MS (OBSTETRICS AND GYNAECOLOGY),Private Management Quota,OBC (Non-Creamy Layer),UR,61782,61782,1
2025,1,GOURI DEVI INSTITUTE OF MEDICAL SCIENCES AND HOSPITAL,M.D. (OBST. AND GYNAE)/MS (OBSTETRICS AND GYNAECOLOGY),Private Management Quota,General,UR,60502,61830,2
2025,1,MURSHIDABAD MEDICAL COLLEGE AND HOSPITAL,M.D. (RADIO- DIAGNOSIS),In-Service,SC,SC,61886,61886,1
2025,1,NIL RATAN SIRCAR MEDICAL COLLEGE,M.D. (PREVENTIVE AND SOCIAL MEDICINE)/ COMMUNITY MEDICINE,Open Quota,SC,SC,62415,62415,1
2025,1,CALCUTTA NATIONAL MEDICAL COLLEGE KOLKATA,"M.D. (DERM.,VENE. AND LEPROSY)/ (DERMATOLOGY)/ (SKIN AND VENEREAL DISEASES)/ (VENEREOLOGY)",In-Service,OBC-A (Non-Creamy Layer),UR,62692,62692,1
2025,1,CALCUTTA NATIONAL MEDICAL COLLEGE KOLKATA,M.S. (GENERAL SURGERY),Open Quota,ST,ST,62824,62824,1
2025,1,R G KAR MEDICAL COLLEGE,M.D. (GENERAL MEDICINE),In-Service,General,UR,62724,62958,2
2025,1,R G KAR MEDICAL COLLEGE,M.D. (ANAESTHESIOLOGY),Open Quota,EWS,EWS,63572,63572,1
2025,1,MEDICAL COLLEGE KOLKATA,DIPLOMA IN OPHTHALMOLOGY/DO MS,Open Quota,SC,SC,58888,63582,2
2025,1,ICARE INSTITUTE OF MEDICAL SCIENCES AND RESEARCH HALDIA,"M.D. (DERM.,VENE. AND LEPROSY)/ (DERMATOLOGY)/ (SKIN AND VENEREAL DISEASES)/ (VENEREOLOGY)",Open Quota,SC,SC,63692,63692,1
2025,1,COLLEGE OF MEDICINE AND JNM HOSPITAL KALYANI,M.D. (PREVENTIVE AND SOCIAL MEDICINE)/ COMMUNITY MEDICINE,Open Quota,SC,SC,64935,64935,1
2025,1,NIL RATAN SIRCAR MEDICAL COLLEGE,MD/MS (ANATOMY),Open Quota,General,UR,65473,65473,1
2025,1,MEDICAL COLLEGE KOLKATA,M.D. (FORENSIC MEDICINE),Open Quota,SC,SC,65782,65782,1
2025,1,"RAMAKRISHNA MISSION SEVA PRATISHTHAN VIVEKANANDA INSTITUTE OF MEDICAL SCIENCES, KOLKATA",M.D. (RADIO- DIAGNOSIS),In-Service,SC,SC,65887,65887,1
2025,1,JAGANNATH GUPTA INSTITUTE OF MEDICAL SCIENCES AND HOSPITAL,"M.D. (DERM.,VENE. AND LEPROSY)/ (DERMATOLOGY)/ (SKIN AND VENEREAL DISEASES)/ (VENEREOLOGY)",Open Quota,SC,SC,65935,65935,1
2025,1,BANKURA SAMMILANI MEDICAL COLLEGE,M.D. (PHARMACOLOGY),Open Quota,SC,SC,66377,66377,1
2025,1,"IQ CITY MEDICAL COLLEGE, DURGAPUR",M.D. (PAEDIATRICS),Private Management Quota,General,UR,52058,66413,2
2025,1,KPC MEDICAL COLLEGE,M.S. (E.N.T.),Private Management Quota,General,UR,55045,66465,2
2025,1,GOURI DEVI INSTITUTE OF MEDICAL SCIENCES AND HOSPITAL,M.D. (PATHOLOGY),Open Quota,General,UR,66528,66528,1
2025,1,COLLEGE OF MEDICINE AND JNM HOSPITAL KALYANI,M.S. (E.N.T.),Open Quota,ST,ST,66574,66574,1
2025,1,BURDWAN MEDICAL COLLEGE,M.D. (BIOCHEMISTRY),Open Quota,General,UR,66766,66766,1
2025,1,JAGANNATH GUPTA INSTITUTE OF MEDICAL SCIENCES AND HOSPITAL,M.D. (PAEDIATRICS),Private Management Quota,General,UR,34261,66829,4
2025,1,INSTITUTE OF POST GRADUATE MEDICAL EDUCATION AND RESEARCH KOLKATA,M.D. (PHYSIOLOGY),Open Quota,General,UR,67092,67092,1
2025,1,NORTH BENGAL MEDICAL COLLEGE AND HOSPITAL,M.D. (GENERAL MEDICINE),In-Service,General,UR,67109,67109,1
2025,1,NIL RATAN SIRCAR MEDICAL COLLEGE,M.D. (FORENSIC MEDICINE),Open Quota,General,UR,67525,67525,1
2025,1,BANKURA SAMMILANI MEDICAL COLLEGE,M.D. (OBST. AND GYNAE)/MS (OBSTETRICS AND GYNAECOLOGY),Open Quota,ST,ST,67869,67869,1
2025,1,NORTH BENGAL MEDICAL COLLEGE AND HOSPITAL,M.S. (GENERAL SURGERY),Open Quota,ST,ST,68549,68549,1
2025,1,CALCUTTA NATIONAL MEDICAL COLLEGE KOLKATA,M.D. (GENERAL MEDICINE),In-Service,General,UR,59199,68702,2
2025,1,"RAMAKRISHNA MISSION SEVA PRATISHTHAN VIVEKANANDA INSTITUTE OF MEDICAL SCIENCES, KOLKATA",M.D. (GENERAL MEDICINE),In-Service,General,UR,68790,68790,1
2025,1,GOURI DEVI INSTITUTE OF MEDICAL SCIENCES AND HOSPITAL,M.D. (TUBERCULOSIS AND RESPIRATORY DISEASES)/PULMONA RY MEDICINE /M.D. (RESPIRATORY MEDICINE),Private Management Quota,General,UR,61183,68803,2
2025,1,MIDNAPORE MEDICAL COLLEGE,M.D. (OBST. AND GYNAE)/MS (OBSTETRICS AND GYNAECOLOGY),Open Quota,ST,ST,68806,68806,1
2025,1,KPC MEDICAL COLLEGE,M.D. (PREVENTIVE AND SOCIAL MEDICINE)/ COMMUNITY MEDICINE,Open Quota,General,UR,69062,69062,1
2025,1,NIL RATAN SIRCAR MEDICAL COLLEGE,M.D. (ANAESTHESIOLOGY),Open Quota,ST,ST,69317,69317,1
2025,1,"IQ CITY MEDICAL COLLEGE, DURGAPUR",M.D. (PATHOLOGY),Private Management Quota,General,UR,69600,69600,1
2025,1,COLLEGE OF MEDICINE AND SAGORE DUTTA HOSPITAL,M.D. (BIOCHEMISTRY),Open Quota,General,UR,69759,69759,1
2025,1,GOURI DEVI INSTITUTE OF MEDICAL SCIENCES AND HOSPITAL,M.D. (PAEDIATRICS),Private Management Quota,General,UR,39960,70879,2
2025,1,BURDWAN MEDICAL COLLEGE,M.D. (ANAESTHESIOLOGY),Open Quota,ST,ST,71402,71402,1
2025,1,"SCHOOL OF TROPICAL MEDICINE, KOLKATA",DIPLOMA IN CLINICAL PATHOLOGY,Open Quota,OBC-A (Non-Creamy Layer),OBC-A (Non-Creamy Layer),72458,72458,1
2025,1,JAGANNATH GUPTA INSTITUTE OF MEDICAL SCIENCES AND HOSPITAL,M.S. (GENERAL SURGERY),Private Management Quota,General,UR,67005,72724,2
2025,1,ICARE INSTITUTE OF MEDICAL SCIENCES AND RESEARCH HALDIA,M.D. (ANAESTHESIOLOGY),Open Quota,SC,SC,73052,73052,1
2025,1,SHRI RAMKRISHNA INSTITUTE OF MEDICAL SCIENCES & SANAKA HOSPITALS,M.D. (ANAESTHESIOLOGY),Open Quota,SC,SC,73254,73254,1
2025,1,BANKURA SAMMILANI MEDICAL COLLEGE,M.S. (OPHTHALMOLOGY),In-Service,General,UR,73274,73274,1
2025,1,"IQ CITY MEDICAL COLLEGE, DURGAPUR",M.D. (PREVENTIVE AND SOCIAL MEDICINE)/ COMMUNITY MEDICINE,Open Quota,General,UR,73599,73599,1
2025,1,DIAMOND HARBOUR GOVERNMENT MEDICAL COLLEGE AND HOSPITAL,M.D. (BIOCHEMISTRY),Open Quota,General,UR,73692,73692,1
2025,1,INSTITUTE OF CHILD HEALTH,M.D. (PAEDIATRICS),In-Service,General,UR,74324,74324,1
2025,1,CALCUTTA NATIONAL MEDICAL COLLEGE KOLKATA,M.D. (MICROBIOLOGY),Open Quota,OBC-A (Non-Creamy Layer),OBC-A (Non-Creamy Layer),74493,74493,1
2025,1,ICARE INSTITUTE OF MEDICAL SCIENCES AND RESEARCH HALDIA,M.D. (PATHOLOGY),Private Management Quota,General,UR,74551,74551,1
2025,1,GOURI DEVI INSTITUTE OF MEDICAL SCIENCES AND HOSPITAL,M.D. (PAEDIATRICS),Private Management Quota,EWS,UR,74677,74677,1
2025,1,ICARE INSTITUTE OF MEDICAL SCIENCES AND RESEARCH HALDIA,M.D. (PSYCHIATRY),Open Quota,SC,SC,74971,74971,1
2025,1,MEDICAL COLLEGE KOLKATA,M.D. (PHYSIOLOGY),Open Quota,General,UR,75359,75359,1
2025,1,R G KAR MEDICAL COLLEGE,M.D. (PREVENTIVE AND SOCIAL MEDICINE)/ COMMUNITY MEDICINE,Open Quota,OBC-B (Non-Creamy Layer),OBC-B (Non-Creamy Layer),75642,75642,1
2025,1,R G KAR MEDICAL COLLEGE,M.S. (ORTHOPAEDICS),In-Service,General,UR,76098,76098,1
2025,1,INSTITUTE OF POST GRADUATE MEDICAL EDUCATION AND RESEARCH KOLKATA,M.D. (EMERGENCY AND CRITICAL CARE)/M.D. (EMERGENCY MEDICINE),Open Quota,ST,ST,77052,77052,1
2025,1,ICARE INSTITUTE OF MEDICAL SCIENCES AND RESEARCH HALDIA,M.D. (PAEDIATRICS),Private Management Quota,General,UR,76588,77571,2
2025,1,SHRI RAMKRISHNA INSTITUTE OF MEDICAL SCIENCES & SANAKA HOSPITALS,M.D. (PAEDIATRICS),Private Management Quota,General,UR,78312,78312,1
2025,1,COLLEGE OF MEDICINE AND SAGORE DUTTA HOSPITAL,M.D. (GENERAL MEDICINE),In-Service,General,UR,78752,78752,1
2025,1,NIL RATAN SIRCAR MEDICAL COLLEGE,M.S. (ORTHOPAEDICS),In-Service,OBC-B (Non-Creamy Layer),OBC-B (Non-Creamy Layer),79102,79102,1
2025,1,JAGANNATH GUPTA INSTITUTE OF MEDICAL SCIENCES AND HOSPITAL,M.S. (ORTHOPAEDICS),Open Quota,SC,SC,79253,79253,1
2025,1,COLLEGE OF MEDICINE AND JNM HOSPITAL KALYANI,M.D. (PHYSIOLOGY),Open Quota,SC,UR,79795,79795,1
2025,1,MEDICAL COLLEGE KOLKATA,M.D. (GENERAL MEDICINE),In-Service,OBC-A (Non-Creamy Layer),OBC-A (Non-Creamy Layer),79958,79958,1
2025,1,JAGANNATH GUPTA INSTITUTE OF MEDICAL SCIENCES AND HOSPITAL,M.S. (GENERAL SURGERY),Private Management Quota,SC,UR,66202,80601,2
2025,1,ICARE INSTITUTE OF MEDICAL SCIENCES AND RESEARCH HALDIA,M.D. (TUBERCULOSIS AND RESPIRATORY DISEASES)/PULMONA RY MEDICINE /M.D. (RESPIRATORY MEDICINE),Private Management Quota,OBC (Non-Creamy Layer),UR,81106,81106,1
2025,1,SHRI RAMKRISHNA INSTITUTE OF MEDICAL SCIENCES & SANAKA HOSPITALS,M.D. (PSYCHIATRY),Private Management Quota,SC,UR,82607,82607,1
2025,1,BANKURA SAMMILANI MEDICAL COLLEGE,M.D. (GENERAL MEDICINE),In-Service,General,UR,82863,82863,1
2025,1,M R BANGUR HOSPITAL,(NBEMS) ORTHOPAEDICS,In-Service DNB,OBC-A (Non-Creamy Layer),UR,83135,83135,1
2025,1,COLLEGE OF MEDICINE AND JNM HOSPITAL KALYANI,M.D. (FORENSIC MEDICINE),Open Quota,General,UR,83356,83356,1
2025,1,CALCUTTA NATIONAL MEDICAL COLLEGE KOLKATA,M.D. (ANAESTHESIOLOGY),Open Quota,EWS,EWS,83506,83506,1
2025,1,"CHITTARANJAN SEVA SADAN COLLEGE OF OBS. GYNAE AND CHILD HEALTH,KOLKATA",M.D. (PAEDIATRICS),In-Service,General,UR,83753,83753,1
2025,1,GOURI DEVI INSTITUTE OF MEDICAL SCIENCES AND HOSPITAL,M.S. (ORTHOPAEDICS),Private Management Quota,General,UR,35407,83902,2
2025,1,INSTITUTE OF POST GRADUATE MEDICAL EDUCATION AND RESEARCH KOLKATA,"M.D. (DERM.,VENE. AND LEPROSY)/ (DERMATOLOGY)/ (SKIN AND VENEREAL DISEASES)/ (VENEREOLOGY)",In-Service,SC,SC,84208,84208,1
2025,1,INSTITUTE OF POST GRADUATE MEDICAL EDUCATION AND RESEARCH KOLKATA,M.S. (ORTHOPAEDICS),In-Service,General,UR,83803,84476,2
2025,1,CALCUTTA NATIONAL MEDICAL COLLEGE KOLKATA,M.S. (ORTHOPAEDICS),In-Service,General,UR,84559,84559,1
2025,1,BANKURA SAMMILANI MEDICAL COLLEGE,M.D. (FORENSIC MEDICINE),Open Quota,General,UR,84687,84687,1
2025,1,BURDWAN MEDICAL COLLEGE,M.D. (GENERAL MEDICINE),In-Service,General,UR,71339,84961,2
2025,1,BURDWAN MEDICAL COLLEGE,M.S. (ORTHOPAEDICS),In-Service,OBC-A (Non-Creamy Layer),UR,85633,85633,1
2025,1,R G KAR MEDICAL COLLEGE,M.D. (MICROBIOLOGY),Open Quota,SC,SC,86062,86062,1
2025,1,MIDNAPORE MEDICAL COLLEGE,M.D. (GENERAL MEDICINE),In-Service,General,UR,86287,86287,1
2025,1,INSTITUTE OF POST GRADUATE MEDICAL EDUCATION AND RESEARCH KOLKATA,M.S. (GENERAL SURGERY),In-Service,SC,UR,86572,86572,1
2025,1,MALDA MEDICAL COLLEGE AND HOSPITAL,M.D. (MICROBIOLOGY),Open Quota,SC,SC,87051,87051,1
2025,1,DIAMOND HARBOUR GOVERNMENT MEDICAL COLLEGE AND HOSPITAL,(NBEMS) PAEDIATRICS,In-Service DNB,SC,UR,87276,87276,1
2025,1,COLLEGE OF MEDICINE AND SAGORE DUTTA HOSPITAL,M.D. (MICROBIOLOGY),Open Quota,SC,SC,87680,87680,1
2025,1,SHRI RAMKRISHNA INSTITUTE OF MEDICAL SCIENCES & SANAKA HOSPITALS,M.S. (GENERAL SURGERY),Private Management Quota,General,UR,82578,87967,3
2025,1,BANKURA SAMMILANI MEDICAL COLLEGE,M.D. (MICROBIOLOGY),Open Quota,SC,SC,88092,88092,1
2025,1,CALCUTTA NATIONAL MEDICAL COLLEGE KOLKATA,M.S. (ORTHOPAEDICS),In-Service,OBC-A (Non-Creamy Layer),OBC-A (Non-Creamy Layer),88373,88373,1
2025,1,INSTITUTE OF POST GRADUATE MEDICAL EDUCATION AND RESEARCH KOLKATA,M.D. (TUBERCULOSIS AND RESPIRATORY DISEASES)/PULMONA RY MEDICINE /M.D. (RESPIRATORY MEDICINE),In-Service,General,UR,88676,88676,1
2025,1,SHRI RAMKRISHNA INSTITUTE OF MEDICAL SCIENCES & SANAKA HOSPITALS,M.S. (ORTHOPAEDICS),Private Management Quota,General,UR,86666,89151,2
2025,1,"IQ CITY MEDICAL COLLEGE, DURGAPUR",M.S. (OPHTHALMOLOGY),Private Management Quota,General,UR,68423,90051,2
2025,1,"IQ CITY MEDICAL COLLEGE, DURGAPUR",M.S. (E.N.T.),Private Management Quota,General,UR,90377,90377,1
2025,1,JAGANNATH GUPTA INSTITUTE OF MEDICAL SCIENCES AND HOSPITAL,M.S. (E.N.T.),Private Management Quota,General,UR,90544,90544,1
2025,1,INSTITUTE OF POST GRADUATE MEDICAL EDUCATION AND RESEARCH KOLKATA,M.D. (GENERAL MEDICINE),In-Service,SC,SC,91149,91149,1
2025,1,GOURI DEVI INSTITUTE OF MEDICAL SCIENCES AND HOSPITAL,M.S. (GENERAL SURGERY),Private Management Quota,General,UR,53693,91707,2
2025,1,"IQ CITY MEDICAL COLLEGE, DURGAPUR",M.S. (GENERAL SURGERY),Private Management Quota,General,UR,56274,92057,5
2025,1,INSTITUTE OF POST GRADUATE MEDICAL EDUCATION AND RESEARCH KOLKATA,M.D. (PSYCHIATRY),In-Service,OBC-A (Non-Creamy Layer),UR,92462,92462,1
2025,1,R G KAR MEDICAL COLLEGE,M.D. (PHYSIOLOGY),Open Quota,General,UR,92574,92574,1
2025,1,MEDICAL COLLEGE KOLKATA,M.D. (PREVENTIVE AND SOCIAL MEDICINE)/ COMMUNITY MEDICINE,Open Quota,ST,ST,92723,92723,1
2025,1,"RAMAKRISHNA MISSION SEVA PRATISHTHAN VIVEKANANDA INSTITUTE OF MEDICAL SCIENCES, KOLKATA",M.S. (OPHTHALMOLOGY),Open Quota,ST,ST,92768,92768,1
2025,1,R G KAR MEDICAL COLLEGE,"M.D. (DERM.,VENE. AND LEPROSY)/ (DERMATOLOGY)/ (SKIN AND VENEREAL DISEASES)/ (VENEREOLOGY)",In-Service,ST,ST,92972,92972,1
2025,1,INFECTIOUS DISEASES AND BELIAGHATA GENERAL HOSPITAL,(NBEMS) GENERAL MEDICINE,In-Service DNB,OBC-B (Non-Creamy Layer),UR,93582,93582,1
2025,1,"IQ CITY MEDICAL COLLEGE, DURGAPUR",M.D. (ANAESTHESIOLOGY),Private Management Quota,EWS,UR,93660,93660,1
2025,1,CALCUTTA NATIONAL MEDICAL COLLEGE KOLKATA,M.D. (PHYSIOLOGY),Open Quota,General,UR,94406,94406,1
2025,1,BURDWAN MEDICAL COLLEGE,M.D. (PHYSIOLOGY),Open Quota,General,UR,94944,94944,1
2025,1,"RAMAKRISHNA MISSION SEVA PRATISHTHAN VIVEKANANDA INSTITUTE OF MEDICAL SCIENCES, KOLKATA",M.S. (ORTHOPAEDICS),In-Service,General,UR,95805,95805,1
2025,1,ICARE INSTITUTE OF MEDICAL SCIENCES AND RESEARCH HALDIA,M.S. (ORTHOPAEDICS),Private Management Quota,General,UR,95914,95914,1
2025,1,INSTITUTE OF POST GRADUATE MEDICAL EDUCATION AND RESEARCH KOLKATA,M.D. (PATHOLOGY),Open Quota,ST,ST,96495,96495,1
2025,1,MEDICAL COLLEGE KOLKATA,M.D. (TUBERCULOSIS AND RESPIRATORY DISEASES)/PULMONA RY MEDICINE /M.D. (RESPIRATORY MEDICINE),In-Service,SC,UR,96566,96566,1
2025,1,ICARE INSTITUTE OF MEDICAL SCIENCES AND RESEARCH HALDIA,M.S. (GENERAL SURGERY),Private Management Quota,OBC (Non-Creamy Layer),UR,96576,96576,1
2025,1,BURDWAN MEDICAL COLLEGE,M.D. (PREVENTIVE AND SOCIAL MEDICINE)/ COMMUNITY MEDICINE,Open Quota,ST,ST,97012,97012,1
2025,1,R G KAR MEDICAL COLLEGE,M.D. (OBST. AND GYNAE)/MS (OBSTETRICS AND GYNAECOLOGY),In-Service,General,UR,98265,98265,1
2025,1,"IQ CITY MEDICAL COLLEGE, DURGAPUR",M.D. (ANAESTHESIOLOGY),Private Management Quota,General,UR,98516,98516,1
2025,1,INSTITUTE OF POST GRADUATE MEDICAL EDUCATION AND RESEARCH KOLKATA,M.D. (PAEDIATRICS),In-Service,General,UR,98584,98584,1
2025,1,ALL INDIA INSTITUTE OF HYGIENE AND PUBLIC HEALTH,M.P.H. (EPIDEMIOLOGY),Open Quota,SC,SC,98685,98685,1
2025,1,DISTRICT HOSPITAL HOWRAH,(NBEMS) GENERAL MEDICINE,In-Service DNB,General,UR,98704,98704,1
2025,1,ESI PGIMSR AND ESIC MEDICAL COLLEGE JOKA KOLKATA,M.D. (GENERAL MEDICINE),In-Service,General,UR,98813,98813,1
2025,1,INSTITUTE OF CHILD HEALTH,M.D. (PAEDIATRICS),In-Service,OBC-B (Non-Creamy Layer),OBC-B (Non-Creamy Layer),99718,99718,1
2025,1,R G KAR MEDICAL COLLEGE,M.D. (FORENSIC MEDICINE),Open Quota,SC,SC,100144,100144,1
2025,1,GOURI DEVI INSTITUTE OF MEDICAL SCIENCES AND HOSPITAL,M.D. (ANAESTHESIOLOGY),Private Management Quota,General,UR,100736,100736,1
2025,1,DIAMOND HARBOUR GOVERNMENT MEDICAL COLLEGE AND HOSPITAL,(NBEMS) GENERAL MEDICINE,In-Service DNB,General,UR,101198,101198,1
2025,1,NORTH BENGAL MEDICAL COLLEGE AND HOSPITAL,M.D. (OBST. AND GYNAE)/MS (OBSTETRICS AND GYNAECOLOGY),In-Service,General,UR,101429,101429,1
2025,1,GOURI DEVI INSTITUTE OF MEDICAL SCIENCES AND HOSPITAL,M.D. (MICROBIOLOGY),Open Quota,General,UR,101993,101993,1
2025,1,INSTITUTE OF POST GRADUATE MEDICAL EDUCATION AND RESEARCH KOLKATA,M.S. (ORTHOPAEDICS),In-Service,SC,SC,102079,102079,1
2025,1,MEDICAL COLLEGE KOLKATA,M.D. (PAEDIATRICS),In-Service,General,UR,99688,102185,2
2025,1,BURDWAN MEDICAL COLLEGE,M.D. (PAEDIATRICS),In-Service,General,UR,102219,102219,1
2025,1,ICARE INSTITUTE OF MEDICAL SCIENCES AND RESEARCH HALDIA,M.S. (GENERAL SURGERY),Private Management Quota,General,UR,102484,102484,1
2025,1,M R BANGUR HOSPITAL,(NBEMS) OBSTETRICS AND GYNAECOLOGY,In-Service DNB,SC,SC,102793,102793,1
2025,1,MIDNAPORE MEDICAL COLLEGE,M.D. (PHARMACOLOGY),Open Quota,SC,SC,102888,102888,1
2025,1,MURSHIDABAD MEDICAL COLLEGE AND HOSPITAL,M.S. (GENERAL SURGERY),In-Service,OBC-A (Non-Creamy Layer),UR,103106,103106,1
2025,1,BURDWAN MEDICAL COLLEGE,M.D. (OBST. AND GYNAE)/MS (OBSTETRICS AND GYNAECOLOGY),In-Service,OBC-B (Non-Creamy Layer),UR,103608,103608,1
2025,1,GOURI DEVI INSTITUTE OF MEDICAL SCIENCES AND HOSPITAL,M.S. (OPHTHALMOLOGY),Private Management Quota,SC,UR,103791,103791,1
2025,1,GOURI DEVI INSTITUTE OF MEDICAL SCIENCES AND HOSPITAL,M.S. (E.N.T.),Private Management Quota,General,UR,104095,104095,1
2025,1,DR. B C ROY POST GRADUATE INSTITUTE OF PAEDIATRIC SCIENCES,M.D. (PAEDIATRICS),In-Service,General,UR,104157,104157,1
2025,1,R G KAR MEDICAL COLLEGE,M.D. (PAEDIATRICS),In-Service,General,UR,104572,104572,1
2025,1,CALCUTTA NATIONAL MEDICAL COLLEGE KOLKATA,M.D. (PAEDIATRICS),In-Service,General,UR,104643,104643,1
2025,1,INSTITUTE OF POST GRADUATE MEDICAL EDUCATION AND RESEARCH KOLKATA,M.D. (OBST. AND GYNAE)/MS (OBSTETRICS AND GYNAECOLOGY),In-Service,General,UR,97032,104651,2
2025,1,JAGANNATH GUPTA INSTITUTE OF MEDICAL SCIENCES AND HOSPITAL,M.D. (ANAESTHESIOLOGY),Private Management Quota,General,UR,66418,104991,2
2025,1,ICARE INSTITUTE OF MEDICAL SCIENCES AND RESEARCH HALDIA,M.S. (OPHTHALMOLOGY),Private Management Quota,SC,UR,105024,105024,1
2025,1,KPC MEDICAL COLLEGE,M.D. (GENERAL MEDICINE),In-Service,General,UR,105195,105195,1
2025,1,CALCUTTA NATIONAL MEDICAL COLLEGE KOLKATA,M.D. (GENERAL MEDICINE),In-Service,OBC-A (Non-Creamy Layer),OBC-A (Non-Creamy Layer),105719,105719,1
2025,1,ASANSOL DISTRICT HOSPITAL,(NBEMS) PAEDIATRICS,In-Service DNB,SC,SC,106174,106174,1
2025,1,GOURI DEVI INSTITUTE OF MEDICAL SCIENCES AND HOSPITAL,M.D. (PATHOLOGY),Private Management Quota,SC,UR,106471,106471,1
2025,1,BANKURA SAMMILANI MEDICAL COLLEGE,M.D. (TUBERCULOSIS AND RESPIRATORY DISEASES)/PULMONA RY MEDICINE /M.D. (RESPIRATORY MEDICINE),In-Service,General,UR,106528,106528,1
2025,1,MIDNAPORE MEDICAL COLLEGE,M.D. (FORENSIC MEDICINE),Open Quota,OBC-B (Non-Creamy Layer),OBC-B (Non-Creamy Layer),106534,106534,1
2025,1,MALDA MEDICAL COLLEGE AND HOSPITAL,M.D. (PAEDIATRICS),In-Service,General,UR,106535,106535,1
2025,1,ALL INDIA INSTITUTE OF HYGIENE AND PUBLIC HEALTH,M.D. (PREVENTIVE AND SOCIAL MEDICINE)/ COMMUNITY MEDICINE,In-Service,SC,UR,107451,107451,1
2025,1,CALCUTTA NATIONAL MEDICAL COLLEGE KOLKATA,MD/MS (ANATOMY),Open Quota,SC,SC,107593,107593,1
2025,1,ICARE INSTITUTE OF MEDICAL SCIENCES AND RESEARCH HALDIA,M.D. (PSYCHIATRY),Private Management Quota,General,UR,107900,107900,1
2025,1,MEDICAL COLLEGE KOLKATA,M.D. (GENERAL MEDICINE),In-Service,SC,SC,108085,108085,1
2025,1,MEDICAL COLLEGE KOLKATA,M.S. (OPHTHALMOLOGY),In-Service,SC,UR,108261,108261,1
2025,1,R G KAR MEDICAL COLLEGE,M.D. (TUBERCULOSIS AND RESPIRATORY DISEASES)/PULMONA RY MEDICINE /M.D. (RESPIRATORY MEDICINE),In-Service,General,UR,108703,108703,1
2025,1,KPC MEDICAL COLLEGE,M.D. (RADIO- DIAGNOSIS),NRI Quota,General,UR,100093,109327,2
2025,1,NIL RATAN SIRCAR MEDICAL COLLEGE,M.D. (PAEDIATRICS),In-Service,General,UR,109520,109520,1
2025,1,BURDWAN MEDICAL COLLEGE,M.S. (GENERAL SURGERY),In-Service,General,UR,109783,109783,1
2025,1,ICARE INSTITUTE OF MEDICAL SCIENCES AND RESEARCH HALDIA,M.S. (E.N.T.),Private Management Quota,General,UR,110045,110045,1
2025,1,MIDNAPORE MEDICAL COLLEGE,M.D. (PAEDIATRICS),In-Service,General,UR,110225,110225,1
2025,1,NORTH BENGAL MEDICAL COLLEGE AND HOSPITAL,M.D. (GENERAL MEDICINE),In-Service,OBC-A (Non-Creamy Layer),OBC-A (Non-Creamy Layer),110337,110337,1
2025,1,CALCUTTA NATIONAL MEDICAL COLLEGE KOLKATA,M.D. (PSYCHIATRY),In-Service,SC,SC,110502,110502,1
2025,1,R G KAR MEDICAL COLLEGE,M.D. (PHARMACOLOGY),Open Quota,OBC-A (Non-Creamy Layer),OBC-A (Non-Creamy Layer),110575,110575,1
2025,1,CALCUTTA NATIONAL MEDICAL COLLEGE KOLKATA,M.D. (PAEDIATRICS),In-Service,SC,SC,111049,111049,1
2025,1,MEDICAL COLLEGE KOLKATA,M.S. (OPHTHALMOLOGY),In-Service,General,UR,111066,111066,1
2025,1,CALCUTTA NATIONAL MEDICAL COLLEGE KOLKATA,M.D. (GENERAL MEDICINE),In-Service,SC,SC,111068,111068,1
2025,1,RAMPURHAT GOVT. MEDICAL COLLEGE AND HOSPITAL,(NBEMS) OBSTETRICS AND GYNAECOLOGY,In-Service DNB,General,UR,111886,111886,1
2025,1,NORTH BENGAL MEDICAL COLLEGE AND HOSPITAL,M.D. (PAEDIATRICS),In-Service,SC,SC,112026,112026,1
2025,1,"RAMAKRISHNA MISSION SEVA PRATISHTHAN VIVEKANANDA INSTITUTE OF MEDICAL SCIENCES, KOLKATA",M.D. (GENERAL MEDICINE),In-Service,OBC-A (Non-Creamy Layer),OBC-A (Non-Creamy Layer),112617,112617,1
2025,1,BANKURA SAMMILANI MEDICAL COLLEGE,M.D. (OBST. AND GYNAE)/MS (OBSTETRICS AND GYNAECOLOGY),In-Service,General,UR,113497,113497,1
2025,1,KPC MEDICAL COLLEGE,M.D. (MICROBIOLOGY),Open Quota,General,UR,113640,113640,1
2025,1,INSTITUTE OF POST GRADUATE MEDICAL EDUCATION AND RESEARCH KOLKATA,M.S. (GENERAL SURGERY),In-Service,General,UR,114112,114112,1
2025,1,ICARE INSTITUTE OF MEDICAL SCIENCES AND RESEARCH HALDIA,M.D. (ANAESTHESIOLOGY),Private Management Quota,General,UR,114484,114484,1
2025,1,R G KAR MEDICAL COLLEGE,M.D. (PAEDIATRICS),In-Service,OBC-A (Non-Creamy Layer),OBC-A (Non-Creamy Layer),114649,114649,1
2025,1,MIDNAPORE MEDICAL COLLEGE,M.S. (E.N.T.),In-Service,General,UR,114848,114848,1
2025,1,"RAMAKRISHNA MISSION SEVA PRATISHTHAN VIVEKANANDA INSTITUTE OF MEDICAL SCIENCES, KOLKATA",M.D. (PAEDIATRICS),In-Service,General,UR,114925,114925,1
2025,1,BURDWAN MEDICAL COLLEGE,M.D. (OBST. AND GYNAE)/MS (OBSTETRICS AND GYNAECOLOGY),In-Service,OBC-A (Non-Creamy Layer),OBC-A (Non-Creamy Layer),114968,114968,1
2025,1,R G KAR MEDICAL COLLEGE,M.D. (OBST. AND GYNAE)/MS (OBSTETRICS AND GYNAECOLOGY),In-Service,SC,SC,116414,116414,1
2025,1,MIDNAPORE MEDICAL COLLEGE,M.D. (GENERAL MEDICINE),In-Service,SC,SC,116761,116761,1
2025,1,R G KAR MEDICAL COLLEGE,M.S. (ORTHOPAEDICS),In-Service,SC,SC,116875,116875,1
2025,1,DR. B C ROY POST GRADUATE INSTITUTE OF PAEDIATRIC SCIENCES,M.D. (PAEDIATRICS),In-Service,OBC-A (Non-Creamy Layer),OBC-A (Non-Creamy Layer),117066,117066,1
2025,1,NORTH BENGAL MEDICAL COLLEGE AND HOSPITAL,M.D. (PHYSIOLOGY),Open Quota,SC,SC,117328,117328,1
2025,1,"RAMAKRISHNA MISSION SEVA PRATISHTHAN VIVEKANANDA INSTITUTE OF MEDICAL SCIENCES, KOLKATA",M.D. (GENERAL MEDICINE),In-Service,SC,SC,117428,117428,1
2025,1,BURDWAN MEDICAL COLLEGE,M.D. (PATHOLOGY),Open Quota,ST,ST,119813,119813,1
2025,1,CALCUTTA NATIONAL MEDICAL COLLEGE KOLKATA,M.D. (OBST. AND GYNAE)/MS (OBSTETRICS AND GYNAECOLOGY),In-Service,SC,SC,119946,119946,1
2025,1,GOURI DEVI INSTITUTE OF MEDICAL SCIENCES AND HOSPITAL,M.D. (RADIO- DIAGNOSIS),In-Service,SC,SC,120139,120139,1
2025,1,NORTH BENGAL MEDICAL COLLEGE AND HOSPITAL,M.D. (GENERAL MEDICINE),In-Service,SC,SC,120349,120349,1
2025,1,MEDICAL COLLEGE KOLKATA,M.D. (OBST. AND GYNAE)/MS (OBSTETRICS AND GYNAECOLOGY),In-Service,SC,SC,120352,120352,1
2025,1,KPC MEDICAL COLLEGE,M.D. (PATHOLOGY),Open Quota,SC,SC,122581,122581,1
2025,1,INSTITUTE OF POST GRADUATE MEDICAL EDUCATION AND RESEARCH KOLKATA,M.D. (BIOCHEMISTRY),Open Quota,SC,SC,123555,123555,1
2025,1,MEDICAL COLLEGE KOLKATA,M.S. (ORTHOPAEDICS),In-Service,SC,SC,123607,123607,1
2025,1,INSTITUTE OF POST GRADUATE MEDICAL EDUCATION AND RESEARCH KOLKATA,M.D. (GENERAL MEDICINE),In-Service,OBC-B (Non-Creamy Layer),OBC-B (Non-Creamy Layer),123701,123701,1
2025,1,INSTITUTE OF POST GRADUATE MEDICAL EDUCATION AND RESEARCH KOLKATA,M.D. (PAEDIATRICS),In-Service,SC,SC,124080,124080,1
2025,1,ESI PGIMSR AND ESIC MEDICAL COLLEGE JOKA KOLKATA,M.D. (PATHOLOGY),Open Quota,ST,ST,124879,124879,1
2025,1,MEDICAL COLLEGE KOLKATA,M.S. (GENERAL SURGERY),In-Service,SC,SC,124889,124889,1
2025,1,R G KAR MEDICAL COLLEGE,M.D. (GENERAL MEDICINE),In-Service,OBC-B (Non-Creamy Layer),OBC-B (Non-Creamy Layer),125335,125335,1
2025,1,MAHARAJA JITENDRA NARAYAN MEDICAL COLLEGE AND HOSPITAL,(NBEMS) GENERAL MEDICINE,In-Service DNB,SC,SC,125349,125349,1
2025,1,CALCUTTA NATIONAL MEDICAL COLLEGE KOLKATA,M.D. (BIOCHEMISTRY),Open Quota,SC,SC,126316,126316,1
2025,1,NORTH BENGAL MEDICAL COLLEGE AND HOSPITAL,M.D. (OBST. AND GYNAE)/MS (OBSTETRICS AND GYNAECOLOGY),In-Service,SC,SC,126459,126459,1
2025,1,NIL RATAN SIRCAR MEDICAL COLLEGE,M.D. (PAEDIATRICS),In-Service,OBC-B (Non-Creamy Layer),OBC-B (Non-Creamy Layer),127623,127623,1
2025,1,BANKURA SAMMILANI MEDICAL COLLEGE,M.D. (PAEDIATRICS),In-Service,SC,SC,127809,127809,1
2025,1,R G KAR MEDICAL COLLEGE,DIPLOMA IN ANAESTHESIOLOGY,Open Quota,ST,ST,128209,128209,1
2025,1,INSTITUTE OF POST GRADUATE MEDICAL EDUCATION AND RESEARCH KOLKATA,M.D. (PHYSIOLOGY),Open Quota,SC,SC,128714,128714,1
2025,1,BARASAT GOVERNMENT MEDICAL COLLEGE AND HOSPITAL,(NBEMS) GENERAL MEDICINE,In-Service DNB,SC,SC,129486,129486,1
2025,1,R G KAR MEDICAL COLLEGE,M.D. (OBST. AND GYNAE)/MS (OBSTETRICS AND GYNAECOLOGY),In-Service,OBC-B (Non-Creamy Layer),OBC-B (Non-Creamy Layer),129948,129948,1
2025,1,ICARE INSTITUTE OF MEDICAL SCIENCES AND RESEARCH HALDIA,M.D. (RADIO- DIAGNOSIS),NRI Quota,OBC (Non-Creamy Layer),UR,131074,131074,1
2025,1,MALDA MEDICAL COLLEGE AND HOSPITAL,M.D. (BIOCHEMISTRY),Open Quota,SC,SC,131206,131206,1
2025,1,SHRI RAMKRISHNA INSTITUTE OF MEDICAL SCIENCES & SANAKA HOSPITALS,M.S. (E.N.T.),Open Quota,ST,ST,131782,131782,1
2025,1,"SCHOOL OF TROPICAL MEDICINE, KOLKATA",M.D. (TROPICAL MEDICINE),In-Service,SC,SC,132065,132065,1
2025,1,INSTITUTE OF CHILD HEALTH,M.D. (PAEDIATRICS),In-Service,SC,SC,133379,133379,1
2025,1,DISTRICT HOSPITAL ALIPURDUAR,(NBEMS) GENERAL MEDICINE,In-Service DNB,OBC-B (Non-Creamy Layer),OBC-B (Non-Creamy Layer),134154,134154,1
2025,1,INSTITUTE OF POST GRADUATE MEDICAL EDUCATION AND RESEARCH KOLKATA,M.D. (RADIOTHERAPY/ RADIATION ONCOLOGY),In-Service,SC,SC,134421,134421,1
2025,1,MEDICAL COLLEGE KOLKATA,M.D. (PSYCHIATRY),In-Service,SC,SC,135058,135058,1
2025,1,ESI PGIMSR AND ESIC MEDICAL COLLEGE JOKA KOLKATA,M.D. (PREVENTIVE AND SOCIAL MEDICINE)/ COMMUNITY MEDICINE,Open Quota,ST,ST,135152,135152,1
2025,1,INSTITUTE OF POST GRADUATE MEDICAL EDUCATION AND RESEARCH KOLKATA,M.D. (ANAESTHESIOLOGY),In-Service,SC,SC,135358,135358,1
2025,1,"IQ CITY MEDICAL COLLEGE, DURGAPUR",M.D. (PREVENTIVE AND SOCIAL MEDICINE)/ COMMUNITY MEDICINE,Open Quota,SC,SC,136099,136099,1
2025,1,KALNA SD AND SS HOSPITAL,(NBEMS-DIPLOMA) PAEDIATRICS,In-Service DNB,SC,SC,136695,136695,1
2025,1,"RAMAKRISHNA MISSION SEVA PRATISHTHAN VIVEKANANDA INSTITUTE OF MEDICAL SCIENCES, KOLKATA",M.D. (PAEDIATRICS),In-Service,SC,SC,136801,136801,1
2025,1,DISTRICT HOSPITAL HOWRAH,(NBEMS) GENERAL MEDICINE,In-Service DNB,SC,SC,136850,136850,1
2025,1,CALCUTTA NATIONAL MEDICAL COLLEGE KOLKATA,M.D. (TUBERCULOSIS AND RESPIRATORY DISEASES)/PULMONA RY MEDICINE /M.D. (RESPIRATORY MEDICINE),In-Service,OBC-A (Non-Creamy Layer),OBC-A (Non-Creamy Layer),137827,137827,1
2025,2,INSTITUTE OF POST GRADUATE MEDICAL EDUCATION AND RESEARCH KOLKATA,M.D. (GENERAL MEDICINE),Open Quota,General,UR,277,277,1
2025,2,INSTITUTE OF POST GRADUATE MEDICAL EDUCATION AND RESEARCH KOLKATA,M.D. (RADIO- DIAGNOSIS),Open Quota,General,UR,591,654,2
2025,2,"RAMAKRISHNA MISSION SEVA PRATISHTHAN VIVEKANANDA INSTITUTE OF MEDICAL SCIENCES, KOLKATA",M.D. (RADIO- DIAGNOSIS),Open Quota,General,UR,724,724,1
2025,2,MEDICAL COLLEGE KOLKATA,M.D. (GENERAL MEDICINE),Open Quota,General,UR,590,806,3
2025,2,NIL RATAN SIRCAR MEDICAL COLLEGE,M.D. (GENERAL MEDICINE),Open Quota,General,UR,915,915,1
2025,2,MEDICAL COLLEGE KOLKATA,"M.D. (DERM.,VENE. AND LEPROSY)/ (DERMATOLOGY)/ (SKIN AND VENEREAL DISEASES)/ (VENEREOLOGY)",Open Quota,General,UR,922,922,1
2025,2,R G KAR MEDICAL COLLEGE,M.D. (GENERAL MEDICINE),Open Quota,General,UR,867,1043,2
2025,2,BURDWAN MEDICAL COLLEGE,M.D. (RADIO- DIAGNOSIS),Open Quota,General,UR,1093,1093,1
2025,2,INSTITUTE OF POST GRADUATE MEDICAL EDUCATION AND RESEARCH KOLKATA,"M.D. (DERM.,VENE. AND LEPROSY)/ (DERMATOLOGY)/ (SKIN AND VENEREAL DISEASES)/ (VENEREOLOGY)",Open Quota,General,UR,1130,1130,1
2025,2,INSTITUTE OF POST GRADUATE MEDICAL EDUCATION AND RESEARCH KOLKATA,"M.D. (DERM.,VENE. AND LEPROSY)/ (DERMATOLOGY)/ (SKIN AND VENEREAL DISEASES)/ (VENEREOLOGY)",Open Quota,OBC (Non-Creamy Layer),UR,1379,1379,1
2025,2,CALCUTTA NATIONAL MEDICAL COLLEGE KOLKATA,M.D. (GENERAL MEDICINE),Open Quota,General,UR,1282,1425,2
2025,2,COLLEGE OF MEDICINE AND SAGORE DUTTA HOSPITAL,M.D. (GENERAL MEDICINE),Open Quota,General,UR,1479,1479,1
2025,2,INSTITUTE OF POST GRADUATE MEDICAL EDUCATION AND RESEARCH KOLKATA,M.D. (GENERAL MEDICINE),Open Quota,EWS,EWS,1626,1626,1
2025,2,INSTITUTE OF POST GRADUATE MEDICAL EDUCATION AND RESEARCH KOLKATA,M.D. (RADIO- DIAGNOSIS),Open Quota,OBC-A (Non-Creamy Layer),OBC-A (Non-Creamy Layer),1667,1667,1
2025,2,"RAMAKRISHNA MISSION SEVA PRATISHTHAN VIVEKANANDA INSTITUTE OF MEDICAL SCIENCES, KOLKATA",M.D. (GENERAL MEDICINE),Open Quota,General,UR,1681,1681,1
2025,2,ESI PGIMSR AND ESIC MEDICAL COLLEGE JOKA KOLKATA,M.D. (GENERAL MEDICINE),Open Quota,General,UR,1556,1796,2
2025,2,INSTITUTE OF POST GRADUATE MEDICAL EDUCATION AND RESEARCH KOLKATA,M.D. (PAEDIATRICS),Open Quota,General,UR,1874,1874,1
2025,2,"SCHOOL OF TROPICAL MEDICINE, KOLKATA","M.D. (DERM.,VENE. AND LEPROSY)/ (DERMATOLOGY)/ (SKIN AND VENEREAL DISEASES)/ (VENEREOLOGY)",Open Quota,General,UR,1912,1912,1
2025,2,MEDICAL COLLEGE KOLKATA,M.S. (GENERAL SURGERY),Open Quota,General,UR,2036,2036,1
2025,2,BURDWAN MEDICAL COLLEGE,M.D. (GENERAL MEDICINE),Open Quota,General,UR,2055,2055,1
2025,2,MIDNAPORE MEDICAL COLLEGE,M.D. (GENERAL MEDICINE),Open Quota,General,UR,2085,2085,1
2025,2,INSTITUTE OF POST GRADUATE MEDICAL EDUCATION AND RESEARCH KOLKATA,M.S. (ORTHOPAEDICS),Open Quota,General,UR,2244,2244,1
2025,2,BANKURA SAMMILANI MEDICAL COLLEGE,M.D. (RADIO- DIAGNOSIS),Open Quota,General,UR,2351,2351,1
2025,2,INSTITUTE OF POST GRADUATE MEDICAL EDUCATION AND RESEARCH KOLKATA,M.S. (ORTHOPAEDICS),Open Quota,SC,UR,2412,2412,1
2025,2,INSTITUTE OF POST GRADUATE MEDICAL EDUCATION AND RESEARCH KOLKATA,M.D. (GENERAL MEDICINE),Open Quota,SC,SC,2504,2504,1
2025,2,BANKURA SAMMILANI MEDICAL COLLEGE,M.D. (GENERAL MEDICINE),Open Quota,General,UR,2625,2625,1
2025,2,NORTH BENGAL MEDICAL COLLEGE AND HOSPITAL,M.D. (GENERAL MEDICINE),Open Quota,General,UR,2197,2657,2
2025,2,MALDA MEDICAL COLLEGE AND HOSPITAL,M.D. (GENERAL MEDICINE),Open Quota,General,UR,2669,2669,1
2025,2,NIL RATAN SIRCAR MEDICAL COLLEGE,M.D. (OBST. AND GYNAE)/MS (OBSTETRICS AND GYNAECOLOGY),Open Quota,General,UR,2692,2692,1
2025,2,BURDWAN MEDICAL COLLEGE,"M.D. (DERM.,VENE. AND LEPROSY)/ (DERMATOLOGY)/ (SKIN AND VENEREAL DISEASES)/ (VENEREOLOGY)",Open Quota,General,UR,2749,2749,1
2025,2,MEDICAL COLLEGE KOLKATA,M.D. (PATHOLOGY),Open Quota,General,UR,2775,2775,1
2025,2,BURDWAN MEDICAL COLLEGE,M.D. (RADIO- DIAGNOSIS),Open Quota,OBC-A (Non-Creamy Layer),OBC-A (Non-Creamy Layer),2827,2827,1
2025,2,INSTITUTE OF POST GRADUATE MEDICAL EDUCATION AND RESEARCH KOLKATA,M.D. (GENERAL MEDICINE),Open Quota,OBC-B (Non-Creamy Layer),OBC-B (Non-Creamy Layer),2926,2926,1
2025,2,MEDICAL COLLEGE KOLKATA,M.D. (GENERAL MEDICINE),Open Quota,OBC-B (Non-Creamy Layer),OBC-B (Non-Creamy Layer),3179,3179,1
2025,2,"COMMAND HOSPITAL EC, ALIPORE, KOLKATA",M.D. (RADIO- DIAGNOSIS),Open Quota,OBC-B (Non-Creamy Layer),OBC (Non-Creamy Layer),3242,3242,1
2025,2,KPC MEDICAL COLLEGE,M.D. (RADIO- DIAGNOSIS),Open Quota,General,UR,3315,3315,1
2025,2,MURSHIDABAD MEDICAL COLLEGE AND HOSPITAL,M.D. (RADIO- DIAGNOSIS),Open Quota,General,UR,3378,3378,1
2025,2,INSTITUTE OF POST GRADUATE MEDICAL EDUCATION AND RESEARCH KOLKATA,M.S. (GENERAL SURGERY),Open Quota,General,UR,858,3394,2
2025,2,NIL RATAN SIRCAR MEDICAL COLLEGE,M.S. (GENERAL SURGERY),Open Quota,General,UR,3581,3581,1
2025,2,INSTITUTE OF POST GRADUATE MEDICAL EDUCATION AND RESEARCH KOLKATA,M.D. (TUBERCULOSIS AND RESPIRATORY DISEASES)/PULMONA RY MEDICINE /M.D. (RESPIRATORY MEDICINE),Open Quota,EWS,EWS,3612,3612,1
2025,2,R G KAR MEDICAL COLLEGE,M.S. (ORTHOPAEDICS),Open Quota,General,UR,3616,3703,2
2025,2,MEDICAL COLLEGE KOLKATA,M.D. (PAEDIATRICS),Open Quota,General,UR,3011,3813,3
2025,2,NIL RATAN SIRCAR MEDICAL COLLEGE,M.D. (TUBERCULOSIS AND RESPIRATORY DISEASES)/PULMONA RY MEDICINE /M.D. (RESPIRATORY MEDICINE),Open Quota,General,UR,3873,3873,1
2025,2,CALCUTTA NATIONAL MEDICAL COLLEGE KOLKATA,"M.D. (DERM.,VENE. AND LEPROSY)/ (DERMATOLOGY)/ (SKIN AND VENEREAL DISEASES)/ (VENEREOLOGY)",Open Quota,OBC-A (Non-Creamy Layer),OBC-A (Non-Creamy Layer),3890,3890,1
2025,2,KPC MEDICAL COLLEGE,M.D. (GENERAL MEDICINE),Open Quota,General,UR,3958,3958,1
2025,2,NIL RATAN SIRCAR MEDICAL COLLEGE,M.D. (PAEDIATRICS),Open Quota,General,UR,4092,4092,1
2025,2,R G KAR MEDICAL COLLEGE,M.D. (PAEDIATRICS),Open Quota,General,UR,3900,4105,3
2025,2,MEDICAL COLLEGE KOLKATA,M.D. (TUBERCULOSIS AND RESPIRATORY DISEASES)/PULMONA RY MEDICINE /M.D. (RESPIRATORY MEDICINE),Open Quota,General,UR,4119,4119,1
2025,2,INSTITUTE OF CHILD HEALTH,M.D. (PAEDIATRICS),Open Quota,General,UR,4187,4283,2
2025,2,"RAMAKRISHNA MISSION SEVA PRATISHTHAN VIVEKANANDA INSTITUTE OF MEDICAL SCIENCES, KOLKATA",M.D. (PAEDIATRICS),Open Quota,General,UR,4474,4474,1
2025,2,DR. B C ROY POST GRADUATE INSTITUTE OF PAEDIATRIC SCIENCES,M.D. (PAEDIATRICS),Open Quota,General,UR,4593,4593,1
2025,2,"CHITTARANJAN SEVA SADAN COLLEGE OF OBS. GYNAE AND CHILD HEALTH,KOLKATA",M.D. (PAEDIATRICS),Open Quota,General,UR,4659,4659,1
2025,2,R G KAR MEDICAL COLLEGE,M.D. (OBST. AND GYNAE)/MS (OBSTETRICS AND GYNAECOLOGY),Open Quota,General,UR,3247,4668,3
2025,2,MEDICAL COLLEGE KOLKATA,M.D. (PAEDIATRICS),Open Quota,OBC-A (Non-Creamy Layer),OBC-A (Non-Creamy Layer),5026,5026,1
2025,2,BURDWAN MEDICAL COLLEGE,M.D. (PAEDIATRICS),Open Quota,General,UR,4856,5095,2
2025,2,COLLEGE OF MEDICINE AND SAGORE DUTTA HOSPITAL,M.D. (TUBERCULOSIS AND RESPIRATORY DISEASES)/PULMONA RY MEDICINE /M.D. (RESPIRATORY MEDICINE),Open Quota,General,UR,5132,5132,1
2025,2,COLLEGE OF MEDICINE AND SAGORE DUTTA HOSPITAL,M.D. (PAEDIATRICS),Open Quota,General,UR,5175,5175,1
2025,2,BURDWAN MEDICAL COLLEGE,M.D. (TUBERCULOSIS AND RESPIRATORY DISEASES)/PULMONA RY MEDICINE /M.D. (RESPIRATORY MEDICINE),Open Quota,General,UR,5206,5206,1
2025,2,BURDWAN MEDICAL COLLEGE,M.S. (ORTHOPAEDICS),Open Quota,General,UR,5290,5290,1
2025,2,BANKURA SAMMILANI MEDICAL COLLEGE,M.D. (PAEDIATRICS),Open Quota,General,UR,5479,5479,1
2025,2,NORTH BENGAL MEDICAL COLLEGE AND HOSPITAL,M.D. (PAEDIATRICS),Open Quota,General,UR,5515,5515,1
2025,2,MURSHIDABAD MEDICAL COLLEGE AND HOSPITAL,M.S. (ORTHOPAEDICS),Open Quota,General,UR,5582,5582,1
2025,2,MEDICAL COLLEGE KOLKATA,M.D. (OBST. AND GYNAE)/MS (OBSTETRICS AND GYNAECOLOGY),Open Quota,General,UR,3262,5656,3
2025,2,INSTITUTE OF POST GRADUATE MEDICAL EDUCATION AND RESEARCH KOLKATA,M.D. (OBST. AND GYNAE)/MS (OBSTETRICS AND GYNAECOLOGY),Open Quota,General,UR,5730,5730,1
2025,2,MEDICAL COLLEGE KOLKATA,M.D. (GENERAL MEDICINE),Open Quota,EWS,EWS,5774,5774,1
2025,2,R G KAR MEDICAL COLLEGE,M.S. (GENERAL SURGERY),Open Quota,General,UR,5475,5788,2
2025,2,CALCUTTA NATIONAL MEDICAL COLLEGE KOLKATA,M.S. (ORTHOPAEDICS),Open Quota,General,UR,5951,5951,1
2025,2,CALCUTTA NATIONAL MEDICAL COLLEGE KOLKATA,M.D. (OBST. AND GYNAE)/MS (OBSTETRICS AND GYNAECOLOGY),Open Quota,General,UR,5997,6103,2
2025,2,CALCUTTA NATIONAL MEDICAL COLLEGE KOLKATA,M.S. (GENERAL SURGERY),Open Quota,General,UR,5009,6121,3
2025,2,"RAMAKRISHNA MISSION SEVA PRATISHTHAN VIVEKANANDA INSTITUTE OF MEDICAL SCIENCES, KOLKATA",M.S. (ORTHOPAEDICS),Open Quota,General,UR,6124,6124,1
2025,2,MALDA MEDICAL COLLEGE AND HOSPITAL,M.D. (PAEDIATRICS),Open Quota,General,UR,6135,6135,1
2025,2,"COMMAND HOSPITAL EC, ALIPORE, KOLKATA",M.D. (GENERAL MEDICINE),Open Quota,OBC-A (Non-Creamy Layer),OBC (Non-Creamy Layer),6298,6298,1
2025,2,"CHITTARANJAN SEVA SADAN COLLEGE OF OBS. GYNAE AND CHILD HEALTH,KOLKATA",M.D. (OBST. AND GYNAE)/MS (OBSTETRICS AND GYNAECOLOGY),Open Quota,General,UR,6414,6414,1
2025,2,BURDWAN MEDICAL COLLEGE,M.D. (OBST. AND GYNAE)/MS (OBSTETRICS AND GYNAECOLOGY),Open Quota,General,UR,6431,6431,1
2025,2,ESI PGIMSR AND ESIC MEDICAL COLLEGE JOKA KOLKATA,M.D. (OBST. AND GYNAE)/MS (OBSTETRICS AND GYNAECOLOGY),Open Quota,General,UR,6590,6590,1
2025,2,NORTH BENGAL MEDICAL COLLEGE AND HOSPITAL,M.D. (GENERAL MEDICINE),Open Quota,OBC-B (Non-Creamy Layer),OBC-B (Non-Creamy Layer),6596,6596,1
2025,2,"RAMAKRISHNA MISSION SEVA PRATISHTHAN VIVEKANANDA INSTITUTE OF MEDICAL SCIENCES, KOLKATA",M.S. (GENERAL SURGERY),Open Quota,General,UR,6630,6630,1
2025,2,BURDWAN MEDICAL COLLEGE,M.S. (GENERAL SURGERY),Open Quota,General,UR,6177,6683,2
2025,2,CALCUTTA NATIONAL MEDICAL COLLEGE KOLKATA,M.D. (OBST. AND GYNAE)/MS (OBSTETRICS AND GYNAECOLOGY),Open Quota,OBC-A (Non-Creamy Layer),OBC-A (Non-Creamy Layer),6793,6793,1
2025,2,JAGANNATH GUPTA INSTITUTE OF MEDICAL SCIENCES AND HOSPITAL,M.D. (GENERAL MEDICINE),Open Quota,General,UR,6906,6906,1
2025,2,MEDICAL COLLEGE KOLKATA,M.D. (GENERAL MEDICINE),Open Quota,SC,SC,6913,6913,1
2025,2,BANKURA SAMMILANI MEDICAL COLLEGE,M.S. (GENERAL SURGERY),Open Quota,General,UR,6962,7121,2
2025,2,INSTITUTE OF POST GRADUATE MEDICAL EDUCATION AND RESEARCH KOLKATA,M.S. (ORTHOPAEDICS),Open Quota,OBC-A (Non-Creamy Layer),OBC-A (Non-Creamy Layer),7318,7318,1
2025,2,KPC MEDICAL COLLEGE,M.D. (RADIO- DIAGNOSIS),Private Management Quota,General,UR,7335,7335,1
2025,2,CALCUTTA NATIONAL MEDICAL COLLEGE KOLKATA,M.D. (GENERAL MEDICINE),Open Quota,EWS,EWS,7655,7655,1
2025,2,BANKURA SAMMILANI MEDICAL COLLEGE,M.D. (TUBERCULOSIS AND RESPIRATORY DISEASES)/PULMONA RY MEDICINE /M.D. (RESPIRATORY MEDICINE),Open Quota,General,UR,7696,7696,1
2025,2,BANKURA SAMMILANI MEDICAL COLLEGE,M.S. (ORTHOPAEDICS),Open Quota,General,UR,7748,7748,1
2025,2,R G KAR MEDICAL COLLEGE,M.D. (OBST. AND GYNAE)/MS (OBSTETRICS AND GYNAECOLOGY),Open Quota,OBC-A (Non-Creamy Layer),OBC-A (Non-Creamy Layer),7789,7789,1
2025,2,"RAMAKRISHNA MISSION SEVA PRATISHTHAN VIVEKANANDA INSTITUTE OF MEDICAL SCIENCES, KOLKATA",M.D. (OBST. AND GYNAE)/MS (OBSTETRICS AND GYNAECOLOGY),Open Quota,General,UR,7928,7928,1
2025,2,MIDNAPORE MEDICAL COLLEGE,M.S. (GENERAL SURGERY),Open Quota,General,UR,7507,8012,3
2025,2,ICARE INSTITUTE OF MEDICAL SCIENCES AND RESEARCH HALDIA,M.D. (GENERAL MEDICINE),Open Quota,General,UR,8225,8225,1
2025,2,GOURI DEVI INSTITUTE OF MEDICAL SCIENCES AND HOSPITAL,"M.D. (DERM.,VENE. AND LEPROSY)/ (DERMATOLOGY)/ (SKIN AND VENEREAL DISEASES)/ (VENEREOLOGY)",Open Quota,General,UR,8258,8258,1
2025,2,NIL RATAN SIRCAR MEDICAL COLLEGE,M.D. (RADIO- DIAGNOSIS),Open Quota,EWS,EWS,8371,8371,1
2025,2,"COMMAND HOSPITAL EC, ALIPORE, KOLKATA",M.D. (OBST. AND GYNAE)/MS (OBSTETRICS AND GYNAECOLOGY),Open Quota,General,UR,8394,8394,1
2025,2,COLLEGE OF MEDICINE AND SAGORE DUTTA HOSPITAL,M.D. (OBST. AND GYNAE)/MS (OBSTETRICS AND GYNAECOLOGY),Open Quota,General,UR,8405,8405,1
2025,2,"COMMAND HOSPITAL EC, ALIPORE, KOLKATA",M.D. (PAEDIATRICS),Open Quota,OBC-B (Non-Creamy Layer),OBC (Non-Creamy Layer),8496,8496,1
2025,2,NIL RATAN SIRCAR MEDICAL COLLEGE,"M.D. (DERM.,VENE. AND LEPROSY)/ (DERMATOLOGY)/ (SKIN AND VENEREAL DISEASES)/ (VENEREOLOGY)",Open Quota,SC,SC,8615,8615,1
2025,2,MEDICAL COLLEGE KOLKATA,M.S. (E.N.T.),Open Quota,General,UR,8621,8621,1
2025,2,INSTITUTE OF POST GRADUATE MEDICAL EDUCATION AND RESEARCH KOLKATA,M.S. (E.N.T.),Open Quota,General,UR,8703,8703,1
2025,2,MEDICAL COLLEGE KOLKATA,M.D. GERIATRICS,Open Quota,General,UR,8811,8811,1
2025,2,NORTH BENGAL MEDICAL COLLEGE AND HOSPITAL,M.D. (GENERAL MEDICINE),Open Quota,EWS,EWS,8893,8893,1
2025,2,BURDWAN MEDICAL COLLEGE,M.S. (ORTHOPAEDICS),Open Quota,OBC-A (Non-Creamy Layer),OBC-A (Non-Creamy Layer),8993,8993,1
2025,2,INSTITUTE OF POST GRADUATE MEDICAL EDUCATION AND RESEARCH KOLKATA,M.D. (ANAESTHESIOLOGY),Open Quota,General,UR,9009,9009,1
2025,2,INSTITUTE OF CHILD HEALTH,M.D. (PAEDIATRICS),Open Quota,OBC-A (Non-Creamy Layer),OBC-A (Non-Creamy Layer),9114,9114,1
2025,2,BANKURA SAMMILANI MEDICAL COLLEGE,M.D. (OBST. AND GYNAE)/MS (OBSTETRICS AND GYNAECOLOGY),Open Quota,General,UR,8872,9175,3
2025,2,CALCUTTA NATIONAL MEDICAL COLLEGE KOLKATA,M.D. (PAEDIATRICS),Open Quota,OBC-A (Non-Creamy Layer),OBC-A (Non-Creamy Layer),9211,9211,1
2025,2,DIAMOND HARBOUR GOVERNMENT MEDICAL COLLEGE AND HOSPITAL,M.S. (E.N.T.),Open Quota,General,UR,9453,9453,1
2025,2,NORTH BENGAL MEDICAL COLLEGE AND HOSPITAL,M.D. (OBST. AND GYNAE)/MS (OBSTETRICS AND GYNAECOLOGY),Open Quota,General,UR,9470,9470,1
2025,2,BANKURA SAMMILANI MEDICAL COLLEGE,M.S. (E.N.T.),Open Quota,General,UR,9540,9540,1
2025,2,BURDWAN MEDICAL COLLEGE,M.D. (GENERAL MEDICINE),Open Quota,SC,SC,9610,9610,1
2025,2,INSTITUTE OF POST GRADUATE MEDICAL EDUCATION AND RESEARCH KOLKATA,M.D. (PAEDIATRICS),Open Quota,SC,SC,9635,9635,1
2025,2,MIDNAPORE MEDICAL COLLEGE,M.D. (OBST. AND GYNAE)/MS (OBSTETRICS AND GYNAECOLOGY),Open Quota,General,UR,9442,9714,2
2025,2,MALDA MEDICAL COLLEGE AND HOSPITAL,M.D. (OBST. AND GYNAE)/MS (OBSTETRICS AND GYNAECOLOGY),Open Quota,General,UR,9718,9718,1
2025,2,"RAMAKRISHNA MISSION SEVA PRATISHTHAN VIVEKANANDA INSTITUTE OF MEDICAL SCIENCES, KOLKATA",M.D. (GENERAL MEDICINE),Open Quota,SC,SC,9726,9726,1
2025,2,INSTITUTE OF POST GRADUATE MEDICAL EDUCATION AND RESEARCH KOLKATA,M.D. (PSYCHIATRY),Open Quota,General,UR,5945,9824,2
2025,2,MEDICAL COLLEGE KOLKATA,M.S. (OPHTHALMOLOGY),Open Quota,General,UR,7257,9950,3
2025,2,MEDICAL COLLEGE KOLKATA,M.D. (PSYCHIATRY),Open Quota,General,UR,10011,10011,1
2025,2,R G KAR MEDICAL COLLEGE,M.D. (TUBERCULOSIS AND RESPIRATORY DISEASES)/PULMONA RY MEDICINE /M.D. (RESPIRATORY MEDICINE),Open Quota,OBC-B (Non-Creamy Layer),OBC-B (Non-Creamy Layer),10049,10049,1
2025,2,MURSHIDABAD MEDICAL COLLEGE AND HOSPITAL,M.D. (OBST. AND GYNAE)/MS (OBSTETRICS AND GYNAECOLOGY),Open Quota,General,UR,10089,10089,1
2025,2,NORTH BENGAL MEDICAL COLLEGE AND HOSPITAL,M.S. (E.N.T.),Open Quota,General,UR,10093,10093,1
2025,2,MIDNAPORE MEDICAL COLLEGE,M.S. (E.N.T.),Open Quota,General,UR,10135,10135,1
2025,2,KPC MEDICAL COLLEGE,M.D. (OBST. AND GYNAE)/MS (OBSTETRICS AND GYNAECOLOGY),Open Quota,General,UR,10247,10247,1
2025,2,DR. B C ROY POST GRADUATE INSTITUTE OF PAEDIATRIC SCIENCES,M.D. (PAEDIATRICS),Open Quota,OBC-A (Non-Creamy Layer),OBC-A (Non-Creamy Layer),10318,10318,1
2025,2,"RAMAKRISHNA MISSION SEVA PRATISHTHAN VIVEKANANDA INSTITUTE OF MEDICAL SCIENCES, KOLKATA",M.D. (PAEDIATRICS),Open Quota,OBC-A (Non-Creamy Layer),OBC-A (Non-Creamy Layer),10420,10420,1
2025,2,CALCUTTA NATIONAL MEDICAL COLLEGE KOLKATA,M.D. (PSYCHIATRY),Open Quota,General,UR,10501,10501,1
2025,2,SHRI RAMKRISHNA INSTITUTE OF MEDICAL SCIENCES & SANAKA HOSPITALS,"M.D. (DERM.,VENE. AND LEPROSY)/ (DERMATOLOGY)/ (SKIN AND VENEREAL DISEASES)/ (VENEREOLOGY)",Open Quota,General,UR,10560,10560,1
2025,2,NIL RATAN SIRCAR MEDICAL COLLEGE,M.D. (RADIOTHERAPY/ RADIATION ONCOLOGY),Open Quota,General,UR,10604,10604,1
2025,2,BANKURA SAMMILANI MEDICAL COLLEGE,"M.D. (DERM.,VENE. AND LEPROSY)/ (DERMATOLOGY)/ (SKIN AND VENEREAL DISEASES)/ (VENEREOLOGY)",Open Quota,SC,SC,10903,10903,1
2025,2,MIDNAPORE MEDICAL COLLEGE,M.D. (PAEDIATRICS),Open Quota,OBC-B (Non-Creamy Layer),OBC-B (Non-Creamy Layer),11048,11048,1
2025,2,INSTITUTE OF POST GRADUATE MEDICAL EDUCATION AND RESEARCH KOLKATA,M.S. (OPHTHALMOLOGY),Open Quota,General,UR,11085,11085,1
2025,2,R G KAR MEDICAL COLLEGE,M.D. (PSYCHIATRY),Open Quota,General,UR,11139,11139,1
2025,2,COLLEGE OF MEDICINE AND SAGORE DUTTA HOSPITAL,M.D. (PSYCHIATRY),Open Quota,General,UR,11357,11357,1
2025,2,MEDICAL COLLEGE KOLKATA,M.D. (RADIOTHERAPY/ RADIATION ONCOLOGY),Open Quota,General,UR,11503,11503,1
2025,2,NIL RATAN SIRCAR MEDICAL COLLEGE,M.D. (ANAESTHESIOLOGY),Open Quota,General,UR,11745,11745,1
2025,2,NIL RATAN SIRCAR MEDICAL COLLEGE,M.S. (OPHTHALMOLOGY),Open Quota,General,UR,11790,11790,1
2025,2,COLLEGE OF MEDICINE AND SAGORE DUTTA HOSPITAL,M.S. (OPHTHALMOLOGY),Open Quota,General,UR,11862,11862,1
2025,2,INSTITUTE OF POST GRADUATE MEDICAL EDUCATION AND RESEARCH KOLKATA,M.D. (RADIOTHERAPY/ RADIATION ONCOLOGY),Open Quota,General,UR,12146,12146,1
2025,2,"RAMAKRISHNA MISSION SEVA PRATISHTHAN VIVEKANANDA INSTITUTE OF MEDICAL SCIENCES, KOLKATA",M.S. (OPHTHALMOLOGY),Open Quota,General,UR,12328,12328,1
2025,2,NORTH BENGAL MEDICAL COLLEGE AND HOSPITAL,M.D. (GENERAL MEDICINE),Open Quota,SC,SC,12365,12365,1
2025,2,MEDICAL COLLEGE KOLKATA,M.S. (GENERAL SURGERY),Open Quota,OBC-A (Non-Creamy Layer),OBC-A (Non-Creamy Layer),12386,12386,1
2025,2,MIDNAPORE MEDICAL COLLEGE,M.D. (GENERAL MEDICINE),Open Quota,SC,SC,12439,12439,1
2025,2,MEDICAL COLLEGE KOLKATA,M.D. (ANAESTHESIOLOGY),Open Quota,General,UR,10890,12519,3
2025,2,R G KAR MEDICAL COLLEGE,M.D. (ANAESTHESIOLOGY),Open Quota,General,UR,12639,12639,1
2025,2,R G KAR MEDICAL COLLEGE,M.S. (GENERAL SURGERY),Open Quota,OBC-A (Non-Creamy Layer),OBC-A (Non-Creamy Layer),12991,12991,1
2025,2,NIL RATAN SIRCAR MEDICAL COLLEGE,MD/MS (ANATOMY),Open Quota,General,UR,13375,13375,1
2025,2,CALCUTTA NATIONAL MEDICAL COLLEGE KOLKATA,M.S. (ORTHOPAEDICS),Open Quota,OBC-B (Non-Creamy Layer),OBC-B (Non-Creamy Layer),13466,13466,1
2025,2,NIL RATAN SIRCAR MEDICAL COLLEGE,M.S. (OPHTHALMOLOGY),Open Quota,OBC-A (Non-Creamy Layer),OBC-A (Non-Creamy Layer),13699,13699,1
2025,2,BANKURA SAMMILANI MEDICAL COLLEGE,M.S. (OPHTHALMOLOGY),Open Quota,General,UR,13892,13892,1
2025,2,MIDNAPORE MEDICAL COLLEGE,M.S. (OPHTHALMOLOGY),Open Quota,General,UR,13996,13996,1
2025,2,R G KAR MEDICAL COLLEGE,M.D. (ANAESTHESIOLOGY),Open Quota,OBC-A (Non-Creamy Layer),OBC-A (Non-Creamy Layer),14164,14164,1
2025,2,R G KAR MEDICAL COLLEGE,M.D. (PAEDIATRICS),Open Quota,SC,SC,14234,14234,1
2025,2,R G KAR MEDICAL COLLEGE,M.D. (OBST. AND GYNAE)/MS (OBSTETRICS AND GYNAECOLOGY),Open Quota,OBC-B (Non-Creamy Layer),OBC-B (Non-Creamy Layer),14379,14379,1
2025,2,DR. B C ROY POST GRADUATE INSTITUTE OF PAEDIATRIC SCIENCES,M.D. (PAEDIATRICS),Open Quota,SC,SC,15131,15131,1
2025,2,ESI PGIMSR AND ESIC MEDICAL COLLEGE JOKA KOLKATA,M.S. (GENERAL SURGERY),Open Quota,OBC-A (Non-Creamy Layer),OBC (Non-Creamy Layer),15204,15204,1
2025,2,MALDA MEDICAL COLLEGE AND HOSPITAL,M.S. (OPHTHALMOLOGY),Open Quota,General,UR,15253,15253,1
2025,2,BANKURA SAMMILANI MEDICAL COLLEGE,M.S. (GENERAL SURGERY),Open Quota,OBC-B (Non-Creamy Layer),OBC-B (Non-Creamy Layer),15258,15258,1
2025,2,KPC MEDICAL COLLEGE,M.S. (ORTHOPAEDICS),Open Quota,General,UR,15269,15269,1
2025,2,GOURI DEVI INSTITUTE OF MEDICAL SCIENCES AND HOSPITAL,M.D. (TUBERCULOSIS AND RESPIRATORY DISEASES)/PULMONA RY MEDICINE /M.D. (RESPIRATORY MEDICINE),Open Quota,General,UR,15303,15303,1
2025,2,COLLEGE OF MEDICINE AND SAGORE DUTTA HOSPITAL,M.D. (ANAESTHESIOLOGY),Open Quota,General,UR,15458,15458,1
2025,2,INSTITUTE OF POST GRADUATE MEDICAL EDUCATION AND RESEARCH KOLKATA,M.D. (PHYSICAL MED. AND REHABILITATION),Open Quota,General,UR,15464,15464,1
2025,2,"RAMAKRISHNA MISSION SEVA PRATISHTHAN VIVEKANANDA INSTITUTE OF MEDICAL SCIENCES, KOLKATA",M.D. (GENERAL MEDICINE),Open Quota,EWS,EWS,15506,15506,1
2025,2,MEDICAL COLLEGE KOLKATA,DIP.IN GYNAE. AND OBST.,Open Quota,OBC-A (Non-Creamy Layer),UR,15679,15679,1
2025,2,BURDWAN MEDICAL COLLEGE,M.D. (ANAESTHESIOLOGY),Open Quota,General,UR,15725,15725,1
2025,2,NIL RATAN SIRCAR MEDICAL COLLEGE,M.S. (ORTHOPAEDICS),Open Quota,SC,SC,15752,15752,1
2025,2,MIDNAPORE MEDICAL COLLEGE,M.D. (ANAESTHESIOLOGY),Open Quota,General,UR,15917,15917,1
2025,2,INSTITUTE OF POST GRADUATE MEDICAL EDUCATION AND RESEARCH KOLKATA,M.D. (OBST. AND GYNAE)/MS (OBSTETRICS AND GYNAECOLOGY),Open Quota,SC,SC,15936,15936,1
2025,2,INSTITUTE OF POST GRADUATE MEDICAL EDUCATION AND RESEARCH KOLKATA,M.D. (PATHOLOGY),Open Quota,General,UR,16045,16045,1
2025,2,BURDWAN MEDICAL COLLEGE,M.D. (RADIOTHERAPY/ RADIATION ONCOLOGY),Open Quota,General,UR,16181,16181,1
2025,2,JAGANNATH GUPTA INSTITUTE OF MEDICAL SCIENCES AND HOSPITAL,M.S. (ORTHOPAEDICS),Open Quota,General,UR,16333,16333,1
2025,2,"IQ CITY MEDICAL COLLEGE, DURGAPUR",M.D. (OBST. AND GYNAE)/MS (OBSTETRICS AND GYNAECOLOGY),Open Quota,General,UR,16509,16509,1
2025,2,INSTITUTE OF CHILD HEALTH,M.D. (PAEDIATRICS),Open Quota,EWS,EWS,16615,16615,1
2025,2,KPC MEDICAL COLLEGE,M.D. (GENERAL MEDICINE),Private Management Quota,General,UR,16634,16634,1
2025,2,NIL RATAN SIRCAR MEDICAL COLLEGE,M.D. (OBST. AND GYNAE)/MS (OBSTETRICS AND GYNAECOLOGY),Open Quota,EWS,EWS,16826,16826,1
2025,2,BURDWAN MEDICAL COLLEGE,M.S. (GENERAL SURGERY),Open Quota,OBC-B (Non-Creamy Layer),OBC-B (Non-Creamy Layer),16954,16954,1
2025,2,"RAMAKRISHNA MISSION SEVA PRATISHTHAN VIVEKANANDA INSTITUTE OF MEDICAL SCIENCES, KOLKATA",M.D. (ANAESTHESIOLOGY),Open Quota,General,UR,16987,16992,2
2025,2,NIL RATAN SIRCAR MEDICAL COLLEGE,M.S. (ORTHOPAEDICS),Open Quota,EWS,EWS,17480,17480,1
2025,2,JAGANNATH GUPTA INSTITUTE OF MEDICAL SCIENCES AND HOSPITAL,M.S. (GENERAL SURGERY),Open Quota,General,UR,17779,17779,1
2025,2,NIL RATAN SIRCAR MEDICAL COLLEGE,M.D. (PAEDIATRICS),Open Quota,SC,SC,17917,17917,1
2025,2,KPC MEDICAL COLLEGE,M.S. (OPHTHALMOLOGY),Open Quota,General,UR,17943,17943,1
2025,2,BANKURA SAMMILANI MEDICAL COLLEGE,M.D. (ANAESTHESIOLOGY),Open Quota,General,UR,16912,17968,3
2025,2,R G KAR MEDICAL COLLEGE,"M.D. (DERM.,VENE. AND LEPROSY)/ (DERMATOLOGY)/ (SKIN AND VENEREAL DISEASES)/ (VENEREOLOGY)",Open Quota,EWS,EWS,18033,18033,1
2025,2,R G KAR MEDICAL COLLEGE,M.D. (OBST. AND GYNAE)/MS (OBSTETRICS AND GYNAECOLOGY),Open Quota,SC,SC,18062,18062,1
2025,2,BURDWAN MEDICAL COLLEGE,M.D. (OBST. AND GYNAE)/MS (OBSTETRICS AND GYNAECOLOGY),Open Quota,OBC-B (Non-Creamy Layer),OBC-B (Non-Creamy Layer),18260,18260,1
2025,2,ALL INDIA INSTITUTE OF HYGIENE AND PUBLIC HEALTH,M.D. (PREVENTIVE AND SOCIAL MEDICINE)/ COMMUNITY MEDICINE,Open Quota,OBC-A (Non-Creamy Layer),UR,18579,18579,1
2025,2,MEDICAL COLLEGE KOLKATA,M.D. (TUBERCULOSIS AND RESPIRATORY DISEASES)/PULMONA RY MEDICINE /M.D. (RESPIRATORY MEDICINE),Open Quota,SC,SC,18661,18661,1
2025,2,JIS SCHOOL OF MEDICAL SCIENCE & RESEARCH,M.D. (OBST. AND GYNAE)/MS (OBSTETRICS AND GYNAECOLOGY),Open Quota,General,UR,18754,18754,1
2025,2,"COMMAND HOSPITAL EC, ALIPORE, KOLKATA",M.D. (ANAESTHESIOLOGY),Open Quota,General,UR,18792,18792,1
2025,2,COLLEGE OF MEDICINE AND JNM HOSPITAL KALYANI,M.D. (PSYCHIATRY),Open Quota,OBC-A (Non-Creamy Layer),OBC-A (Non-Creamy Layer),18858,18858,1
2025,2,INSTITUTE OF POST GRADUATE MEDICAL EDUCATION AND RESEARCH KOLKATA,M.D. (RADIO- DIAGNOSIS),Open Quota,ST,ST,19039,19039,1
2025,2,NORTH BENGAL MEDICAL COLLEGE AND HOSPITAL,M.D. (ANAESTHESIOLOGY),Open Quota,General,UR,18491,19051,2
2025,2,MALDA MEDICAL COLLEGE AND HOSPITAL,M.S. (GENERAL SURGERY),Open Quota,OBC-B (Non-Creamy Layer),OBC-B (Non-Creamy Layer),19112,19112,1
2025,2,MURSHIDABAD MEDICAL COLLEGE AND HOSPITAL,M.D. (ANAESTHESIOLOGY),Open Quota,General,UR,19253,19253,1
2025,2,MEDICAL COLLEGE KOLKATA,M.S. (E.N.T.),Open Quota,OBC-A (Non-Creamy Layer),OBC-A (Non-Creamy Layer),19627,19627,1
2025,2,NIL RATAN SIRCAR MEDICAL COLLEGE,M.D. (ANAESTHESIOLOGY),Open Quota,OBC-A (Non-Creamy Layer),OBC-A (Non-Creamy Layer),19683,19683,1
2025,2,R G KAR MEDICAL COLLEGE,M.S. (ORTHOPAEDICS),Open Quota,SC,SC,19718,19718,1
2025,2,BURDWAN MEDICAL COLLEGE,M.D. (OBST. AND GYNAE)/MS (OBSTETRICS AND GYNAECOLOGY),Open Quota,EWS,EWS,20213,20213,1
2025,2,SHRI RAMKRISHNA INSTITUTE OF MEDICAL SCIENCES & SANAKA HOSPITALS,M.S. (GENERAL SURGERY),Open Quota,OBC-A (Non-Creamy Layer),UR,20511,20511,1
2025,2,MEDICAL COLLEGE KOLKATA,DIPLOMA IN OPHTHALMOLOGY/DO MS,Open Quota,General,UR,20592,20818,2
2025,2,KPC MEDICAL COLLEGE,M.D. (ANAESTHESIOLOGY),Open Quota,General,UR,20863,20863,1
2025,2,BURDWAN MEDICAL COLLEGE,M.S. (ORTHOPAEDICS),Open Quota,SC,SC,20874,20874,1
2025,2,KPC MEDICAL COLLEGE,M.D. (GENERAL MEDICINE),Private Management Quota,OBC-A (Non-Creamy Layer),UR,20897,20897,1
2025,2,INSTITUTE OF POST GRADUATE MEDICAL EDUCATION AND RESEARCH KOLKATA,M.S. (GENERAL SURGERY),Open Quota,SC,SC,20912,20912,1
2025,2,"RAMAKRISHNA MISSION SEVA PRATISHTHAN VIVEKANANDA INSTITUTE OF MEDICAL SCIENCES, KOLKATA",M.S. (ORTHOPAEDICS),Open Quota,SC,SC,20971,20971,1
2025,2,"IQ CITY MEDICAL COLLEGE, DURGAPUR","M.D. (DERM.,VENE. AND LEPROSY)/ (DERMATOLOGY)/ (SKIN AND VENEREAL DISEASES)/ (VENEREOLOGY)",Private Management Quota,OBC (Non-Creamy Layer),UR,21211,21211,1
2025,2,INSTITUTE OF POST GRADUATE MEDICAL EDUCATION AND RESEARCH KOLKATA,M.S. (GENERAL SURGERY),Open Quota,EWS,EWS,21569,21569,1
2025,2,R G KAR MEDICAL COLLEGE,M.D. (PATHOLOGY),Open Quota,General,UR,21630,21630,1
2025,2,BURDWAN MEDICAL COLLEGE,M.D. (PAEDIATRICS),Open Quota,SC,SC,21671,21671,1
2025,2,BURDWAN MEDICAL COLLEGE,M.D. (RADIOTHERAPY/ RADIATION ONCOLOGY),Open Quota,OBC-A (Non-Creamy Layer),OBC-A (Non-Creamy Layer),21926,21926,1
2025,2,JAGANNATH GUPTA INSTITUTE OF MEDICAL SCIENCES AND HOSPITAL,M.S. (GENERAL SURGERY),Open Quota,OBC-A (Non-Creamy Layer),OBC-A (Non-Creamy Layer),21942,21942,1
2025,2,TAMRALIPTO GOVERNMENT MEDICAL COLLEGE,(NBEMS) GENERAL MEDICINE,In-Service DNB,OBC-B (Non-Creamy Layer),UR,22679,22679,1
2025,2,INSTITUTE OF POST GRADUATE MEDICAL EDUCATION AND RESEARCH KOLKATA,M.S. (GENERAL SURGERY),Open Quota,ST,ST,23210,23210,1
2025,2,SHRI RAMKRISHNA INSTITUTE OF MEDICAL SCIENCES & SANAKA HOSPITALS,M.D. (RADIO- DIAGNOSIS),Private Management Quota,General,UR,23375,23375,1
2025,2,"RAMAKRISHNA MISSION SEVA PRATISHTHAN VIVEKANANDA INSTITUTE OF MEDICAL SCIENCES, KOLKATA",M.S. (GENERAL SURGERY),Open Quota,OBC-B (Non-Creamy Layer),OBC-B (Non-Creamy Layer),23383,23383,1
2025,2,MEDICAL COLLEGE KOLKATA,M.S. (GENERAL SURGERY),Open Quota,SC,SC,23628,23628,1
2025,2,R G KAR MEDICAL COLLEGE,M.S. (GENERAL SURGERY),Open Quota,SC,SC,23802,23802,1
2025,2,NIL RATAN SIRCAR MEDICAL COLLEGE,M.S. (GENERAL SURGERY),Open Quota,SC,SC,24025,24025,1
2025,2,ICARE INSTITUTE OF MEDICAL SCIENCES AND RESEARCH HALDIA,M.D. (PAEDIATRICS),Open Quota,OBC-B (Non-Creamy Layer),OBC-B (Non-Creamy Layer),24152,24152,1
2025,2,MEDICAL COLLEGE KOLKATA,M.D. (ANAESTHESIOLOGY),Open Quota,SC,SC,24402,24402,1
2025,2,"RAMAKRISHNA MISSION SEVA PRATISHTHAN VIVEKANANDA INSTITUTE OF MEDICAL SCIENCES, KOLKATA",M.D. (PAEDIATRICS),Open Quota,SC,SC,24448,24448,1
2025,2,INSTITUTE OF POST GRADUATE MEDICAL EDUCATION AND RESEARCH KOLKATA,M.D. (GENERAL MEDICINE),In-Service,OBC-A (Non-Creamy Layer),UR,24576,24576,1
2025,2,COLLEGE OF MEDICINE AND SAGORE DUTTA HOSPITAL,M.D. (GENERAL MEDICINE),Open Quota,ST,ST,24697,24697,1
2025,2,"IQ CITY MEDICAL COLLEGE, DURGAPUR",M.D. (RADIO- DIAGNOSIS),Private Management Quota,General,UR,15766,25087,3
2025,2,NIL RATAN SIRCAR MEDICAL COLLEGE,M.D. (OBST. AND GYNAE)/MS (OBSTETRICS AND GYNAECOLOGY),Open Quota,SC,SC,25569,25569,1
2025,2,CALCUTTA NATIONAL MEDICAL COLLEGE KOLKATA,M.D. (PATHOLOGY),Open Quota,General,UR,25664,25664,1
2025,2,"CHITTARANJAN SEVA SADAN COLLEGE OF OBS. GYNAE AND CHILD HEALTH,KOLKATA",M.D. (PAEDIATRICS),Open Quota,SC,SC,25688,25688,1
2025,2,INSTITUTE OF POST GRADUATE MEDICAL EDUCATION AND RESEARCH KOLKATA,M.D. (RADIO- DIAGNOSIS),In-Service,OBC-B (Non-Creamy Layer),UR,25786,25786,1
2025,2,MIDNAPORE MEDICAL COLLEGE,M.D. (PAEDIATRICS),Open Quota,SC,SC,26073,26073,1
2025,2,R G KAR MEDICAL COLLEGE,M.D. (ANAESTHESIOLOGY),Open Quota,OBC-B (Non-Creamy Layer),OBC-B (Non-Creamy Layer),26206,26206,1
2025,2,ICARE INSTITUTE OF MEDICAL SCIENCES AND RESEARCH HALDIA,M.D. (OBST. AND GYNAE)/MS (OBSTETRICS AND GYNAECOLOGY),Open Quota,General,UR,26564,26564,1
2025,2,CALCUTTA NATIONAL MEDICAL COLLEGE KOLKATA,M.D. (ANAESTHESIOLOGY),Open Quota,OBC-B (Non-Creamy Layer),OBC-B (Non-Creamy Layer),26651,26651,1
2025,2,BURDWAN MEDICAL COLLEGE,M.S. (GENERAL SURGERY),Open Quota,SC,SC,27008,27008,1
2025,2,MALDA MEDICAL COLLEGE AND HOSPITAL,M.D. (PAEDIATRICS),Open Quota,SC,SC,27067,27067,1
2025,2,"COMMAND HOSPITAL EC, ALIPORE, KOLKATA",M.S. (GENERAL SURGERY),Open Quota,EWS,EWS,27617,27617,1
2025,2,"IQ CITY MEDICAL COLLEGE, DURGAPUR",M.S. (E.N.T.),Open Quota,General,UR,27675,27675,1
2025,2,NORTH BENGAL MEDICAL COLLEGE AND HOSPITAL,M.D. (PATHOLOGY),Open Quota,General,UR,27745,27745,1
2025,2,MEDICAL COLLEGE KOLKATA,M.D. IN TRANSFUSION MEDICINE/ IMMUNO- HAEMATOLOGY AND BLOOD TRANSFUSION,Open Quota,General,UR,27807,27807,1
2025,2,SHRI RAMKRISHNA INSTITUTE OF MEDICAL SCIENCES & SANAKA HOSPITALS,M.D. (RADIOTHERAPY/ RADIATION ONCOLOGY),Open Quota,General,UR,28135,28135,1
2025,2,COLLEGE OF MEDICINE AND JNM HOSPITAL KALYANI,M.S. (GENERAL SURGERY),Open Quota,SC,SC,28592,28592,1
2025,2,GOURI DEVI INSTITUTE OF MEDICAL SCIENCES AND HOSPITAL,M.S. (GENERAL SURGERY),Open Quota,General,UR,28924,28924,1
2025,2,KPC MEDICAL COLLEGE,"M.D. (DERM.,VENE. AND LEPROSY)/ (DERMATOLOGY)/ (SKIN AND VENEREAL DISEASES)/ (VENEREOLOGY)",Open Quota,OBC-B (Non-Creamy Layer),OBC-B (Non-Creamy Layer),29002,29002,1
2025,2,GOURI DEVI INSTITUTE OF MEDICAL SCIENCES AND HOSPITAL,M.D. (GENERAL MEDICINE),Open Quota,OBC-A (Non-Creamy Layer),OBC-A (Non-Creamy Layer),29105,29105,1
2025,2,"IQ CITY MEDICAL COLLEGE, DURGAPUR","M.D. (DERM.,VENE. AND LEPROSY)/ (DERMATOLOGY)/ (SKIN AND VENEREAL DISEASES)/ (VENEREOLOGY)",Open Quota,OBC-A (Non-Creamy Layer),OBC-A (Non-Creamy Layer),29372,29372,1
2025,2,BURDWAN MEDICAL COLLEGE,M.D. (ANAESTHESIOLOGY),Open Quota,OBC-A (Non-Creamy Layer),OBC-A (Non-Creamy Layer),29517,29517,1
2025,2,MEDICAL COLLEGE KOLKATA,M.D. (OBST. AND GYNAE)/MS (OBSTETRICS AND GYNAECOLOGY),Open Quota,SC,SC,16464,29746,2
2025,2,MIDNAPORE MEDICAL COLLEGE,M.S. (GENERAL SURGERY),Open Quota,SC,SC,29865,29865,1
2025,2,"IQ CITY MEDICAL COLLEGE, DURGAPUR",M.S. (GENERAL SURGERY),Open Quota,General,UR,26496,29913,2
2025,2,MURSHIDABAD MEDICAL COLLEGE AND HOSPITAL,M.S. (GENERAL SURGERY),Open Quota,SC,SC,30229,30229,1
2025,2,INSTITUTE OF POST GRADUATE MEDICAL EDUCATION AND RESEARCH KOLKATA,M.D. (PATHOLOGY),Open Quota,OBC-A (Non-Creamy Layer),OBC-A (Non-Creamy Layer),30328,30328,1
2025,2,"RAMAKRISHNA MISSION SEVA PRATISHTHAN VIVEKANANDA INSTITUTE OF MEDICAL SCIENCES, KOLKATA",M.S. (GENERAL SURGERY),Open Quota,SC,SC,30836,30836,1
2025,2,BANKURA SAMMILANI MEDICAL COLLEGE,M.D. (PATHOLOGY),Open Quota,General,UR,31243,31243,1
2025,2,MURSHIDABAD MEDICAL COLLEGE AND HOSPITAL,M.D. (ANAESTHESIOLOGY),Open Quota,OBC-A (Non-Creamy Layer),OBC-A (Non-Creamy Layer),31451,31451,1
2025,2,NIL RATAN SIRCAR MEDICAL COLLEGE,M.D. (PAEDIATRICS),Open Quota,EWS,EWS,31649,31649,1
2025,2,MEDICAL COLLEGE KOLKATA,M.S. (GENERAL SURGERY),Open Quota,EWS,EWS,31703,31703,1
2025,2,"IQ CITY MEDICAL COLLEGE, DURGAPUR",M.D. (PSYCHIATRY),Open Quota,General,UR,31730,31730,1
2025,2,JIS SCHOOL OF MEDICAL SCIENCE & RESEARCH,M.D. (PAEDIATRICS),Open Quota,OBC-A (Non-Creamy Layer),OBC-A (Non-Creamy Layer),32456,32456,1
2025,2,NIL RATAN SIRCAR MEDICAL COLLEGE,M.S. (E.N.T.),Open Quota,SC,SC,32833,32833,1
2025,2,MEDICAL COLLEGE KOLKATA,M.S. (OPHTHALMOLOGY),Open Quota,SC,SC,22554,33162,2
2025,2,JAGANNATH GUPTA INSTITUTE OF MEDICAL SCIENCES AND HOSPITAL,M.S. (OPHTHALMOLOGY),Open Quota,General,UR,33335,33335,1
2025,2,CALCUTTA NATIONAL MEDICAL COLLEGE KOLKATA,M.D. (OBST. AND GYNAE)/MS (OBSTETRICS AND GYNAECOLOGY),Open Quota,SC,SC,33351,33351,1
2025,2,CALCUTTA NATIONAL MEDICAL COLLEGE KOLKATA,M.D. (PREVENTIVE AND SOCIAL MEDICINE)/ COMMUNITY MEDICINE,Open Quota,General,UR,23860,33484,2
2025,2,"CHITTARANJAN SEVA SADAN COLLEGE OF OBS. GYNAE AND CHILD HEALTH,KOLKATA",M.D. (OBST. AND GYNAE)/MS (OBSTETRICS AND GYNAECOLOGY),Open Quota,SC,SC,33412,33610,2
2025,2,MURSHIDABAD MEDICAL COLLEGE AND HOSPITAL,M.D. (PATHOLOGY),Open Quota,General,UR,33748,33748,1
2025,2,GOURI DEVI INSTITUTE OF MEDICAL SCIENCES AND HOSPITAL,M.S. (E.N.T.),Open Quota,General,UR,33944,33944,1
2025,2,"IQ CITY MEDICAL COLLEGE, DURGAPUR",M.D. (RADIO- DIAGNOSIS),Open Quota,EWS,EWS,34387,34387,1
2025,2,BURDWAN MEDICAL COLLEGE,M.S. (E.N.T.),Open Quota,SC,SC,34462,34462,1
2025,2,"RAMAKRISHNA MISSION SEVA PRATISHTHAN VIVEKANANDA INSTITUTE OF MEDICAL SCIENCES, KOLKATA",M.D. (PATHOLOGY),Open Quota,General,UR,34779,34779,1
2025,2,MEDICAL COLLEGE KOLKATA,M.D. (RADIO- DIAGNOSIS),In-Service,General,UR,34844,34844,1
2025,2,NORTH BENGAL MEDICAL COLLEGE AND HOSPITAL,M.D. (OBST. AND GYNAE)/MS (OBSTETRICS AND GYNAECOLOGY),Open Quota,SC,SC,34912,34912,1
2025,2,"RAMAKRISHNA MISSION SEVA PRATISHTHAN VIVEKANANDA INSTITUTE OF MEDICAL SCIENCES, KOLKATA",M.D. (OBST. AND GYNAE)/MS (OBSTETRICS AND GYNAECOLOGY),Open Quota,SC,SC,34921,34921,1
2025,2,INSTITUTE OF POST GRADUATE MEDICAL EDUCATION AND RESEARCH KOLKATA,M.D. (MICROBIOLOGY),Open Quota,General,UR,35255,35255,1
2025,2,INSTITUTE OF POST GRADUATE MEDICAL EDUCATION AND RESEARCH KOLKATA,M.D. (ANAESTHESIOLOGY),Open Quota,SC,SC,35348,35348,1
2025,2,NIL RATAN SIRCAR MEDICAL COLLEGE,M.D. (ANAESTHESIOLOGY),Open Quota,SC,SC,35796,35796,1
2025,2,R G KAR MEDICAL COLLEGE,M.S. (OPHTHALMOLOGY),Open Quota,SC,SC,35914,35914,1
2025,2,COLLEGE OF MEDICINE AND SAGORE DUTTA HOSPITAL,M.D. (PREVENTIVE AND SOCIAL MEDICINE)/ COMMUNITY MEDICINE,Open Quota,General,UR,35980,35980,1
2025,2,NIL RATAN SIRCAR MEDICAL COLLEGE,M.D. (RADIO- DIAGNOSIS),In-Service,General,UR,36112,36112,1
2025,2,"IQ CITY MEDICAL COLLEGE, DURGAPUR","M.D. (DERM.,VENE. AND LEPROSY)/ (DERMATOLOGY)/ (SKIN AND VENEREAL DISEASES)/ (VENEREOLOGY)",Private Management Quota,General,UR,36680,36680,1
2025,2,BURDWAN MEDICAL COLLEGE,M.D. (OBST. AND GYNAE)/MS (OBSTETRICS AND GYNAECOLOGY),Open Quota,SC,SC,36774,36774,1
2025,2,ICARE INSTITUTE OF MEDICAL SCIENCES AND RESEARCH HALDIA,M.S. (E.N.T.),Open Quota,General,UR,37104,37104,1
2025,2,"RAMAKRISHNA MISSION SEVA PRATISHTHAN VIVEKANANDA INSTITUTE OF MEDICAL SCIENCES, KOLKATA",M.S. (E.N.T.),Open Quota,SC,SC,37319,37319,1
2025,2,BANKURA SAMMILANI MEDICAL COLLEGE,M.D. (OBST. AND GYNAE)/MS (OBSTETRICS AND GYNAECOLOGY),Open Quota,SC,SC,37356,37356,1
2025,2,MEDICAL COLLEGE KOLKATA,M.D. (MICROBIOLOGY),Open Quota,General,UR,37368,37368,1
2025,2,KPC MEDICAL COLLEGE,M.S. (ORTHOPAEDICS),Private Management Quota,General,UR,37448,37448,1
2025,2,"IQ CITY MEDICAL COLLEGE, DURGAPUR",M.D. (OBST. AND GYNAE)/MS (OBSTETRICS AND GYNAECOLOGY),Private Management Quota,General,UR,37647,37647,1
2025,2,ICARE INSTITUTE OF MEDICAL SCIENCES AND RESEARCH HALDIA,M.S. (OPHTHALMOLOGY),Open Quota,General,UR,37763,37763,1
2025,2,KPC MEDICAL COLLEGE,M.S. (ORTHOPAEDICS),Private Management Quota,SC,UR,37867,37867,1
2025,2,CALCUTTA NATIONAL MEDICAL COLLEGE KOLKATA,M.S. (OPHTHALMOLOGY),Open Quota,SC,SC,38086,38086,1
2025,2,BARASAT GOVERNMENT MEDICAL COLLEGE AND HOSPITAL,(NBEMS) OBSTETRICS AND GYNAECOLOGY,In-Service DNB,General,UR,38116,38116,1
2025,2,KPC MEDICAL COLLEGE,"M.D. (DERM.,VENE. AND LEPROSY)/ (DERMATOLOGY)/ (SKIN AND VENEREAL DISEASES)/ (VENEREOLOGY)",Private Management Quota,General,UR,38276,38276,1
2025,2,SHRI RAMKRISHNA INSTITUTE OF MEDICAL SCIENCES & SANAKA HOSPITALS,M.S. (E.N.T.),Open Quota,General,UR,37169,38403,2
2025,2,MEDICAL COLLEGE KOLKATA,M.D. (GENERAL MEDICINE),In-Service,General,UR,30365,38463,3
2025,2,ICARE INSTITUTE OF MEDICAL SCIENCES AND RESEARCH HALDIA,M.S. (GENERAL SURGERY),Open Quota,OBC-A (Non-Creamy Layer),OBC-A (Non-Creamy Layer),38642,38642,1
2025,2,JIS SCHOOL OF MEDICAL SCIENCE & RESEARCH,M.D. (ANAESTHESIOLOGY),Open Quota,General,UR,38958,38958,1
2025,2,ESI PGIMSR AND ESIC MEDICAL COLLEGE JOKA KOLKATA,M.S. (E.N.T.),Open Quota,EWS,EWS,39043,39043,1
2025,2,INSTITUTE OF POST GRADUATE MEDICAL EDUCATION AND RESEARCH KOLKATA,M.D. (RADIOTHERAPY/ RADIATION ONCOLOGY),Open Quota,OBC-B (Non-Creamy Layer),OBC-B (Non-Creamy Layer),39248,39248,1
2025,2,"SCHOOL OF TROPICAL MEDICINE, KOLKATA",M.D. (MICROBIOLOGY),Open Quota,General,UR,39464,39464,1
2025,2,MEDICAL COLLEGE KOLKATA,DIPLOMA IN ANAESTHESIOLOGY,Open Quota,General,UR,38997,39640,2
2025,2,R G KAR MEDICAL COLLEGE,M.S. (E.N.T.),Open Quota,OBC-B (Non-Creamy Layer),OBC-B (Non-Creamy Layer),39656,39656,1
2025,2,MURSHIDABAD MEDICAL COLLEGE AND HOSPITAL,M.S. (OPHTHALMOLOGY),Open Quota,SC,SC,39800,39800,1
2025,2,JAGANNATH GUPTA INSTITUTE OF MEDICAL SCIENCES AND HOSPITAL,M.D. (RADIO- DIAGNOSIS),Open Quota,SC,SC,39816,39816,1
2025,2,KPC MEDICAL COLLEGE,M.S. (E.N.T.),Private Management Quota,General,UR,40162,40162,1
2025,2,KPC MEDICAL COLLEGE,M.D. (OBST. AND GYNAE)/MS (OBSTETRICS AND GYNAECOLOGY),Private Management Quota,General,UR,40201,40201,1
2025,2,MEDICAL COLLEGE KOLKATA,DIP.IN GYNAE. AND OBST.,Open Quota,SC,SC,40674,40674,1
2025,2,KPC MEDICAL COLLEGE,M.D. (OBST. AND GYNAE)/MS (OBSTETRICS AND GYNAECOLOGY),Private Management Quota,OBC-B (Non-Creamy Layer),UR,40822,40822,1
2025,2,ICARE INSTITUTE OF MEDICAL SCIENCES AND RESEARCH HALDIA,M.D. (RADIO- DIAGNOSIS),Open Quota,EWS,EWS,41030,41030,1
2025,2,JAGANNATH GUPTA INSTITUTE OF MEDICAL SCIENCES AND HOSPITAL,"M.D. (DERM.,VENE. AND LEPROSY)/ (DERMATOLOGY)/ (SKIN AND VENEREAL DISEASES)/ (VENEREOLOGY)",Private Management Quota,OBC-A (Non-Creamy Layer),UR,41447,41447,1
2025,2,MEDICAL COLLEGE KOLKATA,DIPLOMA IN ORTHOPAEDICS,Open Quota,SC,SC,41535,41535,1
2025,2,DIAMOND HARBOUR GOVERNMENT MEDICAL COLLEGE AND HOSPITAL,M.S. (OPHTHALMOLOGY),Open Quota,SC,SC,41667,41667,1
2025,2,"IQ CITY MEDICAL COLLEGE, DURGAPUR",M.D. (ANAESTHESIOLOGY),Open Quota,General,UR,41948,41948,1
2025,2,SHRI RAMKRISHNA INSTITUTE OF MEDICAL SCIENCES & SANAKA HOSPITALS,M.S. (OPHTHALMOLOGY),Open Quota,General,UR,41955,41955,1
2025,2,NIL RATAN SIRCAR MEDICAL COLLEGE,M.D. (ANAESTHESIOLOGY),Open Quota,EWS,EWS,41994,41994,1
2025,2,JAGANNATH GUPTA INSTITUTE OF MEDICAL SCIENCES AND HOSPITAL,M.D. (ANAESTHESIOLOGY),Open Quota,General,UR,29318,42139,2
2025,2,INSTITUTE OF POST GRADUATE MEDICAL EDUCATION AND RESEARCH KOLKATA,M.D. (RADIOTHERAPY/ RADIATION ONCOLOGY),Open Quota,SC,SC,42169,42169,1
2025,2,CALCUTTA NATIONAL MEDICAL COLLEGE KOLKATA,M.D. (ANAESTHESIOLOGY),Open Quota,SC,SC,42299,42299,1
2025,2,MEDICAL COLLEGE KOLKATA,M.D. (PAEDIATRICS),Open Quota,ST,ST,43011,43011,1
2025,2,COLLEGE OF MEDICINE AND JNM HOSPITAL KALYANI,M.D. (ANAESTHESIOLOGY),Open Quota,SC,SC,43029,43029,1
2025,2,BURDWAN MEDICAL COLLEGE,M.D. (PREVENTIVE AND SOCIAL MEDICINE)/ COMMUNITY MEDICINE,Open Quota,General,UR,43052,43052,1
2025,2,SHRI RAMKRISHNA INSTITUTE OF MEDICAL SCIENCES & SANAKA HOSPITALS,M.D. (ANAESTHESIOLOGY),Open Quota,General,UR,43129,43129,1
2025,2,MALDA MEDICAL COLLEGE AND HOSPITAL,M.D. (GENERAL MEDICINE),In-Service,SC,UR,43766,43766,1
2025,2,KPC MEDICAL COLLEGE,M.D. (PAEDIATRICS),Private Management Quota,General,UR,33845,43908,2
2025,2,BURDWAN MEDICAL COLLEGE,DIPLOMA IN OPHTHALMOLOGY/DO MS,Open Quota,General,UR,44208,44208,1
2025,2,NORTH BENGAL MEDICAL COLLEGE AND HOSPITAL,M.D. (RADIO- DIAGNOSIS),In-Service,General,UR,44791,44791,1
2025,2,R G KAR MEDICAL COLLEGE,M.D. (ANAESTHESIOLOGY),Open Quota,SC,SC,44957,44957,1
2025,2,JAGANNATH GUPTA INSTITUTE OF MEDICAL SCIENCES AND HOSPITAL,M.D. (RADIO- DIAGNOSIS),Private Management Quota,OBC (Non-Creamy Layer),UR,45216,45216,1
2025,2,GOURI DEVI INSTITUTE OF MEDICAL SCIENCES AND HOSPITAL,M.S. (ORTHOPAEDICS),Open Quota,EWS,EWS,45334,45334,1
2025,2,KPC MEDICAL COLLEGE,M.D. (PSYCHIATRY),Open Quota,OBC-A (Non-Creamy Layer),OBC-A (Non-Creamy Layer),45678,45678,1
2025,2,"RAMAKRISHNA MISSION SEVA PRATISHTHAN VIVEKANANDA INSTITUTE OF MEDICAL SCIENCES, KOLKATA",DIPLOMA IN OPHTHALMOLOGY/DO MS,Open Quota,General,UR,46090,46090,1
2025,2,GOURI DEVI INSTITUTE OF MEDICAL SCIENCES AND HOSPITAL,M.D. (ANAESTHESIOLOGY),Open Quota,General,UR,46225,46225,1
2025,2,ESI PGIMSR AND ESIC MEDICAL COLLEGE JOKA KOLKATA,M.D. (ANAESTHESIOLOGY),Open Quota,SC,SC,46611,46611,1
2025,2,ICARE INSTITUTE OF MEDICAL SCIENCES AND RESEARCH HALDIA,M.D. (ANAESTHESIOLOGY),Open Quota,General,UR,43584,47390,3
2025,2,NIL RATAN SIRCAR MEDICAL COLLEGE,M.D. (GENERAL MEDICINE),In-Service,General,UR,47700,47700,1
2025,2,NIL RATAN SIRCAR MEDICAL COLLEGE,M.D. (PATHOLOGY),Open Quota,SC,SC,47747,47747,1
2025,2,"SCHOOL OF TROPICAL MEDICINE, KOLKATA",M.D. (PHARMACOLOGY),Open Quota,General,UR,47759,47759,1
2025,2,NORTH BENGAL MEDICAL COLLEGE AND HOSPITAL,M.D. (ANAESTHESIOLOGY),Open Quota,SC,SC,48072,48072,1
2025,2,"IQ CITY MEDICAL COLLEGE, DURGAPUR",M.D. (OBST. AND GYNAE)/MS (OBSTETRICS AND GYNAECOLOGY),Private Management Quota,OBC (Non-Creamy Layer),UR,48980,48980,1
2025,2,BURDWAN MEDICAL COLLEGE,M.D. (PSYCHIATRY),Open Quota,EWS,EWS,49107,49107,1
2025,2,"IQ CITY MEDICAL COLLEGE, DURGAPUR",M.D. (TUBERCULOSIS AND RESPIRATORY DISEASES)/PULMONA RY MEDICINE /M.D. (RESPIRATORY MEDICINE),Private Management Quota,OBC (Non-Creamy Layer),UR,49170,49170,1
2025,2,GOURI DEVI INSTITUTE OF MEDICAL SCIENCES AND HOSPITAL,M.D. (ANAESTHESIOLOGY),Open Quota,OBC-A (Non-Creamy Layer),OBC-A (Non-Creamy Layer),49198,49198,1
2025,2,GOURI DEVI INSTITUTE OF MEDICAL SCIENCES AND HOSPITAL,M.D. (ANAESTHESIOLOGY),Private Management Quota,General,UR,49308,49308,1
2025,2,INSTITUTE OF POST GRADUATE MEDICAL EDUCATION AND RESEARCH KOLKATA,M.D. (PHARMACOLOGY),Open Quota,General,UR,49609,49609,1
2025,2,JAGANNATH GUPTA INSTITUTE OF MEDICAL SCIENCES AND HOSPITAL,M.D. (GENERAL MEDICINE),Private Management Quota,General,UR,32828,49906,2
2025,2,MIDNAPORE MEDICAL COLLEGE,M.D. (ANAESTHESIOLOGY),Open Quota,SC,SC,50073,50073,1
2025,2,R G KAR MEDICAL COLLEGE,M.D. (OBST. AND GYNAE)/MS (OBSTETRICS AND GYNAECOLOGY),Open Quota,ST,ST,50317,50317,1
2025,2,DR. B C ROY POST GRADUATE INSTITUTE OF PAEDIATRIC SCIENCES,M.D. (PAEDIATRICS),Open Quota,ST,ST,50406,50406,1
2025,2,BURDWAN MEDICAL COLLEGE,DIP.IN GYNAE. AND OBST.,Open Quota,SC,SC,50530,50530,1
2025,2,JAGANNATH GUPTA INSTITUTE OF MEDICAL SCIENCES AND HOSPITAL,M.D. (OBST. AND GYNAE)/MS (OBSTETRICS AND GYNAECOLOGY),Private Management Quota,General,UR,50708,50708,1
2025,2,BANKURA SAMMILANI MEDICAL COLLEGE,M.D. (PREVENTIVE AND SOCIAL MEDICINE)/ COMMUNITY MEDICINE,Open Quota,OBC-B (Non-Creamy Layer),UR,51003,51003,1
2025,2,ALL INDIA INSTITUTE OF HYGIENE AND PUBLIC HEALTH,M.D. (PREVENTIVE AND SOCIAL MEDICINE)/ COMMUNITY MEDICINE,Open Quota,OBC-A (Non-Creamy Layer),OBC (Non-Creamy Layer),43959,51421,2
2025,2,JAGANNATH GUPTA INSTITUTE OF MEDICAL SCIENCES AND HOSPITAL,M.D. (TUBERCULOSIS AND RESPIRATORY DISEASES)/PULMONA RY MEDICINE /M.D. (RESPIRATORY MEDICINE),Private Management Quota,General,UR,51595,51595,1
2025,2,"IQ CITY MEDICAL COLLEGE, DURGAPUR",M.D. (GENERAL MEDICINE),Private Management Quota,General,UR,23308,51945,3
2025,2,INSTITUTE OF POST GRADUATE MEDICAL EDUCATION AND RESEARCH KOLKATA,M.D. (ANAESTHESIOLOGY),Open Quota,EWS,EWS,52173,52173,1
2025,2,"IQ CITY MEDICAL COLLEGE, DURGAPUR",M.D. (GENERAL MEDICINE),Private Management Quota,OBC (Non-Creamy Layer),UR,25205,52201,3
2025,2,NORTH BENGAL MEDICAL COLLEGE AND HOSPITAL,M.D. (PSYCHIATRY),Open Quota,EWS,EWS,52542,52542,1
2025,2,MEDICAL COLLEGE KOLKATA,M.D. (PHARMACOLOGY),Open Quota,General,UR,52792,52792,1
2025,2,JAGANNATH GUPTA INSTITUTE OF MEDICAL SCIENCES AND HOSPITAL,M.D. (RADIO- DIAGNOSIS),Private Management Quota,General,UR,52983,52983,1
2025,2,"IQ CITY MEDICAL COLLEGE, DURGAPUR",M.S. (ORTHOPAEDICS),Open Quota,SC,SC,53282,53282,1
2025,2,NORTH BENGAL MEDICAL COLLEGE AND HOSPITAL,M.D. (PREVENTIVE AND SOCIAL MEDICINE)/ COMMUNITY MEDICINE,Open Quota,General,UR,53418,53418,1
2025,2,INSTITUTE OF POST GRADUATE MEDICAL EDUCATION AND RESEARCH KOLKATA,M.D. (PHYSICAL MED. AND REHABILITATION),Open Quota,SC,SC,54477,54477,1
2025,2,DISTRICT HOSPITAL HOWRAH,(NBEMS) PAEDIATRICS,In-Service DNB,General,UR,54957,54957,1
2025,2,KPC MEDICAL COLLEGE,M.D. (PSYCHIATRY),Private Management Quota,General,UR,49441,55045,2
2025,2,BURDWAN MEDICAL COLLEGE,M.D. (RADIO- DIAGNOSIS),In-Service,SC,UR,55275,55275,1
2025,2,R G KAR MEDICAL COLLEGE,M.D. (PHYSICAL MED. AND REHABILITATION),Open Quota,SC,SC,55317,55317,1
2025,2,MEDICAL COLLEGE KOLKATA,M.D. (ANAESTHESIOLOGY),Open Quota,EWS,EWS,55470,55470,1
2025,2,COLLEGE OF MEDICINE AND SAGORE DUTTA HOSPITAL,M.D. (PATHOLOGY),Open Quota,SC,SC,55668,55668,1
2025,2,NIL RATAN SIRCAR MEDICAL COLLEGE,M.D. (PHYSICAL MED. AND REHABILITATION),Open Quota,OBC-B (Non-Creamy Layer),OBC-B (Non-Creamy Layer),55725,55725,1
2025,2,"IQ CITY MEDICAL COLLEGE, DURGAPUR",M.D. (GENERAL MEDICINE),Open Quota,SC,SC,49933,56310,2
2025,2,NIL RATAN SIRCAR MEDICAL COLLEGE,M.D. (RADIO- DIAGNOSIS),In-Service,SC,UR,56815,56815,1
2025,2,SHRI RAMKRISHNA INSTITUTE OF MEDICAL SCIENCES & SANAKA HOSPITALS,"M.D. (DERM.,VENE. AND LEPROSY)/ (DERMATOLOGY)/ (SKIN AND VENEREAL DISEASES)/ (VENEREOLOGY)",Private Management Quota,General,UR,56991,56991,1
2025,2,ICARE INSTITUTE OF MEDICAL SCIENCES AND RESEARCH HALDIA,"M.D. (DERM.,VENE. AND LEPROSY)/ (DERMATOLOGY)/ (SKIN AND VENEREAL DISEASES)/ (VENEREOLOGY)",Open Quota,SC,SC,57457,57457,1
2025,2,NIL RATAN SIRCAR MEDICAL COLLEGE,M.D. (PREVENTIVE AND SOCIAL MEDICINE)/ COMMUNITY MEDICINE,Open Quota,OBC-A (Non-Creamy Layer),OBC-A (Non-Creamy Layer),57482,57482,1
2025,2,KPC MEDICAL COLLEGE,M.D. (ANAESTHESIOLOGY),Open Quota,OBC-B (Non-Creamy Layer),OBC-B (Non-Creamy Layer),57594,57594,1
2025,2,GOURI DEVI INSTITUTE OF MEDICAL SCIENCES AND HOSPITAL,M.D. (PSYCHIATRY),Open Quota,OBC-A (Non-Creamy Layer),OBC-A (Non-Creamy Layer),57610,57610,1
2025,2,JAGANNATH GUPTA INSTITUTE OF MEDICAL SCIENCES AND HOSPITAL,"M.D. (DERM.,VENE. AND LEPROSY)/ (DERMATOLOGY)/ (SKIN AND VENEREAL DISEASES)/ (VENEREOLOGY)",Private Management Quota,General,UR,57615,57615,1
2025,2,DISTRICT HOSPITAL NADIA,(NBEMS-DIPLOMA) RADIO-DIAGNOSIS,In-Service DNB,OBC-A (Non-Creamy Layer),UR,57691,57691,1
2025,2,R G KAR MEDICAL COLLEGE,M.D. (PATHOLOGY),Open Quota,SC,SC,57732,57732,1
2025,2,ICARE INSTITUTE OF MEDICAL SCIENCES AND RESEARCH HALDIA,M.D. (TUBERCULOSIS AND RESPIRATORY DISEASES)/PULMONA RY MEDICINE /M.D. (RESPIRATORY MEDICINE),Private Management Quota,General,UR,58339,58339,1
2025,2,JAGANNATH GUPTA INSTITUTE OF MEDICAL SCIENCES AND HOSPITAL,M.S. (ORTHOPAEDICS),Private Management Quota,General,UR,46647,58581,2
2025,2,CALCUTTA NATIONAL MEDICAL COLLEGE KOLKATA,M.D. (GENERAL MEDICINE),In-Service,General,UR,59199,59199,1
2025,2,KPC MEDICAL COLLEGE,M.D. (ANAESTHESIOLOGY),Private Management Quota,General,UR,59436,59436,1
2025,2,"IQ CITY MEDICAL COLLEGE, DURGAPUR",M.D. (PATHOLOGY),Open Quota,General,UR,59671,59671,1
2025,2,ICARE INSTITUTE OF MEDICAL SCIENCES AND RESEARCH HALDIA,"M.D. (DERM.,VENE. AND LEPROSY)/ (DERMATOLOGY)/ (SKIN AND VENEREAL DISEASES)/ (VENEREOLOGY)",Private Management Quota,General,UR,59983,59983,1
2025,2,"SCHOOL OF TROPICAL MEDICINE, KOLKATA","M.D. (DERM.,VENE. AND LEPROSY)/ (DERMATOLOGY)/ (SKIN AND VENEREAL DISEASES)/ (VENEREOLOGY)",In-Service,SC,UR,60711,60711,1
2025,2,"IQ CITY MEDICAL COLLEGE, DURGAPUR",M.D. (TUBERCULOSIS AND RESPIRATORY DISEASES)/PULMONA RY MEDICINE /M.D. (RESPIRATORY MEDICINE),Private Management Quota,General,UR,60752,60752,1
2025,2,NIL RATAN SIRCAR MEDICAL COLLEGE,"M.D. (DERM.,VENE. AND LEPROSY)/ (DERMATOLOGY)/ (SKIN AND VENEREAL DISEASES)/ (VENEREOLOGY)",In-Service,General,UR,60766,60766,1
2025,2,ALL INDIA INSTITUTE OF HYGIENE AND PUBLIC HEALTH,M.D. (PREVENTIVE AND SOCIAL MEDICINE)/ COMMUNITY MEDICINE,Open Quota,SC,SC,60816,60816,1
2025,2,BANKURA SAMMILANI MEDICAL COLLEGE,M.D. (RADIO- DIAGNOSIS),In-Service,OBC-A (Non-Creamy Layer),OBC-A (Non-Creamy Layer),60925,60925,1
2025,2,GOURI DEVI INSTITUTE OF MEDICAL SCIENCES AND HOSPITAL,M.D. (OBST. AND GYNAE)/MS (OBSTETRICS AND GYNAECOLOGY),Private Management Quota,OBC (Non-Creamy Layer),UR,61782,61782,1
2025,2,MURSHIDABAD MEDICAL COLLEGE AND HOSPITAL,M.D. (RADIO- DIAGNOSIS),In-Service,SC,SC,61886,61886,1
2025,2,"IQ CITY MEDICAL COLLEGE, DURGAPUR",M.D. (TUBERCULOSIS AND RESPIRATORY DISEASES)/PULMONA RY MEDICINE /M.D. (RESPIRATORY MEDICINE),Open Quota,OBC-B (Non-Creamy Layer),OBC-B (Non-Creamy Layer),62668,62668,1
2025,2,BANKURA SAMMILANI MEDICAL COLLEGE,M.D. (OBST. AND GYNAE)/MS (OBSTETRICS AND GYNAECOLOGY),Open Quota,ST,ST,62824,62824,1
2025,2,R G KAR MEDICAL COLLEGE,M.D. (GENERAL MEDICINE),In-Service,General,UR,62958,62958,1
2025,2,GOURI DEVI INSTITUTE OF MEDICAL SCIENCES AND HOSPITAL,"M.D. (DERM.,VENE. AND LEPROSY)/ (DERMATOLOGY)/ (SKIN AND VENEREAL DISEASES)/ (VENEREOLOGY)",Private Management Quota,General,UR,62128,63196,2
2025,2,JIS SCHOOL OF MEDICAL SCIENCE & RESEARCH,M.D. (ANAESTHESIOLOGY),Private Management Quota,OBC-A (Non-Creamy Layer),UR,63492,63492,1
2025,2,KPC MEDICAL COLLEGE,M.D. (PAEDIATRICS),Open Quota,EWS,EWS,63572,63572,1
2025,2,MURSHIDABAD MEDICAL COLLEGE AND HOSPITAL,M.D. (PREVENTIVE AND SOCIAL MEDICINE)/ COMMUNITY MEDICINE,Open Quota,General,UR,63980,63980,1
2025,2,NIL RATAN SIRCAR MEDICAL COLLEGE,M.D. (PREVENTIVE AND SOCIAL MEDICINE)/ COMMUNITY MEDICINE,Open Quota,SC,SC,64935,64935,1
2025,2,COLLEGE OF MEDICINE AND JNM HOSPITAL KALYANI,M.D. (MICROBIOLOGY),Open Quota,General,UR,65473,65473,1
2025,2,"RAMAKRISHNA MISSION SEVA PRATISHTHAN VIVEKANANDA INSTITUTE OF MEDICAL SCIENCES, KOLKATA",M.D. (RADIO- DIAGNOSIS),In-Service,SC,SC,65887,65887,1
2025,2,JAGANNATH GUPTA INSTITUTE OF MEDICAL SCIENCES AND HOSPITAL,M.D. (PAEDIATRICS),Private Management Quota,EWS,UR,66248,66248,1
2025,2,SHRI RAMKRISHNA INSTITUTE OF MEDICAL SCIENCES & SANAKA HOSPITALS,M.D. (GENERAL MEDICINE),Private Management Quota,General,UR,48670,66528,4
2025,2,GOURI DEVI INSTITUTE OF MEDICAL SCIENCES AND HOSPITAL,M.D. (OBST. AND GYNAE)/MS (OBSTETRICS AND GYNAECOLOGY),Private Management Quota,General,UR,66597,66597,1
2025,2,BURDWAN MEDICAL COLLEGE,M.D. (MICROBIOLOGY),Open Quota,General,UR,66766,66766,1
2025,2,KPC MEDICAL COLLEGE,M.S. (GENERAL SURGERY),Private Management Quota,General,UR,40345,67005,5
2025,2,NORTH BENGAL MEDICAL COLLEGE AND HOSPITAL,M.D. (GENERAL MEDICINE),In-Service,General,UR,67109,67109,1
2025,2,JIS SCHOOL OF MEDICAL SCIENCE & RESEARCH,M.D. (PAEDIATRICS),Private Management Quota,General,UR,67464,67464,1
2025,2,BURDWAN MEDICAL COLLEGE,M.D. (PATHOLOGY),Open Quota,OBC-A (Non-Creamy Layer),OBC-A (Non-Creamy Layer),67501,67501,1
2025,2,NIL RATAN SIRCAR MEDICAL COLLEGE,M.D. (PHARMACOLOGY),Open Quota,General,UR,67525,67525,1
2025,2,CALCUTTA NATIONAL MEDICAL COLLEGE KOLKATA,M.D. (PHARMACOLOGY),Open Quota,General,UR,68419,68419,1
2025,2,GOURI DEVI INSTITUTE OF MEDICAL SCIENCES AND HOSPITAL,M.D. (PAEDIATRICS),Private Management Quota,General,UR,39960,68423,3
2025,2,INSTITUTE OF POST GRADUATE MEDICAL EDUCATION AND RESEARCH KOLKATA,M.S. (ORTHOPAEDICS),Open Quota,ST,ST,68549,68549,1
2025,2,"RAMAKRISHNA MISSION SEVA PRATISHTHAN VIVEKANANDA INSTITUTE OF MEDICAL SCIENCES, KOLKATA",M.D. (GENERAL MEDICINE),In-Service,General,UR,68790,68790,1
2025,2,SHRI RAMKRISHNA INSTITUTE OF MEDICAL SCIENCES & SANAKA HOSPITALS,M.D. (GENERAL MEDICINE),Open Quota,SC,SC,69285,69285,1
2025,2,NIL RATAN SIRCAR MEDICAL COLLEGE,M.D. (ANAESTHESIOLOGY),Open Quota,ST,ST,69317,69317,1
2025,2,SHRI RAMKRISHNA INSTITUTE OF MEDICAL SCIENCES & SANAKA HOSPITALS,M.D. (PAEDIATRICS),Open Quota,SC,SC,69525,69525,1
2025,2,MEDICAL COLLEGE KOLKATA,DIPLOMA IN OPHTHALMOLOGY/DO MS,Open Quota,SC,SC,69554,69554,1
2025,2,ICARE INSTITUTE OF MEDICAL SCIENCES AND RESEARCH HALDIA,M.D. (PAEDIATRICS),Private Management Quota,OBC (Non-Creamy Layer),UR,69570,69570,1
2025,2,MEDICAL COLLEGE KOLKATA,M.D. (BIOCHEMISTRY),Open Quota,General,UR,69600,69600,1
2025,2,GOURI DEVI INSTITUTE OF MEDICAL SCIENCES AND HOSPITAL,M.D. (PATHOLOGY),Open Quota,General,UR,69759,69759,1
2025,2,NORTH BENGAL MEDICAL COLLEGE AND HOSPITAL,M.D. (PATHOLOGY),Open Quota,OBC-A (Non-Creamy Layer),OBC-A (Non-Creamy Layer),69901,69901,1
2025,2,KPC MEDICAL COLLEGE,M.D. (PREVENTIVE AND SOCIAL MEDICINE)/ COMMUNITY MEDICINE,Open Quota,General,UR,69962,69962,1
2025,2,ICARE INSTITUTE OF MEDICAL SCIENCES AND RESEARCH HALDIA,M.S. (ORTHOPAEDICS),Open Quota,SC,SC,70012,70012,1
2025,2,SHRI RAMKRISHNA INSTITUTE OF MEDICAL SCIENCES & SANAKA HOSPITALS,M.D. (OBST. AND GYNAE)/MS (OBSTETRICS AND GYNAECOLOGY),Private Management Quota,General,UR,70879,70879,1
2025,2,INSTITUTE OF POST GRADUATE MEDICAL EDUCATION AND RESEARCH KOLKATA,M.D. (BIOCHEMISTRY),Open Quota,General,UR,71715,71715,1
2025,2,JAGANNATH GUPTA INSTITUTE OF MEDICAL SCIENCES AND HOSPITAL,M.D. (PAEDIATRICS),Private Management Quota,General,UR,73325,73530,2
2025,2,ICARE INSTITUTE OF MEDICAL SCIENCES AND RESEARCH HALDIA,M.D. (TUBERCULOSIS AND RESPIRATORY DISEASES)/PULMONA RY MEDICINE /M.D. (RESPIRATORY MEDICINE),Open Quota,SC,SC,73553,73553,1
2025,2,"IQ CITY MEDICAL COLLEGE, DURGAPUR",M.D. (PREVENTIVE AND SOCIAL MEDICINE)/ COMMUNITY MEDICINE,Open Quota,General,UR,73599,73599,1
2025,2,GOURI DEVI INSTITUTE OF MEDICAL SCIENCES AND HOSPITAL,M.S. (GENERAL SURGERY),Open Quota,SC,SC,73677,73677,1
2025,2,ESI PGIMSR AND ESIC MEDICAL COLLEGE JOKA KOLKATA,M.D. (BIOCHEMISTRY),Open Quota,General,UR,73692,73692,1
2025,2,DIAMOND HARBOUR GOVERNMENT MEDICAL COLLEGE AND HOSPITAL,M.D. (PREVENTIVE AND SOCIAL MEDICINE)/ COMMUNITY MEDICINE,Open Quota,OBC-A (Non-Creamy Layer),OBC-A (Non-Creamy Layer),74493,74493,1
2025,2,"IQ CITY MEDICAL COLLEGE, DURGAPUR",M.D. (PAEDIATRICS),Private Management Quota,EWS,UR,74677,74677,1
2025,2,R G KAR MEDICAL COLLEGE,M.S. (ORTHOPAEDICS),In-Service,General,UR,76098,76098,1
2025,2,CALCUTTA NATIONAL MEDICAL COLLEGE KOLKATA,M.S. (GENERAL SURGERY),Open Quota,ST,ST,77052,77052,1
2025,2,"IQ CITY MEDICAL COLLEGE, DURGAPUR",M.S. (OPHTHALMOLOGY),Open Quota,SC,SC,77175,77175,1
2025,2,INSTITUTE OF POST GRADUATE MEDICAL EDUCATION AND RESEARCH KOLKATA,M.D. (EMERGENCY AND CRITICAL CARE)/M.D. (EMERGENCY MEDICINE),Open Quota,ST,ST,77565,77565,1
2025,2,"IQ CITY MEDICAL COLLEGE, DURGAPUR",M.D. (PAEDIATRICS),Private Management Quota,General,UR,77571,77571,1
2025,2,SHRI RAMKRISHNA INSTITUTE OF MEDICAL SCIENCES & SANAKA HOSPITALS,M.D. (ANAESTHESIOLOGY),Open Quota,SC,SC,78421,78421,1
2025,2,COLLEGE OF MEDICINE AND SAGORE DUTTA HOSPITAL,M.D. (GENERAL MEDICINE),In-Service,General,UR,78752,78752,1
2025,2,NIL RATAN SIRCAR MEDICAL COLLEGE,M.S. (ORTHOPAEDICS),In-Service,OBC-B (Non-Creamy Layer),OBC-B (Non-Creamy Layer),79102,79102,1
2025,2,MEDICAL COLLEGE KOLKATA,M.D. (GENERAL MEDICINE),In-Service,OBC-A (Non-Creamy Layer),OBC-A (Non-Creamy Layer),79958,79958,1
2025,2,COLLEGE OF MEDICINE AND JNM HOSPITAL KALYANI,M.S. (E.N.T.),Open Quota,ST,ST,80397,80397,1
2025,2,COLLEGE OF MEDICINE AND JNM HOSPITAL KALYANI,M.D. (PREVENTIVE AND SOCIAL MEDICINE)/ COMMUNITY MEDICINE,Open Quota,SC,SC,80601,80601,1
2025,2,KPC MEDICAL COLLEGE,M.D. (GENERAL MEDICINE),Open Quota,ST,ST,80853,80853,1
2025,2,JAGANNATH GUPTA INSTITUTE OF MEDICAL SCIENCES AND HOSPITAL,M.D. (TUBERCULOSIS AND RESPIRATORY DISEASES)/PULMONA RY MEDICINE /M.D. (RESPIRATORY MEDICINE),Private Management Quota,OBC (Non-Creamy Layer),UR,81106,81106,1
2025,2,JAGANNATH GUPTA INSTITUTE OF MEDICAL SCIENCES AND HOSPITAL,M.D. (PSYCHIATRY),Open Quota,SC,SC,81763,81763,1
2025,2,"IQ CITY MEDICAL COLLEGE, DURGAPUR",M.D. (PATHOLOGY),Private Management Quota,General,UR,67410,81946,3
2025,2,BANKURA SAMMILANI MEDICAL COLLEGE,M.D. (GENERAL MEDICINE),In-Service,General,UR,82863,82863,1
2025,2,M R BANGUR HOSPITAL,(NBEMS) ORTHOPAEDICS,In-Service DNB,OBC-A (Non-Creamy Layer),UR,83135,83135,1
2025,2,COLLEGE OF MEDICINE AND SAGORE DUTTA HOSPITAL,M.D. (BIOCHEMISTRY),Open Quota,General,UR,83356,83356,1
2025,2,KPC MEDICAL COLLEGE,M.D. (PHARMACOLOGY),Open Quota,General,UR,83591,83591,1
2025,2,"CHITTARANJAN SEVA SADAN COLLEGE OF OBS. GYNAE AND CHILD HEALTH,KOLKATA",M.D. (PAEDIATRICS),In-Service,General,UR,83753,83753,1
2025,2,KPC MEDICAL COLLEGE,M.S. (ORTHOPAEDICS),Open Quota,ST,ST,83821,83821,1
2025,2,SHRI RAMKRISHNA INSTITUTE OF MEDICAL SCIENCES & SANAKA HOSPITALS,M.D. (PAEDIATRICS),Private Management Quota,General,UR,82040,84068,3
2025,2,INSTITUTE OF POST GRADUATE MEDICAL EDUCATION AND RESEARCH KOLKATA,"M.D. (DERM.,VENE. AND LEPROSY)/ (DERMATOLOGY)/ (SKIN AND VENEREAL DISEASES)/ (VENEREOLOGY)",In-Service,SC,SC,84208,84208,1
2025,2,INSTITUTE OF POST GRADUATE MEDICAL EDUCATION AND RESEARCH KOLKATA,M.S. (ORTHOPAEDICS),In-Service,General,UR,83803,84476,2
2025,2,CALCUTTA NATIONAL MEDICAL COLLEGE KOLKATA,M.S. (ORTHOPAEDICS),In-Service,General,UR,84559,84559,1
2025,2,BURDWAN MEDICAL COLLEGE,M.D. (GENERAL MEDICINE),In-Service,General,UR,71339,84961,2
2025,2,KPC MEDICAL COLLEGE,M.S. (OPHTHALMOLOGY),Private Management Quota,General,UR,85850,85850,1
2025,2,MIDNAPORE MEDICAL COLLEGE,M.D. (GENERAL MEDICINE),In-Service,General,UR,86287,86287,1
2025,2,INSTITUTE OF POST GRADUATE MEDICAL EDUCATION AND RESEARCH KOLKATA,M.S. (GENERAL SURGERY),In-Service,SC,UR,86572,86572,1
2025,2,DIAMOND HARBOUR GOVERNMENT MEDICAL COLLEGE AND HOSPITAL,(NBEMS) PAEDIATRICS,In-Service DNB,SC,UR,87276,87276,1
2025,2,R G KAR MEDICAL COLLEGE,M.D. (ANAESTHESIOLOGY),Open Quota,ST,ST,87513,87513,1
2025,2,R G KAR MEDICAL COLLEGE,M.D. (MICROBIOLOGY),Open Quota,SC,SC,87680,87680,1
2025,2,CALCUTTA NATIONAL MEDICAL COLLEGE KOLKATA,M.S. (ORTHOPAEDICS),In-Service,OBC-A (Non-Creamy Layer),OBC-A (Non-Creamy Layer),88373,88373,1
2025,2,"IQ CITY MEDICAL COLLEGE, DURGAPUR",M.S. (ORTHOPAEDICS),Private Management Quota,OBC (Non-Creamy Layer),UR,89788,89788,1
2025,2,"IQ CITY MEDICAL COLLEGE, DURGAPUR",M.S. (ORTHOPAEDICS),Private Management Quota,General,UR,83902,90377,3
2025,2,NORTH BENGAL MEDICAL COLLEGE AND HOSPITAL,M.S. (GENERAL SURGERY),Open Quota,ST,ST,90676,90676,1
2025,2,DIAMOND HARBOUR GOVERNMENT MEDICAL COLLEGE AND HOSPITAL,M.D. (BIOCHEMISTRY),Open Quota,General,UR,90730,90730,1
2025,2,INSTITUTE OF POST GRADUATE MEDICAL EDUCATION AND RESEARCH KOLKATA,M.D. (GENERAL MEDICINE),In-Service,SC,SC,91149,91149,1
2025,2,BURDWAN MEDICAL COLLEGE,M.D. (BIOCHEMISTRY),Open Quota,General,UR,91948,91948,1
2025,2,INSTITUTE OF POST GRADUATE MEDICAL EDUCATION AND RESEARCH KOLKATA,M.D. (PSYCHIATRY),In-Service,OBC-A (Non-Creamy Layer),UR,92462,92462,1
2025,2,BURDWAN MEDICAL COLLEGE,M.D. (ANAESTHESIOLOGY),Open Quota,ST,ST,92768,92768,1
2025,2,R G KAR MEDICAL COLLEGE,"M.D. (DERM.,VENE. AND LEPROSY)/ (DERMATOLOGY)/ (SKIN AND VENEREAL DISEASES)/ (VENEREOLOGY)",In-Service,ST,ST,92972,92972,1
2025,2,JIS SCHOOL OF MEDICAL SCIENCE & RESEARCH,M.D. (ANAESTHESIOLOGY),Private Management Quota,General,UR,93057,93057,1
2025,2,INFECTIOUS DISEASES AND BELIAGHATA GENERAL HOSPITAL,(NBEMS) GENERAL MEDICINE,In-Service DNB,OBC-B (Non-Creamy Layer),UR,93582,93582,1
2025,2,JAGANNATH GUPTA INSTITUTE OF MEDICAL SCIENCES AND HOSPITAL,M.D. (ANAESTHESIOLOGY),Open Quota,OBC-A (Non-Creamy Layer),OBC-A (Non-Creamy Layer),93691,93691,1
2025,2,"IQ CITY MEDICAL COLLEGE, DURGAPUR",M.D. (ANAESTHESIOLOGY),Private Management Quota,General,UR,96115,96115,1
2025,2,"IQ CITY MEDICAL COLLEGE, DURGAPUR",M.S. (GENERAL SURGERY),Private Management Quota,OBC (Non-Creamy Layer),UR,96576,96576,1
2025,2,R G KAR MEDICAL COLLEGE,M.D. (OBST. AND GYNAE)/MS (OBSTETRICS AND GYNAECOLOGY),In-Service,General,UR,98265,98265,1
2025,2,DISTRICT HOSPITAL HOWRAH,(NBEMS) GENERAL MEDICINE,In-Service DNB,General,UR,98704,98704,1
2025,2,GOURI DEVI INSTITUTE OF MEDICAL SCIENCES AND HOSPITAL,M.D. (PREVENTIVE AND SOCIAL MEDICINE)/ COMMUNITY MEDICINE,Open Quota,General,UR,85734,99112,2
2025,2,MEDICAL COLLEGE KOLKATA,M.D. (PAEDIATRICS),In-Service,General,UR,99688,99688,1
2025,2,"IQ CITY MEDICAL COLLEGE, DURGAPUR",M.S. (E.N.T.),Private Management Quota,General,UR,100686,100686,1
2025,2,R G KAR MEDICAL COLLEGE,M.D. (PSYCHIATRY),In-Service,General,UR,101198,101198,1
2025,2,NORTH BENGAL MEDICAL COLLEGE AND HOSPITAL,M.D. (OBST. AND GYNAE)/MS (OBSTETRICS AND GYNAECOLOGY),In-Service,General,UR,101429,101429,1
2025,2,KPC MEDICAL COLLEGE,M.D. (MICROBIOLOGY),Open Quota,General,UR,101993,101993,1
2025,2,BURDWAN MEDICAL COLLEGE,M.D. (PAEDIATRICS),In-Service,General,UR,102219,102219,1
2025,2,SHRI RAMKRISHNA INSTITUTE OF MEDICAL SCIENCES & SANAKA HOSPITALS,M.S. (ORTHOPAEDICS),Private Management Quota,General,UR,86666,102484,3
2025,2,M R BANGUR HOSPITAL,(NBEMS) OBSTETRICS AND GYNAECOLOGY,In-Service DNB,SC,SC,102793,102793,1
2025,2,NIL RATAN SIRCAR MEDICAL COLLEGE,M.D. (FORENSIC MEDICINE),Open Quota,General,UR,102838,102838,1
2025,2,GOURI DEVI INSTITUTE OF MEDICAL SCIENCES AND HOSPITAL,M.S. (E.N.T.),Private Management Quota,General,UR,103049,103049,1
2025,2,MURSHIDABAD MEDICAL COLLEGE AND HOSPITAL,M.S. (GENERAL SURGERY),In-Service,OBC-A (Non-Creamy Layer),UR,103106,103106,1
2025,2,GOURI DEVI INSTITUTE OF MEDICAL SCIENCES AND HOSPITAL,M.S. (ORTHOPAEDICS),Private Management Quota,General,UR,35407,104095,2
2025,2,DR. B C ROY POST GRADUATE INSTITUTE OF PAEDIATRIC SCIENCES,M.D. (PAEDIATRICS),In-Service,General,UR,104157,104157,1
2025,2,INSTITUTE OF POST GRADUATE MEDICAL EDUCATION AND RESEARCH KOLKATA,M.D. (OBST. AND GYNAE)/MS (OBSTETRICS AND GYNAECOLOGY),In-Service,General,UR,97032,104651,2
2025,2,SHRI RAMKRISHNA INSTITUTE OF MEDICAL SCIENCES & SANAKA HOSPITALS,M.S. (E.N.T.),Open Quota,ST,ST,104996,104996,1
2025,2,KPC MEDICAL COLLEGE,M.S. (OPHTHALMOLOGY),Private Management Quota,SC,UR,105024,105024,1
2025,2,BANKURA SAMMILANI MEDICAL COLLEGE,M.D. (TUBERCULOSIS AND RESPIRATORY DISEASES)/PULMONA RY MEDICINE /M.D. (RESPIRATORY MEDICINE),In-Service,General,UR,105195,105195,1
2025,2,JAGANNATH GUPTA INSTITUTE OF MEDICAL SCIENCES AND HOSPITAL,M.S. (GENERAL SURGERY),Private Management Quota,SC,UR,105889,105889,1
2025,2,ASANSOL DISTRICT HOSPITAL,(NBEMS) PAEDIATRICS,In-Service DNB,SC,SC,106174,106174,1
2025,2,SHRI RAMKRISHNA INSTITUTE OF MEDICAL SCIENCES & SANAKA HOSPITALS,M.S. (ORTHOPAEDICS),Private Management Quota,OBC (Non-Creamy Layer),UR,106293,106293,1
2025,2,BANKURA SAMMILANI MEDICAL COLLEGE,M.S. (E.N.T.),In-Service,General,UR,106528,106528,1
2025,2,MALDA MEDICAL COLLEGE AND HOSPITAL,M.D. (PAEDIATRICS),In-Service,General,UR,106535,106535,1
2025,2,ICARE INSTITUTE OF MEDICAL SCIENCES AND RESEARCH HALDIA,M.S. (OPHTHALMOLOGY),Private Management Quota,OBC (Non-Creamy Layer),UR,106759,106759,1
2025,2,COLLEGE OF MEDICINE AND SAGORE DUTTA HOSPITAL,M.D. (MICROBIOLOGY),Open Quota,SC,SC,107593,107593,1
2025,2,KPC MEDICAL COLLEGE,M.D. (BIOCHEMISTRY),Open Quota,General,UR,107791,107791,1
2025,2,ICARE INSTITUTE OF MEDICAL SCIENCES AND RESEARCH HALDIA,M.D. (PSYCHIATRY),Private Management Quota,General,UR,107900,107900,1
2025,2,MEDICAL COLLEGE KOLKATA,M.D. (GENERAL MEDICINE),In-Service,SC,SC,108085,108085,1
2025,2,MEDICAL COLLEGE KOLKATA,M.S. (OPHTHALMOLOGY),In-Service,SC,UR,108261,108261,1
2025,2,COLLEGE OF MEDICINE AND JNM HOSPITAL KALYANI,M.D. (PHYSIOLOGY),Open Quota,General,UR,108317,108317,1
2025,2,GOURI DEVI INSTITUTE OF MEDICAL SCIENCES AND HOSPITAL,M.S. (GENERAL SURGERY),Private Management Quota,General,UR,85720,108673,4
2025,2,JAGANNATH GUPTA INSTITUTE OF MEDICAL SCIENCES AND HOSPITAL,M.S. (GENERAL SURGERY),Private Management Quota,General,UR,99677,109289,4
2025,2,KPC MEDICAL COLLEGE,M.D. (RADIO- DIAGNOSIS),NRI Quota,General,UR,100093,109327,2
2025,2,CALCUTTA NATIONAL MEDICAL COLLEGE KOLKATA,M.D. (PSYCHIATRY),In-Service,SC,SC,110502,110502,1
2025,2,CALCUTTA NATIONAL MEDICAL COLLEGE KOLKATA,M.D. (PAEDIATRICS),In-Service,SC,SC,111049,111049,1
2025,2,CALCUTTA NATIONAL MEDICAL COLLEGE KOLKATA,M.D. (GENERAL MEDICINE),In-Service,SC,SC,111068,111068,1
2025,2,R G KAR MEDICAL COLLEGE,M.D. (ANAESTHESIOLOGY),Open Quota,EWS,EWS,111110,111110,1
2025,2,GOURI DEVI INSTITUTE OF MEDICAL SCIENCES AND HOSPITAL,M.D. (ANAESTHESIOLOGY),Private Management Quota,SC,UR,111198,111198,1
2025,2,RAMPURHAT GOVT. MEDICAL COLLEGE AND HOSPITAL,(NBEMS) OBSTETRICS AND GYNAECOLOGY,In-Service DNB,General,UR,111886,111886,1
2025,2,NORTH BENGAL MEDICAL COLLEGE AND HOSPITAL,M.D. (PAEDIATRICS),In-Service,SC,SC,112026,112026,1
2025,2,"SCHOOL OF TROPICAL MEDICINE, KOLKATA",DIPLOMA IN CLINICAL PATHOLOGY,Open Quota,OBC-A (Non-Creamy Layer),OBC-A (Non-Creamy Layer),112623,112623,1
2025,2,JAGANNATH GUPTA INSTITUTE OF MEDICAL SCIENCES AND HOSPITAL,M.D. (ANAESTHESIOLOGY),Private Management Quota,OBC (Non-Creamy Layer),UR,112811,112811,1
2025,2,BANKURA SAMMILANI MEDICAL COLLEGE,M.D. (MICROBIOLOGY),Open Quota,SC,SC,112898,112898,1
2025,2,KPC MEDICAL COLLEGE,M.D. (PATHOLOGY),Private Management Quota,General,UR,93025,113640,2
2025,2,BURDWAN MEDICAL COLLEGE,M.D. (PHYSIOLOGY),Open Quota,General,UR,113684,113684,1
2025,2,ICARE INSTITUTE OF MEDICAL SCIENCES AND RESEARCH HALDIA,M.S. (GENERAL SURGERY),Private Management Quota,General,UR,113754,113754,1
2025,2,"IQ CITY MEDICAL COLLEGE, DURGAPUR",M.S. (OPHTHALMOLOGY),Private Management Quota,OBC (Non-Creamy Layer),UR,113970,113970,1
2025,2,Jalpaiguri Government Medical College and Hospital (Formerly DISTRICT HOSPITAL) JALPAIGURI,(NBEMS) GENERAL MEDICINE,In-Service DNB,General,UR,114112,114112,1
2025,2,"IQ CITY MEDICAL COLLEGE, DURGAPUR",M.S. (GENERAL SURGERY),Private Management Quota,General,UR,100736,114484,5
2025,2,SHRI RAMKRISHNA INSTITUTE OF MEDICAL SCIENCES & SANAKA HOSPITALS,M.S. (GENERAL SURGERY),Private Management Quota,General,UR,72724,114588,2
2025,2,"IQ CITY MEDICAL COLLEGE, DURGAPUR",M.S. (OPHTHALMOLOGY),Private Management Quota,General,UR,114619,114619,1
2025,2,R G KAR MEDICAL COLLEGE,M.D. (PAEDIATRICS),In-Service,OBC-A (Non-Creamy Layer),OBC-A (Non-Creamy Layer),114649,114649,1
2025,2,BURDWAN MEDICAL COLLEGE,M.D. (OBST. AND GYNAE)/MS (OBSTETRICS AND GYNAECOLOGY),In-Service,OBC-A (Non-Creamy Layer),OBC-A (Non-Creamy Layer),114968,114968,1
2025,2,INSTITUTE OF POST GRADUATE MEDICAL EDUCATION AND RESEARCH KOLKATA,M.D. (BIOCHEMISTRY),Open Quota,SC,SC,116661,116661,1
2025,2,MIDNAPORE MEDICAL COLLEGE,M.D. (GENERAL MEDICINE),In-Service,SC,SC,116761,116761,1
2025,2,R G KAR MEDICAL COLLEGE,M.S. (ORTHOPAEDICS),In-Service,SC,SC,116875,116875,1
2025,2,BANKURA SAMMILANI MEDICAL COLLEGE,M.D. (PHARMACOLOGY),Open Quota,SC,SC,117328,117328,1
2025,2,"RAMAKRISHNA MISSION SEVA PRATISHTHAN VIVEKANANDA INSTITUTE OF MEDICAL SCIENCES, KOLKATA",M.D. (GENERAL MEDICINE),In-Service,SC,SC,117428,117428,1
2025,2,SHRI RAMKRISHNA INSTITUTE OF MEDICAL SCIENCES & SANAKA HOSPITALS,M.S. (OPHTHALMOLOGY),Open Quota,OBC-A (Non-Creamy Layer),OBC-A (Non-Creamy Layer),117888,117888,1
2025,2,KPC MEDICAL COLLEGE,M.S. (ORTHOPAEDICS),In-Service,OBC-A (Non-Creamy Layer),OBC-A (Non-Creamy Layer),119941,119941,1
2025,2,CALCUTTA NATIONAL MEDICAL COLLEGE KOLKATA,M.D. (OBST. AND GYNAE)/MS (OBSTETRICS AND GYNAECOLOGY),In-Service,SC,SC,119946,119946,1
2025,2,"IQ CITY MEDICAL COLLEGE, DURGAPUR",M.D. (PREVENTIVE AND SOCIAL MEDICINE)/ COMMUNITY MEDICINE,Open Quota,SC,SC,123555,123555,1
2025,2,INSTITUTE OF POST GRADUATE MEDICAL EDUCATION AND RESEARCH KOLKATA,M.D. (GENERAL MEDICINE),In-Service,OBC-B (Non-Creamy Layer),OBC-B (Non-Creamy Layer),123701,123701,1
2025,2,INSTITUTE OF POST GRADUATE MEDICAL EDUCATION AND RESEARCH KOLKATA,M.D. (PAEDIATRICS),In-Service,SC,SC,124080,124080,1
2025,2,"RAMAKRISHNA MISSION SEVA PRATISHTHAN VIVEKANANDA INSTITUTE OF MEDICAL SCIENCES, KOLKATA",M.S. (OPHTHALMOLOGY),Open Quota,ST,ST,124879,124879,1
2025,2,MEDICAL COLLEGE KOLKATA,M.S. (GENERAL SURGERY),In-Service,SC,SC,124889,124889,1
2025,2,MAHARAJA JITENDRA NARAYAN MEDICAL COLLEGE AND HOSPITAL,(NBEMS) GENERAL MEDICINE,In-Service DNB,SC,SC,125349,125349,1
2025,2,CALCUTTA NATIONAL MEDICAL COLLEGE KOLKATA,M.D. (OBST. AND GYNAE)/MS (OBSTETRICS AND GYNAECOLOGY),Open Quota,OBC (Non-Creamy Layer) PwD,UR PwD,125382,125382,1
2025,2,"IQ CITY MEDICAL COLLEGE, DURGAPUR",M.D. (ANAESTHESIOLOGY),Private Management Quota,SC,UR,125978,125978,1
2025,2,CALCUTTA NATIONAL MEDICAL COLLEGE KOLKATA,M.D. (BIOCHEMISTRY),Open Quota,SC,SC,126316,126316,1
2025,2,ICARE INSTITUTE OF MEDICAL SCIENCES AND RESEARCH HALDIA,M.S. (GENERAL SURGERY),Private Management Quota,SC,UR,126364,126364,1
2025,2,BANKURA SAMMILANI MEDICAL COLLEGE,M.D. (OBST. AND GYNAE)/MS (OBSTETRICS AND GYNAECOLOGY),In-Service,SC,SC,126459,126459,1
2025,2,SHRI RAMKRISHNA INSTITUTE OF MEDICAL SCIENCES & SANAKA HOSPITALS,M.S. (GENERAL SURGERY),Private Management Quota,OBC (Non-Creamy Layer),UR,127843,127843,1
2025,2,GOURI DEVI INSTITUTE OF MEDICAL SCIENCES AND HOSPITAL,M.S. (OPHTHALMOLOGY),Private Management Quota,OBC (Non-Creamy Layer),UR,117509,127998,3
2025,2,BURDWAN MEDICAL COLLEGE,M.D. (PREVENTIVE AND SOCIAL MEDICINE)/ COMMUNITY MEDICINE,Open Quota,ST,ST,128209,128209,1
2025,2,KPC MEDICAL COLLEGE,M.D. (PATHOLOGY),Open Quota,SC,SC,128215,128215,1
2025,2,MEDICAL COLLEGE KOLKATA,M.D. (FORENSIC MEDICINE),Open Quota,SC,SC,128307,128307,1
2025,2,JAGANNATH GUPTA INSTITUTE OF MEDICAL SCIENCES AND HOSPITAL,M.S. (GENERAL SURGERY),Open Quota,ST,ST,131782,131782,1
2025,2,"RAMAKRISHNA MISSION SEVA PRATISHTHAN VIVEKANANDA INSTITUTE OF MEDICAL SCIENCES, KOLKATA",M.D. (PAEDIATRICS),In-Service,SC,SC,132065,132065,1
2025,2,KPC MEDICAL COLLEGE,"M.D. (DERM.,VENE. AND LEPROSY)/ (DERMATOLOGY)/ (SKIN AND VENEREAL DISEASES)/ (VENEREOLOGY)",NRI Quota,OBC (Non-Creamy Layer),UR,132275,132275,1
2025,2,MEDICAL COLLEGE KOLKATA,(NBEMS) CARDIO VASCULAR AND THORACIC SURGERY (DIRECT 6 YEARS COURSE),In-Service DNB,ST,ST,134139,134139,1
2025,2,INSTITUTE OF POST GRADUATE MEDICAL EDUCATION AND RESEARCH KOLKATA,M.D. (RADIOTHERAPY/ RADIATION ONCOLOGY),In-Service,SC,SC,134421,134421,1
2025,2,ESI PGIMSR AND ESIC MEDICAL COLLEGE JOKA KOLKATA,M.D. (PREVENTIVE AND SOCIAL MEDICINE)/ COMMUNITY MEDICINE,Open Quota,ST,ST,135152,135152,1
2025,2,INSTITUTE OF POST GRADUATE MEDICAL EDUCATION AND RESEARCH KOLKATA,M.D. (ANAESTHESIOLOGY),In-Service,SC,SC,135358,135358,1
2025,2,R G KAR MEDICAL COLLEGE,M.D. (FORENSIC MEDICINE),Open Quota,SC,SC,136099,136099,1
2025,2,ICARE INSTITUTE OF MEDICAL SCIENCES AND RESEARCH HALDIA,M.D. (ANAESTHESIOLOGY),Private Management Quota,OBC (Non-Creamy Layer),UR,136678,136678,1
2025,2,Jalpaiguri Government Medical College and Hospital (Formerly DISTRICT HOSPITAL) JALPAIGURI,(NBEMS) GENERAL MEDICINE,In-Service DNB,SC,SC,136801,136801,1
2025,2,DISTRICT HOSPITAL HOWRAH,(NBEMS) GENERAL MEDICINE,In-Service DNB,SC,SC,136850,136850,1
2025,3,INSTITUTE OF POST GRADUATE MEDICAL EDUCATION AND RESEARCH KOLKATA,M.D. (GENERAL MEDICINE),Open Quota,General,UR,277,277,1
2025,3,INSTITUTE OF POST GRADUATE MEDICAL EDUCATION AND RESEARCH KOLKATA,M.D. (RADIO- DIAGNOSIS),Open Quota,General,UR,591,654,2
2025,3,MEDICAL COLLEGE KOLKATA,M.D. (GENERAL MEDICINE),Open Quota,General,UR,690,816,2
2025,3,NIL RATAN SIRCAR MEDICAL COLLEGE,M.D. (GENERAL MEDICINE),Open Quota,General,UR,867,867,1
2025,3,CALCUTTA NATIONAL MEDICAL COLLEGE KOLKATA,M.D. (GENERAL MEDICINE),Open Quota,General,UR,1093,1093,1
2025,3,ESI PGIMSR AND ESIC MEDICAL COLLEGE JOKA KOLKATA,M.D. (GENERAL MEDICINE),Open Quota,General,UR,1259,1259,1
2025,3,INSTITUTE OF POST GRADUATE MEDICAL EDUCATION AND RESEARCH KOLKATA,M.D. (GENERAL MEDICINE),Open Quota,EWS,EWS,1626,1626,1
2025,3,INSTITUTE OF POST GRADUATE MEDICAL EDUCATION AND RESEARCH KOLKATA,M.D. (RADIO- DIAGNOSIS),Open Quota,OBC-A (Non-Creamy Layer),OBC-A (Non-Creamy Layer),1667,1667,1
2025,3,R G KAR MEDICAL COLLEGE,M.D. (GENERAL MEDICINE),Open Quota,General,UR,1681,1684,2
2025,3,INSTITUTE OF POST GRADUATE MEDICAL EDUCATION AND RESEARCH KOLKATA,M.S. (ORTHOPAEDICS),Open Quota,General,UR,2244,2244,1
2025,3,"RAMAKRISHNA MISSION SEVA PRATISHTHAN VIVEKANANDA INSTITUTE OF MEDICAL SCIENCES, KOLKATA",M.D. (RADIO- DIAGNOSIS),Open Quota,General,UR,2351,2351,1
2025,3,INSTITUTE OF POST GRADUATE MEDICAL EDUCATION AND RESEARCH KOLKATA,M.S. (ORTHOPAEDICS),Open Quota,SC,UR,2412,2412,1
2025,3,BANKURA SAMMILANI MEDICAL COLLEGE,M.D. (GENERAL MEDICINE),Open Quota,General,UR,2625,2625,1
2025,3,BURDWAN MEDICAL COLLEGE,M.D. (RADIO- DIAGNOSIS),Open Quota,OBC-A (Non-Creamy Layer),OBC-A (Non-Creamy Layer),2827,2827,1
2025,3,INSTITUTE OF POST GRADUATE MEDICAL EDUCATION AND RESEARCH KOLKATA,M.D. (GENERAL MEDICINE),Open Quota,OBC-B (Non-Creamy Layer),OBC-B (Non-Creamy Layer),2926,2926,1
2025,3,MEDICAL COLLEGE KOLKATA,M.D. (RADIO- DIAGNOSIS),Open Quota,SC,SC,2978,2978,1
2025,3,MEDICAL COLLEGE KOLKATA,M.S. (GENERAL SURGERY),Open Quota,General,UR,3061,3061,1
2025,3,MIDNAPORE MEDICAL COLLEGE,M.D. (GENERAL MEDICINE),Open Quota,General,UR,3165,3165,1
2025,3,MEDICAL COLLEGE KOLKATA,M.D. (GENERAL MEDICINE),Open Quota,OBC-B (Non-Creamy Layer),OBC-B (Non-Creamy Layer),3179,3179,1
2025,3,BURDWAN MEDICAL COLLEGE,M.D. (GENERAL MEDICINE),Open Quota,OBC-A (Non-Creamy Layer),UR,3193,3193,1
2025,3,MEDICAL COLLEGE KOLKATA,"M.D. (DERM.,VENE. AND LEPROSY)/ (DERMATOLOGY)/ (SKIN AND VENEREAL DISEASES)/ (VENEREOLOGY)",Open Quota,General,UR,3247,3247,1
2025,3,"RAMAKRISHNA MISSION SEVA PRATISHTHAN VIVEKANANDA INSTITUTE OF MEDICAL SCIENCES, KOLKATA",M.D. (GENERAL MEDICINE),Open Quota,General,UR,3378,3660,2
2025,3,R G KAR MEDICAL COLLEGE,M.D. (GENERAL MEDICINE),Open Quota,OBC-A (Non-Creamy Layer),OBC-A (Non-Creamy Layer),3671,3671,1
2025,3,BURDWAN MEDICAL COLLEGE,M.D. (RADIO- DIAGNOSIS),Open Quota,General,UR,3813,3813,1
2025,3,COLLEGE OF MEDICINE AND SAGORE DUTTA HOSPITAL,M.D. (GENERAL MEDICINE),Open Quota,General,UR,3958,3958,1
2025,3,NORTH BENGAL MEDICAL COLLEGE AND HOSPITAL,M.D. (GENERAL MEDICINE),Open Quota,General,UR,3873,3963,2
2025,3,INSTITUTE OF POST GRADUATE MEDICAL EDUCATION AND RESEARCH KOLKATA,"M.D. (DERM.,VENE. AND LEPROSY)/ (DERMATOLOGY)/ (SKIN AND VENEREAL DISEASES)/ (VENEREOLOGY)",Open Quota,General,UR,2749,4005,2
2025,3,MIDNAPORE MEDICAL COLLEGE,M.D. (GENERAL MEDICINE),Open Quota,OBC-A (Non-Creamy Layer),OBC-A (Non-Creamy Layer),4079,4079,1
2025,3,"SCHOOL OF TROPICAL MEDICINE, KOLKATA","M.D. (DERM.,VENE. AND LEPROSY)/ (DERMATOLOGY)/ (SKIN AND VENEREAL DISEASES)/ (VENEREOLOGY)",Open Quota,General,UR,4105,4105,1
2025,3,MEDICAL COLLEGE KOLKATA,M.D. (TUBERCULOSIS AND RESPIRATORY DISEASES)/PULMONA RY MEDICINE /M.D. (RESPIRATORY MEDICINE),Open Quota,General,UR,4119,4119,1
2025,3,MEDICAL COLLEGE KOLKATA,M.D. (PAEDIATRICS),Open Quota,General,UR,3747,4474,3
2025,3,INSTITUTE OF POST GRADUATE MEDICAL EDUCATION AND RESEARCH KOLKATA,M.D. (PAEDIATRICS),Open Quota,General,UR,4668,4668,1
2025,3,MEDICAL COLLEGE KOLKATA,M.D. (PAEDIATRICS),Open Quota,OBC-A (Non-Creamy Layer),OBC-A (Non-Creamy Layer),5026,5026,1
2025,3,MURSHIDABAD MEDICAL COLLEGE AND HOSPITAL,M.D. (RADIO- DIAGNOSIS),Open Quota,General,UR,5095,5095,1
2025,3,BANKURA SAMMILANI MEDICAL COLLEGE,M.D. (RADIO- DIAGNOSIS),Open Quota,General,UR,5132,5132,1
2025,3,R G KAR MEDICAL COLLEGE,M.S. (ORTHOPAEDICS),Open Quota,General,UR,3616,5290,2
2025,3,BANKURA SAMMILANI MEDICAL COLLEGE,M.D. (RADIO- DIAGNOSIS),Open Quota,SC,SC,5297,5297,1
2025,3,NORTH BENGAL MEDICAL COLLEGE AND HOSPITAL,M.D. (RADIO- DIAGNOSIS),Open Quota,SC,SC,5473,5473,1
2025,3,NIL RATAN SIRCAR MEDICAL COLLEGE,M.D. (PAEDIATRICS),Open Quota,General,UR,5479,5479,1
2025,3,MURSHIDABAD MEDICAL COLLEGE AND HOSPITAL,M.S. (ORTHOPAEDICS),Open Quota,General,UR,5582,5582,1
2025,3,MEDICAL COLLEGE KOLKATA,M.D. (OBST. AND GYNAE)/MS (OBSTETRICS AND GYNAECOLOGY),Open Quota,General,UR,5656,5656,1
2025,3,INSTITUTE OF POST GRADUATE MEDICAL EDUCATION AND RESEARCH KOLKATA,M.D. (GENERAL MEDICINE),Open Quota,SC,SC,5664,5664,1
2025,3,NIL RATAN SIRCAR MEDICAL COLLEGE,M.S. (GENERAL SURGERY),Open Quota,General,UR,5788,5788,1
2025,3,BURDWAN MEDICAL COLLEGE,M.S. (ORTHOPAEDICS),Open Quota,General,UR,5951,5951,1
2025,3,R G KAR MEDICAL COLLEGE,M.D. (PAEDIATRICS),Open Quota,General,UR,5497,6135,3
2025,3,INSTITUTE OF POST GRADUATE MEDICAL EDUCATION AND RESEARCH KOLKATA,M.S. (GENERAL SURGERY),Open Quota,General,UR,3394,6177,3
2025,3,"COMMAND HOSPITAL EC, ALIPORE, KOLKATA",M.D. (RADIO- DIAGNOSIS),Open Quota,OBC-A (Non-Creamy Layer),OBC (Non-Creamy Layer),6298,6298,1
2025,3,CALCUTTA NATIONAL MEDICAL COLLEGE KOLKATA,M.S. (ORTHOPAEDICS),Open Quota,General,UR,6547,6547,1
2025,3,NORTH BENGAL MEDICAL COLLEGE AND HOSPITAL,M.D. (GENERAL MEDICINE),Open Quota,OBC-B (Non-Creamy Layer),OBC-B (Non-Creamy Layer),6838,6838,1
2025,3,R G KAR MEDICAL COLLEGE,M.S. (GENERAL SURGERY),Open Quota,General,UR,6683,6962,2
2025,3,INSTITUTE OF POST GRADUATE MEDICAL EDUCATION AND RESEARCH KOLKATA,M.S. (ORTHOPAEDICS),Open Quota,OBC-A (Non-Creamy Layer),OBC-A (Non-Creamy Layer),7318,7318,1
2025,3,KPC MEDICAL COLLEGE,M.D. (GENERAL MEDICINE),Open Quota,General,UR,7396,7396,1
2025,3,BURDWAN MEDICAL COLLEGE,"M.D. (DERM.,VENE. AND LEPROSY)/ (DERMATOLOGY)/ (SKIN AND VENEREAL DISEASES)/ (VENEREOLOGY)",Open Quota,OBC-A (Non-Creamy Layer),UR,7555,7555,1
2025,3,MEDICAL COLLEGE KOLKATA,M.D. (GENERAL MEDICINE),Open Quota,EWS,EWS,7655,7655,1
2025,3,R G KAR MEDICAL COLLEGE,M.D. (OBST. AND GYNAE)/MS (OBSTETRICS AND GYNAECOLOGY),Open Quota,OBC-A (Non-Creamy Layer),OBC-A (Non-Creamy Layer),7789,7789,1
2025,3,DR. B C ROY POST GRADUATE INSTITUTE OF PAEDIATRIC SCIENCES,M.D. (PAEDIATRICS),Open Quota,General,UR,7928,7928,1
2025,3,CALCUTTA NATIONAL MEDICAL COLLEGE KOLKATA,M.S. (GENERAL SURGERY),Open Quota,General,UR,7121,7930,3
2025,3,ESI PGIMSR AND ESIC MEDICAL COLLEGE JOKA KOLKATA,M.D. (PAEDIATRICS),Open Quota,SC,SC,8233,8233,1
2025,3,JAGANNATH GUPTA INSTITUTE OF MEDICAL SCIENCES AND HOSPITAL,M.D. (GENERAL MEDICINE),Open Quota,General,UR,8258,8258,1
2025,3,NIL RATAN SIRCAR MEDICAL COLLEGE,M.D. (RADIO- DIAGNOSIS),Open Quota,EWS,EWS,8371,8371,1
2025,3,KPC MEDICAL COLLEGE,M.D. (RADIO- DIAGNOSIS),Open Quota,General,UR,8394,8394,1
2025,3,R G KAR MEDICAL COLLEGE,M.D. (OBST. AND GYNAE)/MS (OBSTETRICS AND GYNAECOLOGY),Open Quota,General,UR,6431,8405,2
2025,3,NIL RATAN SIRCAR MEDICAL COLLEGE,"M.D. (DERM.,VENE. AND LEPROSY)/ (DERMATOLOGY)/ (SKIN AND VENEREAL DISEASES)/ (VENEREOLOGY)",Open Quota,SC,SC,8615,8615,1
2025,3,BURDWAN MEDICAL COLLEGE,M.S. (GENERAL SURGERY),Open Quota,General,UR,8395,8776,2
2025,3,INSTITUTE OF CHILD HEALTH,M.D. (PAEDIATRICS),Open Quota,General,UR,8703,8780,2
2025,3,INSTITUTE OF POST GRADUATE MEDICAL EDUCATION AND RESEARCH KOLKATA,M.D. (OBST. AND GYNAE)/MS (OBSTETRICS AND GYNAECOLOGY),Open Quota,General,UR,8872,8872,1
2025,3,NORTH BENGAL MEDICAL COLLEGE AND HOSPITAL,M.D. (GENERAL MEDICINE),Open Quota,EWS,EWS,8893,8893,1
2025,3,"RAMAKRISHNA MISSION SEVA PRATISHTHAN VIVEKANANDA INSTITUTE OF MEDICAL SCIENCES, KOLKATA",M.D. (PAEDIATRICS),Open Quota,General,UR,8901,8901,1
2025,3,BURDWAN MEDICAL COLLEGE,M.D. (PAEDIATRICS),Open Quota,General,UR,8476,8964,3
2025,3,"COMMAND HOSPITAL EC, ALIPORE, KOLKATA",M.D. (GENERAL MEDICINE),Open Quota,OBC-B (Non-Creamy Layer),OBC (Non-Creamy Layer),8990,8990,1
2025,3,MEDICAL COLLEGE KOLKATA,M.S. (GENERAL SURGERY),Open Quota,OBC-A (Non-Creamy Layer),OBC-A (Non-Creamy Layer),8993,8993,1
2025,3,CALCUTTA NATIONAL MEDICAL COLLEGE KOLKATA,M.D. (OBST. AND GYNAE)/MS (OBSTETRICS AND GYNAECOLOGY),Open Quota,General,UR,5997,9009,2
2025,3,NIL RATAN SIRCAR MEDICAL COLLEGE,M.D. (GENERAL MEDICINE),Open Quota,SC,SC,9017,9017,1
2025,3,MEDICAL COLLEGE KOLKATA,M.D. (GENERAL MEDICINE),Open Quota,SC,SC,6913,9386,2
2025,3,ESI PGIMSR AND ESIC MEDICAL COLLEGE JOKA KOLKATA,M.S. (ORTHOPAEDICS),Open Quota,General,UR,9453,9453,1
2025,3,NIL RATAN SIRCAR MEDICAL COLLEGE,M.D. (OBST. AND GYNAE)/MS (OBSTETRICS AND GYNAECOLOGY),Open Quota,General,UR,9466,9466,1
2025,3,CALCUTTA NATIONAL MEDICAL COLLEGE KOLKATA,M.D. (GENERAL MEDICINE),Open Quota,SC,SC,9610,9610,1
2025,3,"RAMAKRISHNA MISSION SEVA PRATISHTHAN VIVEKANANDA INSTITUTE OF MEDICAL SCIENCES, KOLKATA",M.S. (ORTHOPAEDICS),Open Quota,General,UR,9708,9708,1
2025,3,ESI PGIMSR AND ESIC MEDICAL COLLEGE JOKA KOLKATA,M.D. (OBST. AND GYNAE)/MS (OBSTETRICS AND GYNAECOLOGY),Open Quota,General,UR,9714,9714,1
2025,3,NORTH BENGAL MEDICAL COLLEGE AND HOSPITAL,M.D. (OBST. AND GYNAE)/MS (OBSTETRICS AND GYNAECOLOGY),Open Quota,General,UR,9718,9718,1
2025,3,"CHITTARANJAN SEVA SADAN COLLEGE OF OBS. GYNAE AND CHILD HEALTH,KOLKATA",M.D. (PAEDIATRICS),Open Quota,General,UR,9896,9896,1
2025,3,CALCUTTA NATIONAL MEDICAL COLLEGE KOLKATA,M.S. (ORTHOPAEDICS),Open Quota,OBC-B (Non-Creamy Layer),OBC-B (Non-Creamy Layer),10049,10049,1
2025,3,BANKURA SAMMILANI MEDICAL COLLEGE,M.D. (PAEDIATRICS),Open Quota,General,UR,10087,10087,1
2025,3,NIL RATAN SIRCAR MEDICAL COLLEGE,M.D. (TUBERCULOSIS AND RESPIRATORY DISEASES)/PULMONA RY MEDICINE /M.D. (RESPIRATORY MEDICINE),Open Quota,General,UR,9728,10089,2
2025,3,INSTITUTE OF CHILD HEALTH,M.D. (PAEDIATRICS),Open Quota,OBC-A (Non-Creamy Layer),OBC-A (Non-Creamy Layer),10420,10420,1
2025,3,COLLEGE OF MEDICINE AND SAGORE DUTTA HOSPITAL,M.D. (PAEDIATRICS),Open Quota,General,UR,10501,10501,1
2025,3,BURDWAN MEDICAL COLLEGE,M.D. (TUBERCULOSIS AND RESPIRATORY DISEASES)/PULMONA RY MEDICINE /M.D. (RESPIRATORY MEDICINE),Open Quota,General,UR,10511,10511,1
2025,3,"RAMAKRISHNA MISSION SEVA PRATISHTHAN VIVEKANANDA INSTITUTE OF MEDICAL SCIENCES, KOLKATA",M.S. (GENERAL SURGERY),Open Quota,General,UR,10608,10608,1
2025,3,NORTH BENGAL MEDICAL COLLEGE AND HOSPITAL,M.S. (GENERAL SURGERY),Open Quota,General,UR,10611,10611,1
2025,3,COLLEGE OF MEDICINE AND SAGORE DUTTA HOSPITAL,M.D. (OBST. AND GYNAE)/MS (OBSTETRICS AND GYNAECOLOGY),Open Quota,General,UR,10728,10728,1
2025,3,BURDWAN MEDICAL COLLEGE,M.D. (OBST. AND GYNAE)/MS (OBSTETRICS AND GYNAECOLOGY),Open Quota,General,UR,10772,10772,1
2025,3,CALCUTTA NATIONAL MEDICAL COLLEGE KOLKATA,M.D. (OBST. AND GYNAE)/MS (OBSTETRICS AND GYNAECOLOGY),Open Quota,OBC-A (Non-Creamy Layer),OBC-A (Non-Creamy Layer),10792,10792,1
2025,3,MEDICAL COLLEGE KOLKATA,M.D. (OBST. AND GYNAE)/MS (OBSTETRICS AND GYNAECOLOGY),Open Quota,OBC-B (Non-Creamy Layer),OBC-B (Non-Creamy Layer),10811,10811,1
2025,3,COLLEGE OF MEDICINE AND SAGORE DUTTA HOSPITAL,M.D. (TUBERCULOSIS AND RESPIRATORY DISEASES)/PULMONA RY MEDICINE /M.D. (RESPIRATORY MEDICINE),Open Quota,General,UR,10890,10890,1
2025,3,NORTH BENGAL MEDICAL COLLEGE AND HOSPITAL,M.D. (PAEDIATRICS),Open Quota,General,UR,11085,11085,1
2025,3,"CHITTARANJAN SEVA SADAN COLLEGE OF OBS. GYNAE AND CHILD HEALTH,KOLKATA",M.D. (OBST. AND GYNAE)/MS (OBSTETRICS AND GYNAECOLOGY),Open Quota,General,UR,11189,11189,1
2025,3,CALCUTTA NATIONAL MEDICAL COLLEGE KOLKATA,M.D. (PAEDIATRICS),Open Quota,OBC-A (Non-Creamy Layer),OBC-A (Non-Creamy Layer),11265,11265,1
2025,3,MALDA MEDICAL COLLEGE AND HOSPITAL,M.D. (PAEDIATRICS),Open Quota,General,UR,11357,11357,1
2025,3,COLLEGE OF MEDICINE AND SAGORE DUTTA HOSPITAL,"M.D. (DERM.,VENE. AND LEPROSY)/ (DERMATOLOGY)/ (SKIN AND VENEREAL DISEASES)/ (VENEREOLOGY)",Open Quota,SC,SC,11651,11651,1
2025,3,MEDICAL COLLEGE KOLKATA,M.D. (PAEDIATRICS),Open Quota,EWS,EWS,11743,11743,1
2025,3,GOURI DEVI INSTITUTE OF MEDICAL SCIENCES AND HOSPITAL,M.D. (PAEDIATRICS),Open Quota,General,UR,11862,11862,1
2025,3,DR. B C ROY POST GRADUATE INSTITUTE OF PAEDIATRIC SCIENCES,M.D. (PAEDIATRICS),Open Quota,OBC-A (Non-Creamy Layer),OBC-A (Non-Creamy Layer),12044,12044,1
2025,3,"RAMAKRISHNA MISSION SEVA PRATISHTHAN VIVEKANANDA INSTITUTE OF MEDICAL SCIENCES, KOLKATA",M.D. (PAEDIATRICS),Open Quota,OBC-A (Non-Creamy Layer),OBC-A (Non-Creamy Layer),12386,12386,1
2025,3,INSTITUTE OF POST GRADUATE MEDICAL EDUCATION AND RESEARCH KOLKATA,M.D. (ANAESTHESIOLOGY),Open Quota,General,UR,12789,12789,1
2025,3,BANKURA SAMMILANI MEDICAL COLLEGE,M.S. (GENERAL SURGERY),Open Quota,General,UR,9438,12934,2
2025,3,BANKURA SAMMILANI MEDICAL COLLEGE,M.D. (OBST. AND GYNAE)/MS (OBSTETRICS AND GYNAECOLOGY),Open Quota,General,UR,13072,13539,3
2025,3,MALDA MEDICAL COLLEGE AND HOSPITAL,M.D. (OBST. AND GYNAE)/MS (OBSTETRICS AND GYNAECOLOGY),Open Quota,General,UR,13741,13741,1
2025,3,"COMMAND HOSPITAL EC, ALIPORE, KOLKATA",M.D. (PAEDIATRICS),Open Quota,OBC-A (Non-Creamy Layer),OBC (Non-Creamy Layer),13745,13745,1
2025,3,"RAMAKRISHNA MISSION SEVA PRATISHTHAN VIVEKANANDA INSTITUTE OF MEDICAL SCIENCES, KOLKATA",M.D. (OBST. AND GYNAE)/MS (OBSTETRICS AND GYNAECOLOGY),Open Quota,General,UR,11790,13817,2
2025,3,INSTITUTE OF POST GRADUATE MEDICAL EDUCATION AND RESEARCH KOLKATA,M.D. (PSYCHIATRY),Open Quota,General,UR,5945,13829,2
2025,3,"COMMAND HOSPITAL EC, ALIPORE, KOLKATA",M.D. (OBST. AND GYNAE)/MS (OBSTETRICS AND GYNAECOLOGY),Open Quota,General,UR,13892,13892,1
2025,3,MEDICAL COLLEGE KOLKATA,M.D. (RADIOTHERAPY/ RADIATION ONCOLOGY),Open Quota,General,UR,13908,13908,1
2025,3,MIDNAPORE MEDICAL COLLEGE,M.D. (OBST. AND GYNAE)/MS (OBSTETRICS AND GYNAECOLOGY),Open Quota,General,UR,12328,13931,3
2025,3,MURSHIDABAD MEDICAL COLLEGE AND HOSPITAL,M.D. (OBST. AND GYNAE)/MS (OBSTETRICS AND GYNAECOLOGY),Open Quota,General,UR,14212,14212,1
2025,3,MEDICAL COLLEGE KOLKATA,M.D. (PSYCHIATRY),Open Quota,General,UR,14305,14305,1
2025,3,R G KAR MEDICAL COLLEGE,M.D. (OBST. AND GYNAE)/MS (OBSTETRICS AND GYNAECOLOGY),Open Quota,OBC-B (Non-Creamy Layer),OBC-B (Non-Creamy Layer),14379,14379,1
2025,3,DR. B C ROY POST GRADUATE INSTITUTE OF PAEDIATRIC SCIENCES,M.D. (PAEDIATRICS),Open Quota,SC,SC,15131,15131,1
2025,3,CALCUTTA NATIONAL MEDICAL COLLEGE KOLKATA,M.D. (PSYCHIATRY),Open Quota,General,UR,15369,15369,1
2025,3,MALDA MEDICAL COLLEGE AND HOSPITAL,M.D. (OBST. AND GYNAE)/MS (OBSTETRICS AND GYNAECOLOGY),Open Quota,OBC-A (Non-Creamy Layer),OBC-A (Non-Creamy Layer),15679,15679,1
2025,3,"IQ CITY MEDICAL COLLEGE, DURGAPUR",M.S. (ORTHOPAEDICS),Private Management Quota,General,UR,15766,15766,1
2025,3,INSTITUTE OF POST GRADUATE MEDICAL EDUCATION AND RESEARCH KOLKATA,M.D. (OBST. AND GYNAE)/MS (OBSTETRICS AND GYNAECOLOGY),Open Quota,SC,SC,15936,15936,1
2025,3,BANKURA SAMMILANI MEDICAL COLLEGE,M.D. (TUBERCULOSIS AND RESPIRATORY DISEASES)/PULMONA RY MEDICINE /M.D. (RESPIRATORY MEDICINE),Open Quota,General,UR,16010,16010,1
2025,3,ICARE INSTITUTE OF MEDICAL SCIENCES AND RESEARCH HALDIA,M.D. (GENERAL MEDICINE),Open Quota,General,UR,16169,16169,1
2025,3,MIDNAPORE MEDICAL COLLEGE,M.S. (GENERAL SURGERY),Open Quota,General,UR,9950,16181,3
2025,3,SHRI RAMKRISHNA INSTITUTE OF MEDICAL SCIENCES & SANAKA HOSPITALS,M.D. (GENERAL MEDICINE),Open Quota,General,UR,16333,16333,1
2025,3,MEDICAL COLLEGE KOLKATA,M.S. (OPHTHALMOLOGY),Open Quota,General,UR,15725,16453,3
2025,3,BURDWAN MEDICAL COLLEGE,M.D. (GENERAL MEDICINE),Open Quota,SC,SC,16464,16464,1
2025,3,INSTITUTE OF POST GRADUATE MEDICAL EDUCATION AND RESEARCH KOLKATA,M.D. (RADIOTHERAPY/ RADIATION ONCOLOGY),Open Quota,General,UR,16469,16469,1
2025,3,CALCUTTA NATIONAL MEDICAL COLLEGE KOLKATA,M.D. (GENERAL MEDICINE),Open Quota,EWS,EWS,16615,16615,1
2025,3,KPC MEDICAL COLLEGE,M.D. (OBST. AND GYNAE)/MS (OBSTETRICS AND GYNAECOLOGY),Open Quota,OBC-A (Non-Creamy Layer),UR,16803,16803,1
2025,3,INSTITUTE OF POST GRADUATE MEDICAL EDUCATION AND RESEARCH KOLKATA,M.S. (OPHTHALMOLOGY),Open Quota,General,UR,16992,16992,1
2025,3,INSTITUTE OF POST GRADUATE MEDICAL EDUCATION AND RESEARCH KOLKATA,M.S. (E.N.T.),Open Quota,General,UR,17754,17754,1
2025,3,NIL RATAN SIRCAR MEDICAL COLLEGE,M.S. (OPHTHALMOLOGY),Open Quota,General,UR,17943,17943,1
2025,3,MIDNAPORE MEDICAL COLLEGE,M.D. (PAEDIATRICS),Open Quota,OBC-B (Non-Creamy Layer),OBC-B (Non-Creamy Layer),18014,18014,1
2025,3,R G KAR MEDICAL COLLEGE,M.D. (OBST. AND GYNAE)/MS (OBSTETRICS AND GYNAECOLOGY),Open Quota,SC,SC,18062,18062,1
2025,3,R G KAR MEDICAL COLLEGE,M.D. (GENERAL MEDICINE),Open Quota,ST,ST,18154,18154,1
2025,3,BURDWAN MEDICAL COLLEGE,M.S. (ORTHOPAEDICS),Open Quota,OBC-A (Non-Creamy Layer),OBC-A (Non-Creamy Layer),18161,18161,1
2025,3,"CHITTARANJAN SEVA SADAN COLLEGE OF OBS. GYNAE AND CHILD HEALTH,KOLKATA",M.D. (OBST. AND GYNAE)/MS (OBSTETRICS AND GYNAECOLOGY),Open Quota,OBC-B (Non-Creamy Layer),OBC-B (Non-Creamy Layer),18260,18260,1
2025,3,BURDWAN MEDICAL COLLEGE,M.S. (OPHTHALMOLOGY),Open Quota,General,UR,18505,18505,1
2025,3,MEDICAL COLLEGE KOLKATA,DIP.IN GYNAE. AND OBST.,Open Quota,OBC-A (Non-Creamy Layer),UR,18757,18757,1
2025,3,BANKURA SAMMILANI MEDICAL COLLEGE,M.S. (OPHTHALMOLOGY),Open Quota,General,UR,18760,18760,1
2025,3,"RAMAKRISHNA MISSION SEVA PRATISHTHAN VIVEKANANDA INSTITUTE OF MEDICAL SCIENCES, KOLKATA",M.S. (OPHTHALMOLOGY),Open Quota,General,UR,18792,18792,1
2025,3,COLLEGE OF MEDICINE AND SAGORE DUTTA HOSPITAL,M.D. (PSYCHIATRY),Open Quota,OBC-A (Non-Creamy Layer),UR,18858,18858,1
2025,3,MEDICAL COLLEGE KOLKATA,M.S. (E.N.T.),Open Quota,General,UR,18966,18966,1
2025,3,R G KAR MEDICAL COLLEGE,M.S. (E.N.T.),Open Quota,General,UR,19034,19034,1
2025,3,INSTITUTE OF POST GRADUATE MEDICAL EDUCATION AND RESEARCH KOLKATA,M.D. (RADIO- DIAGNOSIS),Open Quota,ST,ST,19039,19039,1
2025,3,R G KAR MEDICAL COLLEGE,M.D. (TUBERCULOSIS AND RESPIRATORY DISEASES)/PULMONA RY MEDICINE /M.D. (RESPIRATORY MEDICINE),Open Quota,OBC-B (Non-Creamy Layer),OBC-B (Non-Creamy Layer),19047,19047,1
2025,3,MEDICAL COLLEGE KOLKATA,M.D. (ANAESTHESIOLOGY),Open Quota,General,UR,12639,19051,3
2025,3,GOURI DEVI INSTITUTE OF MEDICAL SCIENCES AND HOSPITAL,"M.D. (DERM.,VENE. AND LEPROSY)/ (DERMATOLOGY)/ (SKIN AND VENEREAL DISEASES)/ (VENEREOLOGY)",Open Quota,General,UR,19108,19108,1
2025,3,BURDWAN MEDICAL COLLEGE,M.S. (GENERAL SURGERY),Open Quota,OBC-B (Non-Creamy Layer),OBC-B (Non-Creamy Layer),19112,19112,1
2025,3,BANKURA SAMMILANI MEDICAL COLLEGE,M.S. (GENERAL SURGERY),Open Quota,OBC-A (Non-Creamy Layer),OBC-A (Non-Creamy Layer),19280,19280,1
2025,3,KPC MEDICAL COLLEGE,M.S. (OPHTHALMOLOGY),Open Quota,General,UR,19539,19539,1
2025,3,NORTH BENGAL MEDICAL COLLEGE AND HOSPITAL,M.D. (GENERAL MEDICINE),Open Quota,SC,SC,19684,19684,1
2025,3,R G KAR MEDICAL COLLEGE,M.S. (ORTHOPAEDICS),Open Quota,SC,SC,19718,19718,1
2025,3,MEDICAL COLLEGE KOLKATA,M.D. GERIATRICS,Open Quota,General,UR,19789,19789,1
2025,3,R G KAR MEDICAL COLLEGE,M.D. (PSYCHIATRY),Open Quota,General,UR,19894,19894,1
2025,3,MIDNAPORE MEDICAL COLLEGE,M.D. (GENERAL MEDICINE),Open Quota,SC,SC,19898,19898,1
2025,3,NORTH BENGAL MEDICAL COLLEGE AND HOSPITAL,M.S. (ORTHOPAEDICS),Open Quota,OBC-A (Non-Creamy Layer),OBC-A (Non-Creamy Layer),20025,20025,1
2025,3,CALCUTTA NATIONAL MEDICAL COLLEGE KOLKATA,M.S. (E.N.T.),Open Quota,General,UR,20032,20032,1
2025,3,INSTITUTE OF POST GRADUATE MEDICAL EDUCATION AND RESEARCH KOLKATA,M.D. (ANAESTHESIOLOGY),Open Quota,OBC-B (Non-Creamy Layer),OBC-B (Non-Creamy Layer),20109,20109,1
2025,3,COLLEGE OF MEDICINE AND SAGORE DUTTA HOSPITAL,M.S. (OPHTHALMOLOGY),Open Quota,General,UR,20202,20202,1
2025,3,"RAMAKRISHNA MISSION SEVA PRATISHTHAN VIVEKANANDA INSTITUTE OF MEDICAL SCIENCES, KOLKATA",M.D. (GENERAL MEDICINE),Open Quota,EWS,EWS,20213,20213,1
2025,3,MIDNAPORE MEDICAL COLLEGE,M.S. (E.N.T.),Open Quota,General,UR,20592,20592,1
2025,3,BANKURA SAMMILANI MEDICAL COLLEGE,M.S. (E.N.T.),Open Quota,General,UR,20818,20818,1
2025,3,JAGANNATH GUPTA INSTITUTE OF MEDICAL SCIENCES AND HOSPITAL,M.D. (GENERAL MEDICINE),Open Quota,OBC-A (Non-Creamy Layer),OBC-A (Non-Creamy Layer),20897,20897,1
2025,3,COLLEGE OF MEDICINE AND JNM HOSPITAL KALYANI,M.D. (PSYCHIATRY),Open Quota,OBC-A (Non-Creamy Layer),OBC-A (Non-Creamy Layer),21120,21120,1
2025,3,ICARE INSTITUTE OF MEDICAL SCIENCES AND RESEARCH HALDIA,"M.D. (DERM.,VENE. AND LEPROSY)/ (DERMATOLOGY)/ (SKIN AND VENEREAL DISEASES)/ (VENEREOLOGY)",Private Management Quota,OBC (Non-Creamy Layer),UR,21211,21211,1
2025,3,DIAMOND HARBOUR GOVERNMENT MEDICAL COLLEGE AND HOSPITAL,M.S. (E.N.T.),Open Quota,General,UR,21267,21267,1
2025,3,BURDWAN MEDICAL COLLEGE,M.D. (OBST. AND GYNAE)/MS (OBSTETRICS AND GYNAECOLOGY),Open Quota,OBC-B (Non-Creamy Layer),OBC-B (Non-Creamy Layer),21369,21369,1
2025,3,INSTITUTE OF POST GRADUATE MEDICAL EDUCATION AND RESEARCH KOLKATA,M.S. (GENERAL SURGERY),Open Quota,EWS,EWS,21569,21569,1
2025,3,R G KAR MEDICAL COLLEGE,M.D. (RADIOTHERAPY/ RADIATION ONCOLOGY),Open Quota,General,UR,20359,21630,2
2025,3,BURDWAN MEDICAL COLLEGE,M.D. (RADIOTHERAPY/ RADIATION ONCOLOGY),Open Quota,General,UR,21914,21914,1
2025,3,NORTH BENGAL MEDICAL COLLEGE AND HOSPITAL,M.D. (PSYCHIATRY),Open Quota,OBC-A (Non-Creamy Layer),UR,21926,21926,1
2025,3,CALCUTTA NATIONAL MEDICAL COLLEGE KOLKATA,M.D. (PAEDIATRICS),Open Quota,EWS,EWS,22319,22319,1
2025,3,NORTH BENGAL MEDICAL COLLEGE AND HOSPITAL,M.S. (OPHTHALMOLOGY),Open Quota,General,UR,19098,22360,2
2025,3,ALL INDIA INSTITUTE OF HYGIENE AND PUBLIC HEALTH,M.D. (PREVENTIVE AND SOCIAL MEDICINE)/ COMMUNITY MEDICINE,Open Quota,General,UR,22611,22611,1
2025,3,TAMRALIPTO GOVERNMENT MEDICAL COLLEGE,(NBEMS) GENERAL MEDICINE,In-Service DNB,OBC-B (Non-Creamy Layer),UR,22679,22679,1
2025,3,NORTH BENGAL MEDICAL COLLEGE AND HOSPITAL,M.S. (E.N.T.),Open Quota,General,UR,23018,23018,1
2025,3,BURDWAN MEDICAL COLLEGE,M.D. (OBST. AND GYNAE)/MS (OBSTETRICS AND GYNAECOLOGY),Open Quota,EWS,EWS,23191,23191,1
2025,3,INSTITUTE OF POST GRADUATE MEDICAL EDUCATION AND RESEARCH KOLKATA,M.S. (GENERAL SURGERY),Open Quota,ST,ST,23210,23210,1
2025,3,KPC MEDICAL COLLEGE,M.D. (RADIO- DIAGNOSIS),Private Management Quota,General,UR,23375,23375,1
2025,3,MALDA MEDICAL COLLEGE AND HOSPITAL,M.S. (GENERAL SURGERY),Open Quota,OBC-B (Non-Creamy Layer),OBC-B (Non-Creamy Layer),23383,23383,1
2025,3,MIDNAPORE MEDICAL COLLEGE,M.S. (OPHTHALMOLOGY),Open Quota,General,UR,23483,23483,1
2025,3,MEDICAL COLLEGE KOLKATA,M.S. (GENERAL SURGERY),Open Quota,SC,SC,23628,23628,1
2025,3,NIL RATAN SIRCAR MEDICAL COLLEGE,M.D. (ANAESTHESIOLOGY),Open Quota,General,UR,21884,23668,2
2025,3,R G KAR MEDICAL COLLEGE,M.D. (ANAESTHESIOLOGY),Open Quota,General,UR,23219,23744,2
2025,3,INSTITUTE OF POST GRADUATE MEDICAL EDUCATION AND RESEARCH KOLKATA,M.S. (GENERAL SURGERY),Open Quota,SC,SC,23802,23802,1
2025,3,NIL RATAN SIRCAR MEDICAL COLLEGE,M.S. (ORTHOPAEDICS),Open Quota,SC,SC,24025,24025,1
2025,3,MALDA MEDICAL COLLEGE AND HOSPITAL,M.S. (OPHTHALMOLOGY),Open Quota,General,UR,24135,24135,1
2025,3,MURSHIDABAD MEDICAL COLLEGE AND HOSPITAL,M.S. (GENERAL SURGERY),Open Quota,OBC-B (Non-Creamy Layer),OBC-B (Non-Creamy Layer),24152,24152,1
2025,3,INSTITUTE OF POST GRADUATE MEDICAL EDUCATION AND RESEARCH KOLKATA,M.D. (GENERAL MEDICINE),In-Service,OBC-A (Non-Creamy Layer),UR,24576,24576,1
2025,3,CALCUTTA NATIONAL MEDICAL COLLEGE KOLKATA,M.D. (ANAESTHESIOLOGY),Open Quota,General,UR,23457,24647,2
2025,3,BURDWAN MEDICAL COLLEGE,M.D. (ANAESTHESIOLOGY),Open Quota,General,UR,24654,24654,1
2025,3,JAGANNATH GUPTA INSTITUTE OF MEDICAL SCIENCES AND HOSPITAL,M.D. (GENERAL MEDICINE),Private Management Quota,OBC (Non-Creamy Layer),UR,25205,25205,1
2025,3,NIL RATAN SIRCAR MEDICAL COLLEGE,M.D. (OBST. AND GYNAE)/MS (OBSTETRICS AND GYNAECOLOGY),Open Quota,SC,SC,25569,25569,1
2025,3,MEDICAL COLLEGE KOLKATA,M.D. (TUBERCULOSIS AND RESPIRATORY DISEASES)/PULMONA RY MEDICINE /M.D. (RESPIRATORY MEDICINE),Open Quota,SC,SC,25655,25655,1
2025,3,ICARE INSTITUTE OF MEDICAL SCIENCES AND RESEARCH HALDIA,M.D. (GENERAL MEDICINE),Open Quota,OBC-B (Non-Creamy Layer),OBC-B (Non-Creamy Layer),25705,25705,1
2025,3,COLLEGE OF MEDICINE AND SAGORE DUTTA HOSPITAL,M.D. (ANAESTHESIOLOGY),Open Quota,General,UR,25741,25741,1
2025,3,INSTITUTE OF POST GRADUATE MEDICAL EDUCATION AND RESEARCH KOLKATA,M.D. (RADIO- DIAGNOSIS),In-Service,OBC-B (Non-Creamy Layer),UR,25786,25786,1
2025,3,ICARE INSTITUTE OF MEDICAL SCIENCES AND RESEARCH HALDIA,M.D. (PAEDIATRICS),Open Quota,General,UR,26564,26564,1
2025,3,"RAMAKRISHNA MISSION SEVA PRATISHTHAN VIVEKANANDA INSTITUTE OF MEDICAL SCIENCES, KOLKATA",M.S. (GENERAL SURGERY),Open Quota,OBC-B (Non-Creamy Layer),OBC-B (Non-Creamy Layer),26651,26651,1
2025,3,BANKURA SAMMILANI MEDICAL COLLEGE,M.S. (GENERAL SURGERY),Open Quota,SC,SC,26714,26714,1
2025,3,INSTITUTE OF POST GRADUATE MEDICAL EDUCATION AND RESEARCH KOLKATA,M.D. (PHYSICAL MED. AND REHABILITATION),Open Quota,General,UR,26715,26715,1
2025,3,BURDWAN MEDICAL COLLEGE,M.S. (ORTHOPAEDICS),Open Quota,SC,SC,27008,27008,1
2025,3,"RAMAKRISHNA MISSION SEVA PRATISHTHAN VIVEKANANDA INSTITUTE OF MEDICAL SCIENCES, KOLKATA",M.D. (OBST. AND GYNAE)/MS (OBSTETRICS AND GYNAECOLOGY),Open Quota,EWS,EWS,27617,27617,1
2025,3,SHRI RAMKRISHNA INSTITUTE OF MEDICAL SCIENCES & SANAKA HOSPITALS,M.D. (PAEDIATRICS),Open Quota,General,UR,27807,27807,1
2025,3,CALCUTTA NATIONAL MEDICAL COLLEGE KOLKATA,M.D. (TUBERCULOSIS AND RESPIRATORY DISEASES)/PULMONA RY MEDICINE /M.D. (RESPIRATORY MEDICINE),Open Quota,SC,SC,28030,28030,1
2025,3,INSTITUTE OF CHILD HEALTH,M.D. (PAEDIATRICS),Open Quota,EWS,EWS,28233,28233,1
2025,3,MURSHIDABAD MEDICAL COLLEGE AND HOSPITAL,M.D. (ANAESTHESIOLOGY),Open Quota,General,UR,28421,28421,1
2025,3,R G KAR MEDICAL COLLEGE,M.S. (GENERAL SURGERY),Open Quota,SC,SC,28592,28592,1
2025,3,INSTITUTE OF POST GRADUATE MEDICAL EDUCATION AND RESEARCH KOLKATA,M.D. (ANAESTHESIOLOGY),Open Quota,OBC-A (Non-Creamy Layer),OBC-A (Non-Creamy Layer),28954,28954,1
2025,3,JAGANNATH GUPTA INSTITUTE OF MEDICAL SCIENCES AND HOSPITAL,M.S. (ORTHOPAEDICS),Open Quota,OBC-B (Non-Creamy Layer),UR,29002,29002,1
2025,3,KPC MEDICAL COLLEGE,M.D. (GENERAL MEDICINE),Private Management Quota,General,UR,25087,29238,2
2025,3,BURDWAN MEDICAL COLLEGE,M.D. (RADIOTHERAPY/ RADIATION ONCOLOGY),Open Quota,OBC-A (Non-Creamy Layer),OBC-A (Non-Creamy Layer),29372,29372,1
2025,3,COLLEGE OF MEDICINE AND JNM HOSPITAL KALYANI,M.D. (OBST. AND GYNAE)/MS (OBSTETRICS AND GYNAECOLOGY),Open Quota,EWS,EWS,29478,29478,1
2025,3,"COMMAND HOSPITAL EC, ALIPORE, KOLKATA",M.D. (ANAESTHESIOLOGY),Open Quota,General,UR,29571,29571,1
2025,3,INSTITUTE OF POST GRADUATE MEDICAL EDUCATION AND RESEARCH KOLKATA,M.D. (PAEDIATRICS),Open Quota,SC,SC,29746,29746,1
2025,3,"RAMAKRISHNA MISSION SEVA PRATISHTHAN VIVEKANANDA INSTITUTE OF MEDICAL SCIENCES, KOLKATA",M.D. (ANAESTHESIOLOGY),Open Quota,General,UR,25252,29855,2
2025,3,NIL RATAN SIRCAR MEDICAL COLLEGE,M.S. (GENERAL SURGERY),Open Quota,SC,SC,29865,29865,1
2025,3,SHRI RAMKRISHNA INSTITUTE OF MEDICAL SCIENCES & SANAKA HOSPITALS,"M.D. (DERM.,VENE. AND LEPROSY)/ (DERMATOLOGY)/ (SKIN AND VENEREAL DISEASES)/ (VENEREOLOGY)",Open Quota,OBC-A (Non-Creamy Layer),UR,30089,30089,1
2025,3,BANKURA SAMMILANI MEDICAL COLLEGE,M.D. (ANAESTHESIOLOGY),Open Quota,General,UR,27259,30146,3
2025,3,R G KAR MEDICAL COLLEGE,M.D. (PAEDIATRICS),Open Quota,SC,SC,30168,30168,1
2025,3,"IQ CITY MEDICAL COLLEGE, DURGAPUR",M.D. (RADIO- DIAGNOSIS),Private Management Quota,OBC (Non-Creamy Layer),UR,29099,30219,2
2025,3,BURDWAN MEDICAL COLLEGE,M.S. (GENERAL SURGERY),Open Quota,SC,SC,30229,30229,1
2025,3,MIDNAPORE MEDICAL COLLEGE,M.D. (ANAESTHESIOLOGY),Open Quota,General,UR,30281,30281,1
2025,3,NORTH BENGAL MEDICAL COLLEGE AND HOSPITAL,M.D. (ANAESTHESIOLOGY),Open Quota,General,UR,30271,30306,2
2025,3,ALL INDIA INSTITUTE OF HYGIENE AND PUBLIC HEALTH,M.D. (PREVENTIVE AND SOCIAL MEDICINE)/ COMMUNITY MEDICINE,Open Quota,OBC-A (Non-Creamy Layer),UR,18579,30753,2
2025,3,"RAMAKRISHNA MISSION SEVA PRATISHTHAN VIVEKANANDA INSTITUTE OF MEDICAL SCIENCES, KOLKATA",M.S. (ORTHOPAEDICS),Open Quota,SC,SC,30836,30836,1
2025,3,JAGANNATH GUPTA INSTITUTE OF MEDICAL SCIENCES AND HOSPITAL,M.D. (TUBERCULOSIS AND RESPIRATORY DISEASES)/PULMONA RY MEDICINE /M.D. (RESPIRATORY MEDICINE),Open Quota,OBC-A (Non-Creamy Layer),OBC-A (Non-Creamy Layer),31451,31451,1
2025,3,NIL RATAN SIRCAR MEDICAL COLLEGE,M.D. (PAEDIATRICS),Open Quota,SC,SC,31520,31520,1
2025,3,NIL RATAN SIRCAR MEDICAL COLLEGE,M.D. (PAEDIATRICS),Open Quota,EWS,EWS,31649,31649,1
2025,3,MEDICAL COLLEGE KOLKATA,M.S. (GENERAL SURGERY),Open Quota,EWS,EWS,31703,31703,1
2025,3,"IQ CITY MEDICAL COLLEGE, DURGAPUR",M.D. (PSYCHIATRY),Open Quota,General,UR,31730,31730,1
2025,3,NIL RATAN SIRCAR MEDICAL COLLEGE,M.D. (ANAESTHESIOLOGY),Open Quota,OBC-A (Non-Creamy Layer),OBC-A (Non-Creamy Layer),29517,32076,2
2025,3,"IQ CITY MEDICAL COLLEGE, DURGAPUR",M.S. (ORTHOPAEDICS),Open Quota,General,UR,32281,32281,1
2025,3,GOURI DEVI INSTITUTE OF MEDICAL SCIENCES AND HOSPITAL,M.D. (GENERAL MEDICINE),Open Quota,OBC-A (Non-Creamy Layer),OBC-A (Non-Creamy Layer),32456,32456,1
2025,3,SHRI RAMKRISHNA INSTITUTE OF MEDICAL SCIENCES & SANAKA HOSPITALS,M.D. (RADIOTHERAPY/ RADIATION ONCOLOGY),Open Quota,General,UR,32522,32522,1
2025,3,ICARE INSTITUTE OF MEDICAL SCIENCES AND RESEARCH HALDIA,M.D. (OBST. AND GYNAE)/MS (OBSTETRICS AND GYNAECOLOGY),Open Quota,General,UR,32821,32821,1
2025,3,"CHITTARANJAN SEVA SADAN COLLEGE OF OBS. GYNAE AND CHILD HEALTH,KOLKATA",M.D. (PAEDIATRICS),Open Quota,SC,SC,32857,32857,1
2025,3,MEDICAL COLLEGE KOLKATA,M.S. (OPHTHALMOLOGY),Open Quota,SC,SC,22554,33162,2
2025,3,"RAMAKRISHNA MISSION SEVA PRATISHTHAN VIVEKANANDA INSTITUTE OF MEDICAL SCIENCES, KOLKATA",DIPLOMA IN OPHTHALMOLOGY/DO MS,Open Quota,General,UR,33841,33841,1
2025,3,JAGANNATH GUPTA INSTITUTE OF MEDICAL SCIENCES AND HOSPITAL,M.D. (OBST. AND GYNAE)/MS (OBSTETRICS AND GYNAECOLOGY),Open Quota,General,UR,33944,33944,1
2025,3,BURDWAN MEDICAL COLLEGE,M.S. (GENERAL SURGERY),Open Quota,EWS,EWS,34160,34160,1
2025,3,NIL RATAN SIRCAR MEDICAL COLLEGE,M.D. (PSYCHIATRY),Open Quota,SC,SC,34335,34335,1
2025,3,MIDNAPORE MEDICAL COLLEGE,M.S. (GENERAL SURGERY),Open Quota,SC,SC,34462,34462,1
2025,3,MEDICAL COLLEGE KOLKATA,M.D. (RADIO- DIAGNOSIS),In-Service,General,UR,34844,34844,1
2025,3,CALCUTTA NATIONAL MEDICAL COLLEGE KOLKATA,M.D. (OBST. AND GYNAE)/MS (OBSTETRICS AND GYNAECOLOGY),Open Quota,SC,SC,34912,34912,1
2025,3,MEDICAL COLLEGE KOLKATA,M.D. (OBST. AND GYNAE)/MS (OBSTETRICS AND GYNAECOLOGY),Open Quota,SC,SC,33351,34921,2
2025,3,BURDWAN MEDICAL COLLEGE,M.D. (PAEDIATRICS),Open Quota,SC,SC,34942,34942,1
2025,3,INSTITUTE OF POST GRADUATE MEDICAL EDUCATION AND RESEARCH KOLKATA,M.D. (PATHOLOGY),Open Quota,General,UR,33748,35255,2
2025,3,"CHITTARANJAN SEVA SADAN COLLEGE OF OBS. GYNAE AND CHILD HEALTH,KOLKATA",M.D. (OBST. AND GYNAE)/MS (OBSTETRICS AND GYNAECOLOGY),Open Quota,SC,SC,35348,35348,1
2025,3,MIDNAPORE MEDICAL COLLEGE,M.D. (PAEDIATRICS),Open Quota,SC,SC,35796,35796,1
2025,3,KPC MEDICAL COLLEGE,"M.D. (DERM.,VENE. AND LEPROSY)/ (DERMATOLOGY)/ (SKIN AND VENEREAL DISEASES)/ (VENEREOLOGY)",Open Quota,OBC-B (Non-Creamy Layer),OBC-B (Non-Creamy Layer),35828,35828,1
2025,3,MEDICAL COLLEGE KOLKATA,DIPLOMA IN ORTHOPAEDICS,Open Quota,General,UR,35972,35972,1
2025,3,NIL RATAN SIRCAR MEDICAL COLLEGE,M.D. (RADIO- DIAGNOSIS),In-Service,General,UR,36112,36112,1
2025,3,R G KAR MEDICAL COLLEGE,M.D. (ANAESTHESIOLOGY),Open Quota,OBC-A (Non-Creamy Layer),OBC-A (Non-Creamy Layer),36332,36332,1
2025,3,"IQ CITY MEDICAL COLLEGE, DURGAPUR",M.D. (RADIO- DIAGNOSIS),Private Management Quota,General,UR,36850,36850,1
2025,3,"RAMAKRISHNA MISSION SEVA PRATISHTHAN VIVEKANANDA INSTITUTE OF MEDICAL SCIENCES, KOLKATA",M.D. (PAEDIATRICS),Open Quota,SC,SC,36918,36918,1
2025,3,KPC MEDICAL COLLEGE,M.S. (GENERAL SURGERY),Open Quota,General,UR,37104,37104,1
2025,3,GOURI DEVI INSTITUTE OF MEDICAL SCIENCES AND HOSPITAL,M.D. (TUBERCULOSIS AND RESPIRATORY DISEASES)/PULMONA RY MEDICINE /M.D. (RESPIRATORY MEDICINE),Open Quota,General,UR,37109,37109,1
2025,3,MEDICAL COLLEGE KOLKATA,M.D. (PATHOLOGY),Open Quota,General,UR,37368,37368,1
2025,3,GOURI DEVI INSTITUTE OF MEDICAL SCIENCES AND HOSPITAL,M.S. (ORTHOPAEDICS),Open Quota,General,UR,37448,37448,1
2025,3,MALDA MEDICAL COLLEGE AND HOSPITAL,M.D. (PAEDIATRICS),Open Quota,SC,SC,37676,37676,1
2025,3,NORTH BENGAL MEDICAL COLLEGE AND HOSPITAL,M.D. (OBST. AND GYNAE)/MS (OBSTETRICS AND GYNAECOLOGY),Open Quota,SC,SC,37695,37695,1
2025,3,"IQ CITY MEDICAL COLLEGE, DURGAPUR",M.S. (ORTHOPAEDICS),Open Quota,SC,SC,37867,37867,1
2025,3,INSTITUTE OF POST GRADUATE MEDICAL EDUCATION AND RESEARCH KOLKATA,M.D. (PATHOLOGY),Open Quota,OBC-A (Non-Creamy Layer),UR,37999,37999,1
2025,3,BARASAT GOVERNMENT MEDICAL COLLEGE AND HOSPITAL,(NBEMS) OBSTETRICS AND GYNAECOLOGY,In-Service DNB,General,UR,38116,38116,1
2025,3,KPC MEDICAL COLLEGE,"M.D. (DERM.,VENE. AND LEPROSY)/ (DERMATOLOGY)/ (SKIN AND VENEREAL DISEASES)/ (VENEREOLOGY)",Private Management Quota,General,UR,38276,38276,1
2025,3,MEDICAL COLLEGE KOLKATA,M.D. (GENERAL MEDICINE),In-Service,General,UR,30365,38463,3
2025,3,JIS SCHOOL OF MEDICAL SCIENCE & RESEARCH,M.D. (OBST. AND GYNAE)/MS (OBSTETRICS AND GYNAECOLOGY),Open Quota,General,UR,38958,38958,1
2025,3,CALCUTTA NATIONAL MEDICAL COLLEGE KOLKATA,M.D. (ANAESTHESIOLOGY),Open Quota,OBC-A (Non-Creamy Layer),OBC-A (Non-Creamy Layer),39001,39001,1
2025,3,MEDICAL COLLEGE KOLKATA,M.D. (ANAESTHESIOLOGY),Open Quota,OBC-B (Non-Creamy Layer),OBC-B (Non-Creamy Layer),39273,39273,1
2025,3,R G KAR MEDICAL COLLEGE,M.D. (ANAESTHESIOLOGY),Open Quota,OBC-B (Non-Creamy Layer),OBC-B (Non-Creamy Layer),39656,39656,1
2025,3,COLLEGE OF MEDICINE AND JNM HOSPITAL KALYANI,M.S. (GENERAL SURGERY),Open Quota,SC,SC,39689,39689,1
2025,3,ICARE INSTITUTE OF MEDICAL SCIENCES AND RESEARCH HALDIA,M.S. (ORTHOPAEDICS),Open Quota,General,UR,40201,40201,1
2025,3,"RAMAKRISHNA MISSION SEVA PRATISHTHAN VIVEKANANDA INSTITUTE OF MEDICAL SCIENCES, KOLKATA",M.D. (OBST. AND GYNAE)/MS (OBSTETRICS AND GYNAECOLOGY),Open Quota,SC,SC,40501,40501,1
2025,3,CALCUTTA NATIONAL MEDICAL COLLEGE KOLKATA,M.D. (ANAESTHESIOLOGY),Open Quota,OBC-B (Non-Creamy Layer),OBC-B (Non-Creamy Layer),40555,40555,1
2025,3,R G KAR MEDICAL COLLEGE,M.S. (OPHTHALMOLOGY),Open Quota,SC,SC,40559,40559,1
2025,3,KPC MEDICAL COLLEGE,M.S. (GENERAL SURGERY),Open Quota,OBC-B (Non-Creamy Layer),OBC-B (Non-Creamy Layer),40822,40822,1
2025,3,ALL INDIA INSTITUTE OF HYGIENE AND PUBLIC HEALTH,M.D. (PREVENTIVE AND SOCIAL MEDICINE)/ COMMUNITY MEDICINE,Open Quota,SC,SC,40989,40989,1
2025,3,CALCUTTA NATIONAL MEDICAL COLLEGE KOLKATA,M.S. (OPHTHALMOLOGY),Open Quota,SC,SC,41153,41153,1
2025,3,BURDWAN MEDICAL COLLEGE,M.D. (ANAESTHESIOLOGY),Open Quota,OBC-A (Non-Creamy Layer),OBC-A (Non-Creamy Layer),41208,41208,1
2025,3,MURSHIDABAD MEDICAL COLLEGE AND HOSPITAL,M.D. (ANAESTHESIOLOGY),Open Quota,OBC-A (Non-Creamy Layer),OBC-A (Non-Creamy Layer),41891,41891,1
2025,3,"IQ CITY MEDICAL COLLEGE, DURGAPUR",M.S. (GENERAL SURGERY),Open Quota,General,UR,41948,41948,1
2025,3,NIL RATAN SIRCAR MEDICAL COLLEGE,M.D. (ANAESTHESIOLOGY),Open Quota,EWS,EWS,41994,41994,1
2025,3,"RAMAKRISHNA MISSION SEVA PRATISHTHAN VIVEKANANDA INSTITUTE OF MEDICAL SCIENCES, KOLKATA",M.S. (GENERAL SURGERY),Open Quota,SC,SC,42480,42480,1
2025,3,JAGANNATH GUPTA INSTITUTE OF MEDICAL SCIENCES AND HOSPITAL,M.S. (GENERAL SURGERY),Open Quota,General,UR,41955,43584,2
2025,3,MALDA MEDICAL COLLEGE AND HOSPITAL,M.D. (GENERAL MEDICINE),In-Service,SC,UR,43766,43766,1
2025,3,KPC MEDICAL COLLEGE,M.D. (PAEDIATRICS),Private Management Quota,General,UR,34069,43908,2
2025,3,KPC MEDICAL COLLEGE,M.D. (OBST. AND GYNAE)/MS (OBSTETRICS AND GYNAECOLOGY),Private Management Quota,General,UR,32828,43955,2
2025,3,INSTITUTE OF POST GRADUATE MEDICAL EDUCATION AND RESEARCH KOLKATA,M.D. (PATHOLOGY),Open Quota,OBC-A (Non-Creamy Layer),OBC-A (Non-Creamy Layer),44423,44423,1
2025,3,MEDICAL COLLEGE KOLKATA,M.D. IN TRANSFUSION MEDICINE/ IMMUNO- HAEMATOLOGY AND BLOOD TRANSFUSION,Open Quota,General,UR,44638,44638,1
2025,3,NORTH BENGAL MEDICAL COLLEGE AND HOSPITAL,M.D. (RADIO- DIAGNOSIS),In-Service,General,UR,44791,44791,1
2025,3,NIL RATAN SIRCAR MEDICAL COLLEGE,M.D. (RADIOTHERAPY/ RADIATION ONCOLOGY),Open Quota,SC,SC,44916,44916,1
2025,3,BURDWAN MEDICAL COLLEGE,M.D. (PATHOLOGY),Open Quota,OBC-A (Non-Creamy Layer),UR,45137,45137,1
2025,3,MURSHIDABAD MEDICAL COLLEGE AND HOSPITAL,M.S. (GENERAL SURGERY),Open Quota,SC,SC,45261,45261,1
2025,3,"IQ CITY MEDICAL COLLEGE, DURGAPUR","M.D. (DERM.,VENE. AND LEPROSY)/ (DERMATOLOGY)/ (SKIN AND VENEREAL DISEASES)/ (VENEREOLOGY)",Open Quota,OBC-A (Non-Creamy Layer),OBC-A (Non-Creamy Layer),45678,45678,1
2025,3,ESI PGIMSR AND ESIC MEDICAL COLLEGE JOKA KOLKATA,M.S. (E.N.T.),Open Quota,EWS,EWS,45802,45802,1
2025,3,KPC MEDICAL COLLEGE,M.S. (ORTHOPAEDICS),Private Management Quota,General,UR,35407,46647,2
2025,3,INSTITUTE OF POST GRADUATE MEDICAL EDUCATION AND RESEARCH KOLKATA,M.D. (RADIOTHERAPY/ RADIATION ONCOLOGY),Open Quota,SC,SC,46867,46867,1
2025,3,NIL RATAN SIRCAR MEDICAL COLLEGE,M.D. (PATHOLOGY),Open Quota,OBC-A (Non-Creamy Layer),UR,47215,47215,1
2025,3,GOURI DEVI INSTITUTE OF MEDICAL SCIENCES AND HOSPITAL,M.S. (GENERAL SURGERY),Open Quota,General,UR,47358,47358,1
2025,3,KPC MEDICAL COLLEGE,M.D. (ANAESTHESIOLOGY),Open Quota,General,UR,43129,47390,3
2025,3,ICARE INSTITUTE OF MEDICAL SCIENCES AND RESEARCH HALDIA,M.S. (OPHTHALMOLOGY),Open Quota,General,UR,47695,47695,1
2025,3,SHRI RAMKRISHNA INSTITUTE OF MEDICAL SCIENCES & SANAKA HOSPITALS,M.S. (GENERAL SURGERY),Open Quota,General,UR,47801,47801,1
2025,3,KPC MEDICAL COLLEGE,M.D. (OBST. AND GYNAE)/MS (OBSTETRICS AND GYNAECOLOGY),Open Quota,SC,SC,47903,47903,1
2025,3,KPC MEDICAL COLLEGE,M.S. (ORTHOPAEDICS),Private Management Quota,SC,UR,48205,48205,1
2025,3,CALCUTTA NATIONAL MEDICAL COLLEGE KOLKATA,M.D. (PATHOLOGY),Open Quota,General,UR,48224,48224,1
2025,3,INSTITUTE OF POST GRADUATE MEDICAL EDUCATION AND RESEARCH KOLKATA,M.D. (TUBERCULOSIS AND RESPIRATORY DISEASES)/PULMONA RY MEDICINE /M.D. (RESPIRATORY MEDICINE),Open Quota,EWS,EWS,49107,49107,1
2025,3,ICARE INSTITUTE OF MEDICAL SCIENCES AND RESEARCH HALDIA,M.D. (PAEDIATRICS),Private Management Quota,OBC (Non-Creamy Layer),UR,48980,49170,2
2025,3,R G KAR MEDICAL COLLEGE,M.D. (PATHOLOGY),Open Quota,General,UR,49609,49609,1
2025,3,MEDICAL COLLEGE KOLKATA,M.S. (OPHTHALMOLOGY),Open Quota,OBC-B (Non-Creamy Layer),OBC-B (Non-Creamy Layer),50223,50223,1
2025,3,R G KAR MEDICAL COLLEGE,M.D. (OBST. AND GYNAE)/MS (OBSTETRICS AND GYNAECOLOGY),Open Quota,ST,ST,50317,50317,1
2025,3,MEDICAL COLLEGE KOLKATA,M.D. (PAEDIATRICS),Open Quota,ST,ST,50406,50406,1
2025,3,JAGANNATH GUPTA INSTITUTE OF MEDICAL SCIENCES AND HOSPITAL,M.D. (OBST. AND GYNAE)/MS (OBSTETRICS AND GYNAECOLOGY),Private Management Quota,General,UR,50708,50708,1
2025,3,"IQ CITY MEDICAL COLLEGE, DURGAPUR",M.S. (GENERAL SURGERY),Open Quota,EWS,UR,50748,50748,1
2025,3,R G KAR MEDICAL COLLEGE,M.S. (E.N.T.),Open Quota,OBC-B (Non-Creamy Layer),OBC-B (Non-Creamy Layer),50765,50765,1
2025,3,ALL INDIA INSTITUTE OF HYGIENE AND PUBLIC HEALTH,M.D. (PREVENTIVE AND SOCIAL MEDICINE)/ COMMUNITY MEDICINE,Open Quota,OBC-B (Non-Creamy Layer),OBC (Non-Creamy Layer),51003,51003,1
2025,3,JIS SCHOOL OF MEDICAL SCIENCE & RESEARCH,M.D. (ANAESTHESIOLOGY),Open Quota,General,UR,49155,51157,2
2025,3,JAGANNATH GUPTA INSTITUTE OF MEDICAL SCIENCES AND HOSPITAL,M.D. (TUBERCULOSIS AND RESPIRATORY DISEASES)/PULMONA RY MEDICINE /M.D. (RESPIRATORY MEDICINE),Private Management Quota,General,UR,51595,51595,1
2025,3,JAGANNATH GUPTA INSTITUTE OF MEDICAL SCIENCES AND HOSPITAL,M.D. (GENERAL MEDICINE),Private Management Quota,General,UR,51945,51945,1
2025,3,"IQ CITY MEDICAL COLLEGE, DURGAPUR",M.D. (GENERAL MEDICINE),Private Management Quota,OBC (Non-Creamy Layer),UR,41883,52076,2
2025,3,BURDWAN MEDICAL COLLEGE,DIP.IN GYNAE. AND OBST.,Open Quota,SC,SC,52097,52097,1
2025,3,JAGANNATH GUPTA INSTITUTE OF MEDICAL SCIENCES AND HOSPITAL,M.S. (E.N.T.),Open Quota,General,UR,52341,52341,1
2025,3,MEDICAL COLLEGE KOLKATA,M.S. (OPHTHALMOLOGY),Open Quota,EWS,EWS,52350,52350,1
2025,3,BURDWAN MEDICAL COLLEGE,M.D. (PSYCHIATRY),Open Quota,EWS,EWS,52542,52542,1
2025,3,BANKURA SAMMILANI MEDICAL COLLEGE,M.D. (PATHOLOGY),Open Quota,General,UR,52792,52792,1
2025,3,JAGANNATH GUPTA INSTITUTE OF MEDICAL SCIENCES AND HOSPITAL,M.D. (RADIO- DIAGNOSIS),Private Management Quota,General,UR,52983,52983,1
2025,3,CALCUTTA NATIONAL MEDICAL COLLEGE KOLKATA,M.D. (ANAESTHESIOLOGY),Open Quota,SC,SC,53105,53105,1
2025,3,INSTITUTE OF POST GRADUATE MEDICAL EDUCATION AND RESEARCH KOLKATA,M.D. (ANAESTHESIOLOGY),Open Quota,SC,SC,44957,53163,2
2025,3,INSTITUTE OF POST GRADUATE MEDICAL EDUCATION AND RESEARCH KOLKATA,M.S. (E.N.T.),Open Quota,SC,SC,53282,53282,1
2025,3,"IQ CITY MEDICAL COLLEGE, DURGAPUR",M.D. (TUBERCULOSIS AND RESPIRATORY DISEASES)/PULMONA RY MEDICINE /M.D. (RESPIRATORY MEDICINE),Private Management Quota,OBC (Non-Creamy Layer),UR,54007,54007,1
2025,3,NIL RATAN SIRCAR MEDICAL COLLEGE,M.D. (ANAESTHESIOLOGY),Open Quota,SC,SC,54058,54058,1
2025,3,"RAMAKRISHNA MISSION SEVA PRATISHTHAN VIVEKANANDA INSTITUTE OF MEDICAL SCIENCES, KOLKATA",M.D. (PATHOLOGY),Open Quota,General,UR,54319,54319,1
2025,3,MEDICAL COLLEGE KOLKATA,M.D. (ANAESTHESIOLOGY),Open Quota,SC,SC,54477,54477,1
2025,3,"COMMAND HOSPITAL EC, ALIPORE, KOLKATA",M.S. (GENERAL SURGERY),Open Quota,EWS,EWS,54503,54503,1
2025,3,GOURI DEVI INSTITUTE OF MEDICAL SCIENCES AND HOSPITAL,M.D. (OBST. AND GYNAE)/MS (OBSTETRICS AND GYNAECOLOGY),Open Quota,SC,SC,54887,54887,1
2025,3,DISTRICT HOSPITAL HOWRAH,(NBEMS) PAEDIATRICS,In-Service DNB,General,UR,54957,54957,1
2025,3,R G KAR MEDICAL COLLEGE,M.D. (ANAESTHESIOLOGY),Open Quota,SC,SC,55132,55132,1
2025,3,BURDWAN MEDICAL COLLEGE,M.D. (RADIO- DIAGNOSIS),In-Service,SC,UR,55275,55275,1
2025,3,NIL RATAN SIRCAR MEDICAL COLLEGE,M.S. (E.N.T.),Open Quota,SC,SC,55317,55317,1
2025,3,MEDICAL COLLEGE KOLKATA,M.D. (ANAESTHESIOLOGY),Open Quota,EWS,EWS,55470,55470,1
2025,3,ESI PGIMSR AND ESIC MEDICAL COLLEGE JOKA KOLKATA,M.D. (ANAESTHESIOLOGY),Open Quota,SC,SC,55591,55591,1
2025,3,NIL RATAN SIRCAR MEDICAL COLLEGE,M.D. (PATHOLOGY),Open Quota,SC,SC,55668,55668,1
2025,3,BURDWAN MEDICAL COLLEGE,M.D. (RADIOTHERAPY/ RADIATION ONCOLOGY),Open Quota,OBC-B (Non-Creamy Layer),OBC-B (Non-Creamy Layer),55725,55725,1
2025,3,JAGANNATH GUPTA INSTITUTE OF MEDICAL SCIENCES AND HOSPITAL,M.S. (OPHTHALMOLOGY),Open Quota,OBC (Non-Creamy Layer),UR,56160,56160,1
2025,3,NIL RATAN SIRCAR MEDICAL COLLEGE,M.D. (RADIO- DIAGNOSIS),In-Service,SC,UR,56815,56815,1
2025,3,JAGANNATH GUPTA INSTITUTE OF MEDICAL SCIENCES AND HOSPITAL,"M.D. (DERM.,VENE. AND LEPROSY)/ (DERMATOLOGY)/ (SKIN AND VENEREAL DISEASES)/ (VENEREOLOGY)",Private Management Quota,General,UR,56991,56991,1
2025,3,"IQ CITY MEDICAL COLLEGE, DURGAPUR",M.D. (ANAESTHESIOLOGY),Open Quota,General,UR,57056,57056,1
2025,3,"RAMAKRISHNA MISSION SEVA PRATISHTHAN VIVEKANANDA INSTITUTE OF MEDICAL SCIENCES, KOLKATA",M.S. (E.N.T.),Open Quota,SC,SC,57524,57524,1
2025,3,COLLEGE OF MEDICINE AND JNM HOSPITAL KALYANI,M.D. (ANAESTHESIOLOGY),Open Quota,SC,SC,57552,57552,1
2025,3,NORTH BENGAL MEDICAL COLLEGE AND HOSPITAL,M.D. (ANAESTHESIOLOGY),Open Quota,OBC-B (Non-Creamy Layer),OBC-B (Non-Creamy Layer),57594,57594,1
2025,3,KPC MEDICAL COLLEGE,M.D. (PSYCHIATRY),Open Quota,OBC-A (Non-Creamy Layer),OBC-A (Non-Creamy Layer),57610,57610,1
2025,3,MAHARAJA JITENDRA NARAYAN MEDICAL COLLEGE AND HOSPITAL,(NBEMS-DIPLOMA) RADIO-DIAGNOSIS,In-Service DNB,OBC-A (Non-Creamy Layer),OBC-A (Non-Creamy Layer),57691,57691,1
2025,3,R G KAR MEDICAL COLLEGE,M.D. (PATHOLOGY),Open Quota,SC,SC,57732,57732,1
2025,3,ICARE INSTITUTE OF MEDICAL SCIENCES AND RESEARCH HALDIA,M.S. (E.N.T.),Open Quota,General,UR,57778,57778,1
2025,3,GOURI DEVI INSTITUTE OF MEDICAL SCIENCES AND HOSPITAL,M.D. (PSYCHIATRY),Open Quota,OBC-B (Non-Creamy Layer),OBC-B (Non-Creamy Layer),57974,57974,1
2025,3,MURSHIDABAD MEDICAL COLLEGE AND HOSPITAL,M.D. (PATHOLOGY),Open Quota,General,UR,58341,58341,1
2025,3,BURDWAN MEDICAL COLLEGE,M.S. (E.N.T.),Open Quota,SC,SC,58494,58494,1
2025,3,INSTITUTE OF POST GRADUATE MEDICAL EDUCATION AND RESEARCH KOLKATA,M.D. (PHYSICAL MED. AND REHABILITATION),Open Quota,SC,SC,58951,58951,1
2025,3,KPC MEDICAL COLLEGE,M.D. (ANAESTHESIOLOGY),Private Management Quota,General,UR,59436,59436,1
2025,3,CALCUTTA NATIONAL MEDICAL COLLEGE KOLKATA,M.S. (OPHTHALMOLOGY),Open Quota,OBC-B (Non-Creamy Layer),OBC-B (Non-Creamy Layer),59646,59646,1
2025,3,"IQ CITY MEDICAL COLLEGE, DURGAPUR",M.S. (E.N.T.),Open Quota,General,UR,59671,59671,1
2025,3,SHRI RAMKRISHNA INSTITUTE OF MEDICAL SCIENCES & SANAKA HOSPITALS,M.D. (RADIO- DIAGNOSIS),Private Management Quota,General,UR,59685,59685,1
2025,3,COLLEGE OF MEDICINE AND SAGORE DUTTA HOSPITAL,M.D. (GENERAL MEDICINE),Open Quota,ST,ST,60439,60439,1
2025,3,BURDWAN MEDICAL COLLEGE,M.D. (PATHOLOGY),Open Quota,OBC-A (Non-Creamy Layer),OBC-A (Non-Creamy Layer),60704,60704,1
2025,3,"SCHOOL OF TROPICAL MEDICINE, KOLKATA","M.D. (DERM.,VENE. AND LEPROSY)/ (DERMATOLOGY)/ (SKIN AND VENEREAL DISEASES)/ (VENEREOLOGY)",In-Service,SC,UR,60711,60711,1
2025,3,NIL RATAN SIRCAR MEDICAL COLLEGE,"M.D. (DERM.,VENE. AND LEPROSY)/ (DERMATOLOGY)/ (SKIN AND VENEREAL DISEASES)/ (VENEREOLOGY)",In-Service,General,UR,60766,60766,1
2025,3,CALCUTTA NATIONAL MEDICAL COLLEGE KOLKATA,M.S. (E.N.T.),Open Quota,EWS,EWS,61102,61102,1
2025,3,KPC MEDICAL COLLEGE,M.D. (TUBERCULOSIS AND RESPIRATORY DISEASES)/PULMONA RY MEDICINE /M.D. (RESPIRATORY MEDICINE),Private Management Quota,General,UR,61183,61183,1
2025,3,"IQ CITY MEDICAL COLLEGE, DURGAPUR",M.D. (GENERAL MEDICINE),Private Management Quota,General,UR,55059,61458,4
2025,3,DIAMOND HARBOUR GOVERNMENT MEDICAL COLLEGE AND HOSPITAL,M.S. (OPHTHALMOLOGY),Open Quota,SC,SC,61478,61478,1
2025,3,GOURI DEVI INSTITUTE OF MEDICAL SCIENCES AND HOSPITAL,M.D. (OBST. AND GYNAE)/MS (OBSTETRICS AND GYNAECOLOGY),Private Management Quota,OBC (Non-Creamy Layer),UR,61782,61782,1
2025,3,MURSHIDABAD MEDICAL COLLEGE AND HOSPITAL,M.D. (RADIO- DIAGNOSIS),In-Service,SC,SC,61886,61886,1
2025,3,BANKURA SAMMILANI MEDICAL COLLEGE,M.D. (ANAESTHESIOLOGY),Open Quota,SC,SC,61960,61960,1
2025,3,NORTH BENGAL MEDICAL COLLEGE AND HOSPITAL,M.D. (PATHOLOGY),Open Quota,General,UR,62532,62532,1
2025,3,JAGANNATH GUPTA INSTITUTE OF MEDICAL SCIENCES AND HOSPITAL,M.D. (ANAESTHESIOLOGY),Open Quota,General,UR,55273,62540,3
2025,3,INSTITUTE OF POST GRADUATE MEDICAL EDUCATION AND RESEARCH KOLKATA,M.D. (PREVENTIVE AND SOCIAL MEDICINE)/ COMMUNITY MEDICINE,Open Quota,General,UR,62640,62640,1
2025,3,KPC MEDICAL COLLEGE,M.D. (TUBERCULOSIS AND RESPIRATORY DISEASES)/PULMONA RY MEDICINE /M.D. (RESPIRATORY MEDICINE),Open Quota,SC,SC,62755,62755,1
2025,3,R G KAR MEDICAL COLLEGE,M.D. (GENERAL MEDICINE),In-Service,General,UR,62958,62958,1
2025,3,"SCHOOL OF TROPICAL MEDICINE, KOLKATA",M.D. (MICROBIOLOGY),Open Quota,General,UR,62990,62990,1
2025,3,MEDICAL COLLEGE KOLKATA,DIPLOMA IN OTO- RHINO- LARYNGOLOGY,Open Quota,OBC-A (Non-Creamy Layer),UR,63051,63051,1
2025,3,GOURI DEVI INSTITUTE OF MEDICAL SCIENCES AND HOSPITAL,"M.D. (DERM.,VENE. AND LEPROSY)/ (DERMATOLOGY)/ (SKIN AND VENEREAL DISEASES)/ (VENEREOLOGY)",Private Management Quota,General,UR,63196,63196,1
2025,3,R G KAR MEDICAL COLLEGE,DIPLOMA IN ANAESTHESIOLOGY,Open Quota,OBC-A (Non-Creamy Layer),UR,63492,63492,1
2025,3,NORTH BENGAL MEDICAL COLLEGE AND HOSPITAL,M.D. (ANAESTHESIOLOGY),Open Quota,SC,SC,63582,63582,1
2025,3,SHRI RAMKRISHNA INSTITUTE OF MEDICAL SCIENCES & SANAKA HOSPITALS,M.D. (ANAESTHESIOLOGY),Open Quota,General,UR,63954,63954,1
2025,3,R G KAR MEDICAL COLLEGE,M.D. (PREVENTIVE AND SOCIAL MEDICINE)/ COMMUNITY MEDICINE,Open Quota,General,UR,63980,63980,1
2025,3,"RAMAKRISHNA MISSION SEVA PRATISHTHAN VIVEKANANDA INSTITUTE OF MEDICAL SCIENCES, KOLKATA",M.S. (E.N.T.),Open Quota,EWS,EWS,64885,64885,1
2025,3,GOURI DEVI INSTITUTE OF MEDICAL SCIENCES AND HOSPITAL,"M.D. (DERM.,VENE. AND LEPROSY)/ (DERMATOLOGY)/ (SKIN AND VENEREAL DISEASES)/ (VENEREOLOGY)",Private Management Quota,OBC (Non-Creamy Layer),UR,65154,65154,1
2025,3,JIS SCHOOL OF MEDICAL SCIENCE & RESEARCH,M.D. (PAEDIATRICS),Open Quota,OBC-A (Non-Creamy Layer),OBC-A (Non-Creamy Layer),65224,65224,1
2025,3,MEDICAL COLLEGE KOLKATA,M.D. (MICROBIOLOGY),Open Quota,General,UR,65473,65473,1
2025,3,MIDNAPORE MEDICAL COLLEGE,M.D. (ANAESTHESIOLOGY),Open Quota,SC,SC,66171,66171,1
2025,3,JAGANNATH GUPTA INSTITUTE OF MEDICAL SCIENCES AND HOSPITAL,M.S. (E.N.T.),Private Management Quota,OBC (Non-Creamy Layer),UR,66222,66222,1
2025,3,SHRI RAMKRISHNA INSTITUTE OF MEDICAL SCIENCES & SANAKA HOSPITALS,"M.D. (DERM.,VENE. AND LEPROSY)/ (DERMATOLOGY)/ (SKIN AND VENEREAL DISEASES)/ (VENEREOLOGY)",Private Management Quota,General,UR,66528,66528,1
2025,3,INSTITUTE OF POST GRADUATE MEDICAL EDUCATION AND RESEARCH KOLKATA,M.D. (MICROBIOLOGY),Open Quota,General,UR,66766,66766,1
2025,3,"IQ CITY MEDICAL COLLEGE, DURGAPUR",M.D. (OBST. AND GYNAE)/MS (OBSTETRICS AND GYNAECOLOGY),Private Management Quota,General,UR,61830,66829,2
2025,3,MEDICAL COLLEGE KOLKATA,DIPLOMA IN ANAESTHESIOLOGY,Open Quota,General,UR,56686,67092,2
2025,3,NORTH BENGAL MEDICAL COLLEGE AND HOSPITAL,M.D. (GENERAL MEDICINE),In-Service,General,UR,67109,67109,1
2025,3,JIS SCHOOL OF MEDICAL SCIENCE & RESEARCH,M.D. (PAEDIATRICS),Private Management Quota,General,UR,67464,67464,1
2025,3,GOURI DEVI INSTITUTE OF MEDICAL SCIENCES AND HOSPITAL,M.S. (E.N.T.),Open Quota,General,UR,67858,67858,1
2025,3,ESI PGIMSR AND ESIC MEDICAL COLLEGE JOKA KOLKATA,M.D. (PHARMACOLOGY),Open Quota,General,UR,67976,67976,1
2025,3,GOURI DEVI INSTITUTE OF MEDICAL SCIENCES AND HOSPITAL,M.D. (OBST. AND GYNAE)/MS (OBSTETRICS AND GYNAECOLOGY),Private Management Quota,General,UR,68423,68423,1
2025,3,GOURI DEVI INSTITUTE OF MEDICAL SCIENCES AND HOSPITAL,M.D. (TUBERCULOSIS AND RESPIRATORY DISEASES)/PULMONA RY MEDICINE /M.D. (RESPIRATORY MEDICINE),Open Quota,OBC-B (Non-Creamy Layer),OBC-B (Non-Creamy Layer),68481,68481,1
2025,3,INSTITUTE OF POST GRADUATE MEDICAL EDUCATION AND RESEARCH KOLKATA,M.S. (ORTHOPAEDICS),Open Quota,ST,ST,68549,68549,1
2025,3,"RAMAKRISHNA MISSION SEVA PRATISHTHAN VIVEKANANDA INSTITUTE OF MEDICAL SCIENCES, KOLKATA",M.D. (GENERAL MEDICINE),In-Service,General,UR,68790,68790,1
2025,3,BURDWAN MEDICAL COLLEGE,M.D. (PREVENTIVE AND SOCIAL MEDICINE)/ COMMUNITY MEDICINE,Open Quota,General,UR,68796,68796,1
2025,3,"IQ CITY MEDICAL COLLEGE, DURGAPUR",M.D. (TUBERCULOSIS AND RESPIRATORY DISEASES)/PULMONA RY MEDICINE /M.D. (RESPIRATORY MEDICINE),Private Management Quota,General,UR,68803,68803,1
2025,3,"IQ CITY MEDICAL COLLEGE, DURGAPUR",M.D. (PAEDIATRICS),Private Management Quota,OBC (Non-Creamy Layer),UR,69570,69570,1
2025,3,MURSHIDABAD MEDICAL COLLEGE AND HOSPITAL,M.S. (OPHTHALMOLOGY),Open Quota,SC,SC,69831,69831,1
2025,3,SHRI RAMKRISHNA INSTITUTE OF MEDICAL SCIENCES & SANAKA HOSPITALS,M.D. (RADIO- DIAGNOSIS),Open Quota,SC,SC,69850,69850,1
2025,3,R G KAR MEDICAL COLLEGE,M.D. (PATHOLOGY),Open Quota,OBC-A (Non-Creamy Layer),OBC-A (Non-Creamy Layer),69901,69901,1
2025,3,SHRI RAMKRISHNA INSTITUTE OF MEDICAL SCIENCES & SANAKA HOSPITALS,M.D. (GENERAL MEDICINE),Private Management Quota,General,UR,42964,69992,4
2025,3,GOURI DEVI INSTITUTE OF MEDICAL SCIENCES AND HOSPITAL,M.D. (ANAESTHESIOLOGY),Open Quota,General,UR,70498,70498,1
2025,3,ICARE INSTITUTE OF MEDICAL SCIENCES AND RESEARCH HALDIA,M.D. (PAEDIATRICS),Private Management Quota,General,UR,71410,71410,1
2025,3,MEDICAL COLLEGE KOLKATA,DIPLOMA IN OPHTHALMOLOGY/DO MS,Open Quota,General,UR,66541,71715,3
2025,3,BANKURA SAMMILANI MEDICAL COLLEGE,M.D. (OBST. AND GYNAE)/MS (OBSTETRICS AND GYNAECOLOGY),Open Quota,ST,ST,72039,72039,1
2025,3,MEDICAL COLLEGE KOLKATA,DIPLOMA IN OPHTHALMOLOGY/DO MS,Open Quota,SC,UR,72802,72802,1
2025,3,CALCUTTA NATIONAL MEDICAL COLLEGE KOLKATA,M.D. (PREVENTIVE AND SOCIAL MEDICINE)/ COMMUNITY MEDICINE,Open Quota,General,UR,69062,72955,2
2025,3,ICARE INSTITUTE OF MEDICAL SCIENCES AND RESEARCH HALDIA,"M.D. (DERM.,VENE. AND LEPROSY)/ (DERMATOLOGY)/ (SKIN AND VENEREAL DISEASES)/ (VENEREOLOGY)",Open Quota,SC,SC,72999,72999,1
2025,3,KPC MEDICAL COLLEGE,M.D. (ANAESTHESIOLOGY),Open Quota,SC,SC,73052,73052,1
2025,3,INSTITUTE OF POST GRADUATE MEDICAL EDUCATION AND RESEARCH KOLKATA,M.D. (PATHOLOGY),Open Quota,SC,SC,73254,73254,1
2025,3,DR. B C ROY POST GRADUATE INSTITUTE OF PAEDIATRIC SCIENCES,M.D. (PAEDIATRICS),In-Service,General,UR,73274,73274,1
2025,3,ICARE INSTITUTE OF MEDICAL SCIENCES AND RESEARCH HALDIA,M.D. (OBST. AND GYNAE)/MS (OBSTETRICS AND GYNAECOLOGY),Open Quota,SC,SC,73553,73553,1
2025,3,R G KAR MEDICAL COLLEGE,M.D. (PHYSICAL MED. AND REHABILITATION),Open Quota,SC,SC,73677,73677,1
2025,3,BURDWAN MEDICAL COLLEGE,DIPLOMA IN OPHTHALMOLOGY/DO MS,Open Quota,General,UR,73692,73692,1
2025,3,"IQ CITY MEDICAL COLLEGE, DURGAPUR","M.D. (DERM.,VENE. AND LEPROSY)/ (DERMATOLOGY)/ (SKIN AND VENEREAL DISEASES)/ (VENEREOLOGY)",Private Management Quota,General,UR,62128,74318,2
2025,3,INSTITUTE OF CHILD HEALTH,M.D. (PAEDIATRICS),In-Service,General,UR,74324,74324,1
2025,3,DIAMOND HARBOUR GOVERNMENT MEDICAL COLLEGE AND HOSPITAL,M.D. (PREVENTIVE AND SOCIAL MEDICINE)/ COMMUNITY MEDICINE,Open Quota,OBC-A (Non-Creamy Layer),OBC-A (Non-Creamy Layer),74493,74493,1
2025,3,"IQ CITY MEDICAL COLLEGE, DURGAPUR",M.D. (PATHOLOGY),Open Quota,General,UR,67410,74551,4
2025,3,MEDICAL COLLEGE KOLKATA,M.D. (PHYSIOLOGY),Open Quota,General,UR,75359,75359,1
2025,3,INSTITUTE OF POST GRADUATE MEDICAL EDUCATION AND RESEARCH KOLKATA,M.D. (PHARMACOLOGY),Open Quota,General,UR,75744,75744,1
2025,3,COLLEGE OF MEDICINE AND SAGORE DUTTA HOSPITAL,M.D. (PATHOLOGY),Open Quota,SC,SC,75917,75917,1
2025,3,R G KAR MEDICAL COLLEGE,M.S. (ORTHOPAEDICS),In-Service,General,UR,76098,76098,1
2025,3,SHRI RAMKRISHNA INSTITUTE OF MEDICAL SCIENCES & SANAKA HOSPITALS,M.D. (OBST. AND GYNAE)/MS (OBSTETRICS AND GYNAECOLOGY),Private Management Quota,General,UR,76588,76588,1
2025,3,ICARE INSTITUTE OF MEDICAL SCIENCES AND RESEARCH HALDIA,M.D. (TUBERCULOSIS AND RESPIRATORY DISEASES)/PULMONA RY MEDICINE /M.D. (RESPIRATORY MEDICINE),Open Quota,SC,SC,77175,77175,1
2025,3,"SCHOOL OF TROPICAL MEDICINE, KOLKATA",DIPLOMA IN CLINICAL PATHOLOGY,Open Quota,General,UR,77262,77262,1
2025,3,BURDWAN MEDICAL COLLEGE,DIPLOMA IN OPHTHALMOLOGY/DO MS,Open Quota,OBC-A (Non-Creamy Layer),OBC-A (Non-Creamy Layer),78051,78051,1
2025,3,KPC MEDICAL COLLEGE,M.S. (E.N.T.),Open Quota,SC,SC,78329,78329,1
2025,3,BURDWAN MEDICAL COLLEGE,M.D. (PATHOLOGY),Open Quota,SC,SC,78421,78421,1
2025,3,COLLEGE OF MEDICINE AND SAGORE DUTTA HOSPITAL,M.D. (GENERAL MEDICINE),In-Service,General,UR,78752,78752,1
2025,3,INSTITUTE OF POST GRADUATE MEDICAL EDUCATION AND RESEARCH KOLKATA,M.D. (RADIO- DIAGNOSIS),In-Service,OBC-B (Non-Creamy Layer),OBC-B (Non-Creamy Layer),79102,79102,1
2025,3,ESI PGIMSR AND ESIC MEDICAL COLLEGE JOKA KOLKATA,M.D. (BIOCHEMISTRY),Open Quota,General,UR,79485,79485,1
2025,3,MEDICAL COLLEGE KOLKATA,M.D. (GENERAL MEDICINE),In-Service,OBC-A (Non-Creamy Layer),OBC-A (Non-Creamy Layer),79958,79958,1
2025,3,ICARE INSTITUTE OF MEDICAL SCIENCES AND RESEARCH HALDIA,M.D. (OBST. AND GYNAE)/MS (OBSTETRICS AND GYNAECOLOGY),Private Management Quota,General,UR,15982,80212,2
2025,3,SHRI RAMKRISHNA INSTITUTE OF MEDICAL SCIENCES & SANAKA HOSPITALS,M.D. (OBST. AND GYNAE)/MS (OBSTETRICS AND GYNAECOLOGY),Open Quota,SC,SC,80601,80601,1
2025,3,JAGANNATH GUPTA INSTITUTE OF MEDICAL SCIENCES AND HOSPITAL,M.D. (PAEDIATRICS),Open Quota,OBC-A (Non-Creamy Layer),OBC-A (Non-Creamy Layer),81613,81613,1
2025,3,ICARE INSTITUTE OF MEDICAL SCIENCES AND RESEARCH HALDIA,M.S. (GENERAL SURGERY),Private Management Quota,General,UR,82226,82226,1
2025,3,BANKURA SAMMILANI MEDICAL COLLEGE,M.D. (GENERAL MEDICINE),In-Service,General,UR,82863,82863,1
2025,3,M R BANGUR HOSPITAL,(NBEMS) ORTHOPAEDICS,In-Service DNB,OBC-A (Non-Creamy Layer),UR,83135,83135,1
2025,3,R G KAR MEDICAL COLLEGE,M.S. (OPHTHALMOLOGY),Open Quota,EWS,EWS,83506,83506,1
2025,3,"CHITTARANJAN SEVA SADAN COLLEGE OF OBS. GYNAE AND CHILD HEALTH,KOLKATA",M.D. (PAEDIATRICS),In-Service,General,UR,83753,83753,1
2025,3,JAGANNATH GUPTA INSTITUTE OF MEDICAL SCIENCES AND HOSPITAL,M.S. (ORTHOPAEDICS),Private Management Quota,General,UR,66241,83902,2
2025,3,INSTITUTE OF POST GRADUATE MEDICAL EDUCATION AND RESEARCH KOLKATA,"M.D. (DERM.,VENE. AND LEPROSY)/ (DERMATOLOGY)/ (SKIN AND VENEREAL DISEASES)/ (VENEREOLOGY)",In-Service,SC,SC,84208,84208,1
2025,3,BANKURA SAMMILANI MEDICAL COLLEGE,M.D. (PREVENTIVE AND SOCIAL MEDICINE)/ COMMUNITY MEDICINE,Open Quota,SC,UR,84377,84377,1
2025,3,MEDICAL COLLEGE KOLKATA,DIPLOMA IN ORTHOPAEDICS,Open Quota,SC,SC,84437,84437,1
2025,3,INSTITUTE OF POST GRADUATE MEDICAL EDUCATION AND RESEARCH KOLKATA,M.S. (ORTHOPAEDICS),In-Service,General,UR,83803,84476,2
2025,3,CALCUTTA NATIONAL MEDICAL COLLEGE KOLKATA,M.S. (ORTHOPAEDICS),In-Service,General,UR,84559,84559,1
2025,3,BURDWAN MEDICAL COLLEGE,M.D. (GENERAL MEDICINE),In-Service,General,UR,84961,84961,1
2025,3,KPC MEDICAL COLLEGE,M.S. (OPHTHALMOLOGY),Private Management Quota,General,UR,85850,85850,1
2025,3,SHRI RAMKRISHNA INSTITUTE OF MEDICAL SCIENCES & SANAKA HOSPITALS,M.S. (OPHTHALMOLOGY),Open Quota,General,UR,86268,86268,1
2025,3,MIDNAPORE MEDICAL COLLEGE,M.D. (GENERAL MEDICINE),In-Service,General,UR,86287,86287,1
2025,3,JAGANNATH GUPTA INSTITUTE OF MEDICAL SCIENCES AND HOSPITAL,M.D. (PAEDIATRICS),Private Management Quota,General,UR,73325,86391,3
2025,3,INSTITUTE OF POST GRADUATE MEDICAL EDUCATION AND RESEARCH KOLKATA,M.S. (GENERAL SURGERY),In-Service,SC,UR,86572,86572,1
2025,3,MEDICAL COLLEGE KOLKATA,DIP.IN GYNAE. AND OBST.,Open Quota,OBC-B (Non-Creamy Layer),OBC-B (Non-Creamy Layer),64855,87031,2
2025,3,NORTH BENGAL MEDICAL COLLEGE AND HOSPITAL,M.D. (MICROBIOLOGY),Open Quota,SC,UR,87051,87051,1
2025,3,GOURI DEVI INSTITUTE OF MEDICAL SCIENCES AND HOSPITAL,M.D. (ANAESTHESIOLOGY),Open Quota,OBC-B (Non-Creamy Layer),OBC-B (Non-Creamy Layer),87237,87237,1
2025,3,DIAMOND HARBOUR GOVERNMENT MEDICAL COLLEGE AND HOSPITAL,(NBEMS) PAEDIATRICS,In-Service DNB,SC,UR,87276,87276,1
2025,3,ESI PGIMSR AND ESIC MEDICAL COLLEGE JOKA KOLKATA,M.D. (PATHOLOGY),Open Quota,SC,SC,87680,87680,1
2025,3,COLLEGE OF MEDICINE AND SAGORE DUTTA HOSPITAL,M.D. (PREVENTIVE AND SOCIAL MEDICINE)/ COMMUNITY MEDICINE,Open Quota,General,UR,87736,87736,1
2025,3,CALCUTTA NATIONAL MEDICAL COLLEGE KOLKATA,M.D. (GENERAL MEDICINE),In-Service,General,UR,88676,88676,1
2025,3,"IQ CITY MEDICAL COLLEGE, DURGAPUR",M.D. (PAEDIATRICS),Open Quota,SC,SC,89195,89195,1
2025,3,GOURI DEVI INSTITUTE OF MEDICAL SCIENCES AND HOSPITAL,M.S. (OPHTHALMOLOGY),Private Management Quota,General,UR,90051,90051,1
2025,3,CALCUTTA NATIONAL MEDICAL COLLEGE KOLKATA,M.S. (GENERAL SURGERY),Open Quota,ST,ST,90676,90676,1
2025,3,INSTITUTE OF POST GRADUATE MEDICAL EDUCATION AND RESEARCH KOLKATA,M.D. (GENERAL MEDICINE),In-Service,SC,SC,91149,91149,1
2025,3,NIL RATAN SIRCAR MEDICAL COLLEGE,M.D. (MICROBIOLOGY),Open Quota,General,UR,91565,91565,1
2025,3,INSTITUTE OF POST GRADUATE MEDICAL EDUCATION AND RESEARCH KOLKATA,M.D. (PSYCHIATRY),In-Service,OBC-A (Non-Creamy Layer),UR,92462,92462,1
2025,3,NIL RATAN SIRCAR MEDICAL COLLEGE,M.D. (PHARMACOLOGY),Open Quota,General,UR,92574,92574,1
2025,3,DR. B C ROY POST GRADUATE INSTITUTE OF PAEDIATRIC SCIENCES,M.D. (PAEDIATRICS),Open Quota,ST,ST,92768,92768,1
2025,3,R G KAR MEDICAL COLLEGE,"M.D. (DERM.,VENE. AND LEPROSY)/ (DERMATOLOGY)/ (SKIN AND VENEREAL DISEASES)/ (VENEREOLOGY)",In-Service,ST,ST,92972,92972,1
2025,3,KPC MEDICAL COLLEGE,M.D. (PSYCHIATRY),Private Management Quota,General,UR,93025,93025,1
2025,3,"IQ CITY MEDICAL COLLEGE, DURGAPUR",M.S. (E.N.T.),Open Quota,SC,SC,93532,93532,1
2025,3,INFECTIOUS DISEASES AND BELIAGHATA GENERAL HOSPITAL,(NBEMS) GENERAL MEDICINE,In-Service DNB,OBC-B (Non-Creamy Layer),UR,93582,93582,1
2025,3,KPC MEDICAL COLLEGE,M.S. (GENERAL SURGERY),Private Management Quota,OBC-A (Non-Creamy Layer),UR,93691,93691,1
2025,3,ICARE INSTITUTE OF MEDICAL SCIENCES AND RESEARCH HALDIA,M.D. (ANAESTHESIOLOGY),Open Quota,General,UR,69962,93762,4
2025,3,GOURI DEVI INSTITUTE OF MEDICAL SCIENCES AND HOSPITAL,M.S. (OPHTHALMOLOGY),Open Quota,General,UR,88713,94246,2
2025,3,NIL RATAN SIRCAR MEDICAL COLLEGE,M.D. (BIOCHEMISTRY),Open Quota,General,UR,94406,94406,1
2025,3,GOURI DEVI INSTITUTE OF MEDICAL SCIENCES AND HOSPITAL,M.D. (TUBERCULOSIS AND RESPIRATORY DISEASES)/PULMONA RY MEDICINE /M.D. (RESPIRATORY MEDICINE),Private Management Quota,General,UR,84453,94413,2
2025,3,"IQ CITY MEDICAL COLLEGE, DURGAPUR",M.S. (ORTHOPAEDICS),Private Management Quota,OBC (Non-Creamy Layer),UR,82414,94743,2
2025,3,BURDWAN MEDICAL COLLEGE,M.D. (PREVENTIVE AND SOCIAL MEDICINE)/ COMMUNITY MEDICINE,Open Quota,SC,SC,95111,95111,1
2025,3,COLLEGE OF MEDICINE AND JNM HOSPITAL KALYANI,M.D. (MICROBIOLOGY),Open Quota,General,UR,95807,95807,1
2025,3,SHRI RAMKRISHNA INSTITUTE OF MEDICAL SCIENCES & SANAKA HOSPITALS,M.S. (ORTHOPAEDICS),Private Management Quota,General,UR,86666,95980,2
2025,3,INSTITUTE OF POST GRADUATE MEDICAL EDUCATION AND RESEARCH KOLKATA,M.D. (TUBERCULOSIS AND RESPIRATORY DISEASES)/PULMONA RY MEDICINE /M.D. (RESPIRATORY MEDICINE),In-Service,SC,UR,96566,96566,1
2025,3,GOURI DEVI INSTITUTE OF MEDICAL SCIENCES AND HOSPITAL,M.D. (PAEDIATRICS),Private Management Quota,OBC (Non-Creamy Layer),UR,96576,96576,1
2025,3,GOURI DEVI INSTITUTE OF MEDICAL SCIENCES AND HOSPITAL,M.D. (PAEDIATRICS),Private Management Quota,General,UR,66416,97929,2
2025,3,NORTH BENGAL MEDICAL COLLEGE AND HOSPITAL,M.D. (PREVENTIVE AND SOCIAL MEDICINE)/ COMMUNITY MEDICINE,Open Quota,General,UR,98263,98263,1
2025,3,R G KAR MEDICAL COLLEGE,M.D. (OBST. AND GYNAE)/MS (OBSTETRICS AND GYNAECOLOGY),In-Service,General,UR,98265,98265,1
2025,3,SHRI RAMKRISHNA INSTITUTE OF MEDICAL SCIENCES & SANAKA HOSPITALS,M.D. (PAEDIATRICS),Private Management Quota,General,UR,86321,98562,3
2025,3,DISTRICT HOSPITAL HOWRAH,(NBEMS) GENERAL MEDICINE,In-Service DNB,General,UR,98704,98704,1
2025,3,NIL RATAN SIRCAR MEDICAL COLLEGE,M.D. (ANAESTHESIOLOGY),Open Quota,ST,ST,69317,98847,2
2025,3,MURSHIDABAD MEDICAL COLLEGE AND HOSPITAL,M.D. (PREVENTIVE AND SOCIAL MEDICINE)/ COMMUNITY MEDICINE,Open Quota,General,UR,99112,99112,1
2025,3,NORTH BENGAL MEDICAL COLLEGE AND HOSPITAL,M.S. (GENERAL SURGERY),Open Quota,ST,ST,99720,99720,1
2025,3,"RAMAKRISHNA MISSION SEVA PRATISHTHAN VIVEKANANDA INSTITUTE OF MEDICAL SCIENCES, KOLKATA",M.D. (OBST. AND GYNAE)/MS (OBSTETRICS AND GYNAECOLOGY),Open Quota,ST,ST,100138,100138,1
2025,3,JIS SCHOOL OF MEDICAL SCIENCE & RESEARCH,M.D. (PREVENTIVE AND SOCIAL MEDICINE)/ COMMUNITY MEDICINE,Open Quota,General,UR,100397,100397,1
2025,3,MEDICAL COLLEGE KOLKATA,M.D. (PHARMACOLOGY),Open Quota,General,UR,68419,100504,2
2025,3,KPC MEDICAL COLLEGE,M.S. (E.N.T.),Private Management Quota,General,UR,100686,100686,1
2025,3,"IQ CITY MEDICAL COLLEGE, DURGAPUR",M.D. (PREVENTIVE AND SOCIAL MEDICINE)/ COMMUNITY MEDICINE,Open Quota,General,UR,73599,100809,2
2025,3,R G KAR MEDICAL COLLEGE,M.D. (PSYCHIATRY),In-Service,General,UR,101198,101198,1
2025,3,NORTH BENGAL MEDICAL COLLEGE AND HOSPITAL,M.D. (OBST. AND GYNAE)/MS (OBSTETRICS AND GYNAECOLOGY),In-Service,General,UR,101429,101429,1
2025,3,INSTITUTE OF POST GRADUATE MEDICAL EDUCATION AND RESEARCH KOLKATA,M.S. (ORTHOPAEDICS),In-Service,SC,SC,102079,102079,1
2025,3,BURDWAN MEDICAL COLLEGE,M.D. (PAEDIATRICS),In-Service,General,UR,102219,102219,1
2025,3,INSTITUTE OF POST GRADUATE MEDICAL EDUCATION AND RESEARCH KOLKATA,M.D. (PHYSIOLOGY),Open Quota,General,UR,102553,102553,1
2025,3,M R BANGUR HOSPITAL,(NBEMS) OBSTETRICS AND GYNAECOLOGY,In-Service DNB,SC,SC,102793,102793,1
2025,3,MEDICAL COLLEGE KOLKATA,DIPLOMA IN OTO- RHINO- LARYNGOLOGY,Open Quota,SC,SC,102814,102814,1
2025,3,R G KAR MEDICAL COLLEGE,M.D. (PHARMACOLOGY),Open Quota,SC,UR,102888,102888,1
2025,3,MALDA MEDICAL COLLEGE AND HOSPITAL,M.D. (OBST. AND GYNAE)/MS (OBSTETRICS AND GYNAECOLOGY),In-Service,General,UR,103044,103044,1
2025,3,MURSHIDABAD MEDICAL COLLEGE AND HOSPITAL,M.S. (GENERAL SURGERY),In-Service,OBC-A (Non-Creamy Layer),UR,103106,103106,1
2025,3,CALCUTTA NATIONAL MEDICAL COLLEGE KOLKATA,M.D. (PHARMACOLOGY),Open Quota,General,UR,102810,103154,2
2025,3,ICARE INSTITUTE OF MEDICAL SCIENCES AND RESEARCH HALDIA,M.D. (ANAESTHESIOLOGY),Open Quota,SC,SC,103785,103785,1
2025,3,GOURI DEVI INSTITUTE OF MEDICAL SCIENCES AND HOSPITAL,M.D. (RADIO- DIAGNOSIS),NRI Quota,SC,UR,103787,103787,1
2025,3,GOURI DEVI INSTITUTE OF MEDICAL SCIENCES AND HOSPITAL,M.S. (ORTHOPAEDICS),Private Management Quota,General,UR,99795,104095,2
2025,3,INSTITUTE OF POST GRADUATE MEDICAL EDUCATION AND RESEARCH KOLKATA,M.D. (OBST. AND GYNAE)/MS (OBSTETRICS AND GYNAECOLOGY),In-Service,General,UR,97032,104651,2
2025,3,R G KAR MEDICAL COLLEGE,M.D. (TUBERCULOSIS AND RESPIRATORY DISEASES)/PULMONA RY MEDICINE /M.D. (RESPIRATORY MEDICINE),In-Service,General,UR,105195,105195,1
2025,3,MEDICAL COLLEGE KOLKATA,DIPLOMA IN OPHTHALMOLOGY/DO MS,Open Quota,SC,SC,94684,105669,3
2025,3,GOURI DEVI INSTITUTE OF MEDICAL SCIENCES AND HOSPITAL,M.S. (GENERAL SURGERY),Open Quota,SC,SC,105889,105889,1
2025,3,ASANSOL DISTRICT HOSPITAL,(NBEMS) PAEDIATRICS,In-Service DNB,SC,SC,106174,106174,1
2025,3,GOURI DEVI INSTITUTE OF MEDICAL SCIENCES AND HOSPITAL,M.D. (PATHOLOGY),Open Quota,SC,UR,106471,106471,1
2025,3,BURDWAN MEDICAL COLLEGE,M.S. (OPHTHALMOLOGY),In-Service,General,UR,106528,106528,1
2025,3,MALDA MEDICAL COLLEGE AND HOSPITAL,M.D. (PAEDIATRICS),In-Service,General,UR,106535,106535,1
2025,3,COLLEGE OF MEDICINE AND SAGORE DUTTA HOSPITAL,"M.D. (DERM.,VENE. AND LEPROSY)/ (DERMATOLOGY)/ (SKIN AND VENEREAL DISEASES)/ (VENEREOLOGY)",In-Service,SC,SC,107451,107451,1
2025,3,COLLEGE OF MEDICINE AND JNM HOSPITAL KALYANI,M.D. (PREVENTIVE AND SOCIAL MEDICINE)/ COMMUNITY MEDICINE,Open Quota,SC,SC,107593,107593,1
2025,3,R G KAR MEDICAL COLLEGE,M.D. (PHYSIOLOGY),Open Quota,General,UR,107791,107791,1
2025,3,MEDICAL COLLEGE KOLKATA,M.D. (GENERAL MEDICINE),In-Service,SC,SC,108085,108085,1
2025,3,MEDICAL COLLEGE KOLKATA,M.S. (OPHTHALMOLOGY),In-Service,SC,UR,108261,108261,1
2025,3,NORTH BENGAL MEDICAL COLLEGE AND HOSPITAL,M.D. (MICROBIOLOGY),Open Quota,General,UR,108317,108317,1
2025,3,"RAMAKRISHNA MISSION SEVA PRATISHTHAN VIVEKANANDA INSTITUTE OF MEDICAL SCIENCES, KOLKATA",DIPLOMA IN OTO- RHINO- LARYNGOLOGY,Open Quota,SC,SC,108573,108573,1
2025,3,MEDICAL COLLEGE KOLKATA,M.D. (TUBERCULOSIS AND RESPIRATORY DISEASES)/PULMONA RY MEDICINE /M.D. (RESPIRATORY MEDICINE),In-Service,General,UR,108703,108703,1
2025,3,MEDICAL COLLEGE KOLKATA,M.D. (PAEDIATRICS),In-Service,ST,ST,109300,109300,1
2025,3,KPC MEDICAL COLLEGE,M.D. (RADIO- DIAGNOSIS),NRI Quota,General,UR,100093,109327,2
2025,3,CALCUTTA NATIONAL MEDICAL COLLEGE KOLKATA,M.D. (PSYCHIATRY),In-Service,SC,SC,110502,110502,1
2025,3,CALCUTTA NATIONAL MEDICAL COLLEGE KOLKATA,M.D. (PAEDIATRICS),In-Service,SC,SC,111049,111049,1
2025,3,CALCUTTA NATIONAL MEDICAL COLLEGE KOLKATA,M.D. (GENERAL MEDICINE),In-Service,SC,SC,111068,111068,1
2025,3,"SCHOOL OF TROPICAL MEDICINE, KOLKATA",M.D. (TROPICAL MEDICINE),Open Quota,EWS,EWS,111110,111110,1
2025,3,SHRI RAMKRISHNA INSTITUTE OF MEDICAL SCIENCES & SANAKA HOSPITALS,M.D. (ANAESTHESIOLOGY),Open Quota,SC,SC,111198,111693,2
2025,3,NORTH BENGAL MEDICAL COLLEGE AND HOSPITAL,M.D. (PAEDIATRICS),In-Service,SC,SC,112026,112026,1
2025,3,COLLEGE OF MEDICINE AND SAGORE DUTTA HOSPITAL,M.D. (PHARMACOLOGY),Open Quota,General,UR,112347,112347,1
2025,3,MEDICAL COLLEGE KOLKATA,DIPLOMA IN OPHTHALMOLOGY/DO MS,Open Quota,OBC-A (Non-Creamy Layer),OBC-A (Non-Creamy Layer),112623,112623,1
2025,3,JAGANNATH GUPTA INSTITUTE OF MEDICAL SCIENCES AND HOSPITAL,M.D. (ANAESTHESIOLOGY),Private Management Quota,OBC (Non-Creamy Layer),UR,112811,112811,1
2025,3,BURDWAN MEDICAL COLLEGE,M.D. (PHARMACOLOGY),Open Quota,General,UR,113684,113684,1
2025,3,KPC MEDICAL COLLEGE,M.S. (GENERAL SURGERY),Private Management Quota,General,UR,40345,113754,4
2025,3,"IQ CITY MEDICAL COLLEGE, DURGAPUR",M.S. (OPHTHALMOLOGY),Private Management Quota,OBC (Non-Creamy Layer),UR,113970,113970,1
2025,3,"IQ CITY MEDICAL COLLEGE, DURGAPUR",M.S. (GENERAL SURGERY),Private Management Quota,General,UR,92057,114588,4
2025,3,"IQ CITY MEDICAL COLLEGE, DURGAPUR",M.S. (OPHTHALMOLOGY),Private Management Quota,General,UR,111389,114619,2
2025,3,R G KAR MEDICAL COLLEGE,M.D. (PAEDIATRICS),In-Service,OBC-A (Non-Creamy Layer),OBC-A (Non-Creamy Layer),114649,114649,1
2025,3,BURDWAN MEDICAL COLLEGE,M.D. (MICROBIOLOGY),Open Quota,General,UR,98387,114660,2
2025,3,ICARE INSTITUTE OF MEDICAL SCIENCES AND RESEARCH HALDIA,M.D. (PAEDIATRICS),Open Quota,OBC-A (Non-Creamy Layer),OBC-A (Non-Creamy Layer),114786,114786,1
2025,3,KPC MEDICAL COLLEGE,M.D. (GENERAL MEDICINE),In-Service,OBC-A (Non-Creamy Layer),UR,114968,114968,1
2025,3,GOURI DEVI INSTITUTE OF MEDICAL SCIENCES AND HOSPITAL,M.S. (OPHTHALMOLOGY),Private Management Quota,OBC (Non-Creamy Layer),UR,115524,115524,1
2025,3,NIL RATAN SIRCAR MEDICAL COLLEGE,M.D. (RADIOTHERAPY/ RADIATION ONCOLOGY),Open Quota,ST,ST,115584,115584,1
2025,3,MEDICAL COLLEGE KOLKATA,M.D. (PHARMACOLOGY),Open Quota,SC,SC,116198,116198,1
2025,3,JIS SCHOOL OF MEDICAL SCIENCE & RESEARCH,M.D. (PATHOLOGY),Open Quota,General,UR,116560,116560,1
2025,3,INSTITUTE OF POST GRADUATE MEDICAL EDUCATION AND RESEARCH KOLKATA,M.D. (PHARMACOLOGY),Open Quota,SC,SC,107057,116661,2
2025,3,INSTITUTE OF POST GRADUATE MEDICAL EDUCATION AND RESEARCH KOLKATA,M.D. (BIOCHEMISTRY),Open Quota,General,UR,111768,116776,2
2025,3,R G KAR MEDICAL COLLEGE,M.S. (ORTHOPAEDICS),In-Service,SC,SC,116875,116875,1
2025,3,"CHITTARANJAN SEVA SADAN COLLEGE OF OBS. GYNAE AND CHILD HEALTH,KOLKATA",(NBEMS-DIPLOMA) PAEDIATRICS,In-Service DNB,OBC-A (Non-Creamy Layer),UR,117066,117066,1
2025,3,SHRI RAMKRISHNA INSTITUTE OF MEDICAL SCIENCES & SANAKA HOSPITALS,M.S. (E.N.T.),Open Quota,OBC (Non-Creamy Layer),UR,117509,117509,1
2025,3,DIAMOND HARBOUR GOVERNMENT MEDICAL COLLEGE AND HOSPITAL,(NBEMS) GENERAL MEDICINE,In-Service DNB,General,UR,117680,117680,1
2025,3,BANKURA SAMMILANI MEDICAL COLLEGE,M.D. (TUBERCULOSIS AND RESPIRATORY DISEASES)/PULMONA RY MEDICINE /M.D. (RESPIRATORY MEDICINE),In-Service,General,UR,117935,117935,1
2025,3,KPC MEDICAL COLLEGE,M.D. (PAEDIATRICS),In-Service,General,UR,118687,118687,1
2025,3,DIAMOND HARBOUR GOVERNMENT MEDICAL COLLEGE AND HOSPITAL,M.D. (MICROBIOLOGY),Open Quota,General,UR,118800,118800,1
2025,3,MIDNAPORE MEDICAL COLLEGE,M.D. (OBST. AND GYNAE)/MS (OBSTETRICS AND GYNAECOLOGY),In-Service,General,UR,119342,119342,1
2025,3,JAGANNATH GUPTA INSTITUTE OF MEDICAL SCIENCES AND HOSPITAL,M.S. (GENERAL SURGERY),Private Management Quota,General,UR,108489,119456,4
2025,3,GOURI DEVI INSTITUTE OF MEDICAL SCIENCES AND HOSPITAL,M.S. (GENERAL SURGERY),Private Management Quota,EWS,UR,119572,119572,1
2025,3,JAGANNATH GUPTA INSTITUTE OF MEDICAL SCIENCES AND HOSPITAL,M.D. (GENERAL MEDICINE),In-Service,General,UR,119649,119649,1
2025,3,BURDWAN MEDICAL COLLEGE,M.D. (ANAESTHESIOLOGY),Open Quota,ST,ST,119813,119813,1
2025,3,CALCUTTA NATIONAL MEDICAL COLLEGE KOLKATA,M.D. (OBST. AND GYNAE)/MS (OBSTETRICS AND GYNAECOLOGY),In-Service,SC,SC,119946,119946,1
2025,3,SHRI RAMKRISHNA INSTITUTE OF MEDICAL SCIENCES & SANAKA HOSPITALS,M.S. (OPHTHALMOLOGY),Open Quota,OBC (Non-Creamy Layer),UR,119991,119991,1
2025,3,BURDWAN MEDICAL COLLEGE,M.D. (GENERAL MEDICINE),In-Service,SC,SC,120349,120349,1
2025,3,NIL RATAN SIRCAR MEDICAL COLLEGE,M.D. (OBST. AND GYNAE)/MS (OBSTETRICS AND GYNAECOLOGY),In-Service,SC,UR,120352,120352,1
2025,3,SHRI RAMKRISHNA INSTITUTE OF MEDICAL SCIENCES & SANAKA HOSPITALS,M.S. (E.N.T.),Open Quota,General,UR,83498,120974,3
2025,3,SHRI RAMKRISHNA INSTITUTE OF MEDICAL SCIENCES & SANAKA HOSPITALS,M.D. (GENERAL MEDICINE),In-Service,General,UR,121239,121239,1
2025,3,ICARE INSTITUTE OF MEDICAL SCIENCES AND RESEARCH HALDIA,M.D. (TUBERCULOSIS AND RESPIRATORY DISEASES)/PULMONA RY MEDICINE /M.D. (RESPIRATORY MEDICINE),NRI Quota,General,UR,122263,122263,1
2025,3,KPC MEDICAL COLLEGE,M.D. (GENERAL MEDICINE),Open Quota,ST,ST,104996,123574,2
2025,3,SHRI RAMKRISHNA INSTITUTE OF MEDICAL SCIENCES & SANAKA HOSPITALS,M.D. (PSYCHIATRY),Open Quota,SC,SC,124334,124334,1
2025,3,NORTH BENGAL MEDICAL COLLEGE AND HOSPITAL,M.S. (GENERAL SURGERY),In-Service,SC,SC,124889,124889,1
2025,3,ASANSOL DISTRICT HOSPITAL,(NBEMS) GENERAL MEDICINE,In-Service DNB,General,UR,125079,125079,1
2025,3,GOURI DEVI INSTITUTE OF MEDICAL SCIENCES AND HOSPITAL,M.S. (GENERAL SURGERY),Private Management Quota,General,UR,123399,125122,2
2025,3,MAHARAJA JITENDRA NARAYAN MEDICAL COLLEGE AND HOSPITAL,(NBEMS) GENERAL SURGERY,In-Service DNB,SC,UR,125349,125349,1
2025,3,CALCUTTA NATIONAL MEDICAL COLLEGE KOLKATA,M.D. (OBST. AND GYNAE)/MS (OBSTETRICS AND GYNAECOLOGY),Open Quota,OBC (Non-Creamy Layer) PwD,UR PwD,125382,125382,1
2025,3,"IQ CITY MEDICAL COLLEGE, DURGAPUR",M.S. (E.N.T.),Private Management Quota,General,UR,110045,125842,2
2025,3,"IQ CITY MEDICAL COLLEGE, DURGAPUR",M.D. (ANAESTHESIOLOGY),Open Quota,SC,SC,125978,125978,1
2025,3,JAGANNATH GUPTA INSTITUTE OF MEDICAL SCIENCES AND HOSPITAL,M.D. (ANAESTHESIOLOGY),Open Quota,SC,SC,87720,126090,2
2025,3,ICARE INSTITUTE OF MEDICAL SCIENCES AND RESEARCH HALDIA,"M.D. (DERM.,VENE. AND LEPROSY)/ (DERMATOLOGY)/ (SKIN AND VENEREAL DISEASES)/ (VENEREOLOGY)",NRI Quota,General,UR,126157,126157,1
2025,3,DISTRICT HOSPITAL NADIA,(NBEMS-DIPLOMA) RADIO-DIAGNOSIS,In-Service DNB,General,UR,126175,126175,1
2025,3,DR. B C ROY POST GRADUATE INSTITUTE OF PAEDIATRIC SCIENCES,M.D. (PAEDIATRICS),In-Service,OBC-A (Non-Creamy Layer),OBC-A (Non-Creamy Layer),126291,126291,1
2025,3,CALCUTTA NATIONAL MEDICAL COLLEGE KOLKATA,M.D. (BIOCHEMISTRY),Open Quota,SC,SC,126316,126316,1
2025,3,R G KAR MEDICAL COLLEGE,M.D. (OBST. AND GYNAE)/MS (OBSTETRICS AND GYNAECOLOGY),In-Service,SC,UR,126459,126459,1
2025,3,GOURI DEVI INSTITUTE OF MEDICAL SCIENCES AND HOSPITAL,M.D. (PATHOLOGY),Open Quota,General,UR,126663,126663,1
2025,3,ICARE INSTITUTE OF MEDICAL SCIENCES AND RESEARCH HALDIA,M.S. (OPHTHALMOLOGY),Private Management Quota,General,UR,127770,127770,1
2025,3,NORTH BENGAL MEDICAL COLLEGE AND HOSPITAL,M.D. (GENERAL MEDICINE),In-Service,SC,SC,127809,127809,1
2025,3,SHRI RAMKRISHNA INSTITUTE OF MEDICAL SCIENCES & SANAKA HOSPITALS,"M.D. (DERM.,VENE. AND LEPROSY)/ (DERMATOLOGY)/ (SKIN AND VENEREAL DISEASES)/ (VENEREOLOGY)",NRI Quota,SC,UR,128130,128130,1
2025,3,INSTITUTE OF POST GRADUATE MEDICAL EDUCATION AND RESEARCH KOLKATA,M.D. (EMERGENCY AND CRITICAL CARE)/M.D. (EMERGENCY MEDICINE),Open Quota,ST,ST,128209,128209,1
2025,3,MEDICAL COLLEGE KOLKATA,M.D. (FORENSIC MEDICINE),Open Quota,SC,SC,128307,128307,1
2025,3,BURDWAN MEDICAL COLLEGE,M.D. (BIOCHEMISTRY),Open Quota,SC,UR,128714,128714,1
2025,3,NIL RATAN SIRCAR MEDICAL COLLEGE,M.D. (PSYCHIATRY),In-Service,General,UR,129205,129205,1
2025,3,INSTITUTE OF POST GRADUATE MEDICAL EDUCATION AND RESEARCH KOLKATA,M.S. (GENERAL SURGERY),In-Service,General,UR,129306,129306,1
2025,3,IMAMBARA DISTRICT HOSPITAL,(NBEMS) PAEDIATRICS,In-Service DNB,SC,SC,129486,129486,1
2025,3,RAMPURHAT GOVT. MEDICAL COLLEGE AND HOSPITAL,(NBEMS) GENERAL MEDICINE,In-Service DNB,OBC-B (Non-Creamy Layer),UR,129948,129948,1
2025,3,"SCHOOL OF TROPICAL MEDICINE, KOLKATA",M.D. (TROPICAL MEDICINE),In-Service,General,UR,130306,130306,1
2025,3,KPC MEDICAL COLLEGE,M.S. (ORTHOPAEDICS),In-Service,General,UR,131077,131077,1
2025,3,"IQ CITY MEDICAL COLLEGE, DURGAPUR",M.D. (PSYCHIATRY),Private Management Quota,General,UR,131300,131300,1
2025,3,R G KAR MEDICAL COLLEGE,M.D. (PHYSICAL MED. AND REHABILITATION),In-Service,General,UR,131768,131768,1
2025,3,MEDICAL COLLEGE KOLKATA,M.D. (PAEDIATRICS),In-Service,SC,SC,132065,132065,1
2025,3,KPC MEDICAL COLLEGE,"M.D. (DERM.,VENE. AND LEPROSY)/ (DERMATOLOGY)/ (SKIN AND VENEREAL DISEASES)/ (VENEREOLOGY)",NRI Quota,OBC (Non-Creamy Layer),UR,132275,132275,1
2025,3,"SCHOOL OF TROPICAL MEDICINE, KOLKATA",DIPLOMA IN CLINICAL PATHOLOGY,Open Quota,OBC-B (Non-Creamy Layer),OBC-B (Non-Creamy Layer),132300,132300,1
2025,3,MEDICAL COLLEGE KOLKATA,M.S. (GENERAL SURGERY),In-Service,SC,UR,132701,132701,1
2025,3,GOURI DEVI INSTITUTE OF MEDICAL SCIENCES AND HOSPITAL,M.D. (TUBERCULOSIS AND RESPIRATORY DISEASES)/PULMONA RY MEDICINE /M.D. (RESPIRATORY MEDICINE),In-Service,OBC-A (Non-Creamy Layer),UR,133887,133887,1
2025,3,MAHARAJA JITENDRA NARAYAN MEDICAL COLLEGE AND HOSPITAL,(NBEMS) GENERAL MEDICINE,In-Service DNB,ST,UR,134139,134139,1
2025,3,RAIGANJ GOVERNMENT MEDICAL COLLEGE AND HOSPITAL,(NBEMS) GENERAL MEDICINE,In-Service DNB,OBC-B (Non-Creamy Layer),UR,134154,134154,1
2025,3,INSTITUTE OF POST GRADUATE MEDICAL EDUCATION AND RESEARCH KOLKATA,M.D. (RADIOTHERAPY/ RADIATION ONCOLOGY),In-Service,SC,SC,134421,134421,1
2025,3,NIL RATAN SIRCAR MEDICAL COLLEGE,M.D. (OBST. AND GYNAE)/MS (OBSTETRICS AND GYNAECOLOGY),In-Service,OBC-A (Non-Creamy Layer),OBC-A (Non-Creamy Layer),134550,134550,1
2025,3,SHRI RAMKRISHNA INSTITUTE OF MEDICAL SCIENCES & SANAKA HOSPITALS,M.S. (GENERAL SURGERY),Private Management Quota,General,UR,117807,134641,3
2025,3,ESI PGIMSR AND ESIC MEDICAL COLLEGE JOKA KOLKATA,M.D. (PREVENTIVE AND SOCIAL MEDICINE)/ COMMUNITY MEDICINE,Open Quota,ST,ST,135152,135152,1
2025,3,INSTITUTE OF POST GRADUATE MEDICAL EDUCATION AND RESEARCH KOLKATA,M.D. (ANAESTHESIOLOGY),In-Service,SC,SC,135358,135358,1
2025,3,CALCUTTA NATIONAL MEDICAL COLLEGE KOLKATA,M.D. (OBST. AND GYNAE)/MS (OBSTETRICS AND GYNAECOLOGY),In-Service,General,UR,135392,135392,1
2025,3,SHRI RAMKRISHNA INSTITUTE OF MEDICAL SCIENCES & SANAKA HOSPITALS,M.S. (E.N.T.),Open Quota,SC,SC,136099,136099,1
2025,3,ICARE INSTITUTE OF MEDICAL SCIENCES AND RESEARCH HALDIA,M.D. (PSYCHIATRY),Private Management Quota,General,UR,107900,136518,2
2025,3,GOURI DEVI INSTITUTE OF MEDICAL SCIENCES AND HOSPITAL,M.D. (PAEDIATRICS),In-Service,General,UR,136551,136551,1
2025,3,DURGAPUR SUB DIVISIONAL HOSPITAL,(NBEMS-DIPLOMA) PAEDIATRICS,In-Service DNB,SC,UR,136695,136695,1
2025,3,MURSHIDABAD MEDICAL COLLEGE AND HOSPITAL,M.D. (PREVENTIVE AND SOCIAL MEDICINE)/ COMMUNITY MEDICINE,In-Service,General,UR,136800,136800,1
2025,3,DISTRICT HOSPITAL HOWRAH,(NBEMS) OBSTETRICS AND GYNAECOLOGY,In-Service DNB,SC,UR,136850,136850,1
2025,3,MEDICAL COLLEGE KOLKATA,DIPLOMA IN ORTHOPAEDICS,In-Service,General,UR,137468,137468,1
2025,3,JIS SCHOOL OF MEDICAL SCIENCE & RESEARCH,M.D. (ANAESTHESIOLOGY),Private Management Quota,General,UR,93057,137592,2
2025,3,NIL RATAN SIRCAR MEDICAL COLLEGE,M.S. (GENERAL SURGERY),In-Service,General,UR,137910,137910,1
2025,3,MEDICAL COLLEGE KOLKATA,M.D. (RADIOTHERAPY/ RADIATION ONCOLOGY),In-Service,General,UR,135212,137951,2
2025,3,MEDICAL COLLEGE KOLKATA,M.S. (OPHTHALMOLOGY),In-Service,General,UR,138362,138362,1
2025,3,COLLEGE OF MEDICINE AND SAGORE DUTTA HOSPITAL,M.D. (OBST. AND GYNAE)/MS (OBSTETRICS AND GYNAECOLOGY),In-Service,General,UR,138723,138723,1
2025,3,COLLEGE OF MEDICINE AND JNM HOSPITAL KALYANI,M.D. (PHARMACOLOGY),Open Quota,SC,SC,138830,138830,1
2025,3,"RAMAKRISHNA MISSION SEVA PRATISHTHAN VIVEKANANDA INSTITUTE OF MEDICAL SCIENCES, KOLKATA",M.D. (PAEDIATRICS),In-Service,SC,SC,138896,138896,1
2025,3,GOURI DEVI INSTITUTE OF MEDICAL SCIENCES AND HOSPITAL,M.D. (PSYCHIATRY),Private Management Quota,General,UR,139867,139867,1
2025,3,GOURI DEVI INSTITUTE OF MEDICAL SCIENCES AND HOSPITAL,M.S. (E.N.T.),Private Management Quota,General,UR,121087,140715,2
2025,3,MEDICAL COLLEGE KOLKATA,M.D. (BIOCHEMISTRY),Open Quota,General,UR,141141,141141,1
2025,3,BANKURA SAMMILANI MEDICAL COLLEGE,M.S. (E.N.T.),In-Service,General,UR,141161,141161,1
2025,3,INSTITUTE OF POST GRADUATE MEDICAL EDUCATION AND RESEARCH KOLKATA,M.D. (PHYSICAL MED. AND REHABILITATION),In-Service,SC,UR,141234,141234,1
2025,3,DISTRICT HOSPITAL NADIA,(NBEMS) GENERAL MEDICINE,In-Service DNB,General,UR,141315,141315,1
2025,3,NIL RATAN SIRCAR MEDICAL COLLEGE,M.D. (ANAESTHESIOLOGY),In-Service,General,UR,131541,141739,2
2025,3,SHRI RAMKRISHNA INSTITUTE OF MEDICAL SCIENCES & SANAKA HOSPITALS,M.D. (PSYCHIATRY),Private Management Quota,General,UR,142062,142062,1
2025,3,GOURI DEVI INSTITUTE OF MEDICAL SCIENCES AND HOSPITAL,M.D. (ANAESTHESIOLOGY),Private Management Quota,OBC (Non-Creamy Layer),UR,141166,142334,2
2025,3,NIL RATAN SIRCAR MEDICAL COLLEGE,M.D. (PHYSICAL MED. AND REHABILITATION),Open Quota,OBC-B (Non-Creamy Layer),OBC-B (Non-Creamy Layer),142907,142907,1
2025,3,KHARAGPUR SUB DIVISIONAL HOSPITAL,(NBEMS-DIPLOMA) PAEDIATRICS,In-Service DNB,OBC-A (Non-Creamy Layer),UR,143091,143091,1
2025,3,JAGANNATH GUPTA INSTITUTE OF MEDICAL SCIENCES AND HOSPITAL,M.S. (E.N.T.),Open Quota,OBC-B (Non-Creamy Layer),OBC-B (Non-Creamy Layer),143102,143102,1
2025,3,MIDNAPORE MEDICAL COLLEGE,M.D. (PHARMACOLOGY),Open Quota,SC,SC,143470,143470,1
2025,3,INSTITUTE OF POST GRADUATE MEDICAL EDUCATION AND RESEARCH KOLKATA,M.D. (PATHOLOGY),In-Service,General,UR,144025,144025,1
2025,3,ALL INDIA INSTITUTE OF HYGIENE AND PUBLIC HEALTH,M.D. (PREVENTIVE AND SOCIAL MEDICINE)/ COMMUNITY MEDICINE,Open Quota,OBC-A (Non-Creamy Layer),OBC (Non-Creamy Layer),51421,144827,2
2025,3,BURDWAN MEDICAL COLLEGE,M.S. (ORTHOPAEDICS),In-Service,SC,SC,144868,144868,1
2025,3,BANKURA SAMMILANI MEDICAL COLLEGE,M.D. (PAEDIATRICS),In-Service,SC,SC,144906,144906,1
2025,3,"CHITTARANJAN SEVA SADAN COLLEGE OF OBS. GYNAE AND CHILD HEALTH,KOLKATA",M.D. (OBST. AND GYNAE)/MS (OBSTETRICS AND GYNAECOLOGY),In-Service,SC,UR,145359,145359,1
2025,3,"CHITTARANJAN SEVA SADAN COLLEGE OF OBS. GYNAE AND CHILD HEALTH,KOLKATA",M.D. (OBST. AND GYNAE)/MS (OBSTETRICS AND GYNAECOLOGY),In-Service,SC,SC,145700,145700,1
2025,3,MEDICAL COLLEGE KOLKATA,M.D. (OBST. AND GYNAE)/MS (OBSTETRICS AND GYNAECOLOGY),In-Service,SC,UR,140469,145923,2
2025,3,"IQ CITY MEDICAL COLLEGE, DURGAPUR",M.D. (PATHOLOGY),Private Management Quota,General,UR,113640,146200,3
2025,3,ICARE INSTITUTE OF MEDICAL SCIENCES AND RESEARCH HALDIA,M.D. (ANAESTHESIOLOGY),Private Management Quota,General,UR,146432,146432,1
2025,3,GOURI DEVI INSTITUTE OF MEDICAL SCIENCES AND HOSPITAL,M.D. (PSYCHIATRY),Private Management Quota,OBC (Non-Creamy Layer),UR,146464,146464,1
2025,3,DISTRICT HOSPITAL HOWRAH,(NBEMS) ANAESTHESIOLOGY,In-Service DNB,General,UR,147012,147012,1
2025,3,"IQ CITY MEDICAL COLLEGE, DURGAPUR",M.D. (RADIO- DIAGNOSIS),Open Quota,SC PwD,UR PwD,147604,147604,1
2025,3,M R BANGUR HOSPITAL,(NBEMS-DIPLOMA) PAEDIATRICS,In-Service DNB,General,UR,148514,148514,1
2025,3,R G KAR MEDICAL COLLEGE,M.S. (GENERAL SURGERY),In-Service,SC,UR,148521,148521,1
2025,3,MAHARAJA JITENDRA NARAYAN MEDICAL COLLEGE AND HOSPITAL,(NBEMS) GENERAL MEDICINE,In-Service DNB,SC,SC,149114,149114,1
2025,3,GOURI DEVI INSTITUTE OF MEDICAL SCIENCES AND HOSPITAL,M.D. (ANAESTHESIOLOGY),Private Management Quota,General,UR,129279,149296,2
2025,3,DIAMOND HARBOUR GOVERNMENT MEDICAL COLLEGE AND HOSPITAL,(NBEMS-DIPLOMA) TUBERCULOSIS AND CHEST DISEASES,In-Service DNB,General,UR,149304,149304,1
2025,3,R G KAR MEDICAL COLLEGE,M.D. (PHYSIOLOGY),Open Quota,SC,UR,149690,149690,1
2025,3,R G KAR MEDICAL COLLEGE,M.D. (MICROBIOLOGY),Open Quota,SC,SC,112898,149773,2
2025,3,ICARE INSTITUTE OF MEDICAL SCIENCES AND RESEARCH HALDIA,M.S. (OPHTHALMOLOGY),Open Quota,SC,SC,150460,150460,1
2025,3,KPC MEDICAL COLLEGE,M.D. (PREVENTIVE AND SOCIAL MEDICINE)/ COMMUNITY MEDICINE,Open Quota,General,UR,140167,150830,2
2025,3,INSTITUTE OF POST GRADUATE MEDICAL EDUCATION AND RESEARCH KOLKATA,M.S. (E.N.T.),In-Service,General,UR,150919,150919,1
2025,3,ASANSOL DISTRICT HOSPITAL,(NBEMS) GENERAL SURGERY,In-Service DNB,General,UR,151497,151497,1
2025,3,BANKURA SAMMILANI MEDICAL COLLEGE,M.S. (OPHTHALMOLOGY),In-Service,General,UR,151845,151845,1
2025,3,MEDICAL COLLEGE KOLKATA,M.D. (FORENSIC MEDICINE),Open Quota,General,UR,152132,152132,1
2025,3,"IQ CITY MEDICAL COLLEGE, DURGAPUR",M.D. (ANAESTHESIOLOGY),Private Management Quota,General,UR,96115,152141,4
2025,3,RAMPURHAT GOVT. MEDICAL COLLEGE AND HOSPITAL,(NBEMS) PAEDIATRICS,In-Service DNB,General,UR,152226,152226,1
2025,3,ICARE INSTITUTE OF MEDICAL SCIENCES AND RESEARCH HALDIA,M.S. (E.N.T.),Private Management Quota,General,UR,152892,152892,1
2025,3,NIL RATAN SIRCAR MEDICAL COLLEGE,M.D. (FORENSIC MEDICINE),Open Quota,General,UR,153161,153161,1
2025,3,NORTH BENGAL MEDICAL COLLEGE AND HOSPITAL,M.D. (PATHOLOGY),In-Service,General,UR,153187,153187,1
2025,3,ICARE INSTITUTE OF MEDICAL SCIENCES AND RESEARCH HALDIA,M.D. (PAEDIATRICS),In-Service,General,UR,153200,153200,1
2025,3,CALCUTTA NATIONAL MEDICAL COLLEGE KOLKATA,M.S. (GENERAL SURGERY),In-Service,General,UR,145534,153223,2
2025,3,NIL RATAN SIRCAR MEDICAL COLLEGE,M.S. (ORTHOPAEDICS),In-Service,OBC-B (Non-Creamy Layer),OBC-B (Non-Creamy Layer),154032,154032,1
2025,3,MEDICAL COLLEGE KOLKATA,M.D. (PATHOLOGY),Open Quota,OBC-B (Non-Creamy Layer),OBC-B (Non-Creamy Layer),154043,154043,1
2025,3,BANKURA SAMMILANI MEDICAL COLLEGE,M.D. (PATHOLOGY),In-Service,General,UR,154177,154177,1
2025,3,PRAFULLA CHANDRA SEN GOVT. MEDICAL COLLEGE AND HOSPITAL,(NBEMS-DIPLOMA) PAEDIATRICS,In-Service DNB,General,UR,154383,154383,1
2025,3,MEDICAL COLLEGE KOLKATA,M.D. (OBST. AND GYNAE)/MS (OBSTETRICS AND GYNAECOLOGY),In-Service,OBC-A (Non-Creamy Layer),OBC-A (Non-Creamy Layer),154541,154541,1
2025,3,CALCUTTA NATIONAL MEDICAL COLLEGE KOLKATA,M.D. (OBST. AND GYNAE)/MS (OBSTETRICS AND GYNAECOLOGY),In-Service,OBC-B (Non-Creamy Layer),UR,154805,154805,1
2025,3,INSTITUTE OF POST GRADUATE MEDICAL EDUCATION AND RESEARCH KOLKATA,M.D. (ANAESTHESIOLOGY),In-Service,General,UR,125543,155137,2
2025,3,KPC MEDICAL COLLEGE,M.D. (MICROBIOLOGY),Open Quota,General,UR,131741,156257,2
2025,3,INSTITUTE OF POST GRADUATE MEDICAL EDUCATION AND RESEARCH KOLKATA,M.D. (MICROBIOLOGY),Open Quota,SC,SC,156476,156476,1
2025,3,INSTITUTE OF POST GRADUATE MEDICAL EDUCATION AND RESEARCH KOLKATA,M.D. (RADIOTHERAPY/ RADIATION ONCOLOGY),In-Service,General,UR,156891,156891,1
2025,3,NORTH BENGAL MEDICAL COLLEGE AND HOSPITAL,M.D. (PHYSIOLOGY),Open Quota,SC,UR,158147,158147,1
2025,3,R G KAR MEDICAL COLLEGE,M.D. (FORENSIC MEDICINE),Open Quota,General,UR,158455,158455,1
2025,3,Jalpaiguri Government Medical College and Hospital (Formerly DISTRICT HOSPITAL) JALPAIGURI,(NBEMS) OBSTETRICS AND GYNAECOLOGY,In-Service DNB,General,UR,159563,159563,1
2025,3,"IQ CITY MEDICAL COLLEGE, DURGAPUR",M.S. (OPHTHALMOLOGY),Open Quota,SC,SC,160831,160831,1
2025,3,CALCUTTA NATIONAL MEDICAL COLLEGE KOLKATA,M.S. (OPHTHALMOLOGY),In-Service,SC,UR,160846,160846,1
2025,3,R G KAR MEDICAL COLLEGE,M.S. (GENERAL SURGERY),In-Service,General,UR,161042,161042,1
2025,3,BANKURA SAMMILANI MEDICAL COLLEGE,M.D. (OBST. AND GYNAE)/MS (OBSTETRICS AND GYNAECOLOGY),In-Service,SC,SC,161483,161483,1
2025,3,R G KAR MEDICAL COLLEGE,M.D. (RADIOTHERAPY/ RADIATION ONCOLOGY),In-Service,General,UR,161591,161591,1
2025,3,JIS SCHOOL OF MEDICAL SCIENCE & RESEARCH,M.D. (PAEDIATRICS),In-Service,SC,SC,162016,162016,1
2025,3,SHRI RAMKRISHNA INSTITUTE OF MEDICAL SCIENCES & SANAKA HOSPITALS,M.D. (PSYCHIATRY),Open Quota,ST,ST,162673,162673,1
2025,3,MEDICAL COLLEGE KOLKATA,M.D. GERIATRICS,In-Service,SC,SC,163321,163321,1
2025,3,MURSHIDABAD MEDICAL COLLEGE AND HOSPITAL,M.D. (OBST. AND GYNAE)/MS (OBSTETRICS AND GYNAECOLOGY),In-Service,SC,SC,164282,164282,1
2025,3,"RAMAKRISHNA MISSION SEVA PRATISHTHAN VIVEKANANDA INSTITUTE OF MEDICAL SCIENCES, KOLKATA",M.S. (OPHTHALMOLOGY),In-Service,General,UR,165820,165820,1
2025,3,NIL RATAN SIRCAR MEDICAL COLLEGE,M.D. (FORENSIC MEDICINE),Open Quota,SC,SC,165875,165875,1
2025,3,SHRI RAMKRISHNA INSTITUTE OF MEDICAL SCIENCES & SANAKA HOSPITALS,M.D. (PAEDIATRICS),In-Service,General,UR,166242,166242,1
2025,3,BANKURA SAMMILANI MEDICAL COLLEGE,M.D. (PHYSIOLOGY),Open Quota,OBC (Non-Creamy Layer),UR,167170,167170,1
2025,3,ICARE INSTITUTE OF MEDICAL SCIENCES AND RESEARCH HALDIA,M.D. (PATHOLOGY),Private Management Quota,General,UR,167198,167198,1
2025,3,NIL RATAN SIRCAR MEDICAL COLLEGE,M.D. (PREVENTIVE AND SOCIAL MEDICINE)/ COMMUNITY MEDICINE,In-Service,General,UR,167279,167279,1
2025,3,"IQ CITY MEDICAL COLLEGE, DURGAPUR",M.D. (MICROBIOLOGY),Open Quota,General,UR,167414,167414,1
2025,3,INSTITUTE OF POST GRADUATE MEDICAL EDUCATION AND RESEARCH KOLKATA,M.D. (PATHOLOGY),Open Quota,ST,ST,155398,167695,2
2025,3,INSTITUTE OF POST GRADUATE MEDICAL EDUCATION AND RESEARCH KOLKATA,M.D. (PHYSICAL MED. AND REHABILITATION),In-Service,SC,SC,167704,167704,1
2025,3,GOURI DEVI INSTITUTE OF MEDICAL SCIENCES AND HOSPITAL,M.D. (PATHOLOGY),Private Management Quota,General,UR,167999,167999,1
2025,3,"SCHOOL OF TROPICAL MEDICINE, KOLKATA",M.D. (TROPICAL MEDICINE),In-Service,SC,SC,168489,168489,1
2025,3,MEDICAL COLLEGE KOLKATA,M.D. (OBST. AND GYNAE)/MS (OBSTETRICS AND GYNAECOLOGY),In-Service,SC,SC,168735,168735,1
2025,3,NORTH BENGAL MEDICAL COLLEGE AND HOSPITAL,M.D. (OBST. AND GYNAE)/MS (OBSTETRICS AND GYNAECOLOGY),In-Service,SC,SC,168915,168915,1
2025,3,CALCUTTA NATIONAL MEDICAL COLLEGE KOLKATA,M.D. (PATHOLOGY),In-Service,SC,UR,169887,169887,1
2025,3,MIDNAPORE MEDICAL COLLEGE,M.D. (OBST. AND GYNAE)/MS (OBSTETRICS AND GYNAECOLOGY),In-Service,SC,UR,170615,170615,1
2025,3,DIAMOND HARBOUR GOVERNMENT MEDICAL COLLEGE AND HOSPITAL,M.S. (OPHTHALMOLOGY),In-Service,General,UR,171320,171320,1
2025,3,ICARE INSTITUTE OF MEDICAL SCIENCES AND RESEARCH HALDIA,M.S. (ORTHOPAEDICS),In-Service,General,UR,171647,171647,1
2025,3,JAGANNATH GUPTA INSTITUTE OF MEDICAL SCIENCES AND HOSPITAL,M.D. (GENERAL MEDICINE),NRI Quota,SC,UR,171772,171772,1
2025,3,ALL INDIA INSTITUTE OF HYGIENE AND PUBLIC HEALTH,M.D. (PREVENTIVE AND SOCIAL MEDICINE)/ COMMUNITY MEDICINE,In-Service,General,UR,172290,172290,1
2025,3,ESI PGIMSR AND ESIC MEDICAL COLLEGE JOKA KOLKATA,M.D. (OBST. AND GYNAE)/MS (OBSTETRICS AND GYNAECOLOGY),In-Service,SC,SC,172784,172784,1
2025,3,MEDICAL COLLEGE KOLKATA,M.S. (GENERAL SURGERY),In-Service,SC,SC,173437,173437,1
2025,3,COLLEGE OF MEDICINE AND JNM HOSPITAL KALYANI,M.D. (FORENSIC MEDICINE),Open Quota,General,UR,173471,173471,1
2025,3,MEDICAL COLLEGE KOLKATA,M.D. (ANAESTHESIOLOGY),In-Service,General,UR,173978,173978,1
2025,3,MEDICAL COLLEGE KOLKATA,"M.D. (DERM.,VENE. AND LEPROSY)/ (DERMATOLOGY)/ (SKIN AND VENEREAL DISEASES)/ (VENEREOLOGY)",Open Quota,General PwD,UR PwD,173990,173990,1
2025,3,INSTITUTE OF POST GRADUATE MEDICAL EDUCATION AND RESEARCH KOLKATA,M.S. (E.N.T.),In-Service,SC,SC,174688,174688,1
2025,3,ICARE INSTITUTE OF MEDICAL SCIENCES AND RESEARCH HALDIA,M.S. (GENERAL SURGERY),Open Quota,OBC-A (Non-Creamy Layer),OBC-A (Non-Creamy Layer),176355,176355,1
2025,3,GOURI DEVI INSTITUTE OF MEDICAL SCIENCES AND HOSPITAL,M.D. (PREVENTIVE AND SOCIAL MEDICINE)/ COMMUNITY MEDICINE,Open Quota,General,UR,176653,176653,1
2025,3,"RAMAKRISHNA MISSION SEVA PRATISHTHAN VIVEKANANDA INSTITUTE OF MEDICAL SCIENCES, KOLKATA",M.D. (OBST. AND GYNAE)/MS (OBSTETRICS AND GYNAECOLOGY),In-Service,General,UR,125743,176668,2
2025,3,CALCUTTA NATIONAL MEDICAL COLLEGE KOLKATA,M.D. (ANAESTHESIOLOGY),In-Service,General,UR,176906,176906,1
2025,3,NORTH BENGAL MEDICAL COLLEGE AND HOSPITAL,M.D. (GENERAL MEDICINE),In-Service,ST,ST,177100,177100,1
2025,3,ASANSOL DISTRICT HOSPITAL,(NBEMS) ANAESTHESIOLOGY,In-Service DNB,SC,SC,177209,177209,1
2025,3,BANKURA SAMMILANI MEDICAL COLLEGE,M.D. (OBST. AND GYNAE)/MS (OBSTETRICS AND GYNAECOLOGY),In-Service,OBC-B (Non-Creamy Layer),OBC-B (Non-Creamy Layer),177524,177524,1
2025,3,ESI PGIMSR AND ESIC MEDICAL COLLEGE JOKA KOLKATA,M.S. (GENERAL SURGERY),In-Service,General,UR,178074,178074,1
2025,3,CALCUTTA NATIONAL MEDICAL COLLEGE KOLKATA,M.D. (PHYSIOLOGY),Open Quota,General,UR,134781,178127,2
2025,3,MALDA MEDICAL COLLEGE AND HOSPITAL,M.S. (GENERAL SURGERY),In-Service,General,UR,178200,178200,1
2025,3,R G KAR MEDICAL COLLEGE,M.S. (OPHTHALMOLOGY),In-Service,SC,SC,178309,178309,1
2025,3,BURDWAN MEDICAL COLLEGE,M.D. (OBST. AND GYNAE)/MS (OBSTETRICS AND GYNAECOLOGY),In-Service,OBC-A (Non-Creamy Layer),OBC-A (Non-Creamy Layer),178341,178341,1
2025,3,BANKURA SAMMILANI MEDICAL COLLEGE,M.D. (FORENSIC MEDICINE),Open Quota,General,UR,178454,178454,1
2025,3,CALCUTTA NATIONAL MEDICAL COLLEGE KOLKATA,M.S. (OPHTHALMOLOGY),In-Service,SC,SC,178498,178498,1
2025,3,KPC MEDICAL COLLEGE,M.D. (PATHOLOGY),Private Management Quota,General,UR,135252,178683,2
2025,3,COLLEGE OF MEDICINE AND SAGORE DUTTA HOSPITAL,M.D. (PATHOLOGY),In-Service,SC,SC,179560,179560,1
2025,3,MALDA MEDICAL COLLEGE AND HOSPITAL,M.S. (OPHTHALMOLOGY),In-Service,SC,SC,179573,179573,1
2025,3,GOURI DEVI INSTITUTE OF MEDICAL SCIENCES AND HOSPITAL,M.D. (PREVENTIVE AND SOCIAL MEDICINE)/ COMMUNITY MEDICINE,Open Quota,OBC-A (Non-Creamy Layer),UR,179670,179670,1
2025,3,KPC MEDICAL COLLEGE,M.D. (PHARMACOLOGY),Open Quota,General,UR,150702,180116,2
2025,3,NIL RATAN SIRCAR MEDICAL COLLEGE,M.D. (PREVENTIVE AND SOCIAL MEDICINE)/ COMMUNITY MEDICINE,Open Quota,OBC-A (Non-Creamy Layer),OBC-A (Non-Creamy Layer),180251,180251,1
2025,3,INSTITUTE OF POST GRADUATE MEDICAL EDUCATION AND RESEARCH KOLKATA,M.D. (PREVENTIVE AND SOCIAL MEDICINE)/ COMMUNITY MEDICINE,In-Service,General,UR,180313,180313,1
2025,3,JAGANNATH GUPTA INSTITUTE OF MEDICAL SCIENCES AND HOSPITAL,M.S. (GENERAL SURGERY),Open Quota,OBC-A (Non-Creamy Layer),OBC-A (Non-Creamy Layer),180659,180659,1
2025,3,NORTH BENGAL MEDICAL COLLEGE AND HOSPITAL,M.D. (FORENSIC MEDICINE),Open Quota,General,UR,180673,180673,1
2025,3,GOURI DEVI INSTITUTE OF MEDICAL SCIENCES AND HOSPITAL,M.D. (RADIO- DIAGNOSIS),NRI Quota,General,UR,124393,181014,3
2025,3,ALL INDIA INSTITUTE OF HYGIENE AND PUBLIC HEALTH,M.D. (PREVENTIVE AND SOCIAL MEDICINE)/ COMMUNITY MEDICINE,In-Service,SC,UR,181276,181276,1
2025,3,INSTITUTE OF POST GRADUATE MEDICAL EDUCATION AND RESEARCH KOLKATA,M.D. (PATHOLOGY),In-Service,SC,UR,181287,181287,1
2025,3,BURDWAN MEDICAL COLLEGE,M.S. (GENERAL SURGERY),In-Service,OBC-B (Non-Creamy Layer),OBC-B (Non-Creamy Layer),181309,181309,1
2025,3,IMAMBARA DISTRICT HOSPITAL,(NBEMS) OBSTETRICS AND GYNAECOLOGY,In-Service DNB,OBC-A (Non-Creamy Layer),OBC-A (Non-Creamy Layer),181494,181494,1
2025,3,KPC MEDICAL COLLEGE,M.S. (ORTHOPAEDICS),NRI Quota,General,UR,93133,181562,2
2025,3,R G KAR MEDICAL COLLEGE,M.D. (ANAESTHESIOLOGY),In-Service,General,UR,175160,181606,3
2025,3,MURSHIDABAD MEDICAL COLLEGE AND HOSPITAL,M.D. (ANAESTHESIOLOGY),In-Service,OBC-A (Non-Creamy Layer),UR,181678,181678,1
2025,3,ICARE INSTITUTE OF MEDICAL SCIENCES AND RESEARCH HALDIA,M.D. (PSYCHIATRY),In-Service,General,UR,181873,181873,1
2025,3,KPC MEDICAL COLLEGE,M.D. (OBST. AND GYNAE)/MS (OBSTETRICS AND GYNAECOLOGY),In-Service,SC,UR,181963,181963,1
2025,3,BARASAT GOVERNMENT MEDICAL COLLEGE AND HOSPITAL,(NBEMS) GENERAL MEDICINE,In-Service DNB,SC,SC,181993,181993,1
2025,3,CALCUTTA NATIONAL MEDICAL COLLEGE KOLKATA,M.S. (GENERAL SURGERY),In-Service,SC,SC,182011,182011,1
2025,3,MALDA MEDICAL COLLEGE AND HOSPITAL,M.D. (BIOCHEMISTRY),Open Quota,General,UR,182324,182324,1
2025,3,KPC MEDICAL COLLEGE,"M.D. (DERM.,VENE. AND LEPROSY)/ (DERMATOLOGY)/ (SKIN AND VENEREAL DISEASES)/ (VENEREOLOGY)",NRI Quota,General,UR,182522,182522,1
2025,3,"DEBEN MAHATO SADAR HOSPITAL, PURULIA",(NBEMS-DIPLOMA) PAEDIATRICS,In-Service DNB,General,UR,182927,182927,1
2025,3,COLLEGE OF MEDICINE AND SAGORE DUTTA HOSPITAL,M.D. (PAEDIATRICS),Open Quota,General PwD,UR PwD,182998,182998,1
2025,3,BANKURA SAMMILANI MEDICAL COLLEGE,M.D. (ANAESTHESIOLOGY),In-Service,SC,UR,183259,183259,1
2025,3,ICARE INSTITUTE OF MEDICAL SCIENCES AND RESEARCH HALDIA,M.D. (GENERAL MEDICINE),NRI Quota,General,UR,162046,183500,2
2025,3,KPC MEDICAL COLLEGE,M.D. (OBST. AND GYNAE)/MS (OBSTETRICS AND GYNAECOLOGY),NRI Quota,SC,UR,184053,184053,1
2025,3,R G KAR MEDICAL COLLEGE,M.D. (FORENSIC MEDICINE),Open Quota,SC,SC,184070,184070,1
2025,3,GOURI DEVI INSTITUTE OF MEDICAL SCIENCES AND HOSPITAL,M.D. (PHYSIOLOGY),Open Quota,General,UR,184158,184158,1
2025,3,COLLEGE OF MEDICINE AND JNM HOSPITAL KALYANI,M.D. (OBST. AND GYNAE)/MS (OBSTETRICS AND GYNAECOLOGY),In-Service,OBC-B (Non-Creamy Layer),OBC-B (Non-Creamy Layer),185116,185116,1
2025,3,BURDWAN MEDICAL COLLEGE,M.D. (PAEDIATRICS),In-Service,OBC-A (Non-Creamy Layer),OBC-A (Non-Creamy Layer),185385,185385,1
2025,3,MIDNAPORE MEDICAL COLLEGE,M.S. (GENERAL SURGERY),In-Service,SC,UR,182587,185977,2
2025,3,NIL RATAN SIRCAR MEDICAL COLLEGE,M.S. (GENERAL SURGERY),In-Service,OBC-A (Non-Creamy Layer),OBC-A (Non-Creamy Layer),187033,187033,1
2025,3,CALCUTTA NATIONAL MEDICAL COLLEGE KOLKATA,M.D. (PREVENTIVE AND SOCIAL MEDICINE)/ COMMUNITY MEDICINE,In-Service,General,UR,187089,187089,1
2025,3,MURSHIDABAD MEDICAL COLLEGE AND HOSPITAL,M.D. (PATHOLOGY),In-Service,General,UR,187521,187521,1
2025,3,"RAMAKRISHNA MISSION SEVA PRATISHTHAN VIVEKANANDA INSTITUTE OF MEDICAL SCIENCES, KOLKATA",M.D. (ANAESTHESIOLOGY),In-Service,General,UR,184315,187566,2
2025,3,DIAMOND HARBOUR GOVERNMENT MEDICAL COLLEGE AND HOSPITAL,(NBEMS) OBSTETRICS AND GYNAECOLOGY,In-Service DNB,SC,UR,187568,187568,1
2025,3,DIAMOND HARBOUR GOVERNMENT MEDICAL COLLEGE AND HOSPITAL,(NBEMS) OBSTETRICS AND GYNAECOLOGY,In-Service DNB,SC,SC,188128,188128,1
2025,3,RAIGANJ GOVERNMENT MEDICAL COLLEGE AND HOSPITAL,(NBEMS) GENERAL MEDICINE,In-Service DNB,SC,SC,188135,188135,1
2025,3,BURDWAN MEDICAL COLLEGE,M.D. (ANAESTHESIOLOGY),In-Service,General,UR,188306,188306,1
2025,3,INSTITUTE OF POST GRADUATE MEDICAL EDUCATION AND RESEARCH KOLKATA,M.D. (OBST. AND GYNAE)/MS (OBSTETRICS AND GYNAECOLOGY),In-Service,ST,ST,188548,188548,1
2025,3,MIDNAPORE MEDICAL COLLEGE,M.D. (ANAESTHESIOLOGY),In-Service,General,UR,188598,188598,1
2025,3,IMAMBARA DISTRICT HOSPITAL,(NBEMS) ANAESTHESIOLOGY,In-Service DNB,General,UR,189502,189502,1
2025,3,NIL RATAN SIRCAR MEDICAL COLLEGE,M.S. (E.N.T.),In-Service,SC,SC,189680,189680,1
2025,3,R G KAR MEDICAL COLLEGE,M.S. (E.N.T.),In-Service,General,UR,189713,189713,1
2025,3,"RAMAKRISHNA MISSION SEVA PRATISHTHAN VIVEKANANDA INSTITUTE OF MEDICAL SCIENCES, KOLKATA",M.S. (GENERAL SURGERY),In-Service,General,UR,189828,189828,1
2025,3,BANKURA SAMMILANI MEDICAL COLLEGE,M.S. (GENERAL SURGERY),In-Service,General,UR,175754,190172,2
2025,3,BURDWAN MEDICAL COLLEGE,M.S. (GENERAL SURGERY),In-Service,SC,SC,190823,190823,1
2025,3,Jalpaiguri Government Medical College and Hospital (Formerly DISTRICT HOSPITAL) JALPAIGURI,(NBEMS) GENERAL MEDICINE,In-Service DNB,SC,SC,190825,190825,1
2025,3,IMAMBARA DISTRICT HOSPITAL,(NBEMS) GENERAL SURGERY,In-Service DNB,General,UR,190895,190895,1
2025,3,BURDWAN MEDICAL COLLEGE,M.D. (BIOCHEMISTRY),Open Quota,General,UR,190947,190947,1
2025,3,"DEBEN MAHATO SADAR HOSPITAL, PURULIA",(NBEMS) GENERAL MEDICINE,In-Service DNB,OBC-B (Non-Creamy Layer),OBC-B (Non-Creamy Layer),190961,190961,1
2025,3,MEDICAL COLLEGE KOLKATA,M.S. (E.N.T.),In-Service,SC,UR,191047,191047,1
2025,3,COLLEGE OF MEDICINE AND JNM HOSPITAL KALYANI,M.D. (PHYSIOLOGY),Open Quota,General,UR,191255,191255,1
2025,3,MEDICAL COLLEGE KOLKATA,M.D. (ANAESTHESIOLOGY),In-Service,SC,SC,177751,191321,2
2025,3,MEDICAL COLLEGE KOLKATA,DIP.IN GYNAE. AND OBST.,In-Service,General,UR,192029,192029,1
2025,3,"WALSH S.D.H., SERAMPORE",(NBEMS) OBSTETRICS AND GYNAECOLOGY,In-Service DNB,General,UR,192079,192079,1
2025,3,JIS SCHOOL OF MEDICAL SCIENCE & RESEARCH,M.D. (PATHOLOGY),Private Management Quota,General,UR,186950,192108,2
2025,3,RAMPURHAT GOVT. MEDICAL COLLEGE AND HOSPITAL,(NBEMS) OBSTETRICS AND GYNAECOLOGY,In-Service DNB,General,UR,192236,192236,1
2025,3,JAGANNATH GUPTA INSTITUTE OF MEDICAL SCIENCES AND HOSPITAL,M.S. (ORTHOPAEDICS),NRI Quota,SC,UR,192463,192463,1
2025,3,R G KAR MEDICAL COLLEGE,M.D. (OBST. AND GYNAE)/MS (OBSTETRICS AND GYNAECOLOGY),In-Service,OBC-B (Non-Creamy Layer),OBC-B (Non-Creamy Layer),192497,192497,1
2025,3,NIL RATAN SIRCAR MEDICAL COLLEGE,(NBEMS) CARDIO VASCULAR AND THORACIC SURGERY (DIRECT 6 YEARS COURSE),In-Service,General,UR,186133,193036,2
2025,3,SURI SADAR HOSPITAL,(NBEMS) OBSTETRICS AND GYNAECOLOGY,In-Service DNB,SC,SC,193698,193698,1
2025,3,ICARE INSTITUTE OF MEDICAL SCIENCES AND RESEARCH HALDIA,M.S. (ORTHOPAEDICS),NRI Quota,General,UR,193784,193784,1
2025,3,R G KAR MEDICAL COLLEGE,M.D. (ANAESTHESIOLOGY),In-Service,SC,SC,193816,193816,1
2025,3,KPC MEDICAL COLLEGE,M.S. (GENERAL SURGERY),In-Service,General,UR,193860,193860,1
2025,3,ASANSOL DISTRICT HOSPITAL,(NBEMS) OBSTETRICS AND GYNAECOLOGY,In-Service DNB,SC,UR,193886,193886,1
2025,3,BANKURA SAMMILANI MEDICAL COLLEGE,M.S. (GENERAL SURGERY),In-Service,SC,SC,192456,193955,2
2025,3,COLLEGE OF MEDICINE AND SAGORE DUTTA HOSPITAL,M.D. (PREVENTIVE AND SOCIAL MEDICINE)/ COMMUNITY MEDICINE,In-Service,SC,SC,193973,193973,1
2025,3,CALCUTTA NATIONAL MEDICAL COLLEGE KOLKATA,M.D. (ANAESTHESIOLOGY),In-Service,SC,SC,194504,194504,1
2025,3,"IQ CITY MEDICAL COLLEGE, DURGAPUR",M.D. (PHARMACOLOGY),Open Quota,General,UR,168983,194526,2
2025,3,SILIGURI DISTRICT HOSPITAL,(NBEMS) OBSTETRICS AND GYNAECOLOGY,In-Service DNB,General,UR,194698,194698,1
2025,3,GOURI DEVI INSTITUTE OF MEDICAL SCIENCES AND HOSPITAL,M.D. (PHARMACOLOGY),Open Quota,General,UR,194766,194766,1
2025,3,DOMKAL SUB DIVISIONAL AND SUPER SPECIALITY HOSPITAL,(NBEMS-DIPLOMA) OBSTETRICS AND GYNAECOLOGY,In-Service DNB,SC,UR,195227,195227,1
2025,3,ICARE INSTITUTE OF MEDICAL SCIENCES AND RESEARCH HALDIA,M.D. (PHARMACOLOGY),Open Quota,General,UR,195256,195256,1
2025,3,JIS SCHOOL OF MEDICAL SCIENCE & RESEARCH,M.D. (PREVENTIVE AND SOCIAL MEDICINE)/ COMMUNITY MEDICINE,Private Management Quota,General,UR,196515,196515,1
2025,3,IMAMBARA DISTRICT HOSPITAL,(NBEMS) PAEDIATRICS,In-Service DNB,OBC-A (Non-Creamy Layer),OBC-A (Non-Creamy Layer),196586,196586,1
2025,3,ICARE INSTITUTE OF MEDICAL SCIENCES AND RESEARCH HALDIA,M.D. (RADIO- DIAGNOSIS),NRI Quota,General,UR,182943,196798,3
2025,3,MURSHIDABAD MEDICAL COLLEGE AND HOSPITAL,M.D. (PHYSIOLOGY),Open Quota,SC,SC,196918,196918,1
2025,3,GOURI DEVI INSTITUTE OF MEDICAL SCIENCES AND HOSPITAL,M.D. (OBST. AND GYNAE)/MS (OBSTETRICS AND GYNAECOLOGY),In-Service,SC,SC,197257,197257,1
2025,3,BANKURA SAMMILANI MEDICAL COLLEGE,M.D. (ANAESTHESIOLOGY),In-Service,SC,SC,197502,197502,1
2025,3,NORTH BENGAL MEDICAL COLLEGE AND HOSPITAL,M.D. (ANAESTHESIOLOGY),In-Service,SC,SC,197611,197611,1
2025,3,DISTRICT HOSPITAL HOWRAH,(NBEMS) GENERAL MEDICINE,In-Service DNB,SC,SC,197728,197728,1
2025,3,BARASAT GOVERNMENT MEDICAL COLLEGE AND HOSPITAL,(NBEMS-DIPLOMA) PAEDIATRICS,In-Service DNB,SC,UR,197846,197846,1
2025,3,KPC MEDICAL COLLEGE,M.D. (OBST. AND GYNAE)/MS (OBSTETRICS AND GYNAECOLOGY),NRI Quota,General,UR,198174,198174,1
2025,3,JAGANNATH GUPTA INSTITUTE OF MEDICAL SCIENCES AND HOSPITAL,M.D. (RADIO- DIAGNOSIS),NRI Quota,General,UR,149564,198288,3
2025,3,KPC MEDICAL COLLEGE,M.D. (PATHOLOGY),Open Quota,SC,SC,161035,198340,2
2025,3,KPC MEDICAL COLLEGE,M.D. (MICROBIOLOGY),Private Management Quota,General,UR,198540,198540,1
2025,3,ASANSOL DISTRICT HOSPITAL,(NBEMS) GENERAL MEDICINE,In-Service DNB,OBC-A (Non-Creamy Layer),OBC-A (Non-Creamy Layer),199558,199558,1
2025,3,MIDNAPORE MEDICAL COLLEGE,M.S. (GENERAL SURGERY),In-Service,SC,SC,200119,200119,1
2025,3,Jalpaiguri Government Medical College and Hospital (Formerly DISTRICT HOSPITAL) JALPAIGURI,(NBEMS) GENERAL SURGERY,In-Service DNB,SC,SC,200842,200842,1
2025,3,R G KAR MEDICAL COLLEGE,DIPLOMA IN ANAESTHESIOLOGY,Open Quota,ST,ST,200967,200967,1
2025,3,MEDICAL COLLEGE KOLKATA,M.D. (PATHOLOGY),In-Service,General,UR,182524,201098,2
2025,3,GOURI DEVI INSTITUTE OF MEDICAL SCIENCES AND HOSPITAL,M.D. (MICROBIOLOGY),Open Quota,General,UR,201176,201176,1
2025,3,DIAMOND HARBOUR GOVERNMENT MEDICAL COLLEGE AND HOSPITAL,M.D. (BIOCHEMISTRY),Open Quota,General,UR,201471,201471,1
2025,3,SHRI RAMKRISHNA INSTITUTE OF MEDICAL SCIENCES & SANAKA HOSPITALS,M.D. (RADIO- DIAGNOSIS),NRI Quota,OBC (Non-Creamy Layer),UR,201721,201721,1
2025,3,JIS SCHOOL OF MEDICAL SCIENCE & RESEARCH,M.D. (OBST. AND GYNAE)/MS (OBSTETRICS AND GYNAECOLOGY),In-Service,SC,UR,201876,201876,1
2025,3,IMAMBARA DISTRICT HOSPITAL,(NBEMS) GENERAL MEDICINE,In-Service DNB,OBC-A (Non-Creamy Layer),OBC-A (Non-Creamy Layer),202137,202137,1
2025,3,Jalpaiguri Government Medical College and Hospital (Formerly DISTRICT HOSPITAL) JALPAIGURI,(NBEMS-DIPLOMA) PAEDIATRICS,In-Service DNB,General,UR,202205,202205,1
2025,3,MEDICAL COLLEGE KOLKATA,DIP.IN GYNAE. AND OBST.,In-Service,SC,UR,202399,202399,1
2025,3,MEDICAL COLLEGE KOLKATA,M.D. (PREVENTIVE AND SOCIAL MEDICINE)/ COMMUNITY MEDICINE,In-Service,SC,SC,202454,202454,1
2025,3,R G KAR MEDICAL COLLEGE,M.D. (PATHOLOGY),In-Service,General,UR,202494,202494,1
2025,3,CALCUTTA NATIONAL MEDICAL COLLEGE KOLKATA,M.S. (E.N.T.),In-Service,General,UR,202630,202630,1
2025,3,ESI PGIMSR AND ESIC MEDICAL COLLEGE JOKA KOLKATA,M.D. (ANAESTHESIOLOGY),In-Service,SC,SC,202675,202675,1
2025,3,COLLEGE OF MEDICINE AND JNM HOSPITAL KALYANI,MD/MS (ANATOMY),Open Quota,General,UR,203024,203024,1
2025,3,NIL RATAN SIRCAR MEDICAL COLLEGE,M.S. (OPHTHALMOLOGY),In-Service,OBC-A (Non-Creamy Layer),OBC-A (Non-Creamy Layer),203267,203267,1
2025,3,DR. B C ROY POST GRADUATE INSTITUTE OF PAEDIATRIC SCIENCES,M.D. (PAEDIATRICS),In-Service,ST,ST,203446,203446,1
2025,3,JIS SCHOOL OF MEDICAL SCIENCE & RESEARCH,M.D. (OBST. AND GYNAE)/MS (OBSTETRICS AND GYNAECOLOGY),NRI Quota,General,UR,203828,203828,1
2025,3,DR. B C ROY POST GRADUATE INSTITUTE OF PAEDIATRIC SCIENCES,(NBEMS) PAEDIATRIC SURGERY (DIRECT 6 YEARS COURSE),In-Service DNB,SC,SC,203841,203841,1
2025,3,DISTRICT HOSPITAL ALIPURDUAR,(NBEMS) GENERAL MEDICINE,In-Service DNB,OBC-A (Non-Creamy Layer),OBC-A (Non-Creamy Layer),203861,203861,1
2025,3,NIL RATAN SIRCAR MEDICAL COLLEGE,M.D. (GENERAL MEDICINE),Open Quota,General PwD,UR PwD,204097,204097,1
2025,3,TAMRALIPTO GOVERNMENT MEDICAL COLLEGE,(NBEMS) OBSTETRICS AND GYNAECOLOGY,In-Service DNB,SC,UR,204418,204418,1
2025,3,ICARE INSTITUTE OF MEDICAL SCIENCES AND RESEARCH HALDIA,M.S. (ORTHOPAEDICS),NRI Quota,OBC (Non-Creamy Layer),UR,204673,204673,1
2025,3,"IQ CITY MEDICAL COLLEGE, DURGAPUR",M.S. (GENERAL SURGERY),In-Service,General,UR,204929,204929,1
2025,3,BURDWAN MEDICAL COLLEGE,M.D. (ANAESTHESIOLOGY),In-Service,ST,ST,205011,205011,1
2025,3,INSTITUTE OF POST GRADUATE MEDICAL EDUCATION AND RESEARCH KOLKATA,M.S. (GENERAL SURGERY),In-Service,OBC-A (Non-Creamy Layer),OBC-A (Non-Creamy Layer),205297,205297,1
2025,3,JIS SCHOOL OF MEDICAL SCIENCE & RESEARCH,M.D. (PAEDIATRICS),NRI Quota,General,UR,205312,205312,1
2025,3,ESI PGIMSR AND ESIC MEDICAL COLLEGE JOKA KOLKATA,M.D. (PATHOLOGY),In-Service,General,UR,205778,205778,1
2025,3,SHRI RAMKRISHNA INSTITUTE OF MEDICAL SCIENCES & SANAKA HOSPITALS,M.D. (ANAESTHESIOLOGY),In-Service,General,UR,205812,205812,1
2025,3,COLLEGE OF MEDICINE AND SAGORE DUTTA HOSPITAL,M.D. (MICROBIOLOGY),Open Quota,SC,SC,205850,205850,1
2025,3,BALURGHAT DH AND SSH,(NBEMS-DIPLOMA) PAEDIATRICS,In-Service DNB,General,UR,205866,205866,1
2025,3,MEDICAL COLLEGE KOLKATA,(NBEMS) CARDIO VASCULAR AND THORACIC SURGERY (DIRECT 6 YEARS COURSE),In-Service DNB,SC,SC,206306,206306,1
2025,3,NIL RATAN SIRCAR MEDICAL COLLEGE,M.D. (PATHOLOGY),In-Service,SC,SC,206351,206351,1
2025,3,R G KAR MEDICAL COLLEGE,M.D. (BIOCHEMISTRY),Open Quota,General,UR,201659,206734,2
2025,3,GOURI DEVI INSTITUTE OF MEDICAL SCIENCES AND HOSPITAL,M.D. (OBST. AND GYNAE)/MS (OBSTETRICS AND GYNAECOLOGY),NRI Quota,General,UR,206866,206866,1
2025,3,ICARE INSTITUTE OF MEDICAL SCIENCES AND RESEARCH HALDIA,M.D. (OBST. AND GYNAE)/MS (OBSTETRICS AND GYNAECOLOGY),NRI Quota,General,UR,201861,206912,2
2025,3,BURDWAN MEDICAL COLLEGE,M.D. (PATHOLOGY),In-Service,SC,SC,207236,207236,1
2025,3,DURGAPUR SUB DIVISIONAL HOSPITAL,(NBEMS-DIPLOMA) OBSTETRICS AND GYNAECOLOGY,In-Service DNB,SC,SC,207456,207456,1
2025,3,MEDICAL COLLEGE KOLKATA,M.S. (OPHTHALMOLOGY),In-Service,ST,ST,207960,207960,1
2025,3,ASANSOL DISTRICT HOSPITAL,(NBEMS) GENERAL SURGERY,In-Service DNB,SC,SC,208142,208142,1
2025,3,SHRI RAMKRISHNA INSTITUTE OF MEDICAL SCIENCES & SANAKA HOSPITALS,M.D. (RADIOTHERAPY/ RADIATION ONCOLOGY),In-Service,General,UR,208408,208408,1
2025,3,"RAMAKRISHNA MISSION SEVA PRATISHTHAN VIVEKANANDA INSTITUTE OF MEDICAL SCIENCES, KOLKATA",M.S. (E.N.T.),In-Service,General,UR,209545,209545,1
2025,3,MEDICAL COLLEGE KOLKATA,DIPLOMA IN ANAESTHESIOLOGY,In-Service,SC,UR,210468,210468,1
2025,3,DISTRICT HOSPITAL HOWRAH,(NBEMS) GENERAL SURGERY,In-Service DNB,OBC-A (Non-Creamy Layer),OBC-A (Non-Creamy Layer),210629,210629,1
2025,3,"IQ CITY MEDICAL COLLEGE, DURGAPUR",M.D. (PREVENTIVE AND SOCIAL MEDICINE)/ COMMUNITY MEDICINE,Private Management Quota,General,UR,211491,211491,1
2025,3,"RAMAKRISHNA MISSION SEVA PRATISHTHAN VIVEKANANDA INSTITUTE OF MEDICAL SCIENCES, KOLKATA",M.S. (OPHTHALMOLOGY),In-Service,OBC-A (Non-Creamy Layer),OBC-A (Non-Creamy Layer),211553,211553,1
2025,3,MEDICAL COLLEGE KOLKATA,DIPLOMA IN OPHTHALMOLOGY/DO MS,In-Service,General,UR,211777,211777,1
2025,3,"CHITTARANJAN SEVA SADAN COLLEGE OF OBS. GYNAE AND CHILD HEALTH,KOLKATA",(NBEMS-DIPLOMA) PAEDIATRICS,In-Service DNB,SC,SC,211859,211859,1
2025,3,KPC MEDICAL COLLEGE,M.D. (GENERAL MEDICINE),NRI Quota,General,UR,211922,211922,1
2025,3,"DEBEN MAHATO SADAR HOSPITAL, PURULIA",(NBEMS) GENERAL SURGERY,In-Service DNB,General,UR,212040,212040,1
2025,3,INSTITUTE OF POST GRADUATE MEDICAL EDUCATION AND RESEARCH KOLKATA,M.D. (PSYCHIATRY),In-Service,OBC-A (Non-Creamy Layer),OBC-A (Non-Creamy Layer),212302,212302,1
2025,3,MALDA MEDICAL COLLEGE AND HOSPITAL,M.D. (MICROBIOLOGY),Open Quota,SC,SC,212590,212590,1
2025,3,SILIGURI DISTRICT HOSPITAL,(NBEMS-DIPLOMA) PAEDIATRICS,In-Service DNB,General,UR,212656,212656,1
2025,3,NIL RATAN SIRCAR MEDICAL COLLEGE,M.D. (TUBERCULOSIS AND RESPIRATORY DISEASES)/PULMONA RY MEDICINE /M.D. (RESPIRATORY MEDICINE),In-Service,ST,ST,212673,212673,1
2025,3,CHANDANNAGAR SUB DIVISION HOSPITAL,(NBEMS-DIPLOMA) OBSTETRICS AND GYNAECOLOGY,In-Service DNB,General,UR,212881,212881,1
2025,3,"RAMAKRISHNA MISSION SEVA PRATISHTHAN VIVEKANANDA INSTITUTE OF MEDICAL SCIENCES, KOLKATA",DIP.IN GYNAE. AND OBST.,In-Service,General,UR,213126,213126,1
2025,3,"SCHOOL OF TROPICAL MEDICINE, KOLKATA",M.D. (MICROBIOLOGY),In-Service,General,UR,213487,213487,1
2025,3,DIAMOND HARBOUR GOVERNMENT MEDICAL COLLEGE AND HOSPITAL,(NBEMS-DIPLOMA) OBSTETRICS AND GYNAECOLOGY,In-Service DNB,SC,UR,213550,213550,1
2025,3,"RAMAKRISHNA MISSION SEVA PRATISHTHAN VIVEKANANDA INSTITUTE OF MEDICAL SCIENCES, KOLKATA",DIPLOMA IN CHILD HEALTH/ PAEDIATRICS,In-Service,SC,SC,213553,213553,1
2025,3,SHRI RAMKRISHNA INSTITUTE OF MEDICAL SCIENCES & SANAKA HOSPITALS,M.S. (GENERAL SURGERY),In-Service,General,UR,213772,213772,1
2025,3,RAMPURHAT GOVT. MEDICAL COLLEGE AND HOSPITAL,(NBEMS-DIPLOMA) TUBERCULOSIS AND CHEST DISEASES,In-Service DNB,ST,ST,214459,214459,1
2025,3,NORTH BENGAL MEDICAL COLLEGE AND HOSPITAL,M.D. (PREVENTIVE AND SOCIAL MEDICINE)/ COMMUNITY MEDICINE,In-Service,SC,SC,215476,215476,1
2025,3,DISTRICT HOSPITAL DARJEELING,(NBEMS-DIPLOMA) PAEDIATRICS,In-Service DNB,SC,SC,216113,216113,1
2025,3,JAGANNATH GUPTA INSTITUTE OF MEDICAL SCIENCES AND HOSPITAL,M.D. (PAEDIATRICS),In-Service,OBC-B (Non-Creamy Layer),OBC-B (Non-Creamy Layer),216166,216166,1
2025,3,MEDICAL COLLEGE KOLKATA,DIPLOMA IN ORTHOPAEDICS,In-Service,OBC-B (Non-Creamy Layer),OBC-B (Non-Creamy Layer),216721,216721,1
2025,3,NORTH BENGAL MEDICAL COLLEGE AND HOSPITAL,M.D. (BIOCHEMISTRY),In-Service,SC,SC,217526,217526,1
2025,3,INSTITUTE OF POST GRADUATE MEDICAL EDUCATION AND RESEARCH KOLKATA,M.D. (BIOCHEMISTRY),Open Quota,SC,SC,131206,217560,2
2025,3,"COMMAND HOSPITAL EC, ALIPORE, KOLKATA",M.D. (ANAESTHESIOLOGY),In-Service,OBC (Non-Creamy Layer),OBC (Non-Creamy Layer),217611,217611,1
2025,3,MEDICAL COLLEGE KOLKATA,DIP.IN GYNAE. AND OBST.,In-Service,SC,SC,217673,217673,1
2025,3,"RAMAKRISHNA MISSION SEVA PRATISHTHAN VIVEKANANDA INSTITUTE OF MEDICAL SCIENCES, KOLKATA",DIP.IN GYNAE. AND OBST.,In-Service,SC,SC,218127,218127,1
2025,3,INSTITUTE OF POST GRADUATE MEDICAL EDUCATION AND RESEARCH KOLKATA,M.S. (GENERAL SURGERY),In-Service,ST,ST,218222,218222,1
2025,3,BURDWAN MEDICAL COLLEGE,M.D. (GENERAL MEDICINE),Open Quota,General PwD,UR PwD,218272,218272,1
2025,3,DISTRICT HOSPITAL NADIA,(NBEMS) PAEDIATRICS,In-Service DNB,OBC-B (Non-Creamy Layer),OBC-B (Non-Creamy Layer),218412,218412,1
2025,3,RANAGHAT SUB DIVISIONAL HOSPITAL,(NBEMS-DIPLOMA) OBSTETRICS AND GYNAECOLOGY,In-Service DNB,SC,SC,218608,218608,1
2025,3,SREE BALARAM SEVA MANDIR S.G. HOSPITAL,(NBEMS-DIPLOMA) OBSTETRICS AND GYNAECOLOGY,In-Service DNB,SC,SC,218710,218710,1
2025,3,CALCUTTA NATIONAL MEDICAL COLLEGE KOLKATA,DIPLOMA IN ANAESTHESIOLOGY,In-Service,SC,SC,219698,219698,1
2025,3,JAGANNATH GUPTA INSTITUTE OF MEDICAL SCIENCES AND HOSPITAL,M.S. (ORTHOPAEDICS),NRI Quota,OBC (Non-Creamy Layer),UR,220576,220576,1
2025,3,"RAMAKRISHNA MISSION SEVA PRATISHTHAN VIVEKANANDA INSTITUTE OF MEDICAL SCIENCES, KOLKATA",M.D. (PATHOLOGY),In-Service,SC,SC,221127,221127,1
2025,3,GOURI DEVI INSTITUTE OF MEDICAL SCIENCES AND HOSPITAL,M.S. (E.N.T.),Open Quota,OBC-A (Non-Creamy Layer),OBC-A (Non-Creamy Layer),221221,221221,1
2025,3,MEDICAL COLLEGE KOLKATA,DIP.IN GYNAE. AND OBST.,In-Service,OBC-A (Non-Creamy Layer),OBC-A (Non-Creamy Layer),221240,221240,1
2025,3,"RAMAKRISHNA MISSION SEVA PRATISHTHAN VIVEKANANDA INSTITUTE OF MEDICAL SCIENCES, KOLKATA",M.S. (GENERAL SURGERY),In-Service,OBC-A (Non-Creamy Layer),OBC-A (Non-Creamy Layer),221591,221591,1
2025,3,BOLPUR SUB DIVISION HOSPITAL,(NBEMS-DIPLOMA) TUBERCULOSIS AND CHEST DISEASES,In-Service DNB,SC,SC,222050,222050,1
2025,3,INSTITUTE OF POST GRADUATE MEDICAL EDUCATION AND RESEARCH KOLKATA,M.D. (PHYSIOLOGY),In-Service,ST,ST,222479,222479,1
2025,3,IMAMBARA DISTRICT HOSPITAL,(NBEMS-DIPLOMA) PAEDIATRICS,In-Service DNB,SC,SC,222699,222699,1
2025,3,JAGANNATH GUPTA INSTITUTE OF MEDICAL SCIENCES AND HOSPITAL,M.S. (OPHTHALMOLOGY),In-Service,SC,SC,223563,223563,1
2025,3,ICARE INSTITUTE OF MEDICAL SCIENCES AND RESEARCH HALDIA,"M.D. (DERM.,VENE. AND LEPROSY)/ (DERMATOLOGY)/ (SKIN AND VENEREAL DISEASES)/ (VENEREOLOGY)",NRI Quota,OBC (Non-Creamy Layer),UR,224521,224521,1
2025,3,M R BANGUR HOSPITAL,(NBEMS-DIPLOMA) PAEDIATRICS,In-Service DNB,SC,SC,224796,224796,1
2025,3,GOURI DEVI INSTITUTE OF MEDICAL SCIENCES AND HOSPITAL,M.D. (GENERAL MEDICINE),NRI Quota,OBC (Non-Creamy Layer),UR,225019,225019,1
2025,3,MEDICAL COLLEGE KOLKATA,DIPLOMA IN OPHTHALMOLOGY/DO MS,In-Service,SC,SC,225356,225356,1
2025,3,"DEBEN MAHATO SADAR HOSPITAL, PURULIA",(NBEMS-DIPLOMA) PAEDIATRICS,In-Service DNB,SC,SC,226006,226006,1
2025,3,JAGANNATH GUPTA INSTITUTE OF MEDICAL SCIENCES AND HOSPITAL,M.S. (GENERAL SURGERY),In-Service,SC,SC,226571,226571,1
2025,3,ICARE INSTITUTE OF MEDICAL SCIENCES AND RESEARCH HALDIA,M.D. (TUBERCULOSIS AND RESPIRATORY DISEASES)/PULMONA RY MEDICINE /M.D. (RESPIRATORY MEDICINE),In-Service,SC,SC,226624,226624,1
2025,3,ICARE INSTITUTE OF MEDICAL SCIENCES AND RESEARCH HALDIA,M.D. (PHARMACOLOGY),Private Management Quota,SC,UR,227229,227229,1
2025,3,R G KAR MEDICAL COLLEGE,M.S. (GENERAL SURGERY),In-Service,ST,ST,227255,227255,1
2025,3,JIS SCHOOL OF MEDICAL SCIENCE & RESEARCH,M.D. (PREVENTIVE AND SOCIAL MEDICINE)/ COMMUNITY MEDICINE,Private Management Quota,OBC (Non-Creamy Layer),UR,228113,228113,1
2025,3,JAGANNATH GUPTA INSTITUTE OF MEDICAL SCIENCES AND HOSPITAL,M.D. (PSYCHIATRY),In-Service,SC,SC,228642,228642,1
2025,3,BURDWAN MEDICAL COLLEGE,M.S. (E.N.T.),In-Service,ST,ST,229332,229332,1
2025,3,DIAMOND HARBOUR GOVERNMENT MEDICAL COLLEGE AND HOSPITAL,(NBEMS-DIPLOMA) OBSTETRICS AND GYNAECOLOGY,In-Service DNB,SC,SC,229346,229346,1
2025,3,KPC MEDICAL COLLEGE,M.D. (ANAESTHESIOLOGY),Open Quota,OBC-B (Non-Creamy Layer),OBC-B (Non-Creamy Layer),229442,229442,1
2025,3,KPC MEDICAL COLLEGE,M.D. (BIOCHEMISTRY),Private Management Quota,OBC (Non-Creamy Layer),UR,229739,229739,1
2025,3,ALL INDIA INSTITUTE OF HYGIENE AND PUBLIC HEALTH,M.D. (PREVENTIVE AND SOCIAL MEDICINE)/ COMMUNITY MEDICINE,In-Service,ST,ST,229745,229745,1
