,ROUND,ALL INDIA RANK,CHOICE NO.,INSTITUTE,COURSE,ALLOTTED QUOTA,ALLOTTED CATEGORY,CANDIDATE CATEGORY,STATUS
0,1,277,-,INSTITUTE OF POST GRADUATE MEDICAL EDUCATION AND RESEARCH KOLKATA,M.D. (GENERAL MEDICINE),Open Quota,UR,General,Retained
1,1,590,-,MEDICAL COLLEGE KOLKATA,M.D. (GENERAL MEDICINE),Open Quota,UR,General,Not Upgraded
2,1,591,-,INSTITUTE OF POST GRADUATE MEDICAL EDUCATION AND RESEARCH KOLKATA,M.D. (RADIO- DIAGNOSIS),Open Quota,UR,General,Retained
3,2,654,-,INSTITUTE OF POST GRADUATE MEDICAL EDUCATION AND RESEARCH KOLKATA,M.D. (RADIO- DIAGNOSIS),Open Quota,UR,General,Retained
4,1,690,-,MEDICAL COLLEGE KOLKATA,M.D. (GENERAL MEDICINE),Open Quota,UR,General,Retained
5,3,816,1,MEDICAL COLLEGE KOLKATA,M.D. (GENERAL MEDICINE),Open Quota,UR,General,Upgraded
6,3,867,3,NIL RATAN SIRCAR MEDICAL COLLEGE,M.D. (GENERAL MEDICINE),Open Quota,UR,General,Fresh Allotment
7,2,915,-,NIL RATAN SIRCAR MEDICAL COLLEGE,M.D. (GENERAL MEDICINE),Open Quota,UR,General,Not Upgraded
8,3,1093,4,CALCUTTA NATIONAL MEDICAL COLLEGE KOLKATA,M.D. (GENERAL MEDICINE),Open Quota,UR,General,Upgraded
9,3,1259,3,ESI PGIMSR AND ESIC MEDICAL COLLEGE JOKA KOLKATA,M.D. (GENERAL MEDICINE),Open Quota,UR,General,Fresh Allotment
10,2,1425,-,CALCUTTA NATIONAL MEDICAL COLLEGE KOLKATA,M.D. (GENERAL MEDICINE),Open Quota,UR,General,Not Upgraded
11,1,1626,-,INSTITUTE OF POST GRADUATE MEDICAL EDUCATION AND RESEARCH KOLKATA,M.D. (GENERAL MEDICINE),Open Quota,EWS,EWS,Retained
12,1,1667,-,INSTITUTE OF POST GRADUATE MEDICAL EDUCATION AND RESEARCH KOLKATA,M.D. (RADIO- DIAGNOSIS),Open Quota,OBC-A (Non- Creamy Layer),OBC-A (Non- Creamy Layer),Retained
13,3,1681,4,R G KAR MEDICAL COLLEGE,M.D. (GENERAL MEDICINE),Open Quota,UR,General,Upgraded
14,3,1684,4,R G KAR MEDICAL COLLEGE,M.D. (GENERAL MEDICINE),Open Quota,UR,General,Upgraded
15,2,1796,-,ESI PGIMSR AND ESIC MEDICAL COLLEGE JOKA KOLKATA,M.D. (GENERAL MEDICINE),Open Quota,UR,General,Not Upgraded
16,1,1833,-,CALCUTTA NATIONAL MEDICAL COLLEGE KOLKATA,M.D. (GENERAL MEDICINE),Open Quota,OBC-A (Non- Creamy Layer),OBC-A (Non- Creamy Layer),Not Upgraded
17,2,2055,-,BURDWAN MEDICAL COLLEGE,M.D. (GENERAL MEDICINE),Open Quota,UR,General,Not Upgraded
18,2,2244,-,INSTITUTE OF POST GRADUATE MEDICAL EDUCATION AND RESEARCH KOLKATA,M.S. (ORTHOPAEDICS),Open Quota,UR,General,Retained
19,3,2351,1,"RAMAKRISHNA MISSION SEVA PRATISHTHAN VIVEKANANDA INSTITUTE OF MEDICAL SCIENCES, KOLKATA",M.D. (RADIO- DIAGNOSIS),Open Quota,UR,General,Upgraded
20,1,2412,-,INSTITUTE OF POST GRADUATE MEDICAL EDUCATION AND RESEARCH KOLKATA,M.S. (ORTHOPAEDICS),Open Quota,UR,SC,Retained
21,1,2495,-,INSTITUTE OF POST GRADUATE MEDICAL EDUCATION AND RESEARCH KOLKATA,M.D. (PAEDIATRICS),Open Quota,UR,General,Not Upgraded
22,2,2625,-,BANKURA SAMMILANI MEDICAL COLLEGE,M.D. (GENERAL MEDICINE),Open Quota,UR,General,Retained
23,2,2669,-,MALDA MEDICAL COLLEGE AND HOSPITAL,M.D. (GENERAL MEDICINE),Open Quota,UR,General,Not Upgraded
24,3,2749,2,INSTITUTE OF POST GRADUATE MEDICAL EDUCATION AND RESEARCH KOLKATA,"M.D. (DERM.,VENE. AND LEPROSY)/ (DERMATOLOGY)/ (SKIN AND VENEREAL DISEASES)/ (VENEREOLOGY)",Open Quota,UR,General,Upgraded
25,1,2827,-,BURDWAN MEDICAL COLLEGE,M.D. (RADIO- DIAGNOSIS),Open Quota,OBC-A (Non- Creamy Layer),OBC-A (Non- Creamy Layer),Retained
26,1,2926,-,INSTITUTE OF POST GRADUATE MEDICAL EDUCATION AND RESEARCH KOLKATA,M.D. (GENERAL MEDICINE),Open Quota,OBC-B (Non- Creamy Layer),OBC-B (Non- Creamy Layer),Retained
27,1,2978,-,MEDICAL COLLEGE KOLKATA,M.D. (RADIO- DIAGNOSIS),Open Quota,SC,SC,Retained
28,3,3061,1,MEDICAL COLLEGE KOLKATA,M.S. (GENERAL SURGERY),Open Quota,UR,General,Fresh Allotment
29,3,3165,6,MIDNAPORE MEDICAL COLLEGE,M.D. (GENERAL MEDICINE),Open Quota,UR,General,Upgraded
30,1,3179,-,MEDICAL COLLEGE KOLKATA,M.D. (GENERAL MEDICINE),Open Quota,OBC-B (Non- Creamy Layer),OBC-B (Non- Creamy Layer),Retained
31,3,3193,5,BURDWAN MEDICAL COLLEGE,M.D. (GENERAL MEDICINE),Open Quota,UR,OBC-A (Non- Creamy Layer),Upgraded
32,3,3247,1,MEDICAL COLLEGE KOLKATA,"M.D. (DERM.,VENE. AND LEPROSY)/ (DERMATOLOGY)/ (SKIN AND VENEREAL DISEASES)/ (VENEREOLOGY)",Open Quota,UR,General,Upgraded
33,2,3262,-,MEDICAL COLLEGE KOLKATA,M.D. (OBST. AND GYNAE)/MS (OBSTETRICS AND GYNAECOLOGY),Open Quota,UR,General,Not Upgraded
34,3,3378,8,"RAMAKRISHNA MISSION SEVA PRATISHTHAN VIVEKANANDA INSTITUTE OF MEDICAL SCIENCES, KOLKATA",M.D. (GENERAL MEDICINE),Open Quota,UR,General,Upgraded
35,2,3394,-,INSTITUTE OF POST GRADUATE MEDICAL EDUCATION AND RESEARCH KOLKATA,M.S. (GENERAL SURGERY),Open Quota,UR,General,Retained
36,2,3616,-,R G KAR MEDICAL COLLEGE,M.S. (ORTHOPAEDICS),Open Quota,UR,General,Retained
37,3,3660,7,"RAMAKRISHNA MISSION SEVA PRATISHTHAN VIVEKANANDA INSTITUTE OF MEDICAL SCIENCES, KOLKATA",M.D. (GENERAL MEDICINE),Open Quota,UR,General,Fresh Allotment
38,3,3671,7,R G KAR MEDICAL COLLEGE,M.D. (GENERAL MEDICINE),Open Quota,OBC-A (Non- Creamy Layer),OBC-A (Non- Creamy Layer),Upgraded
39,2,3747,-,MEDICAL COLLEGE KOLKATA,M.D. (PAEDIATRICS),Open Quota,UR,General,Retained
40,1,3762,-,NORTH BENGAL MEDICAL COLLEGE AND HOSPITAL,M.D. (RADIO- DIAGNOSIS),Open Quota,OBC-A (Non- Creamy Layer),OBC-A (Non- Creamy Layer),Not Upgraded
41,3,3813,2,BURDWAN MEDICAL COLLEGE,M.D. (RADIO- DIAGNOSIS),Open Quota,UR,General,Upgraded
42,3,3873,7,NORTH BENGAL MEDICAL COLLEGE AND HOSPITAL,M.D. (GENERAL MEDICINE),Open Quota,UR,General,Fresh Allotment
43,2,3890,-,CALCUTTA NATIONAL MEDICAL COLLEGE KOLKATA,"M.D. (DERM.,VENE. AND LEPROSY)/ (DERMATOLOGY)/ (SKIN AND VENEREAL DISEASES)/ (VENEREOLOGY)",Open Quota,OBC-A (Non- Creamy Layer),OBC-A (Non- Creamy Layer),Not Upgraded
44,3,3958,9,COLLEGE OF MEDICINE AND SAGORE DUTTA HOSPITAL,M.D. (GENERAL MEDICINE),Open Quota,UR,General,Upgraded
45,3,3963,10,NORTH BENGAL MEDICAL COLLEGE AND HOSPITAL,M.D. (GENERAL MEDICINE),Open Quota,UR,General,Upgraded
46,3,4005,4,INSTITUTE OF POST GRADUATE MEDICAL EDUCATION AND RESEARCH KOLKATA,"M.D. (DERM.,VENE. AND LEPROSY)/ (DERMATOLOGY)/ (SKIN AND VENEREAL DISEASES)/ (VENEREOLOGY)",Open Quota,UR,General,Fresh Allotment
47,3,4079,9,MIDNAPORE MEDICAL COLLEGE,M.D. (GENERAL MEDICINE),Open Quota,OBC-A (Non- Creamy Layer),OBC-A (Non- Creamy Layer),Fresh Allotment
48,3,4105,5,"SCHOOL OF TROPICAL MEDICINE, KOLKATA","M.D. (DERM.,VENE. AND LEPROSY)/ (DERMATOLOGY)/ (SKIN AND VENEREAL DISEASES)/ (VENEREOLOGY)",Open Quota,UR,General,Upgraded
49,2,4119,-,MEDICAL COLLEGE KOLKATA,M.D. (TUBERCULOSIS AND RESPIRATORY DISEASES)/PULMONA RY MEDICINE /M.D. (RESPIRATORY MEDICINE),Open Quota,UR,General,Retained
50,3,4187,12,MEDICAL COLLEGE KOLKATA,M.D. (PAEDIATRICS),Open Quota,UR,General,Upgraded
51,2,4259,-,R G KAR MEDICAL COLLEGE,M.D. (OBST. AND GYNAE)/MS (OBSTETRICS AND GYNAECOLOGY),Open Quota,UR,General,Not Upgraded
52,3,4474,13,MEDICAL COLLEGE KOLKATA,M.D. (PAEDIATRICS),Open Quota,UR,General,Upgraded
53,1,4625,-,NIL RATAN SIRCAR MEDICAL COLLEGE,M.D. (RADIO- DIAGNOSIS),Open Quota,OBC-B (Non- Creamy Layer),OBC-B (Non- Creamy Layer),Not Upgraded
54,3,4668,6,INSTITUTE OF POST GRADUATE MEDICAL EDUCATION AND RESEARCH KOLKATA,M.D. (PAEDIATRICS),Open Quota,UR,General,Upgraded
55,1,4787,-,INSTITUTE OF POST GRADUATE MEDICAL EDUCATION AND RESEARCH KOLKATA,M.D. (OBST. AND GYNAE)/MS (OBSTETRICS AND GYNAECOLOGY),Open Quota,OBC-A (Non- Creamy Layer),OBC-A (Non- Creamy Layer),Not Upgraded
56,2,5026,-,MEDICAL COLLEGE KOLKATA,M.D. (PAEDIATRICS),Open Quota,OBC-A (Non- Creamy Layer),OBC-A (Non- Creamy Layer),Retained
57,2,5075,-,MEDICAL COLLEGE KOLKATA,M.D. (OBST. AND GYNAE)/MS (OBSTETRICS AND GYNAECOLOGY),Open Quota,UR,General,Not Upgraded
58,3,5095,1,MURSHIDABAD MEDICAL COLLEGE AND HOSPITAL,M.D. (RADIO- DIAGNOSIS),Open Quota,UR,General,Fresh Allotment
59,3,5132,13,BANKURA SAMMILANI MEDICAL COLLEGE,M.D. (RADIO- DIAGNOSIS),Open Quota,UR,General,Upgraded
60,3,5290,4,R G KAR MEDICAL COLLEGE,M.S. (ORTHOPAEDICS),Open Quota,UR,General,Upgraded
61,3,5297,4,BANKURA SAMMILANI MEDICAL COLLEGE,M.D. (RADIO- DIAGNOSIS),Open Quota,SC,SC,Upgraded
62,3,5473,4,NORTH BENGAL MEDICAL COLLEGE AND HOSPITAL,M.D. (RADIO- DIAGNOSIS),Open Quota,SC,SC,Upgraded
63,3,5479,3,NIL RATAN SIRCAR MEDICAL COLLEGE,M.D. (PAEDIATRICS),Open Quota,UR,General,Upgraded
64,3,5497,4,R G KAR MEDICAL COLLEGE,M.D. (PAEDIATRICS),Open Quota,UR,General,Fresh Allotment
65,3,5515,4,R G KAR MEDICAL COLLEGE,M.D. (PAEDIATRICS),Open Quota,UR,General,Upgraded
66,1,5582,-,MURSHIDABAD MEDICAL COLLEGE AND HOSPITAL,M.S. (ORTHOPAEDICS),Open Quota,UR,General,Retained
67,2,5656,-,MEDICAL COLLEGE KOLKATA,M.D. (OBST. AND GYNAE)/MS (OBSTETRICS AND GYNAECOLOGY),Open Quota,UR,General,Retained
68,3,5664,1,INSTITUTE OF POST GRADUATE MEDICAL EDUCATION AND RESEARCH KOLKATA,M.D. (GENERAL MEDICINE),Open Quota,SC,SC,Upgraded
69,2,5730,-,INSTITUTE OF POST GRADUATE MEDICAL EDUCATION AND RESEARCH KOLKATA,M.D. (OBST. AND GYNAE)/MS (OBSTETRICS AND GYNAECOLOGY),Open Quota,UR,General,Not Upgraded
70,3,5788,1,NIL RATAN SIRCAR MEDICAL COLLEGE,M.S. (GENERAL SURGERY),Open Quota,UR,General,Upgraded
71,3,5868,1,INSTITUTE OF POST GRADUATE MEDICAL EDUCATION AND RESEARCH KOLKATA,M.S. (GENERAL SURGERY),Open Quota,UR,General,Upgraded
72,1,5945,-,INSTITUTE OF POST GRADUATE MEDICAL EDUCATION AND RESEARCH KOLKATA,M.D. (PSYCHIATRY),Open Quota,UR,General,Retained
73,3,5951,4,BURDWAN MEDICAL COLLEGE,M.S. (ORTHOPAEDICS),Open Quota,UR,General,Upgraded
74,2,5997,-,CALCUTTA NATIONAL MEDICAL COLLEGE KOLKATA,M.D. (OBST. AND GYNAE)/MS (OBSTETRICS AND GYNAECOLOGY),Open Quota,UR,General,Retained
75,2,6121,-,CALCUTTA NATIONAL MEDICAL COLLEGE KOLKATA,M.S. (GENERAL SURGERY),Open Quota,UR,General,Not Upgraded
76,3,6135,15,R G KAR MEDICAL COLLEGE,M.D. (PAEDIATRICS),Open Quota,UR,General,Upgraded
77,3,6177,1,INSTITUTE OF POST GRADUATE MEDICAL EDUCATION AND RESEARCH KOLKATA,M.S. (GENERAL SURGERY),Open Quota,UR,General,Upgraded
78,3,6298,5,"COMMAND HOSPITAL EC, ALIPORE, KOLKATA",M.D. (RADIO- DIAGNOSIS),Open Quota,OBC (Non-Creamy Layer),OBC-A (Non- Creamy Layer),Upgraded
79,3,6431,1,R G KAR MEDICAL COLLEGE,M.D. (OBST. AND GYNAE)/MS (OBSTETRICS AND GYNAECOLOGY),Open Quota,UR,General,Upgraded
80,3,6547,13,CALCUTTA NATIONAL MEDICAL COLLEGE KOLKATA,M.S. (ORTHOPAEDICS),Open Quota,UR,General,Upgraded
81,3,6683,3,R G KAR MEDICAL COLLEGE,M.S. (GENERAL SURGERY),Open Quota,UR,General,Upgraded
82,3,6838,1,NORTH BENGAL MEDICAL COLLEGE AND HOSPITAL,M.D. (GENERAL MEDICINE),Open Quota,OBC-B (Non- Creamy Layer),OBC-B (Non- Creamy Layer),Fresh Allotment
83,2,6913,-,MEDICAL COLLEGE KOLKATA,M.D. (GENERAL MEDICINE),Open Quota,SC,SC,Retained
84,3,6962,3,R G KAR MEDICAL COLLEGE,M.S. (GENERAL SURGERY),Open Quota,UR,General,Upgraded
85,3,7121,4,CALCUTTA NATIONAL MEDICAL COLLEGE KOLKATA,M.S. (GENERAL SURGERY),Open Quota,UR,General,Upgraded
86,2,7318,-,INSTITUTE OF POST GRADUATE MEDICAL EDUCATION AND RESEARCH KOLKATA,M.S. (ORTHOPAEDICS),Open Quota,OBC-A (Non- Creamy Layer),OBC-A (Non- Creamy Layer),Retained
87,3,7396,12,KPC MEDICAL COLLEGE,M.D. (GENERAL MEDICINE),Open Quota,UR,General,Fresh Allotment
88,3,7507,5,CALCUTTA NATIONAL MEDICAL COLLEGE KOLKATA,M.S. (GENERAL SURGERY),Open Quota,UR,General,Upgraded
89,3,7555,12,BURDWAN MEDICAL COLLEGE,"M.D. (DERM.,VENE. AND LEPROSY)/ (DERMATOLOGY)/ (SKIN AND VENEREAL DISEASES)/ (VENEREOLOGY)",Open Quota,UR,OBC-A (Non- Creamy Layer),Fresh Allotment
90,3,7655,1,MEDICAL COLLEGE KOLKATA,M.D. (GENERAL MEDICINE),Open Quota,EWS,EWS,Upgraded
91,2,7748,-,BANKURA SAMMILANI MEDICAL COLLEGE,M.S. (ORTHOPAEDICS),Open Quota,UR,General,Not Upgraded
92,1,7789,-,R G KAR MEDICAL COLLEGE,M.D. (OBST. AND GYNAE)/MS (OBSTETRICS AND GYNAECOLOGY),Open Quota,OBC-A (Non- Creamy Layer),OBC-A (Non- Creamy Layer),Retained
93,3,7928,18,DR. B C ROY POST GRADUATE INSTITUTE OF PAEDIATRIC SCIENCES,M.D. (PAEDIATRICS),Open Quota,UR,General,Upgraded
94,3,7930,12,CALCUTTA NATIONAL MEDICAL COLLEGE KOLKATA,M.S. (GENERAL SURGERY),Open Quota,UR,General,Upgraded
95,1,8233,-,ESI PGIMSR AND ESIC MEDICAL COLLEGE JOKA KOLKATA,M.D. (PAEDIATRICS),Open Quota,SC,SC,Retained
96,3,8258,14,JAGANNATH GUPTA INSTITUTE OF MEDICAL SCIENCES AND HOSPITAL,M.D. (GENERAL MEDICINE),Open Quota,UR,General,Fresh Allotment
97,2,8371,-,NIL RATAN SIRCAR MEDICAL COLLEGE,M.D. (RADIO- DIAGNOSIS),Open Quota,EWS,EWS,Retained
98,3,8394,13,KPC MEDICAL COLLEGE,M.D. (RADIO- DIAGNOSIS),Open Quota,UR,General,Upgraded
99,3,8395,20,BURDWAN MEDICAL COLLEGE,M.S. (GENERAL SURGERY),Open Quota,UR,General,Fresh Allotment
100,3,8405,1,R G KAR MEDICAL COLLEGE,M.D. (OBST. AND GYNAE)/MS (OBSTETRICS AND GYNAECOLOGY),Open Quota,UR,General,Upgraded
101,3,8476,2,BURDWAN MEDICAL COLLEGE,M.D. (PAEDIATRICS),Open Quota,UR,General,Upgraded
102,3,8591,23,BURDWAN MEDICAL COLLEGE,M.D. (PAEDIATRICS),Open Quota,UR,General,Fresh Allotment
103,2,8615,-,NIL RATAN SIRCAR MEDICAL COLLEGE,"M.D. (DERM.,VENE. AND LEPROSY)/ (DERMATOLOGY)/ (SKIN AND VENEREAL DISEASES)/ (VENEREOLOGY)",Open Quota,SC,SC,Retained
104,3,8703,11,INSTITUTE OF CHILD HEALTH,M.D. (PAEDIATRICS),Open Quota,UR,General,Upgraded
105,3,8776,6,BURDWAN MEDICAL COLLEGE,M.S. (GENERAL SURGERY),Open Quota,UR,General,Fresh Allotment
106,3,8780,29,INSTITUTE OF CHILD HEALTH,M.D. (PAEDIATRICS),Open Quota,UR,General,Fresh Allotment
107,3,8872,26,INSTITUTE OF POST GRADUATE MEDICAL EDUCATION AND RESEARCH KOLKATA,M.D. (OBST. AND GYNAE)/MS (OBSTETRICS AND GYNAECOLOGY),Open Quota,UR,General,Upgraded
108,2,8893,-,NORTH BENGAL MEDICAL COLLEGE AND HOSPITAL,M.D. (GENERAL MEDICINE),Open Quota,EWS,EWS,Retained
109,3,8901,7,"RAMAKRISHNA MISSION SEVA PRATISHTHAN VIVEKANANDA INSTITUTE OF MEDICAL SCIENCES, KOLKATA",M.D. (PAEDIATRICS),Open Quota,UR,General,Upgraded
110,1,8908,-,MEDICAL COLLEGE KOLKATA,M.S. (ORTHOPAEDICS),Open Quota,OBC-B (Non- Creamy Layer),OBC-B (Non- Creamy Layer),Not Upgraded
111,3,8964,24,BURDWAN MEDICAL COLLEGE,M.D. (PAEDIATRICS),Open Quota,UR,General,Fresh Allotment
112,3,8990,21,"COMMAND HOSPITAL EC, ALIPORE, KOLKATA",M.D. (GENERAL MEDICINE),Open Quota,OBC (Non-Creamy Layer),OBC-B (Non- Creamy Layer),Fresh Allotment
113,3,8993,2,MEDICAL COLLEGE KOLKATA,M.S. (GENERAL SURGERY),Open Quota,OBC-A (Non- Creamy Layer),OBC-A (Non- Creamy Layer),Upgraded
114,3,9009,12,CALCUTTA NATIONAL MEDICAL COLLEGE KOLKATA,M.D. (OBST. AND GYNAE)/MS (OBSTETRICS AND GYNAECOLOGY),Open Quota,UR,General,Upgraded
115,1,9017,-,NIL RATAN SIRCAR MEDICAL COLLEGE,M.D. (GENERAL MEDICINE),Open Quota,SC,SC,Retained
116,1,9229,-,NIL RATAN SIRCAR MEDICAL COLLEGE,M.D. (OBST. AND GYNAE)/MS (OBSTETRICS AND GYNAECOLOGY),Open Quota,OBC-A (Non- Creamy Layer),OBC-A (Non- Creamy Layer),Not Upgraded
117,3,9386,1,MEDICAL COLLEGE KOLKATA,M.D. (GENERAL MEDICINE),Open Quota,SC,SC,Upgraded
118,3,9438,7,BANKURA SAMMILANI MEDICAL COLLEGE,M.S. (GENERAL SURGERY),Open Quota,UR,General,Fresh Allotment
119,3,9453,6,ESI PGIMSR AND ESIC MEDICAL COLLEGE JOKA KOLKATA,M.S. (ORTHOPAEDICS),Open Quota,UR,General,Upgraded
120,3,9466,3,NIL RATAN SIRCAR MEDICAL COLLEGE,M.D. (OBST. AND GYNAE)/MS (OBSTETRICS AND GYNAECOLOGY),Open Quota,UR,General,Upgraded
121,3,9610,3,CALCUTTA NATIONAL MEDICAL COLLEGE KOLKATA,M.D. (GENERAL MEDICINE),Open Quota,SC,SC,Upgraded
122,3,9708,13,"RAMAKRISHNA MISSION SEVA PRATISHTHAN VIVEKANANDA INSTITUTE OF MEDICAL SCIENCES, KOLKATA",M.S. (ORTHOPAEDICS),Open Quota,UR,General,Fresh Allotment
123,3,9714,6,ESI PGIMSR AND ESIC MEDICAL COLLEGE JOKA KOLKATA,M.D. (OBST. AND GYNAE)/MS (OBSTETRICS AND GYNAECOLOGY),Open Quota,UR,General,Upgraded
124,3,9718,1,NORTH BENGAL MEDICAL COLLEGE AND HOSPITAL,M.D. (OBST. AND GYNAE)/MS (OBSTETRICS AND GYNAECOLOGY),Open Quota,UR,General,Upgraded
125,2,9726,-,"RAMAKRISHNA MISSION SEVA PRATISHTHAN VIVEKANANDA INSTITUTE OF MEDICAL SCIENCES, KOLKATA",M.D. (GENERAL MEDICINE),Open Quota,SC,SC,Not Upgraded
126,3,9728,14,NIL RATAN SIRCAR MEDICAL COLLEGE,M.D. (TUBERCULOSIS AND RESPIRATORY DISEASES)/PULMONA RY MEDICINE /M.D. (RESPIRATORY MEDICINE),Open Quota,UR,General,Fresh Allotment
127,3,9896,23,"CHITTARANJAN SEVA SADAN COLLEGE OF OBS. GYNAE AND CHILD HEALTH,KOLKATA",M.D. (PAEDIATRICS),Open Quota,UR,General,Fresh Allotment
128,3,9950,7,MIDNAPORE MEDICAL COLLEGE,M.S. (GENERAL SURGERY),Open Quota,UR,General,Fresh Allotment
129,3,10049,17,CALCUTTA NATIONAL MEDICAL COLLEGE KOLKATA,M.S. (ORTHOPAEDICS),Open Quota,OBC-B (Non- Creamy Layer),OBC-B (Non- Creamy Layer),Upgraded
130,3,10087,8,BANKURA SAMMILANI MEDICAL COLLEGE,M.D. (PAEDIATRICS),Open Quota,UR,General,Fresh Allotment
131,3,10089,2,NIL RATAN SIRCAR MEDICAL COLLEGE,M.D. (TUBERCULOSIS AND RESPIRATORY DISEASES)/PULMONA RY MEDICINE /M.D. (RESPIRATORY MEDICINE),Open Quota,UR,General,Upgraded
132,3,10420,14,INSTITUTE OF CHILD HEALTH,M.D. (PAEDIATRICS),Open Quota,OBC-A (Non- Creamy Layer),OBC-A (Non- Creamy Layer),Upgraded
133,3,10501,26,COLLEGE OF MEDICINE AND SAGORE DUTTA HOSPITAL,M.D. (PAEDIATRICS),Open Quota,UR,General,Upgraded
134,3,10511,33,BURDWAN MEDICAL COLLEGE,M.D. (TUBERCULOSIS AND RESPIRATORY DISEASES)/PULMONA RY MEDICINE /M.D. (RESPIRATORY MEDICINE),Open Quota,UR,General,Fresh Allotment
135,2,10604,-,NIL RATAN SIRCAR MEDICAL COLLEGE,M.D. (RADIOTHERAPY/ RADIATION ONCOLOGY),Open Quota,UR,General,Not Upgraded
136,3,10608,17,"RAMAKRISHNA MISSION SEVA PRATISHTHAN VIVEKANANDA INSTITUTE OF MEDICAL SCIENCES, KOLKATA",M.S. (GENERAL SURGERY),Open Quota,UR,General,Fresh Allotment
137,3,10611,7,NORTH BENGAL MEDICAL COLLEGE AND HOSPITAL,M.S. (GENERAL SURGERY),Open Quota,UR,General,Fresh Allotment
138,3,10728,27,COLLEGE OF MEDICINE AND SAGORE DUTTA HOSPITAL,M.D. (OBST. AND GYNAE)/MS (OBSTETRICS AND GYNAECOLOGY),Open Quota,UR,General,Fresh Allotment
139,3,10772,4,BURDWAN MEDICAL COLLEGE,M.D. (OBST. AND GYNAE)/MS (OBSTETRICS AND GYNAECOLOGY),Open Quota,UR,General,Fresh Allotment
140,3,10792,3,CALCUTTA NATIONAL MEDICAL COLLEGE KOLKATA,M.D. (OBST. AND GYNAE)/MS (OBSTETRICS AND GYNAECOLOGY),Open Quota,OBC-A (Non- Creamy Layer),OBC-A (Non- Creamy Layer),Upgraded
141,1,10811,-,MEDICAL COLLEGE KOLKATA,M.D. (OBST. AND GYNAE)/MS (OBSTETRICS AND GYNAECOLOGY),Open Quota,OBC-B (Non- Creamy Layer),OBC-B (Non- Creamy Layer),Retained
142,3,10890,15,COLLEGE OF MEDICINE AND SAGORE DUTTA HOSPITAL,M.D. (TUBERCULOSIS AND RESPIRATORY DISEASES)/PULMONA RY MEDICINE /M.D. (RESPIRATORY MEDICINE),Open Quota,UR,General,Upgraded
143,2,10903,-,BANKURA SAMMILANI MEDICAL COLLEGE,"M.D. (DERM.,VENE. AND LEPROSY)/ (DERMATOLOGY)/ (SKIN AND VENEREAL DISEASES)/ (VENEREOLOGY)",Open Quota,SC,SC,Not Upgraded
144,3,11085,13,NORTH BENGAL MEDICAL COLLEGE AND HOSPITAL,M.D. (PAEDIATRICS),Open Quota,UR,General,Upgraded
145,3,11189,30,"CHITTARANJAN SEVA SADAN COLLEGE OF OBS. GYNAE AND CHILD HEALTH,KOLKATA",M.D. (OBST. AND GYNAE)/MS (OBSTETRICS AND GYNAECOLOGY),Open Quota,UR,General,Fresh Allotment
146,3,11265,22,CALCUTTA NATIONAL MEDICAL COLLEGE KOLKATA,M.D. (PAEDIATRICS),Open Quota,OBC-A (Non- Creamy Layer),OBC-A (Non- Creamy Layer),Fresh Allotment
147,3,11357,21,MALDA MEDICAL COLLEGE AND HOSPITAL,M.D. (PAEDIATRICS),Open Quota,UR,General,Upgraded
148,3,11651,14,COLLEGE OF MEDICINE AND SAGORE DUTTA HOSPITAL,"M.D. (DERM.,VENE. AND LEPROSY)/ (DERMATOLOGY)/ (SKIN AND VENEREAL DISEASES)/ (VENEREOLOGY)",Open Quota,SC,SC,Fresh Allotment
149,3,11743,1,MEDICAL COLLEGE KOLKATA,M.D. (PAEDIATRICS),Open Quota,EWS,EWS,Upgraded
150,3,11790,12,"RAMAKRISHNA MISSION SEVA PRATISHTHAN VIVEKANANDA INSTITUTE OF MEDICAL SCIENCES, KOLKATA",M.D. (OBST. AND GYNAE)/MS (OBSTETRICS AND GYNAECOLOGY),Open Quota,UR,General,Upgraded
151,3,11862,40,GOURI DEVI INSTITUTE OF MEDICAL SCIENCES AND HOSPITAL,M.D. (PAEDIATRICS),Open Quota,UR,General,Fresh Allotment
152,3,12044,26,DR. B C ROY POST GRADUATE INSTITUTE OF PAEDIATRIC SCIENCES,M.D. (PAEDIATRICS),Open Quota,OBC-A (Non- Creamy Layer),OBC-A (Non- Creamy Layer),Upgraded
153,3,12328,9,MIDNAPORE MEDICAL COLLEGE,M.D. (OBST. AND GYNAE)/MS (OBSTETRICS AND GYNAECOLOGY),Open Quota,UR,General,Upgraded
154,3,12386,15,"RAMAKRISHNA MISSION SEVA PRATISHTHAN VIVEKANANDA INSTITUTE OF MEDICAL SCIENCES, KOLKATA",M.D. (PAEDIATRICS),Open Quota,OBC-A (Non- Creamy Layer),OBC-A (Non- Creamy Layer),Upgraded
155,3,12639,1,MEDICAL COLLEGE KOLKATA,M.D. (ANAESTHESIOLOGY),Open Quota,UR,General,Upgraded
156,3,12789,34,INSTITUTE OF POST GRADUATE MEDICAL EDUCATION AND RESEARCH KOLKATA,M.D. (ANAESTHESIOLOGY),Open Quota,UR,General,Upgraded
157,3,12934,7,BANKURA SAMMILANI MEDICAL COLLEGE,M.S. (GENERAL SURGERY),Open Quota,UR,General,Fresh Allotment
158,3,12979,17,MIDNAPORE MEDICAL COLLEGE,M.D. (OBST. AND GYNAE)/MS (OBSTETRICS AND GYNAECOLOGY),Open Quota,UR,General,Fresh Allotment
159,2,12991,-,R G KAR MEDICAL COLLEGE,M.S. (GENERAL SURGERY),Open Quota,OBC-A (Non- Creamy Layer),OBC-A (Non- Creamy Layer),Not Upgraded
160,3,13072,9,BANKURA SAMMILANI MEDICAL COLLEGE,M.D. (OBST. AND GYNAE)/MS (OBSTETRICS AND GYNAECOLOGY),Open Quota,UR,General,Fresh Allotment
161,3,13118,7,BANKURA SAMMILANI MEDICAL COLLEGE,M.D. (OBST. AND GYNAE)/MS (OBSTETRICS AND GYNAECOLOGY),Open Quota,UR,General,Fresh Allotment
162,1,13182,-,"RAMAKRISHNA MISSION SEVA PRATISHTHAN VIVEKANANDA INSTITUTE OF MEDICAL SCIENCES, KOLKATA",M.D. (OBST. AND GYNAE)/MS (OBSTETRICS AND GYNAECOLOGY),Open Quota,OBC-A (Non- Creamy Layer),OBC-A (Non- Creamy Layer),Not Upgraded
163,3,13206,11,MIDNAPORE MEDICAL COLLEGE,M.S. (GENERAL SURGERY),Open Quota,UR,General,Fresh Allotment
164,1,13419,-,ESI PGIMSR AND ESIC MEDICAL COLLEGE JOKA KOLKATA,M.D. (OBST. AND GYNAE)/MS (OBSTETRICS AND GYNAECOLOGY),Open Quota,OBC (Non-Creamy Layer),OBC-A (Non- Creamy Layer),Not Upgraded
165,3,13539,7,BANKURA SAMMILANI MEDICAL COLLEGE,M.D. (OBST. AND GYNAE)/MS (OBSTETRICS AND GYNAECOLOGY),Open Quota,UR,General,Fresh Allotment
166,2,13699,-,NIL RATAN SIRCAR MEDICAL COLLEGE,M.S. (OPHTHALMOLOGY),Open Quota,OBC-A (Non- Creamy Layer),OBC-A (Non- Creamy Layer),Not Upgraded
167,3,13741,43,MALDA MEDICAL COLLEGE AND HOSPITAL,M.D. (OBST. AND GYNAE)/MS (OBSTETRICS AND GYNAECOLOGY),Open Quota,UR,General,Fresh Allotment
168,3,13745,34,"COMMAND HOSPITAL EC, ALIPORE, KOLKATA",M.D. (PAEDIATRICS),Open Quota,OBC (Non-Creamy Layer),OBC-A (Non- Creamy Layer),Fresh Allotment
169,3,13817,26,"RAMAKRISHNA MISSION SEVA PRATISHTHAN VIVEKANANDA INSTITUTE OF MEDICAL SCIENCES, KOLKATA",M.D. (OBST. AND GYNAE)/MS (OBSTETRICS AND GYNAECOLOGY),Open Quota,UR,General,Fresh Allotment
170,3,13829,43,INSTITUTE OF POST GRADUATE MEDICAL EDUCATION AND RESEARCH KOLKATA,M.D. (PSYCHIATRY),Open Quota,UR,General,Fresh Allotment
171,3,13892,7,"COMMAND HOSPITAL EC, ALIPORE, KOLKATA",M.D. (OBST. AND GYNAE)/MS (OBSTETRICS AND GYNAECOLOGY),Open Quota,UR,General,Upgraded
172,3,13908,31,MEDICAL COLLEGE KOLKATA,M.D. (RADIOTHERAPY/ RADIATION ONCOLOGY),Open Quota,UR,General,Upgraded
173,3,13931,15,MIDNAPORE MEDICAL COLLEGE,M.D. (OBST. AND GYNAE)/MS (OBSTETRICS AND GYNAECOLOGY),Open Quota,UR,General,Upgraded
174,1,13964,-,MEDICAL COLLEGE KOLKATA,M.D. (OBST. AND GYNAE)/MS (OBSTETRICS AND GYNAECOLOGY),Open Quota,EWS,EWS,Not Upgraded
175,3,14212,43,MURSHIDABAD MEDICAL COLLEGE AND HOSPITAL,M.D. (OBST. AND GYNAE)/MS (OBSTETRICS AND GYNAECOLOGY),Open Quota,UR,General,Fresh Allotment
176,3,14305,49,MEDICAL COLLEGE KOLKATA,M.D. (PSYCHIATRY),Open Quota,UR,General,Fresh Allotment
177,2,14379,-,R G KAR MEDICAL COLLEGE,M.D. (OBST. AND GYNAE)/MS (OBSTETRICS AND GYNAECOLOGY),Open Quota,OBC-B (Non- Creamy Layer),OBC-B (Non- Creamy Layer),Retained
178,2,15131,-,DR. B C ROY POST GRADUATE INSTITUTE OF PAEDIATRIC SCIENCES,M.D. (PAEDIATRICS),Open Quota,SC,SC,Retained
179,2,15204,-,ESI PGIMSR AND ESIC MEDICAL COLLEGE JOKA KOLKATA,M.S. (GENERAL SURGERY),Open Quota,OBC (Non-Creamy Layer),OBC-A (Non- Creamy Layer),Not Upgraded
180,2,15258,-,BANKURA SAMMILANI MEDICAL COLLEGE,M.S. (GENERAL SURGERY),Open Quota,OBC-B (Non- Creamy Layer),OBC-B (Non- Creamy Layer),Not Upgraded
181,2,15269,-,KPC MEDICAL COLLEGE,M.S. (ORTHOPAEDICS),Open Quota,UR,General,Not Upgraded
182,3,15369,2,CALCUTTA NATIONAL MEDICAL COLLEGE KOLKATA,M.D. (PSYCHIATRY),Open Quota,UR,General,Fresh Allotment
183,2,15464,-,INSTITUTE OF POST GRADUATE MEDICAL EDUCATION AND RESEARCH KOLKATA,M.D. (PHYSICAL MED. AND REHABILITATION),Open Quota,UR,General,Not Upgraded
184,3,15679,10,MALDA MEDICAL COLLEGE AND HOSPITAL,M.D. (OBST. AND GYNAE)/MS (OBSTETRICS AND GYNAECOLOGY),Open Quota,OBC-A (Non- Creamy Layer),OBC-A (Non- Creamy Layer),Upgraded
185,3,15725,33,MEDICAL COLLEGE KOLKATA,M.S. (OPHTHALMOLOGY),Open Quota,UR,General,Fresh Allotment
186,3,15766,2,"IQ CITY MEDICAL COLLEGE, DURGAPUR",M.S. (ORTHOPAEDICS),Private Management Quota,UR,General,Fresh Allotment
187,2,15936,-,INSTITUTE OF POST GRADUATE MEDICAL EDUCATION AND RESEARCH KOLKATA,M.D. (OBST. AND GYNAE)/MS (OBSTETRICS AND GYNAECOLOGY),Open Quota,SC,SC,Retained
188,3,15982,1,ICARE INSTITUTE OF MEDICAL SCIENCES AND RESEARCH HALDIA,M.D. (OBST. AND GYNAE)/MS (OBSTETRICS AND GYNAECOLOGY),Private Management Quota,UR,General,Fresh Allotment
189,3,16010,23,BANKURA SAMMILANI MEDICAL COLLEGE,M.D. (TUBERCULOSIS AND RESPIRATORY DISEASES)/PULMONA RY MEDICINE /M.D. (RESPIRATORY MEDICINE),Open Quota,UR,General,Fresh Allotment
190,3,16037,64,MEDICAL COLLEGE KOLKATA,M.D. (ANAESTHESIOLOGY),Open Quota,UR,General,Fresh Allotment
191,3,16169,15,ICARE INSTITUTE OF MEDICAL SCIENCES AND RESEARCH HALDIA,M.D. (GENERAL MEDICINE),Open Quota,UR,General,Upgraded
192,3,16181,48,MIDNAPORE MEDICAL COLLEGE,M.S. (GENERAL SURGERY),Open Quota,UR,General,Upgraded
193,3,16310,1,MEDICAL COLLEGE KOLKATA,M.S. (OPHTHALMOLOGY),Open Quota,UR,General,Fresh Allotment
194,1,16318,-,INSTITUTE OF CHILD HEALTH,M.D. (PAEDIATRICS),Open Quota,SC,SC,Not Upgraded
195,3,16333,16,SHRI RAMKRISHNA INSTITUTE OF MEDICAL SCIENCES & SANAKA HOSPITALS,M.D. (GENERAL MEDICINE),Open Quota,UR,General,Upgraded
196,3,16453,1,MEDICAL COLLEGE KOLKATA,M.S. (OPHTHALMOLOGY),Open Quota,UR,General,Fresh Allotment
197,3,16464,6,BURDWAN MEDICAL COLLEGE,M.D. (GENERAL MEDICINE),Open Quota,SC,SC,Upgraded
198,3,16469,32,INSTITUTE OF POST GRADUATE MEDICAL EDUCATION AND RESEARCH KOLKATA,M.D. (RADIOTHERAPY/ RADIATION ONCOLOGY),Open Quota,UR,General,Fresh Allotment
199,2,16509,-,"IQ CITY MEDICAL COLLEGE, DURGAPUR",M.D. (OBST. AND GYNAE)/MS (OBSTETRICS AND GYNAECOLOGY),Open Quota,UR,General,Not Upgraded
200,3,16615,3,CALCUTTA NATIONAL MEDICAL COLLEGE KOLKATA,M.D. (GENERAL MEDICINE),Open Quota,EWS,EWS,Upgraded
201,2,16634,-,KPC MEDICAL COLLEGE,M.D. (GENERAL MEDICINE),Private Management Quota,UR,General,Not Upgraded
202,3,16803,19,KPC MEDICAL COLLEGE,M.D. (OBST. AND GYNAE)/MS (OBSTETRICS AND GYNAECOLOGY),Open Quota,UR,OBC-A (Non- Creamy Layer),Fresh Allotment
203,2,16826,-,NIL RATAN SIRCAR MEDICAL COLLEGE,M.D. (OBST. AND GYNAE)/MS (OBSTETRICS AND GYNAECOLOGY),Open Quota,EWS,EWS,Not Upgraded
204,3,16992,63,INSTITUTE OF POST GRADUATE MEDICAL EDUCATION AND RESEARCH KOLKATA,M.S. (OPHTHALMOLOGY),Open Quota,UR,General,Upgraded
205,1,17002,-,"RAMAKRISHNA MISSION SEVA PRATISHTHAN VIVEKANANDA INSTITUTE OF MEDICAL SCIENCES, KOLKATA",DIPLOMA IN CHILD HEALTH/ PAEDIATRICS,Open Quota,UR,General,Not Upgraded
206,1,17097,-,MEDICAL COLLEGE KOLKATA,DIP.IN GYNAE. AND OBST.,Open Quota,UR,General,Not Upgraded
207,1,17480,-,NIL RATAN SIRCAR MEDICAL COLLEGE,M.S. (ORTHOPAEDICS),Open Quota,EWS,EWS,Not Upgraded
208,3,17754,28,INSTITUTE OF POST GRADUATE MEDICAL EDUCATION AND RESEARCH KOLKATA,M.S. (E.N.T.),Open Quota,UR,General,Fresh Allotment
209,3,17943,3,NIL RATAN SIRCAR MEDICAL COLLEGE,M.S. (OPHTHALMOLOGY),Open Quota,UR,General,Upgraded
210,3,18014,25,MIDNAPORE MEDICAL COLLEGE,M.D. (PAEDIATRICS),Open Quota,OBC-B (Non- Creamy Layer),OBC-B (Non- Creamy Layer),Upgraded
211,2,18033,-,R G KAR MEDICAL COLLEGE,"M.D. (DERM.,VENE. AND LEPROSY)/ (DERMATOLOGY)/ (SKIN AND VENEREAL DISEASES)/ (VENEREOLOGY)",Open Quota,EWS,EWS,Not Upgraded
212,2,18062,-,R G KAR MEDICAL COLLEGE,M.D. (OBST. AND GYNAE)/MS (OBSTETRICS AND GYNAECOLOGY),Open Quota,SC,SC,Retained
213,1,18154,-,R G KAR MEDICAL COLLEGE,M.D. (GENERAL MEDICINE),Open Quota,ST,ST,Retained
214,3,18161,65,BURDWAN MEDICAL COLLEGE,M.S. (ORTHOPAEDICS),Open Quota,OBC-A (Non- Creamy Layer),OBC-A (Non- Creamy Layer),Upgraded
215,3,18260,31,"CHITTARANJAN SEVA SADAN COLLEGE OF OBS. GYNAE AND CHILD HEALTH,KOLKATA",M.D. (OBST. AND GYNAE)/MS (OBSTETRICS AND GYNAECOLOGY),Open Quota,OBC-B (Non- Creamy Layer),OBC-B (Non- Creamy Layer),Upgraded
216,3,18505,36,BURDWAN MEDICAL COLLEGE,M.S. (OPHTHALMOLOGY),Open Quota,UR,General,Fresh Allotment
217,2,18579,-,ALL INDIA INSTITUTE OF HYGIENE AND PUBLIC HEALTH,M.D. (PREVENTIVE AND SOCIAL MEDICINE)/ COMMUNITY MEDICINE,Open Quota,UR,OBC-A (Non- Creamy Layer),Retained
218,3,18757,18,MEDICAL COLLEGE KOLKATA,DIP.IN GYNAE. AND OBST.,Open Quota,UR,OBC-A (Non- Creamy Layer),Fresh Allotment
219,3,18760,10,BANKURA SAMMILANI MEDICAL COLLEGE,M.S. (OPHTHALMOLOGY),Open Quota,UR,General,Fresh Allotment
220,3,18792,23,"RAMAKRISHNA MISSION SEVA PRATISHTHAN VIVEKANANDA INSTITUTE OF MEDICAL SCIENCES, KOLKATA",M.S. (OPHTHALMOLOGY),Open Quota,UR,General,Upgraded
221,3,18858,74,COLLEGE OF MEDICINE AND SAGORE DUTTA HOSPITAL,M.D. (PSYCHIATRY),Open Quota,UR,OBC-A (Non- Creamy Layer),Upgraded
222,3,18966,2,MEDICAL COLLEGE KOLKATA,M.S. (E.N.T.),Open Quota,UR,General,Fresh Allotment
223,3,19034,2,R G KAR MEDICAL COLLEGE,M.S. (E.N.T.),Open Quota,UR,General,Fresh Allotment
224,1,19039,-,INSTITUTE OF POST GRADUATE MEDICAL EDUCATION AND RESEARCH KOLKATA,M.D. (RADIO- DIAGNOSIS),Open Quota,ST,ST,Retained
225,3,19047,25,R G KAR MEDICAL COLLEGE,M.D. (TUBERCULOSIS AND RESPIRATORY DISEASES)/PULMONA RY MEDICINE /M.D. (RESPIRATORY MEDICINE),Open Quota,OBC-B (Non- Creamy Layer),OBC-B (Non- Creamy Layer),Upgraded
226,3,19051,13,MEDICAL COLLEGE KOLKATA,M.D. (ANAESTHESIOLOGY),Open Quota,UR,General,Upgraded
227,3,19098,29,NORTH BENGAL MEDICAL COLLEGE AND HOSPITAL,M.S. (OPHTHALMOLOGY),Open Quota,UR,General,Fresh Allotment
228,3,19108,14,GOURI DEVI INSTITUTE OF MEDICAL SCIENCES AND HOSPITAL,"M.D. (DERM.,VENE. AND LEPROSY)/ (DERMATOLOGY)/ (SKIN AND VENEREAL DISEASES)/ (VENEREOLOGY)",Open Quota,UR,General,Fresh Allotment
229,3,19112,9,BURDWAN MEDICAL COLLEGE,M.S. (GENERAL SURGERY),Open Quota,OBC-B (Non- Creamy Layer),OBC-B (Non- Creamy Layer),Upgraded
230,3,19280,10,BANKURA SAMMILANI MEDICAL COLLEGE,M.S. (GENERAL SURGERY),Open Quota,OBC-A (Non- Creamy Layer),OBC-A (Non- Creamy Layer),Fresh Allotment
231,3,19539,3,KPC MEDICAL COLLEGE,M.S. (OPHTHALMOLOGY),Open Quota,UR,General,Fresh Allotment
232,2,19627,-,MEDICAL COLLEGE KOLKATA,M.S. (E.N.T.),Open Quota,OBC-A (Non- Creamy Layer),OBC-A (Non- Creamy Layer),Not Upgraded
233,3,19684,10,NORTH BENGAL MEDICAL COLLEGE AND HOSPITAL,M.D. (GENERAL MEDICINE),Open Quota,SC,SC,Fresh Allotment
234,2,19718,-,R G KAR MEDICAL COLLEGE,M.S. (ORTHOPAEDICS),Open Quota,SC,SC,Retained
235,3,19789,24,MEDICAL COLLEGE KOLKATA,M.D. GERIATRICS,Open Quota,UR,General,Fresh Allotment
236,3,19894,59,R G KAR MEDICAL COLLEGE,M.D. (PSYCHIATRY),Open Quota,UR,General,Fresh Allotment
237,3,19898,7,MIDNAPORE MEDICAL COLLEGE,M.D. (GENERAL MEDICINE),Open Quota,SC,SC,Upgraded
238,3,20025,66,NORTH BENGAL MEDICAL COLLEGE AND HOSPITAL,M.S. (ORTHOPAEDICS),Open Quota,OBC-A (Non- Creamy Layer),OBC-A (Non- Creamy Layer),Fresh Allotment
239,3,20032,9,CALCUTTA NATIONAL MEDICAL COLLEGE KOLKATA,M.S. (E.N.T.),Open Quota,UR,General,Fresh Allotment
240,3,20109,37,INSTITUTE OF POST GRADUATE MEDICAL EDUCATION AND RESEARCH KOLKATA,M.D. (ANAESTHESIOLOGY),Open Quota,OBC-B (Non- Creamy Layer),OBC-B (Non- Creamy Layer),Fresh Allotment
241,3,20202,41,COLLEGE OF MEDICINE AND SAGORE DUTTA HOSPITAL,M.S. (OPHTHALMOLOGY),Open Quota,UR,General,Fresh Allotment
242,3,20213,10,"RAMAKRISHNA MISSION SEVA PRATISHTHAN VIVEKANANDA INSTITUTE OF MEDICAL SCIENCES, KOLKATA",M.D. (GENERAL MEDICINE),Open Quota,EWS,EWS,Upgraded
243,1,20284,-,KPC MEDICAL COLLEGE,M.D. (GENERAL MEDICINE),Private Management Quota,UR,General,Not Upgraded
244,3,20359,25,R G KAR MEDICAL COLLEGE,M.D. (RADIOTHERAPY/ RADIATION ONCOLOGY),Open Quota,UR,General,Fresh Allotment
245,3,20592,16,MIDNAPORE MEDICAL COLLEGE,M.S. (E.N.T.),Open Quota,UR,General,Fresh Allotment
246,3,20818,41,BANKURA SAMMILANI MEDICAL COLLEGE,M.S. (E.N.T.),Open Quota,UR,General,Upgraded
247,3,20897,11,JAGANNATH GUPTA INSTITUTE OF MEDICAL SCIENCES AND HOSPITAL,M.D. (GENERAL MEDICINE),Open Quota,OBC-A (Non- Creamy Layer),OBC-A (Non- Creamy Layer),Upgraded
248,1,21104,-,KPC MEDICAL COLLEGE,M.D. (GENERAL MEDICINE),Private Management Quota,UR,General,Not Upgraded
249,3,21120,86,COLLEGE OF MEDICINE AND JNM HOSPITAL KALYANI,M.D. (PSYCHIATRY),Open Quota,OBC-A (Non- Creamy Layer),OBC-A (Non- Creamy Layer),Fresh Allotment
250,3,21211,1,ICARE INSTITUTE OF MEDICAL SCIENCES AND RESEARCH HALDIA,"M.D. (DERM.,VENE. AND LEPROSY)/ (DERMATOLOGY)/ (SKIN AND VENEREAL DISEASES)/ (VENEREOLOGY)",Private Management Quota,UR,OBC (Non-Creamy Layer),Fresh Allotment
251,3,21267,16,DIAMOND HARBOUR GOVERNMENT MEDICAL COLLEGE AND HOSPITAL,M.S. (E.N.T.),Open Quota,UR,General,Fresh Allotment
252,3,21369,7,BURDWAN MEDICAL COLLEGE,M.D. (OBST. AND GYNAE)/MS (OBSTETRICS AND GYNAECOLOGY),Open Quota,OBC-B (Non- Creamy Layer),OBC-B (Non- Creamy Layer),Upgraded
253,1,21569,-,INSTITUTE OF POST GRADUATE MEDICAL EDUCATION AND RESEARCH KOLKATA,M.S. (GENERAL SURGERY),Open Quota,EWS,EWS,Retained
254,3,21630,27,R G KAR MEDICAL COLLEGE,M.D. (RADIOTHERAPY/ RADIATION ONCOLOGY),Open Quota,UR,General,Upgraded
255,3,21884,3,NIL RATAN SIRCAR MEDICAL COLLEGE,M.D. (ANAESTHESIOLOGY),Open Quota,UR,General,Fresh Allotment
256,3,21914,17,BURDWAN MEDICAL COLLEGE,M.D. (RADIOTHERAPY/ RADIATION ONCOLOGY),Open Quota,UR,General,Fresh Allotment
257,3,21926,11,NORTH BENGAL MEDICAL COLLEGE AND HOSPITAL,M.D. (PSYCHIATRY),Open Quota,UR,OBC-A (Non- Creamy Layer),Upgraded
258,3,22319,17,CALCUTTA NATIONAL MEDICAL COLLEGE KOLKATA,M.D. (PAEDIATRICS),Open Quota,EWS,EWS,Fresh Allotment
259,3,22360,24,NORTH BENGAL MEDICAL COLLEGE AND HOSPITAL,M.S. (OPHTHALMOLOGY),Open Quota,UR,General,Fresh Allotment
260,1,22533,-,"RAMAKRISHNA MISSION SEVA PRATISHTHAN VIVEKANANDA INSTITUTE OF MEDICAL SCIENCES, KOLKATA",DIP.IN GYNAE. AND OBST.,Open Quota,OBC-A (Non- Creamy Layer),OBC-A (Non- Creamy Layer),Not Upgraded
261,1,22554,-,MEDICAL COLLEGE KOLKATA,M.S. (OPHTHALMOLOGY),Open Quota,SC,SC,Retained
262,3,22611,48,ALL INDIA INSTITUTE OF HYGIENE AND PUBLIC HEALTH,M.D. (PREVENTIVE AND SOCIAL MEDICINE)/ COMMUNITY MEDICINE,Open Quota,UR,General,Fresh Allotment
263,1,22679,-,TAMRALIPTO GOVERNMENT MEDICAL COLLEGE,(NBEMS) GENERAL MEDICINE,In-Service DNB,UR,OBC-B (Non- Creamy Layer),Retained
264,1,22702,-,INSTITUTE OF POST GRADUATE MEDICAL EDUCATION AND RESEARCH KOLKATA,M.D. (PSYCHIATRY),Open Quota,SC,SC,Not Upgraded
265,3,23018,7,NORTH BENGAL MEDICAL COLLEGE AND HOSPITAL,M.S. (E.N.T.),Open Quota,UR,General,Fresh Allotment
266,3,23191,16,BURDWAN MEDICAL COLLEGE,M.D. (OBST. AND GYNAE)/MS (OBSTETRICS AND GYNAECOLOGY),Open Quota,EWS,EWS,Upgraded
267,1,23210,-,INSTITUTE OF POST GRADUATE MEDICAL EDUCATION AND RESEARCH KOLKATA,M.S. (GENERAL SURGERY),Open Quota,ST,ST,Retained
268,3,23219,56,R G KAR MEDICAL COLLEGE,M.D. (ANAESTHESIOLOGY),Open Quota,UR,General,Fresh Allotment
269,3,23375,6,KPC MEDICAL COLLEGE,M.D. (RADIO- DIAGNOSIS),Private Management Quota,UR,General,Upgraded
270,3,23383,45,MALDA MEDICAL COLLEGE AND HOSPITAL,M.S. (GENERAL SURGERY),Open Quota,OBC-B (Non- Creamy Layer),OBC-B (Non- Creamy Layer),Upgraded
271,3,23457,36,CALCUTTA NATIONAL MEDICAL COLLEGE KOLKATA,M.D. (ANAESTHESIOLOGY),Open Quota,UR,General,Fresh Allotment
272,3,23483,23,MIDNAPORE MEDICAL COLLEGE,M.S. (OPHTHALMOLOGY),Open Quota,UR,General,Fresh Allotment
273,2,23628,-,MEDICAL COLLEGE KOLKATA,M.S. (GENERAL SURGERY),Open Quota,SC,SC,Retained
274,3,23668,25,NIL RATAN SIRCAR MEDICAL COLLEGE,M.D. (ANAESTHESIOLOGY),Open Quota,UR,General,Fresh Allotment
275,3,23744,24,R G KAR MEDICAL COLLEGE,M.D. (ANAESTHESIOLOGY),Open Quota,UR,General,Fresh Allotment
276,3,23802,1,INSTITUTE OF POST GRADUATE MEDICAL EDUCATION AND RESEARCH KOLKATA,M.S. (GENERAL SURGERY),Open Quota,SC,SC,Upgraded
277,3,24025,3,NIL RATAN SIRCAR MEDICAL COLLEGE,M.S. (ORTHOPAEDICS),Open Quota,SC,SC,Upgraded
278,3,24135,65,MALDA MEDICAL COLLEGE AND HOSPITAL,M.S. (OPHTHALMOLOGY),Open Quota,UR,General,Fresh Allotment
279,3,24152,56,MURSHIDABAD MEDICAL COLLEGE AND HOSPITAL,M.S. (GENERAL SURGERY),Open Quota,OBC-B (Non- Creamy Layer),OBC-B (Non- Creamy Layer),Upgraded
280,1,24576,-,INSTITUTE OF POST GRADUATE MEDICAL EDUCATION AND RESEARCH KOLKATA,M.D. (GENERAL MEDICINE),In-Service,UR,OBC-A (Non- Creamy Layer),Retained
281,3,24647,3,CALCUTTA NATIONAL MEDICAL COLLEGE KOLKATA,M.D. (ANAESTHESIOLOGY),Open Quota,UR,General,Fresh Allotment
282,3,24654,30,BURDWAN MEDICAL COLLEGE,M.D. (ANAESTHESIOLOGY),Open Quota,UR,General,Fresh Allotment
283,3,25087,2,KPC MEDICAL COLLEGE,M.D. (GENERAL MEDICINE),Private Management Quota,UR,General,Upgraded
284,3,25205,1,JAGANNATH GUPTA INSTITUTE OF MEDICAL SCIENCES AND HOSPITAL,M.D. (GENERAL MEDICINE),Private Management Quota,UR,OBC (Non-Creamy Layer),Fresh Allotment
285,3,25252,119,"RAMAKRISHNA MISSION SEVA PRATISHTHAN VIVEKANANDA INSTITUTE OF MEDICAL SCIENCES, KOLKATA",M.D. (ANAESTHESIOLOGY),Open Quota,UR,General,Fresh Allotment
286,2,25569,-,NIL RATAN SIRCAR MEDICAL COLLEGE,M.D. (OBST. AND GYNAE)/MS (OBSTETRICS AND GYNAECOLOGY),Open Quota,SC,SC,Retained
287,3,25655,12,MEDICAL COLLEGE KOLKATA,M.D. (TUBERCULOSIS AND RESPIRATORY DISEASES)/PULMONA RY MEDICINE /M.D. (RESPIRATORY MEDICINE),Open Quota,SC,SC,Fresh Allotment
288,3,25705,31,ICARE INSTITUTE OF MEDICAL SCIENCES AND RESEARCH HALDIA,M.D. (GENERAL MEDICINE),Open Quota,OBC-B (Non- Creamy Layer),OBC-B (Non- Creamy Layer),Upgraded
289,3,25741,9,COLLEGE OF MEDICINE AND SAGORE DUTTA HOSPITAL,M.D. (ANAESTHESIOLOGY),Open Quota,UR,General,Fresh Allotment
290,1,25786,-,INSTITUTE OF POST GRADUATE MEDICAL EDUCATION AND RESEARCH KOLKATA,M.D. (RADIO- DIAGNOSIS),In-Service,UR,OBC-B (Non- Creamy Layer),Retained
291,1,25885,-,KPC MEDICAL COLLEGE,M.D. (GENERAL MEDICINE),Private Management Quota,UR,General,Not Upgraded
292,3,26564,90,ICARE INSTITUTE OF MEDICAL SCIENCES AND RESEARCH HALDIA,M.D. (PAEDIATRICS),Open Quota,UR,General,Upgraded
293,3,26651,56,"RAMAKRISHNA MISSION SEVA PRATISHTHAN VIVEKANANDA INSTITUTE OF MEDICAL SCIENCES, KOLKATA",M.S. (GENERAL SURGERY),Open Quota,OBC-B (Non- Creamy Layer),OBC-B (Non- Creamy Layer),Fresh Allotment
294,3,26714,24,BANKURA SAMMILANI MEDICAL COLLEGE,M.S. (GENERAL SURGERY),Open Quota,SC,SC,Fresh Allotment
295,3,26715,44,INSTITUTE OF POST GRADUATE MEDICAL EDUCATION AND RESEARCH KOLKATA,M.D. (PHYSICAL MED. AND REHABILITATION),Open Quota,UR,General,Fresh Allotment
296,3,27008,12,BURDWAN MEDICAL COLLEGE,M.S. (ORTHOPAEDICS),Open Quota,SC,SC,Upgraded
297,3,27259,107,BANKURA SAMMILANI MEDICAL COLLEGE,M.D. (ANAESTHESIOLOGY),Open Quota,UR,General,Fresh Allotment
298,3,27617,32,"RAMAKRISHNA MISSION SEVA PRATISHTHAN VIVEKANANDA INSTITUTE OF MEDICAL SCIENCES, KOLKATA",M.D. (OBST. AND GYNAE)/MS (OBSTETRICS AND GYNAECOLOGY),Open Quota,EWS,EWS,Upgraded
299,3,27807,8,SHRI RAMKRISHNA INSTITUTE OF MEDICAL SCIENCES & SANAKA HOSPITALS,M.D. (PAEDIATRICS),Open Quota,UR,General,Fresh Allotment
300,3,28030,25,CALCUTTA NATIONAL MEDICAL COLLEGE KOLKATA,M.D. (TUBERCULOSIS AND RESPIRATORY DISEASES)/PULMONA RY MEDICINE /M.D. (RESPIRATORY MEDICINE),Open Quota,SC,SC,Fresh Allotment
301,3,28233,17,INSTITUTE OF CHILD HEALTH,M.D. (PAEDIATRICS),Open Quota,EWS,EWS,Fresh Allotment
302,3,28421,37,MURSHIDABAD MEDICAL COLLEGE AND HOSPITAL,M.D. (ANAESTHESIOLOGY),Open Quota,UR,General,Fresh Allotment
303,3,28592,1,R G KAR MEDICAL COLLEGE,M.S. (GENERAL SURGERY),Open Quota,SC,SC,Upgraded
304,3,28954,31,INSTITUTE OF POST GRADUATE MEDICAL EDUCATION AND RESEARCH KOLKATA,M.D. (ANAESTHESIOLOGY),Open Quota,OBC-A (Non- Creamy Layer),OBC-A (Non- Creamy Layer),Fresh Allotment
305,3,29002,49,JAGANNATH GUPTA INSTITUTE OF MEDICAL SCIENCES AND HOSPITAL,M.S. (ORTHOPAEDICS),Open Quota,UR,OBC-B (Non- Creamy Layer),Upgraded
306,3,29099,1,"IQ CITY MEDICAL COLLEGE, DURGAPUR",M.D. (RADIO- DIAGNOSIS),Private Management Quota,UR,OBC (Non-Creamy Layer),Fresh Allotment
307,3,29238,1,KPC MEDICAL COLLEGE,M.D. (GENERAL MEDICINE),Private Management Quota,UR,General,Fresh Allotment
308,3,29372,65,BURDWAN MEDICAL COLLEGE,M.D. (RADIOTHERAPY/ RADIATION ONCOLOGY),Open Quota,OBC-A (Non- Creamy Layer),OBC-A (Non- Creamy Layer),Upgraded
309,3,29478,8,COLLEGE OF MEDICINE AND JNM HOSPITAL KALYANI,M.D. (OBST. AND GYNAE)/MS (OBSTETRICS AND GYNAECOLOGY),Open Quota,EWS,EWS,Upgraded
310,3,29517,60,NIL RATAN SIRCAR MEDICAL COLLEGE,M.D. (ANAESTHESIOLOGY),Open Quota,OBC-A (Non- Creamy Layer),OBC-A (Non- Creamy Layer),Upgraded
311,3,29571,52,"COMMAND HOSPITAL EC, ALIPORE, KOLKATA",M.D. (ANAESTHESIOLOGY),Open Quota,UR,General,Fresh Allotment
312,3,29746,19,INSTITUTE OF POST GRADUATE MEDICAL EDUCATION AND RESEARCH KOLKATA,M.D. (PAEDIATRICS),Open Quota,SC,SC,Upgraded
313,3,29832,1,BANKURA SAMMILANI MEDICAL COLLEGE,M.D. (ANAESTHESIOLOGY),Open Quota,UR,General,Fresh Allotment
314,3,29855,61,"RAMAKRISHNA MISSION SEVA PRATISHTHAN VIVEKANANDA INSTITUTE OF MEDICAL SCIENCES, KOLKATA",M.D. (ANAESTHESIOLOGY),Open Quota,UR,General,Fresh Allotment
315,3,29865,21,NIL RATAN SIRCAR MEDICAL COLLEGE,M.S. (GENERAL SURGERY),Open Quota,SC,SC,Upgraded
316,3,30089,14,SHRI RAMKRISHNA INSTITUTE OF MEDICAL SCIENCES & SANAKA HOSPITALS,"M.D. (DERM.,VENE. AND LEPROSY)/ (DERMATOLOGY)/ (SKIN AND VENEREAL DISEASES)/ (VENEREOLOGY)",Open Quota,UR,OBC-A (Non- Creamy Layer),Fresh Allotment
317,3,30146,22,BANKURA SAMMILANI MEDICAL COLLEGE,M.D. (ANAESTHESIOLOGY),Open Quota,UR,General,Fresh Allotment
318,3,30168,4,R G KAR MEDICAL COLLEGE,M.D. (PAEDIATRICS),Open Quota,SC,SC,Fresh Allotment
319,3,30219,1,"IQ CITY MEDICAL COLLEGE, DURGAPUR",M.D. (RADIO- DIAGNOSIS),Private Management Quota,UR,OBC (Non-Creamy Layer),Fresh Allotment
320,3,30229,3,BURDWAN MEDICAL COLLEGE,M.S. (GENERAL SURGERY),Open Quota,SC,SC,Upgraded
321,3,30271,34,NORTH BENGAL MEDICAL COLLEGE AND HOSPITAL,M.D. (ANAESTHESIOLOGY),Open Quota,UR,General,Fresh Allotment
322,3,30281,54,MIDNAPORE MEDICAL COLLEGE,M.D. (ANAESTHESIOLOGY),Open Quota,UR,General,Fresh Allotment
323,3,30306,60,NORTH BENGAL MEDICAL COLLEGE AND HOSPITAL,M.D. (ANAESTHESIOLOGY),Open Quota,UR,General,Fresh Allotment
324,2,30328,-,INSTITUTE OF POST GRADUATE MEDICAL EDUCATION AND RESEARCH KOLKATA,M.D. (PATHOLOGY),Open Quota,OBC-A (Non- Creamy Layer),OBC-A (Non- Creamy Layer),Not Upgraded
325,1,30365,-,MEDICAL COLLEGE KOLKATA,M.D. (GENERAL MEDICINE),In-Service,UR,General,Retained
326,3,30753,34,ALL INDIA INSTITUTE OF HYGIENE AND PUBLIC HEALTH,M.D. (PREVENTIVE AND SOCIAL MEDICINE)/ COMMUNITY MEDICINE,Open Quota,UR,OBC-A (Non- Creamy Layer),Fresh Allotment
327,3,30836,9,"RAMAKRISHNA MISSION SEVA PRATISHTHAN VIVEKANANDA INSTITUTE OF MEDICAL SCIENCES, KOLKATA",M.S. (ORTHOPAEDICS),Open Quota,SC,SC,Upgraded
328,3,31451,22,JAGANNATH GUPTA INSTITUTE OF MEDICAL SCIENCES AND HOSPITAL,M.D. (TUBERCULOSIS AND RESPIRATORY DISEASES)/PULMONA RY MEDICINE /M.D. (RESPIRATORY MEDICINE),Open Quota,OBC-A (Non- Creamy Layer),OBC-A (Non- Creamy Layer),Fresh Allotment
329,3,31520,2,NIL RATAN SIRCAR MEDICAL COLLEGE,M.D. (PAEDIATRICS),Open Quota,SC,SC,Fresh Allotment
330,2,31649,-,NIL RATAN SIRCAR MEDICAL COLLEGE,M.D. (PAEDIATRICS),Open Quota,EWS,EWS,Retained
331,1,31660,-,CALCUTTA NATIONAL MEDICAL COLLEGE KOLKATA,M.D. (PSYCHIATRY),Open Quota,SC,SC,Not Upgraded
332,1,31703,-,MEDICAL COLLEGE KOLKATA,M.S. (GENERAL SURGERY),Open Quota,EWS,EWS,Retained
333,2,31730,-,"IQ CITY MEDICAL COLLEGE, DURGAPUR",M.D. (PSYCHIATRY),Open Quota,UR,General,Retained
334,3,32076,82,NIL RATAN SIRCAR MEDICAL COLLEGE,M.D. (ANAESTHESIOLOGY),Open Quota,OBC-A (Non- Creamy Layer),OBC-A (Non- Creamy Layer),Fresh Allotment
335,3,32281,96,"IQ CITY MEDICAL COLLEGE, DURGAPUR",M.S. (ORTHOPAEDICS),Open Quota,UR,General,Fresh Allotment
336,3,32456,81,GOURI DEVI INSTITUTE OF MEDICAL SCIENCES AND HOSPITAL,M.D. (GENERAL MEDICINE),Open Quota,OBC-A (Non- Creamy Layer),OBC-A (Non- Creamy Layer),Upgraded
337,3,32522,47,SHRI RAMKRISHNA INSTITUTE OF MEDICAL SCIENCES & SANAKA HOSPITALS,M.D. (RADIOTHERAPY/ RADIATION ONCOLOGY),Open Quota,UR,General,Fresh Allotment
338,3,32821,16,ICARE INSTITUTE OF MEDICAL SCIENCES AND RESEARCH HALDIA,M.D. (OBST. AND GYNAE)/MS (OBSTETRICS AND GYNAECOLOGY),Open Quota,UR,General,Fresh Allotment
339,3,32828,31,KPC MEDICAL COLLEGE,M.D. (OBST. AND GYNAE)/MS (OBSTETRICS AND GYNAECOLOGY),Private Management Quota,UR,General,Upgraded
340,3,32857,7,"CHITTARANJAN SEVA SADAN COLLEGE OF OBS. GYNAE AND CHILD HEALTH,KOLKATA",M.D. (PAEDIATRICS),Open Quota,SC,SC,Upgraded
341,1,33126,-,JAGANNATH GUPTA INSTITUTE OF MEDICAL SCIENCES AND HOSPITAL,M.D. (GENERAL MEDICINE),Private Management Quota,UR,General,Not Upgraded
342,1,33162,-,MEDICAL COLLEGE KOLKATA,M.S. (OPHTHALMOLOGY),Open Quota,SC,SC,Retained
343,3,33351,2,MEDICAL COLLEGE KOLKATA,M.D. (OBST. AND GYNAE)/MS (OBSTETRICS AND GYNAECOLOGY),Open Quota,SC,SC,Upgraded
344,2,33412,-,"CHITTARANJAN SEVA SADAN COLLEGE OF OBS. GYNAE AND CHILD HEALTH,KOLKATA",M.D. (OBST. AND GYNAE)/MS (OBSTETRICS AND GYNAECOLOGY),Open Quota,SC,SC,Not Upgraded
345,1,33579,-,MEDICAL COLLEGE KOLKATA,M.D. (GENERAL MEDICINE),In-Service,UR,General,Retained
346,3,33748,86,INSTITUTE OF POST GRADUATE MEDICAL EDUCATION AND RESEARCH KOLKATA,M.D. (PATHOLOGY),Open Quota,UR,General,Upgraded
347,1,33797,-,NIL RATAN SIRCAR MEDICAL COLLEGE,M.S. (GENERAL SURGERY),Open Quota,EWS,EWS,Not Upgraded
348,3,33841,120,"RAMAKRISHNA MISSION SEVA PRATISHTHAN VIVEKANANDA INSTITUTE OF MEDICAL SCIENCES, KOLKATA",DIPLOMA IN OPHTHALMOLOGY/DO MS,Open Quota,UR,General,Fresh Allotment
349,3,33944,3,JAGANNATH GUPTA INSTITUTE OF MEDICAL SCIENCES AND HOSPITAL,M.D. (OBST. AND GYNAE)/MS (OBSTETRICS AND GYNAECOLOGY),Open Quota,UR,General,Upgraded
350,3,34069,2,KPC MEDICAL COLLEGE,M.D. (PAEDIATRICS),Private Management Quota,UR,General,Upgraded
351,3,34160,11,BURDWAN MEDICAL COLLEGE,M.S. (GENERAL SURGERY),Open Quota,EWS,EWS,Fresh Allotment
352,1,34335,-,NIL RATAN SIRCAR MEDICAL COLLEGE,M.D. (PSYCHIATRY),Open Quota,SC,SC,Retained
353,2,34387,-,"IQ CITY MEDICAL COLLEGE, DURGAPUR",M.D. (RADIO- DIAGNOSIS),Open Quota,EWS,EWS,Not Upgraded
354,3,34462,18,MIDNAPORE MEDICAL COLLEGE,M.S. (GENERAL SURGERY),Open Quota,SC,SC,Fresh Allotment
355,1,34673,-,GOURI DEVI INSTITUTE OF MEDICAL SCIENCES AND HOSPITAL,M.D. (RADIO- DIAGNOSIS),Open Quota,SC,SC,Not Upgraded
356,1,34831,-,"RAMAKRISHNA MISSION SEVA PRATISHTHAN VIVEKANANDA INSTITUTE OF MEDICAL SCIENCES, KOLKATA",M.S. (GENERAL SURGERY),Open Quota,EWS,EWS,Not Upgraded
357,1,34844,-,MEDICAL COLLEGE KOLKATA,M.D. (RADIO- DIAGNOSIS),In-Service,UR,General,Retained
358,3,34912,4,CALCUTTA NATIONAL MEDICAL COLLEGE KOLKATA,M.D. (OBST. AND GYNAE)/MS (OBSTETRICS AND GYNAECOLOGY),Open Quota,SC,SC,Upgraded
359,3,34921,5,MEDICAL COLLEGE KOLKATA,M.D. (OBST. AND GYNAE)/MS (OBSTETRICS AND GYNAECOLOGY),Open Quota,SC,SC,Upgraded
360,3,34942,22,BURDWAN MEDICAL COLLEGE,M.D. (PAEDIATRICS),Open Quota,SC,SC,Fresh Allotment
361,3,35255,1,INSTITUTE OF POST GRADUATE MEDICAL EDUCATION AND RESEARCH KOLKATA,M.D. (PATHOLOGY),Open Quota,UR,General,Upgraded
362,3,35348,15,"CHITTARANJAN SEVA SADAN COLLEGE OF OBS. GYNAE AND CHILD HEALTH,KOLKATA",M.D. (OBST. AND GYNAE)/MS (OBSTETRICS AND GYNAECOLOGY),Open Quota,SC,SC,Upgraded
363,3,35407,2,KPC MEDICAL COLLEGE,M.S. (ORTHOPAEDICS),Private Management Quota,UR,General,Upgraded
364,3,35796,27,MIDNAPORE MEDICAL COLLEGE,M.D. (PAEDIATRICS),Open Quota,SC,SC,Fresh Allotment
365,3,35828,17,KPC MEDICAL COLLEGE,"M.D. (DERM.,VENE. AND LEPROSY)/ (DERMATOLOGY)/ (SKIN AND VENEREAL DISEASES)/ (VENEREOLOGY)",Open Quota,OBC-B (Non- Creamy Layer),OBC-B (Non- Creamy Layer),Upgraded
366,3,35972,41,MEDICAL COLLEGE KOLKATA,DIPLOMA IN ORTHOPAEDICS,Open Quota,UR,General,Fresh Allotment
367,1,36112,-,NIL RATAN SIRCAR MEDICAL COLLEGE,M.D. (RADIO- DIAGNOSIS),In-Service,UR,General,Retained
368,3,36332,2,R G KAR MEDICAL COLLEGE,M.D. (ANAESTHESIOLOGY),Open Quota,OBC-A (Non- Creamy Layer),OBC-A (Non- Creamy Layer),Fresh Allotment
369,2,36774,-,BURDWAN MEDICAL COLLEGE,M.D. (OBST. AND GYNAE)/MS (OBSTETRICS AND GYNAECOLOGY),Open Quota,SC,SC,Not Upgraded
370,1,36795,-,"SCHOOL OF TROPICAL MEDICINE, KOLKATA",M.D. (TROPICAL MEDICINE),Open Quota,SC,SC,Not Upgraded
371,3,36850,14,"IQ CITY MEDICAL COLLEGE, DURGAPUR",M.D. (RADIO- DIAGNOSIS),Private Management Quota,UR,General,Upgraded
372,3,36918,20,"RAMAKRISHNA MISSION SEVA PRATISHTHAN VIVEKANANDA INSTITUTE OF MEDICAL SCIENCES, KOLKATA",M.D. (PAEDIATRICS),Open Quota,SC,SC,Fresh Allotment
373,1,36954,-,MEDICAL COLLEGE KOLKATA,DIP.IN GYNAE. AND OBST.,Open Quota,EWS,EWS,Not Upgraded
374,3,37104,102,KPC MEDICAL COLLEGE,M.S. (GENERAL SURGERY),Open Quota,UR,General,Upgraded
375,3,37109,30,GOURI DEVI INSTITUTE OF MEDICAL SCIENCES AND HOSPITAL,M.D. (TUBERCULOSIS AND RESPIRATORY DISEASES)/PULMONA RY MEDICINE /M.D. (RESPIRATORY MEDICINE),Open Quota,UR,General,Fresh Allotment
376,1,37185,-,JAGANNATH GUPTA INSTITUTE OF MEDICAL SCIENCES AND HOSPITAL,M.D. (GENERAL MEDICINE),Private Management Quota,UR,General,Not Upgraded
377,2,37356,-,BANKURA SAMMILANI MEDICAL COLLEGE,M.D. (OBST. AND GYNAE)/MS (OBSTETRICS AND GYNAECOLOGY),Open Quota,SC,SC,Not Upgraded
378,3,37368,61,MEDICAL COLLEGE KOLKATA,M.D. (PATHOLOGY),Open Quota,UR,General,Upgraded
379,3,37448,11,GOURI DEVI INSTITUTE OF MEDICAL SCIENCES AND HOSPITAL,M.S. (ORTHOPAEDICS),Open Quota,UR,General,Upgraded
380,3,37676,19,MALDA MEDICAL COLLEGE AND HOSPITAL,M.D. (PAEDIATRICS),Open Quota,SC,SC,Fresh Allotment
381,3,37695,78,NORTH BENGAL MEDICAL COLLEGE AND HOSPITAL,M.D. (OBST. AND GYNAE)/MS (OBSTETRICS AND GYNAECOLOGY),Open Quota,SC,SC,Fresh Allotment
382,2,37763,-,ICARE INSTITUTE OF MEDICAL SCIENCES AND RESEARCH HALDIA,M.S. (OPHTHALMOLOGY),Open Quota,UR,General,Not Upgraded
383,3,37867,12,"IQ CITY MEDICAL COLLEGE, DURGAPUR",M.S. (ORTHOPAEDICS),Open Quota,SC,SC,Upgraded
384,3,37999,2,INSTITUTE OF POST GRADUATE MEDICAL EDUCATION AND RESEARCH KOLKATA,M.D. (PATHOLOGY),Open Quota,UR,OBC-A (Non- Creamy Layer),Fresh Allotment
385,1,38116,-,BARASAT GOVERNMENT MEDICAL COLLEGE AND HOSPITAL,(NBEMS) OBSTETRICS AND GYNAECOLOGY,In-Service DNB,UR,General,Retained
386,2,38276,-,KPC MEDICAL COLLEGE,"M.D. (DERM.,VENE. AND LEPROSY)/ (DERMATOLOGY)/ (SKIN AND VENEREAL DISEASES)/ (VENEREOLOGY)",Private Management Quota,UR,General,Retained
387,1,38463,-,MEDICAL COLLEGE KOLKATA,M.D. (GENERAL MEDICINE),In-Service,UR,General,Retained
388,3,38958,77,JIS SCHOOL OF MEDICAL SCIENCE & RESEARCH,M.D. (OBST. AND GYNAE)/MS (OBSTETRICS AND GYNAECOLOGY),Open Quota,UR,General,Upgraded
389,3,39001,32,CALCUTTA NATIONAL MEDICAL COLLEGE KOLKATA,M.D. (ANAESTHESIOLOGY),Open Quota,OBC-A (Non- Creamy Layer),OBC-A (Non- Creamy Layer),Fresh Allotment
390,2,39248,-,INSTITUTE OF POST GRADUATE MEDICAL EDUCATION AND RESEARCH KOLKATA,M.D. (RADIOTHERAPY/ RADIATION ONCOLOGY),Open Quota,OBC-B (Non- Creamy Layer),OBC-B (Non- Creamy Layer),Not Upgraded
391,3,39273,53,MEDICAL COLLEGE KOLKATA,M.D. (ANAESTHESIOLOGY),Open Quota,OBC-B (Non- Creamy Layer),OBC-B (Non- Creamy Layer),Fresh Allotment
392,1,39499,-,"IQ CITY MEDICAL COLLEGE, DURGAPUR",M.D. (RADIO- DIAGNOSIS),Private Management Quota,UR,General,Not Upgraded
393,3,39656,17,R G KAR MEDICAL COLLEGE,M.D. (ANAESTHESIOLOGY),Open Quota,OBC-B (Non- Creamy Layer),OBC-B (Non- Creamy Layer),Upgraded
394,3,39689,10,COLLEGE OF MEDICINE AND JNM HOSPITAL KALYANI,M.S. (GENERAL SURGERY),Open Quota,SC,SC,Fresh Allotment
395,2,39816,-,JAGANNATH GUPTA INSTITUTE OF MEDICAL SCIENCES AND HOSPITAL,M.D. (RADIO- DIAGNOSIS),Open Quota,SC,SC,Not Upgraded
396,3,40201,28,ICARE INSTITUTE OF MEDICAL SCIENCES AND RESEARCH HALDIA,M.S. (ORTHOPAEDICS),Open Quota,UR,General,Upgraded
397,1,40345,-,KPC MEDICAL COLLEGE,M.S. (GENERAL SURGERY),Private Management Quota,UR,General,Retained
398,3,40501,14,"RAMAKRISHNA MISSION SEVA PRATISHTHAN VIVEKANANDA INSTITUTE OF MEDICAL SCIENCES, KOLKATA",M.D. (OBST. AND GYNAE)/MS (OBSTETRICS AND GYNAECOLOGY),Open Quota,SC,SC,Fresh Allotment
399,3,40555,7,CALCUTTA NATIONAL MEDICAL COLLEGE KOLKATA,M.D. (ANAESTHESIOLOGY),Open Quota,OBC-B (Non- Creamy Layer),OBC-B (Non- Creamy Layer),Fresh Allotment
400,3,40559,67,R G KAR MEDICAL COLLEGE,M.S. (OPHTHALMOLOGY),Open Quota,SC,SC,Fresh Allotment
401,2,40674,-,MEDICAL COLLEGE KOLKATA,DIP.IN GYNAE. AND OBST.,Open Quota,SC,SC,Not Upgraded
402,3,40822,5,KPC MEDICAL COLLEGE,M.S. (GENERAL SURGERY),Open Quota,OBC-B (Non- Creamy Layer),OBC-B (Non- Creamy Layer),Upgraded
403,3,40989,52,ALL INDIA INSTITUTE OF HYGIENE AND PUBLIC HEALTH,M.D. (PREVENTIVE AND SOCIAL MEDICINE)/ COMMUNITY MEDICINE,Open Quota,SC,SC,Fresh Allotment
404,2,41030,-,ICARE INSTITUTE OF MEDICAL SCIENCES AND RESEARCH HALDIA,M.D. (RADIO- DIAGNOSIS),Open Quota,EWS,EWS,Not Upgraded
405,3,41153,21,CALCUTTA NATIONAL MEDICAL COLLEGE KOLKATA,M.S. (OPHTHALMOLOGY),Open Quota,SC,SC,Fresh Allotment
406,3,41208,96,BURDWAN MEDICAL COLLEGE,M.D. (ANAESTHESIOLOGY),Open Quota,OBC-A (Non- Creamy Layer),OBC-A (Non- Creamy Layer),Fresh Allotment
407,3,41883,1,"IQ CITY MEDICAL COLLEGE, DURGAPUR",M.D. (GENERAL MEDICINE),Private Management Quota,UR,OBC (Non-Creamy Layer),Fresh Allotment
408,3,41891,57,MURSHIDABAD MEDICAL COLLEGE AND HOSPITAL,M.D. (ANAESTHESIOLOGY),Open Quota,OBC-A (Non- Creamy Layer),OBC-A (Non- Creamy Layer),Fresh Allotment
409,3,41948,35,"IQ CITY MEDICAL COLLEGE, DURGAPUR",M.S. (GENERAL SURGERY),Open Quota,UR,General,Upgraded
410,3,41955,123,JAGANNATH GUPTA INSTITUTE OF MEDICAL SCIENCES AND HOSPITAL,M.S. (GENERAL SURGERY),Open Quota,UR,General,Upgraded
411,1,41994,-,NIL RATAN SIRCAR MEDICAL COLLEGE,M.D. (ANAESTHESIOLOGY),Open Quota,EWS,EWS,Retained
412,3,42480,21,"RAMAKRISHNA MISSION SEVA PRATISHTHAN VIVEKANANDA INSTITUTE OF MEDICAL SCIENCES, KOLKATA",M.S. (GENERAL SURGERY),Open Quota,SC,SC,Fresh Allotment
413,3,42964,1,SHRI RAMKRISHNA INSTITUTE OF MEDICAL SCIENCES & SANAKA HOSPITALS,M.D. (GENERAL MEDICINE),Private Management Quota,UR,General,Fresh Allotment
414,3,43129,14,KPC MEDICAL COLLEGE,M.D. (ANAESTHESIOLOGY),Open Quota,UR,General,Upgraded
415,3,43584,95,JAGANNATH GUPTA INSTITUTE OF MEDICAL SCIENCES AND HOSPITAL,M.S. (GENERAL SURGERY),Open Quota,UR,General,Fresh Allotment
416,1,43766,-,MALDA MEDICAL COLLEGE AND HOSPITAL,M.D. (GENERAL MEDICINE),In-Service,UR,SC,Retained
417,2,43908,-,KPC MEDICAL COLLEGE,M.D. (PAEDIATRICS),Private Management Quota,UR,General,Retained
418,3,43955,44,KPC MEDICAL COLLEGE,M.D. (OBST. AND GYNAE)/MS (OBSTETRICS AND GYNAECOLOGY),Private Management Quota,UR,General,Upgraded
419,1,44077,-,MEDICAL COLLEGE KOLKATA,M.D. (RADIOTHERAPY/ RADIATION ONCOLOGY),Open Quota,EWS,EWS,Not Upgraded
420,3,44423,7,INSTITUTE OF POST GRADUATE MEDICAL EDUCATION AND RESEARCH KOLKATA,M.D. (PATHOLOGY),Open Quota,OBC-A (Non- Creamy Layer),OBC-A (Non- Creamy Layer),Fresh Allotment
421,3,44638,71,MEDICAL COLLEGE KOLKATA,M.D. IN TRANSFUSION MEDICINE/ IMMUNO- HAEMATOLOGY AND BLOOD TRANSFUSION,Open Quota,UR,General,Fresh Allotment
422,1,44791,-,NORTH BENGAL MEDICAL COLLEGE AND HOSPITAL,M.D. (RADIO- DIAGNOSIS),In-Service,UR,General,Retained
423,3,44916,1,NIL RATAN SIRCAR MEDICAL COLLEGE,M.D. (RADIOTHERAPY/ RADIATION ONCOLOGY),Open Quota,SC,SC,Fresh Allotment
424,3,44957,50,INSTITUTE OF POST GRADUATE MEDICAL EDUCATION AND RESEARCH KOLKATA,M.D. (ANAESTHESIOLOGY),Open Quota,SC,SC,Upgraded
425,3,45137,138,BURDWAN MEDICAL COLLEGE,M.D. (PATHOLOGY),Open Quota,UR,OBC-A (Non- Creamy Layer),Fresh Allotment
426,2,45216,-,JAGANNATH GUPTA INSTITUTE OF MEDICAL SCIENCES AND HOSPITAL,M.D. (RADIO- DIAGNOSIS),Private Management Quota,UR,OBC (Non-Creamy Layer),Not Upgraded
427,3,45261,19,MURSHIDABAD MEDICAL COLLEGE AND HOSPITAL,M.S. (GENERAL SURGERY),Open Quota,SC,SC,Fresh Allotment
428,3,45678,19,"IQ CITY MEDICAL COLLEGE, DURGAPUR","M.D. (DERM.,VENE. AND LEPROSY)/ (DERMATOLOGY)/ (SKIN AND VENEREAL DISEASES)/ (VENEREOLOGY)",Open Quota,OBC-A (Non- Creamy Layer),OBC-A (Non- Creamy Layer),Upgraded
429,3,45729,102,KPC MEDICAL COLLEGE,M.D. (ANAESTHESIOLOGY),Open Quota,UR,General,Upgraded
430,3,45802,44,ESI PGIMSR AND ESIC MEDICAL COLLEGE JOKA KOLKATA,M.S. (E.N.T.),Open Quota,EWS,EWS,Fresh Allotment
431,1,46645,-,SHRI RAMKRISHNA INSTITUTE OF MEDICAL SCIENCES & SANAKA HOSPITALS,M.S. (ORTHOPAEDICS),Open Quota,OBC-B (Non- Creamy Layer),OBC-B (Non- Creamy Layer),Not Upgraded
432,3,46647,15,KPC MEDICAL COLLEGE,M.S. (ORTHOPAEDICS),Private Management Quota,UR,General,Upgraded
433,3,46867,73,INSTITUTE OF POST GRADUATE MEDICAL EDUCATION AND RESEARCH KOLKATA,M.D. (RADIOTHERAPY/ RADIATION ONCOLOGY),Open Quota,SC,SC,Fresh Allotment
434,3,47215,63,NIL RATAN SIRCAR MEDICAL COLLEGE,M.D. (PATHOLOGY),Open Quota,UR,OBC-A (Non- Creamy Layer),Fresh Allotment
435,1,47330,-,KPC MEDICAL COLLEGE,M.S. (GENERAL SURGERY),Open Quota,SC,SC,Not Upgraded
436,3,47358,70,GOURI DEVI INSTITUTE OF MEDICAL SCIENCES AND HOSPITAL,M.S. (GENERAL SURGERY),Open Quota,UR,General,Fresh Allotment
437,3,47390,20,KPC MEDICAL COLLEGE,M.D. (ANAESTHESIOLOGY),Open Quota,UR,General,Upgraded
438,3,47695,13,ICARE INSTITUTE OF MEDICAL SCIENCES AND RESEARCH HALDIA,M.S. (OPHTHALMOLOGY),Open Quota,UR,General,Fresh Allotment
439,1,47700,-,NIL RATAN SIRCAR MEDICAL COLLEGE,M.D. (GENERAL MEDICINE),In-Service,UR,General,Not Upgraded
440,2,47759,-,"SCHOOL OF TROPICAL MEDICINE, KOLKATA",M.D. (PHARMACOLOGY),Open Quota,UR,General,Not Upgraded
441,3,47801,77,SHRI RAMKRISHNA INSTITUTE OF MEDICAL SCIENCES & SANAKA HOSPITALS,M.S. (GENERAL SURGERY),Open Quota,UR,General,Fresh Allotment
442,3,47903,16,KPC MEDICAL COLLEGE,M.D. (OBST. AND GYNAE)/MS (OBSTETRICS AND GYNAECOLOGY),Open Quota,SC,SC,Upgraded
443,3,48205,2,KPC MEDICAL COLLEGE,M.S. (ORTHOPAEDICS),Private Management Quota,UR,SC,Fresh Allotment
444,3,48224,99,CALCUTTA NATIONAL MEDICAL COLLEGE KOLKATA,M.D. (PATHOLOGY),Open Quota,UR,General,Fresh Allotment
445,2,48670,-,SHRI RAMKRISHNA INSTITUTE OF MEDICAL SCIENCES & SANAKA HOSPITALS,M.D. (GENERAL MEDICINE),Private Management Quota,UR,General,Retained
446,3,48980,1,ICARE INSTITUTE OF MEDICAL SCIENCES AND RESEARCH HALDIA,M.D. (PAEDIATRICS),Private Management Quota,UR,OBC (Non-Creamy Layer),Fresh Allotment
447,3,49107,5,INSTITUTE OF POST GRADUATE MEDICAL EDUCATION AND RESEARCH KOLKATA,M.D. (TUBERCULOSIS AND RESPIRATORY DISEASES)/PULMONA RY MEDICINE /M.D. (RESPIRATORY MEDICINE),Open Quota,EWS,EWS,Upgraded
448,3,49155,13,JIS SCHOOL OF MEDICAL SCIENCE & RESEARCH,M.D. (ANAESTHESIOLOGY),Open Quota,UR,General,Fresh Allotment
449,3,49170,1,ICARE INSTITUTE OF MEDICAL SCIENCES AND RESEARCH HALDIA,M.D. (PAEDIATRICS),Private Management Quota,UR,OBC (Non-Creamy Layer),Fresh Allotment
450,3,49609,16,R G KAR MEDICAL COLLEGE,M.D. (PATHOLOGY),Open Quota,UR,General,Upgraded
451,2,49933,-,"IQ CITY MEDICAL COLLEGE, DURGAPUR",M.D. (GENERAL MEDICINE),Open Quota,SC,SC,Not Upgraded
452,3,50223,55,MEDICAL COLLEGE KOLKATA,M.S. (OPHTHALMOLOGY),Open Quota,OBC-B (Non- Creamy Layer),OBC-B (Non- Creamy Layer),Upgraded
453,1,50317,-,R G KAR MEDICAL COLLEGE,M.D. (OBST. AND GYNAE)/MS (OBSTETRICS AND GYNAECOLOGY),Open Quota,ST,ST,Retained
454,3,50406,1,MEDICAL COLLEGE KOLKATA,M.D. (PAEDIATRICS),Open Quota,ST,ST,Upgraded
455,2,50708,-,JAGANNATH GUPTA INSTITUTE OF MEDICAL SCIENCES AND HOSPITAL,M.D. (OBST. AND GYNAE)/MS (OBSTETRICS AND GYNAECOLOGY),Private Management Quota,UR,General,Retained
456,3,50748,2,"IQ CITY MEDICAL COLLEGE, DURGAPUR",M.S. (GENERAL SURGERY),Open Quota,UR,EWS,Fresh Allotment
457,3,50765,94,R G KAR MEDICAL COLLEGE,M.S. (E.N.T.),Open Quota,OBC-B (Non- Creamy Layer),OBC-B (Non- Creamy Layer),Fresh Allotment
458,3,51003,1,ALL INDIA INSTITUTE OF HYGIENE AND PUBLIC HEALTH,M.D. (PREVENTIVE AND SOCIAL MEDICINE)/ COMMUNITY MEDICINE,Open Quota,OBC (Non-Creamy Layer),OBC-B (Non- Creamy Layer),Upgraded
459,3,51157,33,JIS SCHOOL OF MEDICAL SCIENCE & RESEARCH,M.D. (ANAESTHESIOLOGY),Open Quota,UR,General,Fresh Allotment
460,1,51421,-,ALL INDIA INSTITUTE OF HYGIENE AND PUBLIC HEALTH,M.D. (PREVENTIVE AND SOCIAL MEDICINE)/ COMMUNITY MEDICINE,Open Quota,OBC (Non-Creamy Layer),OBC-A (Non- Creamy Layer),Retained
461,2,51595,-,JAGANNATH GUPTA INSTITUTE OF MEDICAL SCIENCES AND HOSPITAL,M.D. (TUBERCULOSIS AND RESPIRATORY DISEASES)/PULMONA RY MEDICINE /M.D. (RESPIRATORY MEDICINE),Private Management Quota,UR,General,Retained
462,3,51945,5,JAGANNATH GUPTA INSTITUTE OF MEDICAL SCIENCES AND HOSPITAL,M.D. (GENERAL MEDICINE),Private Management Quota,UR,General,Upgraded
463,3,52076,1,"IQ CITY MEDICAL COLLEGE, DURGAPUR",M.D. (GENERAL MEDICINE),Private Management Quota,UR,OBC (Non-Creamy Layer),Fresh Allotment
464,3,52097,71,BURDWAN MEDICAL COLLEGE,DIP.IN GYNAE. AND OBST.,Open Quota,SC,SC,Fresh Allotment
465,2,52173,-,INSTITUTE OF POST GRADUATE MEDICAL EDUCATION AND RESEARCH KOLKATA,M.D. (ANAESTHESIOLOGY),Open Quota,EWS,EWS,Not Upgraded
466,3,52341,44,JAGANNATH GUPTA INSTITUTE OF MEDICAL SCIENCES AND HOSPITAL,M.S. (E.N.T.),Open Quota,UR,General,Fresh Allotment
467,3,52350,27,MEDICAL COLLEGE KOLKATA,M.S. (OPHTHALMOLOGY),Open Quota,EWS,EWS,Upgraded
468,3,52542,43,BURDWAN MEDICAL COLLEGE,M.D. (PSYCHIATRY),Open Quota,EWS,EWS,Upgraded
469,3,52792,56,BANKURA SAMMILANI MEDICAL COLLEGE,M.D. (PATHOLOGY),Open Quota,UR,General,Upgraded
470,2,52983,-,JAGANNATH GUPTA INSTITUTE OF MEDICAL SCIENCES AND HOSPITAL,M.D. (RADIO- DIAGNOSIS),Private Management Quota,UR,General,Retained
471,1,53098,-,KPC MEDICAL COLLEGE,M.D. (PSYCHIATRY),Open Quota,OBC-B (Non- Creamy Layer),OBC-B (Non- Creamy Layer),Not Upgraded
472,3,53105,53,CALCUTTA NATIONAL MEDICAL COLLEGE KOLKATA,M.D. (ANAESTHESIOLOGY),Open Quota,SC,SC,Fresh Allotment
473,3,53163,14,INSTITUTE OF POST GRADUATE MEDICAL EDUCATION AND RESEARCH KOLKATA,M.D. (ANAESTHESIOLOGY),Open Quota,SC,SC,Fresh Allotment
474,3,53282,92,INSTITUTE OF POST GRADUATE MEDICAL EDUCATION AND RESEARCH KOLKATA,M.S. (E.N.T.),Open Quota,SC,SC,Fresh Allotment
475,2,53693,-,KPC MEDICAL COLLEGE,M.S. (GENERAL SURGERY),Private Management Quota,UR,General,Retained
476,3,54007,2,"IQ CITY MEDICAL COLLEGE, DURGAPUR",M.D. (TUBERCULOSIS AND RESPIRATORY DISEASES)/PULMONA RY MEDICINE /M.D. (RESPIRATORY MEDICINE),Private Management Quota,UR,OBC (Non-Creamy Layer),Fresh Allotment
477,3,54058,1,NIL RATAN SIRCAR MEDICAL COLLEGE,M.D. (ANAESTHESIOLOGY),Open Quota,SC,SC,Upgraded
478,3,54319,21,"RAMAKRISHNA MISSION SEVA PRATISHTHAN VIVEKANANDA INSTITUTE OF MEDICAL SCIENCES, KOLKATA",M.D. (PATHOLOGY),Open Quota,UR,General,Fresh Allotment
479,1,54382,-,JAGANNATH GUPTA INSTITUTE OF MEDICAL SCIENCES AND HOSPITAL,M.D. (PAEDIATRICS),Private Management Quota,UR,General,Not Upgraded
480,3,54477,53,MEDICAL COLLEGE KOLKATA,M.D. (ANAESTHESIOLOGY),Open Quota,SC,SC,Upgraded
481,3,54503,70,"COMMAND HOSPITAL EC, ALIPORE, KOLKATA",M.S. (GENERAL SURGERY),Open Quota,EWS,EWS,Upgraded
482,3,54887,21,GOURI DEVI INSTITUTE OF MEDICAL SCIENCES AND HOSPITAL,M.D. (OBST. AND GYNAE)/MS (OBSTETRICS AND GYNAECOLOGY),Open Quota,SC,SC,Fresh Allotment
483,1,54957,-,DISTRICT HOSPITAL HOWRAH,(NBEMS) PAEDIATRICS,In-Service DNB,UR,General,Retained
484,2,55045,-,KPC MEDICAL COLLEGE,M.D. (PSYCHIATRY),Private Management Quota,UR,General,Not Upgraded
485,3,55059,52,"IQ CITY MEDICAL COLLEGE, DURGAPUR",M.D. (GENERAL MEDICINE),Private Management Quota,UR,General,Fresh Allotment
486,3,55132,32,R G KAR MEDICAL COLLEGE,M.D. (ANAESTHESIOLOGY),Open Quota,SC,SC,Fresh Allotment
487,3,55273,64,JAGANNATH GUPTA INSTITUTE OF MEDICAL SCIENCES AND HOSPITAL,M.D. (ANAESTHESIOLOGY),Open Quota,UR,General,Fresh Allotment
488,1,55275,-,BURDWAN MEDICAL COLLEGE,M.D. (RADIO- DIAGNOSIS),In-Service,UR,SC,Retained
489,3,55317,34,NIL RATAN SIRCAR MEDICAL COLLEGE,M.S. (E.N.T.),Open Quota,SC,SC,Upgraded
490,1,55470,-,MEDICAL COLLEGE KOLKATA,M.D. (ANAESTHESIOLOGY),Open Quota,EWS,EWS,Retained
491,3,55591,35,ESI PGIMSR AND ESIC MEDICAL COLLEGE JOKA KOLKATA,M.D. (ANAESTHESIOLOGY),Open Quota,SC,SC,Fresh Allotment
492,3,55668,1,NIL RATAN SIRCAR MEDICAL COLLEGE,M.D. (PATHOLOGY),Open Quota,SC,SC,Upgraded
493,3,55725,77,BURDWAN MEDICAL COLLEGE,M.D. (RADIOTHERAPY/ RADIATION ONCOLOGY),Open Quota,OBC-B (Non- Creamy Layer),OBC-B (Non- Creamy Layer),Fresh Allotment
494,3,56160,32,JAGANNATH GUPTA INSTITUTE OF MEDICAL SCIENCES AND HOSPITAL,M.S. (OPHTHALMOLOGY),Open Quota,UR,OBC (Non-Creamy Layer),Fresh Allotment
495,2,56274,-,KPC MEDICAL COLLEGE,M.S. (GENERAL SURGERY),Private Management Quota,UR,General,Not Upgraded
496,2,56310,-,"IQ CITY MEDICAL COLLEGE, DURGAPUR",M.D. (GENERAL MEDICINE),Open Quota,SC,SC,Not Upgraded
497,3,56675,18,"IQ CITY MEDICAL COLLEGE, DURGAPUR",M.D. (GENERAL MEDICINE),Private Management Quota,UR,General,Upgraded
498,3,56686,2,MEDICAL COLLEGE KOLKATA,DIPLOMA IN ANAESTHESIOLOGY,Open Quota,UR,General,Fresh Allotment
499,1,56815,-,NIL RATAN SIRCAR MEDICAL COLLEGE,M.D. (RADIO- DIAGNOSIS),In-Service,UR,SC,Retained
500,3,56991,4,JAGANNATH GUPTA INSTITUTE OF MEDICAL SCIENCES AND HOSPITAL,"M.D. (DERM.,VENE. AND LEPROSY)/ (DERMATOLOGY)/ (SKIN AND VENEREAL DISEASES)/ (VENEREOLOGY)",Private Management Quota,UR,General,Upgraded
501,3,57007,5,JAGANNATH GUPTA INSTITUTE OF MEDICAL SCIENCES AND HOSPITAL,M.D. (ANAESTHESIOLOGY),Open Quota,UR,General,Fresh Allotment
502,3,57056,45,"IQ CITY MEDICAL COLLEGE, DURGAPUR",M.D. (ANAESTHESIOLOGY),Open Quota,UR,General,Fresh Allotment
503,3,57524,29,"RAMAKRISHNA MISSION SEVA PRATISHTHAN VIVEKANANDA INSTITUTE OF MEDICAL SCIENCES, KOLKATA",M.S. (E.N.T.),Open Quota,SC,SC,Upgraded
504,3,57552,7,COLLEGE OF MEDICINE AND JNM HOSPITAL KALYANI,M.D. (ANAESTHESIOLOGY),Open Quota,SC,SC,Fresh Allotment
505,3,57594,53,NORTH BENGAL MEDICAL COLLEGE AND HOSPITAL,M.D. (ANAESTHESIOLOGY),Open Quota,OBC-B (Non- Creamy Layer),OBC-B (Non- Creamy Layer),Upgraded
506,3,57610,10,KPC MEDICAL COLLEGE,M.D. (PSYCHIATRY),Open Quota,OBC-A (Non- Creamy Layer),OBC-A (Non- Creamy Layer),Fresh Allotment
507,2,57615,-,JAGANNATH GUPTA INSTITUTE OF MEDICAL SCIENCES AND HOSPITAL,"M.D. (DERM.,VENE. AND LEPROSY)/ (DERMATOLOGY)/ (SKIN AND VENEREAL DISEASES)/ (VENEREOLOGY)",Private Management Quota,UR,General,Not Upgraded
508,3,57691,1,MAHARAJA JITENDRA NARAYAN MEDICAL COLLEGE AND HOSPITAL,(NBEMS-DIPLOMA) RADIO-DIAGNOSIS,In-Service DNB,OBC-A (Non- Creamy Layer),OBC-A (Non- Creamy Layer),Upgraded
509,1,57732,-,R G KAR MEDICAL COLLEGE,M.D. (PATHOLOGY),Open Quota,SC,SC,Retained
510,3,57778,101,ICARE INSTITUTE OF MEDICAL SCIENCES AND RESEARCH HALDIA,M.S. (E.N.T.),Open Quota,UR,General,Fresh Allotment
511,3,57974,10,GOURI DEVI INSTITUTE OF MEDICAL SCIENCES AND HOSPITAL,M.D. (PSYCHIATRY),Open Quota,OBC-B (Non- Creamy Layer),OBC-B (Non- Creamy Layer),Fresh Allotment
512,2,58339,-,ICARE INSTITUTE OF MEDICAL SCIENCES AND RESEARCH HALDIA,M.D. (TUBERCULOSIS AND RESPIRATORY DISEASES)/PULMONA RY MEDICINE /M.D. (RESPIRATORY MEDICINE),Private Management Quota,UR,General,Not Upgraded
513,3,58341,9,MURSHIDABAD MEDICAL COLLEGE AND HOSPITAL,M.D. (PATHOLOGY),Open Quota,UR,General,Fresh Allotment
514,3,58494,68,BURDWAN MEDICAL COLLEGE,M.S. (E.N.T.),Open Quota,SC,SC,Fresh Allotment
515,1,58543,-,CALCUTTA NATIONAL MEDICAL COLLEGE KOLKATA,DIPLOMA IN ANAESTHESIOLOGY,Open Quota,SC,SC,Not Upgraded
516,3,58951,67,INSTITUTE OF POST GRADUATE MEDICAL EDUCATION AND RESEARCH KOLKATA,M.D. (PHYSICAL MED. AND REHABILITATION),Open Quota,SC,SC,Fresh Allotment
517,1,59436,-,KPC MEDICAL COLLEGE,M.D. (ANAESTHESIOLOGY),Private Management Quota,UR,General,Retained
518,3,59646,92,CALCUTTA NATIONAL MEDICAL COLLEGE KOLKATA,M.S. (OPHTHALMOLOGY),Open Quota,OBC-B (Non- Creamy Layer),OBC-B (Non- Creamy Layer),Upgraded
519,3,59671,15,"IQ CITY MEDICAL COLLEGE, DURGAPUR",M.S. (E.N.T.),Open Quota,UR,General,Upgraded
520,3,59685,4,SHRI RAMKRISHNA INSTITUTE OF MEDICAL SCIENCES & SANAKA HOSPITALS,M.D. (RADIO- DIAGNOSIS),Private Management Quota,UR,General,Upgraded
521,3,60439,1,COLLEGE OF MEDICINE AND SAGORE DUTTA HOSPITAL,M.D. (GENERAL MEDICINE),Open Quota,ST,ST,Fresh Allotment
522,3,60704,70,BURDWAN MEDICAL COLLEGE,M.D. (PATHOLOGY),Open Quota,OBC-A (Non- Creamy Layer),OBC-A (Non- Creamy Layer),Fresh Allotment
523,1,60711,-,"SCHOOL OF TROPICAL MEDICINE, KOLKATA","M.D. (DERM.,VENE. AND LEPROSY)/ (DERMATOLOGY)/ (SKIN AND VENEREAL DISEASES)/ (VENEREOLOGY)",In-Service,UR,SC,Retained
524,3,60752,1,"IQ CITY MEDICAL COLLEGE, DURGAPUR",M.D. (GENERAL MEDICINE),Private Management Quota,UR,General,Upgraded
525,1,60766,-,NIL RATAN SIRCAR MEDICAL COLLEGE,"M.D. (DERM.,VENE. AND LEPROSY)/ (DERMATOLOGY)/ (SKIN AND VENEREAL DISEASES)/ (VENEREOLOGY)",In-Service,UR,General,Retained
526,1,60925,-,BANKURA SAMMILANI MEDICAL COLLEGE,M.D. (RADIO- DIAGNOSIS),In-Service,OBC-A (Non- Creamy Layer),OBC-A (Non- Creamy Layer),Not Upgraded
527,3,61102,45,CALCUTTA NATIONAL MEDICAL COLLEGE KOLKATA,M.S. (E.N.T.),Open Quota,EWS,EWS,Upgraded
528,3,61183,2,KPC MEDICAL COLLEGE,M.D. (TUBERCULOSIS AND RESPIRATORY DISEASES)/PULMONA RY MEDICINE /M.D. (RESPIRATORY MEDICINE),Private Management Quota,UR,General,Upgraded
529,3,61458,17,"IQ CITY MEDICAL COLLEGE, DURGAPUR",M.D. (GENERAL MEDICINE),Private Management Quota,UR,General,Fresh Allotment
530,3,61478,97,DIAMOND HARBOUR GOVERNMENT MEDICAL COLLEGE AND HOSPITAL,M.S. (OPHTHALMOLOGY),Open Quota,SC,SC,Fresh Allotment
531,1,61782,-,GOURI DEVI INSTITUTE OF MEDICAL SCIENCES AND HOSPITAL,M.D. (OBST. AND GYNAE)/MS (OBSTETRICS AND GYNAECOLOGY),Private Management Quota,UR,OBC (Non-Creamy Layer),Retained
532,3,61830,23,"IQ CITY MEDICAL COLLEGE, DURGAPUR",M.D. (OBST. AND GYNAE)/MS (OBSTETRICS AND GYNAECOLOGY),Private Management Quota,UR,General,Upgraded
533,1,61886,-,MURSHIDABAD MEDICAL COLLEGE AND HOSPITAL,M.D. (RADIO- DIAGNOSIS),In-Service,SC,SC,Retained
534,3,61960,33,BANKURA SAMMILANI MEDICAL COLLEGE,M.D. (ANAESTHESIOLOGY),Open Quota,SC,SC,Fresh Allotment
535,3,62128,1,"IQ CITY MEDICAL COLLEGE, DURGAPUR","M.D. (DERM.,VENE. AND LEPROSY)/ (DERMATOLOGY)/ (SKIN AND VENEREAL DISEASES)/ (VENEREOLOGY)",Private Management Quota,UR,General,Upgraded
536,3,62532,58,NORTH BENGAL MEDICAL COLLEGE AND HOSPITAL,M.D. (PATHOLOGY),Open Quota,UR,General,Fresh Allotment
537,3,62540,12,JAGANNATH GUPTA INSTITUTE OF MEDICAL SCIENCES AND HOSPITAL,M.D. (ANAESTHESIOLOGY),Open Quota,UR,General,Fresh Allotment
538,3,62640,1,INSTITUTE OF POST GRADUATE MEDICAL EDUCATION AND RESEARCH KOLKATA,M.D. (PREVENTIVE AND SOCIAL MEDICINE)/ COMMUNITY MEDICINE,Open Quota,UR,General,Fresh Allotment
539,2,62668,-,"IQ CITY MEDICAL COLLEGE, DURGAPUR",M.D. (TUBERCULOSIS AND RESPIRATORY DISEASES)/PULMONA RY MEDICINE /M.D. (RESPIRATORY MEDICINE),Open Quota,OBC-B (Non- Creamy Layer),OBC-B (Non- Creamy Layer),Not Upgraded
540,1,62692,-,CALCUTTA NATIONAL MEDICAL COLLEGE KOLKATA,"M.D. (DERM.,VENE. AND LEPROSY)/ (DERMATOLOGY)/ (SKIN AND VENEREAL DISEASES)/ (VENEREOLOGY)",In-Service,UR,OBC-A (Non- Creamy Layer),Not Upgraded
541,1,62724,-,R G KAR MEDICAL COLLEGE,M.D. (GENERAL MEDICINE),In-Service,UR,General,Not Upgraded
542,3,62755,124,KPC MEDICAL COLLEGE,M.D. (TUBERCULOSIS AND RESPIRATORY DISEASES)/PULMONA RY MEDICINE /M.D. (RESPIRATORY MEDICINE),Open Quota,SC,SC,Fresh Allotment
543,1,62958,-,R G KAR MEDICAL COLLEGE,M.D. (GENERAL MEDICINE),In-Service,UR,General,Retained
544,3,62990,5,"SCHOOL OF TROPICAL MEDICINE, KOLKATA",M.D. (MICROBIOLOGY),Open Quota,UR,General,Fresh Allotment
545,3,63051,111,MEDICAL COLLEGE KOLKATA,DIPLOMA IN OTO- RHINO- LARYNGOLOGY,Open Quota,UR,OBC-A (Non- Creamy Layer),Fresh Allotment
546,2,63196,-,GOURI DEVI INSTITUTE OF MEDICAL SCIENCES AND HOSPITAL,"M.D. (DERM.,VENE. AND LEPROSY)/ (DERMATOLOGY)/ (SKIN AND VENEREAL DISEASES)/ (VENEREOLOGY)",Private Management Quota,UR,General,Retained
547,3,63492,103,R G KAR MEDICAL COLLEGE,DIPLOMA IN ANAESTHESIOLOGY,Open Quota,UR,OBC-A (Non- Creamy Layer),Fresh Allotment
548,2,63572,-,KPC MEDICAL COLLEGE,M.D. (PAEDIATRICS),Open Quota,EWS,EWS,Not Upgraded
549,3,63582,26,NORTH BENGAL MEDICAL COLLEGE AND HOSPITAL,M.D. (ANAESTHESIOLOGY),Open Quota,SC,SC,Upgraded
550,3,63954,18,SHRI RAMKRISHNA INSTITUTE OF MEDICAL SCIENCES & SANAKA HOSPITALS,M.D. (ANAESTHESIOLOGY),Open Quota,UR,General,Fresh Allotment
551,3,63980,132,R G KAR MEDICAL COLLEGE,M.D. (PREVENTIVE AND SOCIAL MEDICINE)/ COMMUNITY MEDICINE,Open Quota,UR,General,Upgraded
552,3,64855,31,MEDICAL COLLEGE KOLKATA,DIP.IN GYNAE. AND OBST.,Open Quota,OBC-B (Non- Creamy Layer),OBC-B (Non- Creamy Layer),Fresh Allotment
553,3,64885,50,"RAMAKRISHNA MISSION SEVA PRATISHTHAN VIVEKANANDA INSTITUTE OF MEDICAL SCIENCES, KOLKATA",M.S. (E.N.T.),Open Quota,EWS,EWS,Fresh Allotment
554,2,64935,-,NIL RATAN SIRCAR MEDICAL COLLEGE,M.D. (PREVENTIVE AND SOCIAL MEDICINE)/ COMMUNITY MEDICINE,Open Quota,SC,SC,Not Upgraded
555,3,65154,2,GOURI DEVI INSTITUTE OF MEDICAL SCIENCES AND HOSPITAL,"M.D. (DERM.,VENE. AND LEPROSY)/ (DERMATOLOGY)/ (SKIN AND VENEREAL DISEASES)/ (VENEREOLOGY)",Private Management Quota,UR,OBC (Non-Creamy Layer),Fresh Allotment
556,3,65224,75,JIS SCHOOL OF MEDICAL SCIENCE & RESEARCH,M.D. (PAEDIATRICS),Open Quota,OBC-A (Non- Creamy Layer),OBC-A (Non- Creamy Layer),Fresh Allotment
557,3,65473,53,MEDICAL COLLEGE KOLKATA,M.D. (MICROBIOLOGY),Open Quota,UR,General,Upgraded
558,1,65887,-,"RAMAKRISHNA MISSION SEVA PRATISHTHAN VIVEKANANDA INSTITUTE OF MEDICAL SCIENCES, KOLKATA",M.D. (RADIO- DIAGNOSIS),In-Service,SC,SC,Not Upgraded
559,1,65935,-,JAGANNATH GUPTA INSTITUTE OF MEDICAL SCIENCES AND HOSPITAL,"M.D. (DERM.,VENE. AND LEPROSY)/ (DERMATOLOGY)/ (SKIN AND VENEREAL DISEASES)/ (VENEREOLOGY)",Open Quota,SC,SC,Not Upgraded
560,3,66171,102,MIDNAPORE MEDICAL COLLEGE,M.D. (ANAESTHESIOLOGY),Open Quota,SC,SC,Fresh Allotment
561,3,66222,1,JAGANNATH GUPTA INSTITUTE OF MEDICAL SCIENCES AND HOSPITAL,M.S. (E.N.T.),Private Management Quota,UR,OBC (Non-Creamy Layer),Fresh Allotment
562,3,66241,13,JAGANNATH GUPTA INSTITUTE OF MEDICAL SCIENCES AND HOSPITAL,M.S. (ORTHOPAEDICS),Private Management Quota,UR,General,Fresh Allotment
563,3,66416,39,GOURI DEVI INSTITUTE OF MEDICAL SCIENCES AND HOSPITAL,M.D. (PAEDIATRICS),Private Management Quota,UR,General,Fresh Allotment
564,1,66418,-,JAGANNATH GUPTA INSTITUTE OF MEDICAL SCIENCES AND HOSPITAL,M.D. (ANAESTHESIOLOGY),Private Management Quota,UR,General,Not Upgraded
565,1,66465,-,KPC MEDICAL COLLEGE,M.S. (E.N.T.),Private Management Quota,UR,General,Not Upgraded
566,3,66528,58,SHRI RAMKRISHNA INSTITUTE OF MEDICAL SCIENCES & SANAKA HOSPITALS,"M.D. (DERM.,VENE. AND LEPROSY)/ (DERMATOLOGY)/ (SKIN AND VENEREAL DISEASES)/ (VENEREOLOGY)",Private Management Quota,UR,General,Upgraded
567,3,66541,13,MEDICAL COLLEGE KOLKATA,DIPLOMA IN OPHTHALMOLOGY/DO MS,Open Quota,UR,General,Fresh Allotment
568,2,66597,-,GOURI DEVI INSTITUTE OF MEDICAL SCIENCES AND HOSPITAL,M.D. (OBST. AND GYNAE)/MS (OBSTETRICS AND GYNAECOLOGY),Private Management Quota,UR,General,Not Upgraded
569,3,66766,132,INSTITUTE OF POST GRADUATE MEDICAL EDUCATION AND RESEARCH KOLKATA,M.D. (MICROBIOLOGY),Open Quota,UR,General,Upgraded
570,3,66829,4,"IQ CITY MEDICAL COLLEGE, DURGAPUR",M.D. (OBST. AND GYNAE)/MS (OBSTETRICS AND GYNAECOLOGY),Private Management Quota,UR,General,Fresh Allotment
571,3,67092,43,MEDICAL COLLEGE KOLKATA,DIPLOMA IN ANAESTHESIOLOGY,Open Quota,UR,General,Upgraded
572,1,67109,-,NORTH BENGAL MEDICAL COLLEGE AND HOSPITAL,M.D. (GENERAL MEDICINE),In-Service,UR,General,Retained
573,3,67410,1,"IQ CITY MEDICAL COLLEGE, DURGAPUR",M.D. (PATHOLOGY),Open Quota,UR,General,Upgraded
574,2,67464,-,JIS SCHOOL OF MEDICAL SCIENCE & RESEARCH,M.D. (PAEDIATRICS),Private Management Quota,UR,General,Retained
575,2,67501,-,BURDWAN MEDICAL COLLEGE,M.D. (PATHOLOGY),Open Quota,OBC-A (Non- Creamy Layer),OBC-A (Non- Creamy Layer),Not Upgraded
576,2,67525,-,NIL RATAN SIRCAR MEDICAL COLLEGE,M.D. (PHARMACOLOGY),Open Quota,UR,General,Not Upgraded
577,3,67858,79,GOURI DEVI INSTITUTE OF MEDICAL SCIENCES AND HOSPITAL,M.S. (E.N.T.),Open Quota,UR,General,Fresh Allotment
578,3,67976,68,ESI PGIMSR AND ESIC MEDICAL COLLEGE JOKA KOLKATA,M.D. (PHARMACOLOGY),Open Quota,UR,General,Fresh Allotment
579,3,68419,1,MEDICAL COLLEGE KOLKATA,M.D. (PHARMACOLOGY),Open Quota,UR,General,Upgraded
580,3,68423,1,GOURI DEVI INSTITUTE OF MEDICAL SCIENCES AND HOSPITAL,M.D. (OBST. AND GYNAE)/MS (OBSTETRICS AND GYNAECOLOGY),Private Management Quota,UR,General,Upgraded
581,3,68481,49,GOURI DEVI INSTITUTE OF MEDICAL SCIENCES AND HOSPITAL,M.D. (TUBERCULOSIS AND RESPIRATORY DISEASES)/PULMONA RY MEDICINE /M.D. (RESPIRATORY MEDICINE),Open Quota,OBC-B (Non- Creamy Layer),OBC-B (Non- Creamy Layer),Fresh Allotment
582,2,68549,-,INSTITUTE OF POST GRADUATE MEDICAL EDUCATION AND RESEARCH KOLKATA,M.S. (ORTHOPAEDICS),Open Quota,ST,ST,Retained
583,3,68592,91,MEDICAL COLLEGE KOLKATA,DIPLOMA IN OPHTHALMOLOGY/DO MS,Open Quota,UR,General,Fresh Allotment
584,1,68702,-,CALCUTTA NATIONAL MEDICAL COLLEGE KOLKATA,M.D. (GENERAL MEDICINE),In-Service,UR,General,Not Upgraded
585,1,68790,-,"RAMAKRISHNA MISSION SEVA PRATISHTHAN VIVEKANANDA INSTITUTE OF MEDICAL SCIENCES, KOLKATA",M.D. (GENERAL MEDICINE),In-Service,UR,General,Retained
586,3,68796,8,BURDWAN MEDICAL COLLEGE,M.D. (PREVENTIVE AND SOCIAL MEDICINE)/ COMMUNITY MEDICINE,Open Quota,UR,General,Fresh Allotment
587,3,68803,9,"IQ CITY MEDICAL COLLEGE, DURGAPUR",M.D. (TUBERCULOSIS AND RESPIRATORY DISEASES)/PULMONA RY MEDICINE /M.D. (RESPIRATORY MEDICINE),Private Management Quota,UR,General,Upgraded
588,1,68806,-,MIDNAPORE MEDICAL COLLEGE,M.D. (OBST. AND GYNAE)/MS (OBSTETRICS AND GYNAECOLOGY),Open Quota,ST,ST,Not Upgraded
589,3,69062,112,CALCUTTA NATIONAL MEDICAL COLLEGE KOLKATA,M.D. (PREVENTIVE AND SOCIAL MEDICINE)/ COMMUNITY MEDICINE,Open Quota,UR,General,Fresh Allotment
590,2,69285,-,SHRI RAMKRISHNA INSTITUTE OF MEDICAL SCIENCES & SANAKA HOSPITALS,M.D. (GENERAL MEDICINE),Open Quota,SC,SC,Not Upgraded
591,1,69317,-,NIL RATAN SIRCAR MEDICAL COLLEGE,M.D. (ANAESTHESIOLOGY),Open Quota,ST,ST,Retained
592,2,69525,-,SHRI RAMKRISHNA INSTITUTE OF MEDICAL SCIENCES & SANAKA HOSPITALS,M.D. (PAEDIATRICS),Open Quota,SC,SC,Not Upgraded
593,3,69570,1,"IQ CITY MEDICAL COLLEGE, DURGAPUR",M.D. (PAEDIATRICS),Private Management Quota,UR,OBC (Non-Creamy Layer),Fresh Allotment
594,3,69600,76,"IQ CITY MEDICAL COLLEGE, DURGAPUR",M.D. (PATHOLOGY),Open Quota,UR,General,Upgraded
595,3,69727,4,SHRI RAMKRISHNA INSTITUTE OF MEDICAL SCIENCES & SANAKA HOSPITALS,M.D. (GENERAL MEDICINE),Private Management Quota,UR,General,Fresh Allotment
596,3,69759,116,"IQ CITY MEDICAL COLLEGE, DURGAPUR",M.D. (PATHOLOGY),Open Quota,UR,General,Fresh Allotment
597,3,69831,22,MURSHIDABAD MEDICAL COLLEGE AND HOSPITAL,M.S. (OPHTHALMOLOGY),Open Quota,SC,SC,Fresh Allotment
598,3,69850,11,SHRI RAMKRISHNA INSTITUTE OF MEDICAL SCIENCES & SANAKA HOSPITALS,M.D. (RADIO- DIAGNOSIS),Open Quota,SC,SC,Fresh Allotment
599,3,69901,63,R G KAR MEDICAL COLLEGE,M.D. (PATHOLOGY),Open Quota,OBC-A (Non- Creamy Layer),OBC-A (Non- Creamy Layer),Upgraded
600,3,69962,67,ICARE INSTITUTE OF MEDICAL SCIENCES AND RESEARCH HALDIA,M.D. (ANAESTHESIOLOGY),Open Quota,UR,General,Fresh Allotment
601,3,69992,1,SHRI RAMKRISHNA INSTITUTE OF MEDICAL SCIENCES & SANAKA HOSPITALS,M.D. (GENERAL MEDICINE),Private Management Quota,UR,General,Fresh Allotment
602,2,70012,-,ICARE INSTITUTE OF MEDICAL SCIENCES AND RESEARCH HALDIA,M.S. (ORTHOPAEDICS),Open Quota,SC,SC,Not Upgraded
603,3,70498,69,GOURI DEVI INSTITUTE OF MEDICAL SCIENCES AND HOSPITAL,M.D. (ANAESTHESIOLOGY),Open Quota,UR,General,Fresh Allotment
604,2,70879,-,SHRI RAMKRISHNA INSTITUTE OF MEDICAL SCIENCES & SANAKA HOSPITALS,M.D. (OBST. AND GYNAE)/MS (OBSTETRICS AND GYNAECOLOGY),Private Management Quota,UR,General,Not Upgraded
605,1,71339,-,BURDWAN MEDICAL COLLEGE,M.D. (GENERAL MEDICINE),In-Service,UR,General,Not Upgraded
606,3,71410,4,ICARE INSTITUTE OF MEDICAL SCIENCES AND RESEARCH HALDIA,M.D. (PAEDIATRICS),Private Management Quota,UR,General,Fresh Allotment
607,3,71715,12,MEDICAL COLLEGE KOLKATA,DIPLOMA IN OPHTHALMOLOGY/DO MS,Open Quota,UR,General,Upgraded
608,3,72039,2,BANKURA SAMMILANI MEDICAL COLLEGE,M.D. (OBST. AND GYNAE)/MS (OBSTETRICS AND GYNAECOLOGY),Open Quota,ST,ST,Fresh Allotment
609,3,72802,48,MEDICAL COLLEGE KOLKATA,DIPLOMA IN OPHTHALMOLOGY/DO MS,Open Quota,UR,SC,Fresh Allotment
610,3,72955,139,CALCUTTA NATIONAL MEDICAL COLLEGE KOLKATA,M.D. (PREVENTIVE AND SOCIAL MEDICINE)/ COMMUNITY MEDICINE,Open Quota,UR,General,Fresh Allotment
611,3,72999,36,ICARE INSTITUTE OF MEDICAL SCIENCES AND RESEARCH HALDIA,"M.D. (DERM.,VENE. AND LEPROSY)/ (DERMATOLOGY)/ (SKIN AND VENEREAL DISEASES)/ (VENEREOLOGY)",Open Quota,SC,SC,Fresh Allotment
612,3,73052,9,KPC MEDICAL COLLEGE,M.D. (ANAESTHESIOLOGY),Open Quota,SC,SC,Upgraded
613,3,73254,13,INSTITUTE OF POST GRADUATE MEDICAL EDUCATION AND RESEARCH KOLKATA,M.D. (PATHOLOGY),Open Quota,SC,SC,Fresh Allotment
614,3,73274,17,DR. B C ROY POST GRADUATE INSTITUTE OF PAEDIATRIC SCIENCES,M.D. (PAEDIATRICS),In-Service,UR,General,Upgraded
615,2,73325,-,JAGANNATH GUPTA INSTITUTE OF MEDICAL SCIENCES AND HOSPITAL,M.D. (PAEDIATRICS),Private Management Quota,UR,General,Retained
616,3,73553,57,ICARE INSTITUTE OF MEDICAL SCIENCES AND RESEARCH HALDIA,M.D. (OBST. AND GYNAE)/MS (OBSTETRICS AND GYNAECOLOGY),Open Quota,SC,SC,Upgraded
617,1,73599,-,"IQ CITY MEDICAL COLLEGE, DURGAPUR",M.D. (PREVENTIVE AND SOCIAL MEDICINE)/ COMMUNITY MEDICINE,Open Quota,UR,General,Retained
618,3,73677,75,R G KAR MEDICAL COLLEGE,M.D. (PHYSICAL MED. AND REHABILITATION),Open Quota,SC,SC,Fresh Allotment
619,3,73692,52,BURDWAN MEDICAL COLLEGE,DIPLOMA IN OPHTHALMOLOGY/DO MS,Open Quota,UR,General,Upgraded
620,3,74318,6,"IQ CITY MEDICAL COLLEGE, DURGAPUR","M.D. (DERM.,VENE. AND LEPROSY)/ (DERMATOLOGY)/ (SKIN AND VENEREAL DISEASES)/ (VENEREOLOGY)",Private Management Quota,UR,General,Fresh Allotment
621,1,74324,-,INSTITUTE OF CHILD HEALTH,M.D. (PAEDIATRICS),In-Service,UR,General,Retained
622,2,74493,-,DIAMOND HARBOUR GOVERNMENT MEDICAL COLLEGE AND HOSPITAL,M.D. (PREVENTIVE AND SOCIAL MEDICINE)/ COMMUNITY MEDICINE,Open Quota,OBC-A (Non- Creamy Layer),OBC-A (Non- Creamy Layer),Retained
623,3,74551,35,"IQ CITY MEDICAL COLLEGE, DURGAPUR",M.D. (PATHOLOGY),Open Quota,UR,General,Upgraded
624,2,74677,-,"IQ CITY MEDICAL COLLEGE, DURGAPUR",M.D. (PAEDIATRICS),Private Management Quota,UR,EWS,Not Upgraded
625,1,74971,-,ICARE INSTITUTE OF MEDICAL SCIENCES AND RESEARCH HALDIA,M.D. (PSYCHIATRY),Open Quota,SC,SC,Not Upgraded
626,1,75359,-,MEDICAL COLLEGE KOLKATA,M.D. (PHYSIOLOGY),Open Quota,UR,General,Retained
627,3,75744,7,INSTITUTE OF POST GRADUATE MEDICAL EDUCATION AND RESEARCH KOLKATA,M.D. (PHARMACOLOGY),Open Quota,UR,General,Fresh Allotment
628,3,75917,6,COLLEGE OF MEDICINE AND SAGORE DUTTA HOSPITAL,M.D. (PATHOLOGY),Open Quota,SC,SC,Fresh Allotment
629,1,76098,-,R G KAR MEDICAL COLLEGE,M.S. (ORTHOPAEDICS),In-Service,UR,General,Retained
630,3,76588,5,SHRI RAMKRISHNA INSTITUTE OF MEDICAL SCIENCES & SANAKA HOSPITALS,M.D. (OBST. AND GYNAE)/MS (OBSTETRICS AND GYNAECOLOGY),Private Management Quota,UR,General,Upgraded
631,3,77175,43,ICARE INSTITUTE OF MEDICAL SCIENCES AND RESEARCH HALDIA,M.D. (TUBERCULOSIS AND RESPIRATORY DISEASES)/PULMONA RY MEDICINE /M.D. (RESPIRATORY MEDICINE),Open Quota,SC,SC,Fresh Allotment
632,3,77262,161,"SCHOOL OF TROPICAL MEDICINE, KOLKATA",DIPLOMA IN CLINICAL PATHOLOGY,Open Quota,UR,General,Fresh Allotment
633,3,78051,1,BURDWAN MEDICAL COLLEGE,DIPLOMA IN OPHTHALMOLOGY/DO MS,Open Quota,OBC-A (Non- Creamy Layer),OBC-A (Non- Creamy Layer),Fresh Allotment
634,3,78329,130,KPC MEDICAL COLLEGE,M.S. (E.N.T.),Open Quota,SC,SC,Fresh Allotment
635,3,78421,35,BURDWAN MEDICAL COLLEGE,M.D. (PATHOLOGY),Open Quota,SC,SC,Fresh Allotment
636,1,78752,-,COLLEGE OF MEDICINE AND SAGORE DUTTA HOSPITAL,M.D. (GENERAL MEDICINE),In-Service,UR,General,Retained
637,3,79102,1,INSTITUTE OF POST GRADUATE MEDICAL EDUCATION AND RESEARCH KOLKATA,M.D. (RADIO- DIAGNOSIS),In-Service,OBC-B (Non- Creamy Layer),OBC-B (Non- Creamy Layer),Upgraded
638,1,79253,-,JAGANNATH GUPTA INSTITUTE OF MEDICAL SCIENCES AND HOSPITAL,M.S. (ORTHOPAEDICS),Open Quota,SC,SC,Not Upgraded
639,3,79485,5,ESI PGIMSR AND ESIC MEDICAL COLLEGE JOKA KOLKATA,M.D. (BIOCHEMISTRY),Open Quota,UR,General,Fresh Allotment
640,1,79958,-,MEDICAL COLLEGE KOLKATA,M.D. (GENERAL MEDICINE),In-Service,OBC-A (Non- Creamy Layer),OBC-A (Non- Creamy Layer),Retained
641,3,80212,5,ICARE INSTITUTE OF MEDICAL SCIENCES AND RESEARCH HALDIA,M.D. (OBST. AND GYNAE)/MS (OBSTETRICS AND GYNAECOLOGY),Private Management Quota,UR,General,Fresh Allotment
642,2,80397,-,COLLEGE OF MEDICINE AND JNM HOSPITAL KALYANI,M.S. (E.N.T.),Open Quota,ST,ST,Not Upgraded
643,3,80601,99,SHRI RAMKRISHNA INSTITUTE OF MEDICAL SCIENCES & SANAKA HOSPITALS,M.D. (OBST. AND GYNAE)/MS (OBSTETRICS AND GYNAECOLOGY),Open Quota,SC,SC,Upgraded
644,3,80901,112,ICARE INSTITUTE OF MEDICAL SCIENCES AND RESEARCH HALDIA,M.D. (ANAESTHESIOLOGY),Open Quota,UR,General,Fresh Allotment
645,2,81106,-,JAGANNATH GUPTA INSTITUTE OF MEDICAL SCIENCES AND HOSPITAL,M.D. (TUBERCULOSIS AND RESPIRATORY DISEASES)/PULMONA RY MEDICINE /M.D. (RESPIRATORY MEDICINE),Private Management Quota,UR,OBC (Non-Creamy Layer),Not Upgraded
646,3,81613,65,JAGANNATH GUPTA INSTITUTE OF MEDICAL SCIENCES AND HOSPITAL,M.D. (PAEDIATRICS),Open Quota,OBC-A (Non- Creamy Layer),OBC-A (Non- Creamy Layer),Fresh Allotment
647,2,81763,-,JAGANNATH GUPTA INSTITUTE OF MEDICAL SCIENCES AND HOSPITAL,M.D. (PSYCHIATRY),Open Quota,SC,SC,Not Upgraded
648,3,82226,2,ICARE INSTITUTE OF MEDICAL SCIENCES AND RESEARCH HALDIA,M.S. (GENERAL SURGERY),Private Management Quota,UR,General,Fresh Allotment
649,3,82414,2,"IQ CITY MEDICAL COLLEGE, DURGAPUR",M.S. (ORTHOPAEDICS),Private Management Quota,UR,OBC (Non-Creamy Layer),Fresh Allotment
650,1,82863,-,BANKURA SAMMILANI MEDICAL COLLEGE,M.D. (GENERAL MEDICINE),In-Service,UR,General,Retained
651,1,83135,-,M R BANGUR HOSPITAL,(NBEMS) ORTHOPAEDICS,In-Service DNB,UR,OBC-A (Non- Creamy Layer),Retained
652,3,83498,87,SHRI RAMKRISHNA INSTITUTE OF MEDICAL SCIENCES & SANAKA HOSPITALS,M.S. (E.N.T.),Open Quota,UR,General,Fresh Allotment
653,3,83506,73,R G KAR MEDICAL COLLEGE,M.S. (OPHTHALMOLOGY),Open Quota,EWS,EWS,Upgraded
654,1,83753,-,"CHITTARANJAN SEVA SADAN COLLEGE OF OBS. GYNAE AND CHILD HEALTH,KOLKATA",M.D. (PAEDIATRICS),In-Service,UR,General,Retained
655,1,83803,-,INSTITUTE OF POST GRADUATE MEDICAL EDUCATION AND RESEARCH KOLKATA,M.S. (ORTHOPAEDICS),In-Service,UR,General,Retained
656,2,83821,-,KPC MEDICAL COLLEGE,M.S. (ORTHOPAEDICS),Open Quota,ST,ST,Not Upgraded
657,3,83902,2,JAGANNATH GUPTA INSTITUTE OF MEDICAL SCIENCES AND HOSPITAL,M.S. (ORTHOPAEDICS),Private Management Quota,UR,General,Upgraded
658,3,84068,2,JAGANNATH GUPTA INSTITUTE OF MEDICAL SCIENCES AND HOSPITAL,M.D. (PAEDIATRICS),Private Management Quota,UR,General,Upgraded
659,1,84208,-,INSTITUTE OF POST GRADUATE MEDICAL EDUCATION AND RESEARCH KOLKATA,"M.D. (DERM.,VENE. AND LEPROSY)/ (DERMATOLOGY)/ (SKIN AND VENEREAL DISEASES)/ (VENEREOLOGY)",In-Service,SC,SC,Retained
660,3,84377,2,BANKURA SAMMILANI MEDICAL COLLEGE,M.D. (PREVENTIVE AND SOCIAL MEDICINE)/ COMMUNITY MEDICINE,Open Quota,UR,SC,Fresh Allotment
661,3,84437,40,MEDICAL COLLEGE KOLKATA,DIPLOMA IN ORTHOPAEDICS,Open Quota,SC,SC,Fresh Allotment
662,3,84442,81,ICARE INSTITUTE OF MEDICAL SCIENCES AND RESEARCH HALDIA,M.D. (ANAESTHESIOLOGY),Open Quota,UR,General,Fresh Allotment
663,3,84453,18,GOURI DEVI INSTITUTE OF MEDICAL SCIENCES AND HOSPITAL,M.D. (TUBERCULOSIS AND RESPIRATORY DISEASES)/PULMONA RY MEDICINE /M.D. (RESPIRATORY MEDICINE),Private Management Quota,UR,General,Fresh Allotment
664,1,84476,-,INSTITUTE OF POST GRADUATE MEDICAL EDUCATION AND RESEARCH KOLKATA,M.S. (ORTHOPAEDICS),In-Service,UR,General,Retained
665,1,84559,-,CALCUTTA NATIONAL MEDICAL COLLEGE KOLKATA,M.S. (ORTHOPAEDICS),In-Service,UR,General,Retained
666,1,84961,-,BURDWAN MEDICAL COLLEGE,M.D. (GENERAL MEDICINE),In-Service,UR,General,Retained
667,1,85633,-,BURDWAN MEDICAL COLLEGE,M.S. (ORTHOPAEDICS),In-Service,UR,OBC-A (Non- Creamy Layer),Not Upgraded
668,2,85850,-,KPC MEDICAL COLLEGE,M.S. (OPHTHALMOLOGY),Private Management Quota,UR,General,Retained
669,3,86268,32,SHRI RAMKRISHNA INSTITUTE OF MEDICAL SCIENCES & SANAKA HOSPITALS,M.S. (OPHTHALMOLOGY),Open Quota,UR,General,Fresh Allotment
670,1,86287,-,MIDNAPORE MEDICAL COLLEGE,M.D. (GENERAL MEDICINE),In-Service,UR,General,Retained
671,3,86321,35,SHRI RAMKRISHNA INSTITUTE OF MEDICAL SCIENCES & SANAKA HOSPITALS,M.D. (PAEDIATRICS),Private Management Quota,UR,General,Fresh Allotment
672,3,86391,10,JAGANNATH GUPTA INSTITUTE OF MEDICAL SCIENCES AND HOSPITAL,M.D. (PAEDIATRICS),Private Management Quota,UR,General,Upgraded
673,1,86572,-,INSTITUTE OF POST GRADUATE MEDICAL EDUCATION AND RESEARCH KOLKATA,M.S. (GENERAL SURGERY),In-Service,UR,SC,Retained
674,1,86666,-,SHRI RAMKRISHNA INSTITUTE OF MEDICAL SCIENCES & SANAKA HOSPITALS,M.S. (ORTHOPAEDICS),Private Management Quota,UR,General,Retained
675,3,87031,74,MEDICAL COLLEGE KOLKATA,DIP.IN GYNAE. AND OBST.,Open Quota,OBC-B (Non- Creamy Layer),OBC-B (Non- Creamy Layer),Fresh Allotment
676,3,87051,10,NORTH BENGAL MEDICAL COLLEGE AND HOSPITAL,M.D. (MICROBIOLOGY),Open Quota,UR,SC,Upgraded
677,3,87237,16,GOURI DEVI INSTITUTE OF MEDICAL SCIENCES AND HOSPITAL,M.D. (ANAESTHESIOLOGY),Open Quota,OBC-B (Non- Creamy Layer),OBC-B (Non- Creamy Layer),Fresh Allotment
678,1,87276,-,DIAMOND HARBOUR GOVERNMENT MEDICAL COLLEGE AND HOSPITAL,(NBEMS) PAEDIATRICS,In-Service DNB,UR,SC,Retained
679,2,87513,-,R G KAR MEDICAL COLLEGE,M.D. (ANAESTHESIOLOGY),Open Quota,ST,ST,Not Upgraded
680,3,87680,21,ESI PGIMSR AND ESIC MEDICAL COLLEGE JOKA KOLKATA,M.D. (PATHOLOGY),Open Quota,SC,SC,Upgraded
681,3,87720,146,JAGANNATH GUPTA INSTITUTE OF MEDICAL SCIENCES AND HOSPITAL,M.D. (ANAESTHESIOLOGY),Open Quota,SC,SC,Fresh Allotment
682,3,87736,62,COLLEGE OF MEDICINE AND SAGORE DUTTA HOSPITAL,M.D. (PREVENTIVE AND SOCIAL MEDICINE)/ COMMUNITY MEDICINE,Open Quota,UR,General,Fresh Allotment
683,1,88373,-,CALCUTTA NATIONAL MEDICAL COLLEGE KOLKATA,M.S. (ORTHOPAEDICS),In-Service,OBC-A (Non- Creamy Layer),OBC-A (Non- Creamy Layer),Not Upgraded
684,3,88676,9,CALCUTTA NATIONAL MEDICAL COLLEGE KOLKATA,M.D. (GENERAL MEDICINE),In-Service,UR,General,Upgraded
685,3,88713,146,GOURI DEVI INSTITUTE OF MEDICAL SCIENCES AND HOSPITAL,M.S. (OPHTHALMOLOGY),Open Quota,UR,General,Fresh Allotment
686,3,89195,48,"IQ CITY MEDICAL COLLEGE, DURGAPUR",M.D. (PAEDIATRICS),Open Quota,SC,SC,Fresh Allotment
687,2,89788,-,"IQ CITY MEDICAL COLLEGE, DURGAPUR",M.S. (ORTHOPAEDICS),Private Management Quota,UR,OBC (Non-Creamy Layer),Not Upgraded
688,3,90051,31,GOURI DEVI INSTITUTE OF MEDICAL SCIENCES AND HOSPITAL,M.S. (OPHTHALMOLOGY),Private Management Quota,UR,General,Upgraded
689,3,90676,2,CALCUTTA NATIONAL MEDICAL COLLEGE KOLKATA,M.S. (GENERAL SURGERY),Open Quota,ST,ST,Upgraded
690,1,91149,-,INSTITUTE OF POST GRADUATE MEDICAL EDUCATION AND RESEARCH KOLKATA,M.D. (GENERAL MEDICINE),In-Service,SC,SC,Retained
691,3,91365,13,SHRI RAMKRISHNA INSTITUTE OF MEDICAL SCIENCES & SANAKA HOSPITALS,M.D. (PAEDIATRICS),Private Management Quota,UR,General,Fresh Allotment
692,3,91565,154,NIL RATAN SIRCAR MEDICAL COLLEGE,M.D. (MICROBIOLOGY),Open Quota,UR,General,Fresh Allotment
693,1,92057,-,"IQ CITY MEDICAL COLLEGE, DURGAPUR",M.S. (GENERAL SURGERY),Private Management Quota,UR,General,Retained
694,1,92462,-,INSTITUTE OF POST GRADUATE MEDICAL EDUCATION AND RESEARCH KOLKATA,M.D. (PSYCHIATRY),In-Service,UR,OBC-A (Non- Creamy Layer),Retained
695,3,92574,1,NIL RATAN SIRCAR MEDICAL COLLEGE,M.D. (PHARMACOLOGY),Open Quota,UR,General,Upgraded
696,1,92723,-,MEDICAL COLLEGE KOLKATA,M.D. (PREVENTIVE AND SOCIAL MEDICINE)/ COMMUNITY MEDICINE,Open Quota,ST,ST,Not Upgraded
697,3,92768,4,DR. B C ROY POST GRADUATE INSTITUTE OF PAEDIATRIC SCIENCES,M.D. (PAEDIATRICS),Open Quota,ST,ST,Upgraded
698,1,92972,-,R G KAR MEDICAL COLLEGE,"M.D. (DERM.,VENE. AND LEPROSY)/ (DERMATOLOGY)/ (SKIN AND VENEREAL DISEASES)/ (VENEREOLOGY)",In-Service,ST,ST,Retained
699,3,93025,8,KPC MEDICAL COLLEGE,M.D. (PSYCHIATRY),Private Management Quota,UR,General,Upgraded
700,2,93057,-,JIS SCHOOL OF MEDICAL SCIENCE & RESEARCH,M.D. (ANAESTHESIOLOGY),Private Management Quota,UR,General,Retained
701,3,93133,1,KPC MEDICAL COLLEGE,M.S. (ORTHOPAEDICS),NRI Quota,UR,General,Fresh Allotment
702,3,93532,7,"IQ CITY MEDICAL COLLEGE, DURGAPUR",M.S. (E.N.T.),Open Quota,SC,SC,Fresh Allotment
703,3,93582,2,INFECTIOUS DISEASES AND BELIAGHATA GENERAL HOSPITAL,(NBEMS) GENERAL MEDICINE,In-Service DNB,UR,OBC-B (Non- Creamy Layer),Fresh Allotment
704,3,93691,47,KPC MEDICAL COLLEGE,M.S. (GENERAL SURGERY),Private Management Quota,UR,OBC-A (Non- Creamy Layer),Fresh Allotment
705,3,93762,128,ICARE INSTITUTE OF MEDICAL SCIENCES AND RESEARCH HALDIA,M.D. (ANAESTHESIOLOGY),Open Quota,UR,General,Fresh Allotment
706,3,94246,11,GOURI DEVI INSTITUTE OF MEDICAL SCIENCES AND HOSPITAL,M.S. (OPHTHALMOLOGY),Open Quota,UR,General,Fresh Allotment
707,3,94406,15,NIL RATAN SIRCAR MEDICAL COLLEGE,M.D. (BIOCHEMISTRY),Open Quota,UR,General,Upgraded
708,3,94413,5,GOURI DEVI INSTITUTE OF MEDICAL SCIENCES AND HOSPITAL,M.D. (TUBERCULOSIS AND RESPIRATORY DISEASES)/PULMONA RY MEDICINE /M.D. (RESPIRATORY MEDICINE),Private Management Quota,UR,General,Fresh Allotment
709,3,94684,29,MEDICAL COLLEGE KOLKATA,DIPLOMA IN OPHTHALMOLOGY/DO MS,Open Quota,SC,SC,Fresh Allotment
710,3,94743,9,"IQ CITY MEDICAL COLLEGE, DURGAPUR",M.S. (ORTHOPAEDICS),Private Management Quota,UR,OBC (Non-Creamy Layer),Fresh Allotment
711,2,94952,-,GOURI DEVI INSTITUTE OF MEDICAL SCIENCES AND HOSPITAL,M.S. (GENERAL SURGERY),Private Management Quota,UR,General,Not Upgraded
712,3,95111,22,BURDWAN MEDICAL COLLEGE,M.D. (PREVENTIVE AND SOCIAL MEDICINE)/ COMMUNITY MEDICINE,Open Quota,SC,SC,Fresh Allotment
713,1,95805,-,"RAMAKRISHNA MISSION SEVA PRATISHTHAN VIVEKANANDA INSTITUTE OF MEDICAL SCIENCES, KOLKATA",M.S. (ORTHOPAEDICS),In-Service,UR,General,Not Upgraded
714,3,95807,36,COLLEGE OF MEDICINE AND JNM HOSPITAL KALYANI,M.D. (MICROBIOLOGY),Open Quota,UR,General,Fresh Allotment
715,3,95860,12,MEDICAL COLLEGE KOLKATA,DIPLOMA IN OPHTHALMOLOGY/DO MS,Open Quota,SC,SC,Fresh Allotment
716,1,95914,-,ICARE INSTITUTE OF MEDICAL SCIENCES AND RESEARCH HALDIA,M.S. (ORTHOPAEDICS),Private Management Quota,UR,General,Not Upgraded
717,2,95980,-,SHRI RAMKRISHNA INSTITUTE OF MEDICAL SCIENCES & SANAKA HOSPITALS,M.S. (ORTHOPAEDICS),Private Management Quota,UR,General,Retained
718,2,96115,-,"IQ CITY MEDICAL COLLEGE, DURGAPUR",M.D. (ANAESTHESIOLOGY),Private Management Quota,UR,General,Retained
719,3,96566,2,INSTITUTE OF POST GRADUATE MEDICAL EDUCATION AND RESEARCH KOLKATA,M.D. (TUBERCULOSIS AND RESPIRATORY DISEASES)/PULMONA RY MEDICINE /M.D. (RESPIRATORY MEDICINE),In-Service,UR,SC,Upgraded
720,3,96576,18,GOURI DEVI INSTITUTE OF MEDICAL SCIENCES AND HOSPITAL,M.D. (PAEDIATRICS),Private Management Quota,UR,OBC (Non-Creamy Layer),Upgraded
721,1,97032,-,INSTITUTE OF POST GRADUATE MEDICAL EDUCATION AND RESEARCH KOLKATA,M.D. (OBST. AND GYNAE)/MS (OBSTETRICS AND GYNAECOLOGY),In-Service,UR,General,Retained
722,3,97929,1,GOURI DEVI INSTITUTE OF MEDICAL SCIENCES AND HOSPITAL,M.D. (PAEDIATRICS),Private Management Quota,UR,General,Fresh Allotment
723,3,98263,8,NORTH BENGAL MEDICAL COLLEGE AND HOSPITAL,M.D. (PREVENTIVE AND SOCIAL MEDICINE)/ COMMUNITY MEDICINE,Open Quota,UR,General,Fresh Allotment
724,1,98265,-,R G KAR MEDICAL COLLEGE,M.D. (OBST. AND GYNAE)/MS (OBSTETRICS AND GYNAECOLOGY),In-Service,UR,General,Retained
725,3,98387,10,BURDWAN MEDICAL COLLEGE,M.D. (MICROBIOLOGY),Open Quota,UR,General,Fresh Allotment
726,1,98516,-,"IQ CITY MEDICAL COLLEGE, DURGAPUR",M.D. (ANAESTHESIOLOGY),Private Management Quota,UR,General,Not Upgraded
727,3,98562,6,SHRI RAMKRISHNA INSTITUTE OF MEDICAL SCIENCES & SANAKA HOSPITALS,M.D. (PAEDIATRICS),Private Management Quota,UR,General,Fresh Allotment
728,1,98584,-,INSTITUTE OF POST GRADUATE MEDICAL EDUCATION AND RESEARCH KOLKATA,M.D. (PAEDIATRICS),In-Service,UR,General,Not Upgraded
729,1,98685,-,ALL INDIA INSTITUTE OF HYGIENE AND PUBLIC HEALTH,M.P.H. (EPIDEMIOLOGY),Open Quota,SC,SC,Not Upgraded
730,1,98704,-,DISTRICT HOSPITAL HOWRAH,(NBEMS) GENERAL MEDICINE,In-Service DNB,UR,General,Retained
731,1,98813,-,ESI PGIMSR AND ESIC MEDICAL COLLEGE JOKA KOLKATA,M.D. (GENERAL MEDICINE),In-Service,UR,General,Not Upgraded
732,3,98847,2,NIL RATAN SIRCAR MEDICAL COLLEGE,M.D. (ANAESTHESIOLOGY),Open Quota,ST,ST,Fresh Allotment
733,3,99112,130,MURSHIDABAD MEDICAL COLLEGE AND HOSPITAL,M.D. (PREVENTIVE AND SOCIAL MEDICINE)/ COMMUNITY MEDICINE,Open Quota,UR,General,Fresh Allotment
734,3,99677,5,KPC MEDICAL COLLEGE,M.S. (GENERAL SURGERY),Private Management Quota,UR,General,Upgraded
735,1,99688,-,MEDICAL COLLEGE KOLKATA,M.D. (PAEDIATRICS),In-Service,UR,General,Not Upgraded
736,1,99718,-,INSTITUTE OF CHILD HEALTH,M.D. (PAEDIATRICS),In-Service,OBC-B (Non- Creamy Layer),OBC-B (Non- Creamy Layer),Not Upgraded
737,3,99720,12,NORTH BENGAL MEDICAL COLLEGE AND HOSPITAL,M.S. (GENERAL SURGERY),Open Quota,ST,ST,Fresh Allotment
738,3,99795,7,GOURI DEVI INSTITUTE OF MEDICAL SCIENCES AND HOSPITAL,M.S. (ORTHOPAEDICS),Private Management Quota,UR,General,Fresh Allotment
739,1,100093,-,KPC MEDICAL COLLEGE,M.D. (RADIO- DIAGNOSIS),NRI Quota,UR,General,Retained
740,3,100138,13,"RAMAKRISHNA MISSION SEVA PRATISHTHAN VIVEKANANDA INSTITUTE OF MEDICAL SCIENCES, KOLKATA",M.D. (OBST. AND GYNAE)/MS (OBSTETRICS AND GYNAECOLOGY),Open Quota,ST,ST,Fresh Allotment
741,3,100397,6,JIS SCHOOL OF MEDICAL SCIENCE & RESEARCH,M.D. (PREVENTIVE AND SOCIAL MEDICINE)/ COMMUNITY MEDICINE,Open Quota,UR,General,Fresh Allotment
742,3,100504,3,MEDICAL COLLEGE KOLKATA,M.D. (PHARMACOLOGY),Open Quota,UR,General,Fresh Allotment
743,3,100686,15,KPC MEDICAL COLLEGE,M.S. (E.N.T.),Private Management Quota,UR,General,Upgraded
744,2,100736,-,"IQ CITY MEDICAL COLLEGE, DURGAPUR",M.S. (GENERAL SURGERY),Private Management Quota,UR,General,Not Upgraded
745,3,100809,56,"IQ CITY MEDICAL COLLEGE, DURGAPUR",M.D. (PREVENTIVE AND SOCIAL MEDICINE)/ COMMUNITY MEDICINE,Open Quota,UR,General,Fresh Allotment
746,2,101198,-,R G KAR MEDICAL COLLEGE,M.D. (PSYCHIATRY),In-Service,UR,General,Retained
747,1,101429,-,NORTH BENGAL MEDICAL COLLEGE AND HOSPITAL,M.D. (OBST. AND GYNAE)/MS (OBSTETRICS AND GYNAECOLOGY),In-Service,UR,General,Retained
748,3,101993,26,SHRI RAMKRISHNA INSTITUTE OF MEDICAL SCIENCES & SANAKA HOSPITALS,M.S. (E.N.T.),Open Quota,UR,General,Fresh Allotment
749,1,102079,-,INSTITUTE OF POST GRADUATE MEDICAL EDUCATION AND RESEARCH KOLKATA,M.S. (ORTHOPAEDICS),In-Service,SC,SC,Retained
750,1,102185,-,MEDICAL COLLEGE KOLKATA,M.D. (PAEDIATRICS),In-Service,UR,General,Not Upgraded
751,1,102219,-,BURDWAN MEDICAL COLLEGE,M.D. (PAEDIATRICS),In-Service,UR,General,Retained
752,2,102484,-,SHRI RAMKRISHNA INSTITUTE OF MEDICAL SCIENCES & SANAKA HOSPITALS,M.S. (ORTHOPAEDICS),Private Management Quota,UR,General,Not Upgraded
753,3,102553,5,INSTITUTE OF POST GRADUATE MEDICAL EDUCATION AND RESEARCH KOLKATA,M.D. (PHYSIOLOGY),Open Quota,UR,General,Fresh Allotment
754,1,102793,-,M R BANGUR HOSPITAL,(NBEMS) OBSTETRICS AND GYNAECOLOGY,In-Service DNB,SC,SC,Retained
755,3,102810,18,CALCUTTA NATIONAL MEDICAL COLLEGE KOLKATA,M.D. (PHARMACOLOGY),Open Quota,UR,General,Fresh Allotment
756,3,102814,142,MEDICAL COLLEGE KOLKATA,DIPLOMA IN OTO- RHINO- LARYNGOLOGY,Open Quota,SC,SC,Fresh Allotment
757,3,102888,2,R G KAR MEDICAL COLLEGE,M.D. (PHARMACOLOGY),Open Quota,UR,SC,Upgraded
758,3,103044,12,MALDA MEDICAL COLLEGE AND HOSPITAL,M.D. (OBST. AND GYNAE)/MS (OBSTETRICS AND GYNAECOLOGY),In-Service,UR,General,Fresh Allotment
759,2,103049,-,GOURI DEVI INSTITUTE OF MEDICAL SCIENCES AND HOSPITAL,M.S. (E.N.T.),Private Management Quota,UR,General,Not Upgraded
760,1,103106,-,MURSHIDABAD MEDICAL COLLEGE AND HOSPITAL,M.S. (GENERAL SURGERY),In-Service,UR,OBC-A (Non- Creamy Layer),Retained
761,3,103154,23,CALCUTTA NATIONAL MEDICAL COLLEGE KOLKATA,M.D. (PHARMACOLOGY),Open Quota,UR,General,Fresh Allotment
762,1,103608,-,BURDWAN MEDICAL COLLEGE,M.D. (OBST. AND GYNAE)/MS (OBSTETRICS AND GYNAECOLOGY),In-Service,UR,OBC-B (Non- Creamy Layer),Not Upgraded
763,3,103785,14,ICARE INSTITUTE OF MEDICAL SCIENCES AND RESEARCH HALDIA,M.D. (ANAESTHESIOLOGY),Open Quota,SC,SC,Fresh Allotment
764,3,103787,1,GOURI DEVI INSTITUTE OF MEDICAL SCIENCES AND HOSPITAL,M.D. (RADIO- DIAGNOSIS),NRI Quota,UR,SC,Fresh Allotment
765,2,104095,-,GOURI DEVI INSTITUTE OF MEDICAL SCIENCES AND HOSPITAL,M.S. (ORTHOPAEDICS),Private Management Quota,UR,General,Retained
766,1,104572,-,R G KAR MEDICAL COLLEGE,M.D. (PAEDIATRICS),In-Service,UR,General,Not Upgraded
767,1,104643,-,CALCUTTA NATIONAL MEDICAL COLLEGE KOLKATA,M.D. (PAEDIATRICS),In-Service,UR,General,Not Upgraded
768,1,104651,-,INSTITUTE OF POST GRADUATE MEDICAL EDUCATION AND RESEARCH KOLKATA,M.D. (OBST. AND GYNAE)/MS (OBSTETRICS AND GYNAECOLOGY),In-Service,UR,General,Retained
769,3,104996,2,KPC MEDICAL COLLEGE,M.D. (GENERAL MEDICINE),Open Quota,ST,ST,Fresh Allotment
770,2,105024,-,KPC MEDICAL COLLEGE,M.S. (OPHTHALMOLOGY),Private Management Quota,UR,SC,Not Upgraded
771,3,105195,12,R G KAR MEDICAL COLLEGE,M.D. (TUBERCULOSIS AND RESPIRATORY DISEASES)/PULMONA RY MEDICINE /M.D. (RESPIRATORY MEDICINE),In-Service,UR,General,Upgraded
772,3,105669,79,MEDICAL COLLEGE KOLKATA,DIPLOMA IN OPHTHALMOLOGY/DO MS,Open Quota,SC,SC,Fresh Allotment
773,1,105719,-,CALCUTTA NATIONAL MEDICAL COLLEGE KOLKATA,M.D. (GENERAL MEDICINE),In-Service,OBC-A (Non- Creamy Layer),OBC-A (Non- Creamy Layer),Not Upgraded
774,3,105889,42,GOURI DEVI INSTITUTE OF MEDICAL SCIENCES AND HOSPITAL,M.S. (GENERAL SURGERY),Open Quota,SC,SC,Fresh Allotment
775,1,106174,-,ASANSOL DISTRICT HOSPITAL,(NBEMS) PAEDIATRICS,In-Service DNB,SC,SC,Retained
776,2,106293,-,SHRI RAMKRISHNA INSTITUTE OF MEDICAL SCIENCES & SANAKA HOSPITALS,M.S. (ORTHOPAEDICS),Private Management Quota,UR,OBC (Non-Creamy Layer),Not Upgraded
777,3,106471,1,GOURI DEVI INSTITUTE OF MEDICAL SCIENCES AND HOSPITAL,M.D. (PATHOLOGY),Open Quota,UR,SC,Upgraded
778,3,106528,3,BURDWAN MEDICAL COLLEGE,M.S. (OPHTHALMOLOGY),In-Service,UR,General,Fresh Allotment
779,1,106535,-,MALDA MEDICAL COLLEGE AND HOSPITAL,M.D. (PAEDIATRICS),In-Service,UR,General,Retained
780,3,107057,1,INSTITUTE OF POST GRADUATE MEDICAL EDUCATION AND RESEARCH KOLKATA,M.D. (PHARMACOLOGY),Open Quota,SC,SC,Fresh Allotment
781,3,107451,7,COLLEGE OF MEDICINE AND SAGORE DUTTA HOSPITAL,"M.D. (DERM.,VENE. AND LEPROSY)/ (DERMATOLOGY)/ (SKIN AND VENEREAL DISEASES)/ (VENEREOLOGY)",In-Service,SC,SC,Upgraded
782,3,107593,99,COLLEGE OF MEDICINE AND JNM HOSPITAL KALYANI,M.D. (PREVENTIVE AND SOCIAL MEDICINE)/ COMMUNITY MEDICINE,Open Quota,SC,SC,Upgraded
783,3,107791,12,R G KAR MEDICAL COLLEGE,M.D. (PHYSIOLOGY),Open Quota,UR,General,Fresh Allotment
784,1,107900,-,ICARE INSTITUTE OF MEDICAL SCIENCES AND RESEARCH HALDIA,M.D. (PSYCHIATRY),Private Management Quota,UR,General,Retained
785,1,108085,-,MEDICAL COLLEGE KOLKATA,M.D. (GENERAL MEDICINE),In-Service,SC,SC,Retained
786,1,108261,-,MEDICAL COLLEGE KOLKATA,M.S. (OPHTHALMOLOGY),In-Service,UR,SC,Retained
787,3,108317,132,NORTH BENGAL MEDICAL COLLEGE AND HOSPITAL,M.D. (MICROBIOLOGY),Open Quota,UR,General,Upgraded
788,2,108489,-,JAGANNATH GUPTA INSTITUTE OF MEDICAL SCIENCES AND HOSPITAL,M.S. (GENERAL SURGERY),Private Management Quota,UR,General,Retained
789,3,108573,114,"RAMAKRISHNA MISSION SEVA PRATISHTHAN VIVEKANANDA INSTITUTE OF MEDICAL SCIENCES, KOLKATA",DIPLOMA IN OTO- RHINO- LARYNGOLOGY,Open Quota,SC,SC,Fresh Allotment
790,3,108703,3,MEDICAL COLLEGE KOLKATA,M.D. (TUBERCULOSIS AND RESPIRATORY DISEASES)/PULMONA RY MEDICINE /M.D. (RESPIRATORY MEDICINE),In-Service,UR,General,Upgraded
791,2,109289,-,JAGANNATH GUPTA INSTITUTE OF MEDICAL SCIENCES AND HOSPITAL,M.S. (GENERAL SURGERY),Private Management Quota,UR,General,Not Upgraded
792,3,109300,9,MEDICAL COLLEGE KOLKATA,M.D. (PAEDIATRICS),In-Service,ST,ST,Fresh Allotment
793,1,109327,-,KPC MEDICAL COLLEGE,M.D. (RADIO- DIAGNOSIS),NRI Quota,UR,General,Retained
794,1,109520,-,NIL RATAN SIRCAR MEDICAL COLLEGE,M.D. (PAEDIATRICS),In-Service,UR,General,Not Upgraded
795,1,109783,-,BURDWAN MEDICAL COLLEGE,M.S. (GENERAL SURGERY),In-Service,UR,General,Not Upgraded
796,2,109954,-,"IQ CITY MEDICAL COLLEGE, DURGAPUR",M.S. (GENERAL SURGERY),Private Management Quota,UR,General,Retained
797,3,110045,20,"IQ CITY MEDICAL COLLEGE, DURGAPUR",M.S. (E.N.T.),Private Management Quota,UR,General,Upgraded
798,1,110225,-,MIDNAPORE MEDICAL COLLEGE,M.D. (PAEDIATRICS),In-Service,UR,General,Not Upgraded
799,1,110337,-,NORTH BENGAL MEDICAL COLLEGE AND HOSPITAL,M.D. (GENERAL MEDICINE),In-Service,OBC-A (Non- Creamy Layer),OBC-A (Non- Creamy Layer),Not Upgraded
800,1,110502,-,CALCUTTA NATIONAL MEDICAL COLLEGE KOLKATA,M.D. (PSYCHIATRY),In-Service,SC,SC,Retained
801,1,110575,-,R G KAR MEDICAL COLLEGE,M.D. (PHARMACOLOGY),Open Quota,OBC-A (Non- Creamy Layer),OBC-A (Non- Creamy Layer),Not Upgraded
802,1,111049,-,CALCUTTA NATIONAL MEDICAL COLLEGE KOLKATA,M.D. (PAEDIATRICS),In-Service,SC,SC,Retained
803,1,111066,-,MEDICAL COLLEGE KOLKATA,M.S. (OPHTHALMOLOGY),In-Service,UR,General,Not Upgraded
804,1,111068,-,CALCUTTA NATIONAL MEDICAL COLLEGE KOLKATA,M.D. (GENERAL MEDICINE),In-Service,SC,SC,Retained
805,3,111110,26,"SCHOOL OF TROPICAL MEDICINE, KOLKATA",M.D. (TROPICAL MEDICINE),Open Quota,EWS,EWS,Upgraded
806,3,111198,2,SHRI RAMKRISHNA INSTITUTE OF MEDICAL SCIENCES & SANAKA HOSPITALS,M.D. (ANAESTHESIOLOGY),Open Quota,SC,SC,Upgraded
807,3,111389,17,"IQ CITY MEDICAL COLLEGE, DURGAPUR",M.S. (OPHTHALMOLOGY),Private Management Quota,UR,General,Fresh Allotment
808,3,111693,9,SHRI RAMKRISHNA INSTITUTE OF MEDICAL SCIENCES & SANAKA HOSPITALS,M.D. (ANAESTHESIOLOGY),Open Quota,SC,SC,Fresh Allotment
809,3,111768,93,INSTITUTE OF POST GRADUATE MEDICAL EDUCATION AND RESEARCH KOLKATA,M.D. (BIOCHEMISTRY),Open Quota,UR,General,Fresh Allotment
810,1,112026,-,NORTH BENGAL MEDICAL COLLEGE AND HOSPITAL,M.D. (PAEDIATRICS),In-Service,SC,SC,Retained
811,3,112347,115,COLLEGE OF MEDICINE AND SAGORE DUTTA HOSPITAL,M.D. (PHARMACOLOGY),Open Quota,UR,General,Fresh Allotment
812,1,112617,-,"RAMAKRISHNA MISSION SEVA PRATISHTHAN VIVEKANANDA INSTITUTE OF MEDICAL SCIENCES, KOLKATA",M.D. (GENERAL MEDICINE),In-Service,OBC-A (Non- Creamy Layer),OBC-A (Non- Creamy Layer),Not Upgraded
813,3,112623,1,MEDICAL COLLEGE KOLKATA,DIPLOMA IN OPHTHALMOLOGY/DO MS,Open Quota,OBC-A (Non- Creamy Layer),OBC-A (Non- Creamy Layer),Upgraded
814,3,112811,30,JAGANNATH GUPTA INSTITUTE OF MEDICAL SCIENCES AND HOSPITAL,M.D. (ANAESTHESIOLOGY),Private Management Quota,UR,OBC (Non-Creamy Layer),Fresh Allotment
815,3,112898,73,R G KAR MEDICAL COLLEGE,M.D. (MICROBIOLOGY),Open Quota,SC,SC,Upgraded
816,1,113497,-,BANKURA SAMMILANI MEDICAL COLLEGE,M.D. (OBST. AND GYNAE)/MS (OBSTETRICS AND GYNAECOLOGY),In-Service,UR,General,Not Upgraded
817,3,113640,36,"IQ CITY MEDICAL COLLEGE, DURGAPUR",M.D. (PATHOLOGY),Private Management Quota,UR,General,Upgraded
818,3,113684,1,BURDWAN MEDICAL COLLEGE,M.D. (PHARMACOLOGY),Open Quota,UR,General,Upgraded
819,3,113754,7,KPC MEDICAL COLLEGE,M.S. (GENERAL SURGERY),Private Management Quota,UR,General,Upgraded
820,2,113800,-,"IQ CITY MEDICAL COLLEGE, DURGAPUR",M.S. (GENERAL SURGERY),Private Management Quota,UR,General,Not Upgraded
821,3,113876,2,JAGANNATH GUPTA INSTITUTE OF MEDICAL SCIENCES AND HOSPITAL,M.S. (GENERAL SURGERY),Private Management Quota,UR,General,Upgraded
822,2,113970,-,"IQ CITY MEDICAL COLLEGE, DURGAPUR",M.S. (OPHTHALMOLOGY),Private Management Quota,UR,OBC (Non-Creamy Layer),Retained
823,2,114112,-,Jalpaiguri Government Medical College and Hospital (Formerly DISTRICT HOSPITAL) JALPAIGURI,(NBEMS) GENERAL MEDICINE,In-Service DNB,UR,General,Not Upgraded
824,3,114314,23,"IQ CITY MEDICAL COLLEGE, DURGAPUR",M.S. (GENERAL SURGERY),Private Management Quota,UR,General,Fresh Allotment
825,2,114484,-,"IQ CITY MEDICAL COLLEGE, DURGAPUR",M.S. (GENERAL SURGERY),Private Management Quota,UR,General,Not Upgraded
826,3,114588,2,"IQ CITY MEDICAL COLLEGE, DURGAPUR",M.S. (GENERAL SURGERY),Private Management Quota,UR,General,Fresh Allotment
827,2,114619,-,"IQ CITY MEDICAL COLLEGE, DURGAPUR",M.S. (OPHTHALMOLOGY),Private Management Quota,UR,General,Retained
828,1,114649,-,R G KAR MEDICAL COLLEGE,M.D. (PAEDIATRICS),In-Service,OBC-A (Non- Creamy Layer),OBC-A (Non- Creamy Layer),Retained
829,3,114660,76,BURDWAN MEDICAL COLLEGE,M.D. (MICROBIOLOGY),Open Quota,UR,General,Fresh Allotment
830,3,114786,9,ICARE INSTITUTE OF MEDICAL SCIENCES AND RESEARCH HALDIA,M.D. (PAEDIATRICS),Open Quota,OBC-A (Non- Creamy Layer),OBC-A (Non- Creamy Layer),Fresh Allotment
831,1,114848,-,MIDNAPORE MEDICAL COLLEGE,M.S. (E.N.T.),In-Service,UR,General,Not Upgraded
832,1,114925,-,"RAMAKRISHNA MISSION SEVA PRATISHTHAN VIVEKANANDA INSTITUTE OF MEDICAL SCIENCES, KOLKATA",M.D. (PAEDIATRICS),In-Service,UR,General,Not Upgraded
833,3,114968,36,KPC MEDICAL COLLEGE,M.D. (GENERAL MEDICINE),In-Service,UR,OBC-A (Non- Creamy Layer),Fresh Allotment
834,3,115524,18,GOURI DEVI INSTITUTE OF MEDICAL SCIENCES AND HOSPITAL,M.S. (OPHTHALMOLOGY),Private Management Quota,UR,OBC (Non-Creamy Layer),Fresh Allotment
835,3,115584,41,NIL RATAN SIRCAR MEDICAL COLLEGE,M.D. (RADIOTHERAPY/ RADIATION ONCOLOGY),Open Quota,ST,ST,Fresh Allotment
836,3,116198,3,MEDICAL COLLEGE KOLKATA,M.D. (PHARMACOLOGY),Open Quota,SC,SC,Fresh Allotment
837,1,116414,-,R G KAR MEDICAL COLLEGE,M.D. (OBST. AND GYNAE)/MS (OBSTETRICS AND GYNAECOLOGY),In-Service,SC,SC,Not Upgraded
838,3,116560,2,JIS SCHOOL OF MEDICAL SCIENCE & RESEARCH,M.D. (PATHOLOGY),Open Quota,UR,General,Fresh Allotment
839,3,116661,38,INSTITUTE OF POST GRADUATE MEDICAL EDUCATION AND RESEARCH KOLKATA,M.D. (PHARMACOLOGY),Open Quota,SC,SC,Upgraded
840,1,116761,-,MIDNAPORE MEDICAL COLLEGE,M.D. (GENERAL MEDICINE),In-Service,SC,SC,Not Upgraded
841,3,116776,8,INSTITUTE OF POST GRADUATE MEDICAL EDUCATION AND RESEARCH KOLKATA,M.D. (BIOCHEMISTRY),Open Quota,UR,General,Fresh Allotment
842,1,116875,-,R G KAR MEDICAL COLLEGE,M.S. (ORTHOPAEDICS),In-Service,SC,SC,Retained
843,3,117066,1,"CHITTARANJAN SEVA SADAN COLLEGE OF OBS. GYNAE AND CHILD HEALTH,KOLKATA",(NBEMS-DIPLOMA) PAEDIATRICS,In-Service DNB,UR,OBC-A (Non- Creamy Layer),Upgraded
844,2,117328,-,BANKURA SAMMILANI MEDICAL COLLEGE,M.D. (PHARMACOLOGY),Open Quota,SC,SC,Not Upgraded
845,1,117428,-,"RAMAKRISHNA MISSION SEVA PRATISHTHAN VIVEKANANDA INSTITUTE OF MEDICAL SCIENCES, KOLKATA",M.D. (GENERAL MEDICINE),In-Service,SC,SC,Not Upgraded
846,3,117509,163,SHRI RAMKRISHNA INSTITUTE OF MEDICAL SCIENCES & SANAKA HOSPITALS,M.S. (E.N.T.),Open Quota,UR,OBC (Non-Creamy Layer),Upgraded
847,3,117680,2,DIAMOND HARBOUR GOVERNMENT MEDICAL COLLEGE AND HOSPITAL,(NBEMS) GENERAL MEDICINE,In-Service DNB,UR,General,Fresh Allotment
848,3,117807,23,SHRI RAMKRISHNA INSTITUTE OF MEDICAL SCIENCES & SANAKA HOSPITALS,M.S. (GENERAL SURGERY),Private Management Quota,UR,General,Fresh Allotment
849,3,117935,34,BANKURA SAMMILANI MEDICAL COLLEGE,M.D. (TUBERCULOSIS AND RESPIRATORY DISEASES)/PULMONA RY MEDICINE /M.D. (RESPIRATORY MEDICINE),In-Service,UR,General,Fresh Allotment
850,3,118687,46,KPC MEDICAL COLLEGE,M.D. (PAEDIATRICS),In-Service,UR,General,Fresh Allotment
851,3,118767,24,JAGANNATH GUPTA INSTITUTE OF MEDICAL SCIENCES AND HOSPITAL,M.S. (GENERAL SURGERY),Private Management Quota,UR,General,Fresh Allotment
852,3,118800,11,DIAMOND HARBOUR GOVERNMENT MEDICAL COLLEGE AND HOSPITAL,M.D. (MICROBIOLOGY),Open Quota,UR,General,Fresh Allotment
853,3,119342,24,MIDNAPORE MEDICAL COLLEGE,M.D. (OBST. AND GYNAE)/MS (OBSTETRICS AND GYNAECOLOGY),In-Service,UR,General,Fresh Allotment
854,3,119456,19,JAGANNATH GUPTA INSTITUTE OF MEDICAL SCIENCES AND HOSPITAL,M.S. (GENERAL SURGERY),Private Management Quota,UR,General,Fresh Allotment
855,3,119572,8,GOURI DEVI INSTITUTE OF MEDICAL SCIENCES AND HOSPITAL,M.S. (GENERAL SURGERY),Private Management Quota,UR,EWS,Fresh Allotment
856,3,119649,25,JAGANNATH GUPTA INSTITUTE OF MEDICAL SCIENCES AND HOSPITAL,M.D. (GENERAL MEDICINE),In-Service,UR,General,Fresh Allotment
857,3,119813,66,BURDWAN MEDICAL COLLEGE,M.D. (ANAESTHESIOLOGY),Open Quota,ST,ST,Fresh Allotment
858,2,119941,-,KPC MEDICAL COLLEGE,M.S. (ORTHOPAEDICS),In-Service,OBC-A (Non- Creamy Layer),OBC-A (Non- Creamy Layer),Not Upgraded
859,1,119946,-,CALCUTTA NATIONAL MEDICAL COLLEGE KOLKATA,M.D. (OBST. AND GYNAE)/MS (OBSTETRICS AND GYNAECOLOGY),In-Service,SC,SC,Retained
860,3,119991,137,SHRI RAMKRISHNA INSTITUTE OF MEDICAL SCIENCES & SANAKA HOSPITALS,M.S. (OPHTHALMOLOGY),Open Quota,UR,OBC (Non-Creamy Layer),Fresh Allotment
861,1,120139,-,GOURI DEVI INSTITUTE OF MEDICAL SCIENCES AND HOSPITAL,M.D. (RADIO- DIAGNOSIS),In-Service,SC,SC,Not Upgraded
862,3,120349,15,BURDWAN MEDICAL COLLEGE,M.D. (GENERAL MEDICINE),In-Service,SC,SC,Upgraded
863,3,120352,1,NIL RATAN SIRCAR MEDICAL COLLEGE,M.D. (OBST. AND GYNAE)/MS (OBSTETRICS AND GYNAECOLOGY),In-Service,UR,SC,Upgraded
864,3,120974,84,SHRI RAMKRISHNA INSTITUTE OF MEDICAL SCIENCES & SANAKA HOSPITALS,M.S. (E.N.T.),Open Quota,UR,General,Fresh Allotment
865,3,121087,12,GOURI DEVI INSTITUTE OF MEDICAL SCIENCES AND HOSPITAL,M.S. (E.N.T.),Private Management Quota,UR,General,Fresh Allotment
866,3,121239,26,SHRI RAMKRISHNA INSTITUTE OF MEDICAL SCIENCES & SANAKA HOSPITALS,M.D. (GENERAL MEDICINE),In-Service,UR,General,Fresh Allotment
867,3,122263,1,ICARE INSTITUTE OF MEDICAL SCIENCES AND RESEARCH HALDIA,M.D. (TUBERCULOSIS AND RESPIRATORY DISEASES)/PULMONA RY MEDICINE /M.D. (RESPIRATORY MEDICINE),NRI Quota,UR,General,Fresh Allotment
868,3,123399,12,GOURI DEVI INSTITUTE OF MEDICAL SCIENCES AND HOSPITAL,M.S. (GENERAL SURGERY),Private Management Quota,UR,General,Fresh Allotment
869,3,123574,91,KPC MEDICAL COLLEGE,M.D. (GENERAL MEDICINE),Open Quota,ST,ST,Fresh Allotment
870,1,123607,-,MEDICAL COLLEGE KOLKATA,M.S. (ORTHOPAEDICS),In-Service,SC,SC,Not Upgraded
871,1,123701,-,INSTITUTE OF POST GRADUATE MEDICAL EDUCATION AND RESEARCH KOLKATA,M.D. (GENERAL MEDICINE),In-Service,OBC-B (Non- Creamy Layer),OBC-B (Non- Creamy Layer),Not Upgraded
872,1,124080,-,INSTITUTE OF POST GRADUATE MEDICAL EDUCATION AND RESEARCH KOLKATA,M.D. (PAEDIATRICS),In-Service,SC,SC,Not Upgraded
873,3,124334,149,SHRI RAMKRISHNA INSTITUTE OF MEDICAL SCIENCES & SANAKA HOSPITALS,M.D. (PSYCHIATRY),Open Quota,SC,SC,Fresh Allotment
874,3,124393,1,GOURI DEVI INSTITUTE OF MEDICAL SCIENCES AND HOSPITAL,M.D. (RADIO- DIAGNOSIS),NRI Quota,UR,General,Fresh Allotment
875,2,124879,-,"RAMAKRISHNA MISSION SEVA PRATISHTHAN VIVEKANANDA INSTITUTE OF MEDICAL SCIENCES, KOLKATA",M.S. (OPHTHALMOLOGY),Open Quota,ST,ST,Not Upgraded
876,3,124889,1,NORTH BENGAL MEDICAL COLLEGE AND HOSPITAL,M.S. (GENERAL SURGERY),In-Service,SC,SC,Upgraded
877,2,125011,-,GOURI DEVI INSTITUTE OF MEDICAL SCIENCES AND HOSPITAL,M.S. (OPHTHALMOLOGY),Private Management Quota,UR,OBC (Non-Creamy Layer),Not Upgraded
878,3,125079,24,ASANSOL DISTRICT HOSPITAL,(NBEMS) GENERAL MEDICINE,In-Service DNB,UR,General,Fresh Allotment
879,3,125122,2,GOURI DEVI INSTITUTE OF MEDICAL SCIENCES AND HOSPITAL,M.S. (GENERAL SURGERY),Private Management Quota,UR,General,Fresh Allotment
880,1,125335,-,R G KAR MEDICAL COLLEGE,M.D. (GENERAL MEDICINE),In-Service,OBC-B (Non- Creamy Layer),OBC-B (Non- Creamy Layer),Not Upgraded
881,3,125349,1,MAHARAJA JITENDRA NARAYAN MEDICAL COLLEGE AND HOSPITAL,(NBEMS) GENERAL SURGERY,In-Service DNB,UR,SC,Upgraded
882,2,125382,-,CALCUTTA NATIONAL MEDICAL COLLEGE KOLKATA,M.D. (OBST. AND GYNAE)/MS (OBSTETRICS AND GYNAECOLOGY),Open Quota,UR PwD,OBC (Non-Creamy Layer) PwD,Retained
883,3,125543,47,INSTITUTE OF POST GRADUATE MEDICAL EDUCATION AND RESEARCH KOLKATA,M.D. (ANAESTHESIOLOGY),In-Service,UR,General,Fresh Allotment
884,3,125743,2,"RAMAKRISHNA MISSION SEVA PRATISHTHAN VIVEKANANDA INSTITUTE OF MEDICAL SCIENCES, KOLKATA",M.D. (OBST. AND GYNAE)/MS (OBSTETRICS AND GYNAECOLOGY),In-Service,UR,General,Fresh Allotment
885,3,125842,11,"IQ CITY MEDICAL COLLEGE, DURGAPUR",M.S. (E.N.T.),Private Management Quota,UR,General,Fresh Allotment
886,3,125978,44,"IQ CITY MEDICAL COLLEGE, DURGAPUR",M.D. (ANAESTHESIOLOGY),Open Quota,SC,SC,Upgraded
887,3,126090,12,JAGANNATH GUPTA INSTITUTE OF MEDICAL SCIENCES AND HOSPITAL,M.D. (ANAESTHESIOLOGY),Open Quota,SC,SC,Fresh Allotment
888,3,126157,1,ICARE INSTITUTE OF MEDICAL SCIENCES AND RESEARCH HALDIA,"M.D. (DERM.,VENE. AND LEPROSY)/ (DERMATOLOGY)/ (SKIN AND VENEREAL DISEASES)/ (VENEREOLOGY)",NRI Quota,UR,General,Fresh Allotment
889,3,126175,6,DISTRICT HOSPITAL NADIA,(NBEMS-DIPLOMA) RADIO-DIAGNOSIS,In-Service DNB,UR,General,Fresh Allotment
890,3,126291,38,DR. B C ROY POST GRADUATE INSTITUTE OF PAEDIATRIC SCIENCES,M.D. (PAEDIATRICS),In-Service,OBC-A (Non- Creamy Layer),OBC-A (Non- Creamy Layer),Fresh Allotment
891,1,126316,-,CALCUTTA NATIONAL MEDICAL COLLEGE KOLKATA,M.D. (BIOCHEMISTRY),Open Quota,SC,SC,Retained
892,2,126364,-,ICARE INSTITUTE OF MEDICAL SCIENCES AND RESEARCH HALDIA,M.S. (GENERAL SURGERY),Private Management Quota,UR,SC,Not Upgraded
893,3,126459,1,R G KAR MEDICAL COLLEGE,M.D. (OBST. AND GYNAE)/MS (OBSTETRICS AND GYNAECOLOGY),In-Service,UR,SC,Upgraded
894,3,126663,53,GOURI DEVI INSTITUTE OF MEDICAL SCIENCES AND HOSPITAL,M.D. (PATHOLOGY),Open Quota,UR,General,Fresh Allotment
895,1,127623,-,NIL RATAN SIRCAR MEDICAL COLLEGE,M.D. (PAEDIATRICS),In-Service,OBC-B (Non- Creamy Layer),OBC-B (Non- Creamy Layer),Not Upgraded
896,3,127770,30,ICARE INSTITUTE OF MEDICAL SCIENCES AND RESEARCH HALDIA,M.S. (OPHTHALMOLOGY),Private Management Quota,UR,General,Fresh Allotment
897,3,127809,1,NORTH BENGAL MEDICAL COLLEGE AND HOSPITAL,M.D. (GENERAL MEDICINE),In-Service,SC,SC,Upgraded
898,3,128130,1,SHRI RAMKRISHNA INSTITUTE OF MEDICAL SCIENCES & SANAKA HOSPITALS,"M.D. (DERM.,VENE. AND LEPROSY)/ (DERMATOLOGY)/ (SKIN AND VENEREAL DISEASES)/ (VENEREOLOGY)",NRI Quota,UR,SC,Fresh Allotment
899,3,128209,105,INSTITUTE OF POST GRADUATE MEDICAL EDUCATION AND RESEARCH KOLKATA,M.D. (EMERGENCY AND CRITICAL CARE)/M.D. (EMERGENCY MEDICINE),Open Quota,ST,ST,Fresh Allotment
900,2,128307,-,MEDICAL COLLEGE KOLKATA,M.D. (FORENSIC MEDICINE),Open Quota,SC,SC,Retained
901,3,128627,8,SHRI RAMKRISHNA INSTITUTE OF MEDICAL SCIENCES & SANAKA HOSPITALS,M.S. (GENERAL SURGERY),Private Management Quota,UR,General,Fresh Allotment
902,3,128714,9,BURDWAN MEDICAL COLLEGE,M.D. (BIOCHEMISTRY),Open Quota,UR,SC,Upgraded
903,3,129205,38,NIL RATAN SIRCAR MEDICAL COLLEGE,M.D. (PSYCHIATRY),In-Service,UR,General,Fresh Allotment
904,3,129279,87,GOURI DEVI INSTITUTE OF MEDICAL SCIENCES AND HOSPITAL,M.D. (ANAESTHESIOLOGY),Private Management Quota,UR,General,Fresh Allotment
905,3,129306,16,INSTITUTE OF POST GRADUATE MEDICAL EDUCATION AND RESEARCH KOLKATA,M.S. (GENERAL SURGERY),In-Service,UR,General,Fresh Allotment
906,3,129486,1,IMAMBARA DISTRICT HOSPITAL,(NBEMS) PAEDIATRICS,In-Service DNB,SC,SC,Upgraded
907,3,129948,16,RAMPURHAT GOVT. MEDICAL COLLEGE AND HOSPITAL,(NBEMS) GENERAL MEDICINE,In-Service DNB,UR,OBC-B (Non- Creamy Layer),Upgraded
908,3,130306,7,"SCHOOL OF TROPICAL MEDICINE, KOLKATA",M.D. (TROPICAL MEDICINE),In-Service,UR,General,Fresh Allotment
909,3,131077,27,KPC MEDICAL COLLEGE,M.S. (ORTHOPAEDICS),In-Service,UR,General,Fresh Allotment
910,3,131206,1,INSTITUTE OF POST GRADUATE MEDICAL EDUCATION AND RESEARCH KOLKATA,M.D. (BIOCHEMISTRY),Open Quota,SC,SC,Upgraded
911,3,131300,20,"IQ CITY MEDICAL COLLEGE, DURGAPUR",M.D. (PSYCHIATRY),Private Management Quota,UR,General,Fresh Allotment
912,3,131541,19,NIL RATAN SIRCAR MEDICAL COLLEGE,M.D. (ANAESTHESIOLOGY),In-Service,UR,General,Fresh Allotment
913,3,131741,110,KPC MEDICAL COLLEGE,M.D. (MICROBIOLOGY),Open Quota,UR,General,Fresh Allotment
914,3,131768,20,R G KAR MEDICAL COLLEGE,M.D. (PHYSICAL MED. AND REHABILITATION),In-Service,UR,General,Fresh Allotment
915,2,131782,-,JAGANNATH GUPTA INSTITUTE OF MEDICAL SCIENCES AND HOSPITAL,M.S. (GENERAL SURGERY),Open Quota,ST,ST,Not Upgraded
916,3,132065,2,MEDICAL COLLEGE KOLKATA,M.D. (PAEDIATRICS),In-Service,SC,SC,Upgraded
917,2,132275,-,KPC MEDICAL COLLEGE,"M.D. (DERM.,VENE. AND LEPROSY)/ (DERMATOLOGY)/ (SKIN AND VENEREAL DISEASES)/ (VENEREOLOGY)",NRI Quota,UR,OBC (Non-Creamy Layer),Retained
918,3,132300,1,"SCHOOL OF TROPICAL MEDICINE, KOLKATA",DIPLOMA IN CLINICAL PATHOLOGY,Open Quota,OBC-B (Non- Creamy Layer),OBC-B (Non- Creamy Layer),Fresh Allotment
919,3,132701,13,MEDICAL COLLEGE KOLKATA,M.S. (GENERAL SURGERY),In-Service,UR,SC,Fresh Allotment
920,1,133379,-,INSTITUTE OF CHILD HEALTH,M.D. (PAEDIATRICS),In-Service,SC,SC,Not Upgraded
921,3,133887,7,GOURI DEVI INSTITUTE OF MEDICAL SCIENCES AND HOSPITAL,M.D. (TUBERCULOSIS AND RESPIRATORY DISEASES)/PULMONA RY MEDICINE /M.D. (RESPIRATORY MEDICINE),In-Service,UR,OBC-A (Non- Creamy Layer),Fresh Allotment
922,3,134139,3,MAHARAJA JITENDRA NARAYAN MEDICAL COLLEGE AND HOSPITAL,(NBEMS) GENERAL MEDICINE,In-Service DNB,UR,ST,Upgraded
923,3,134154,36,RAIGANJ GOVERNMENT MEDICAL COLLEGE AND HOSPITAL,(NBEMS) GENERAL MEDICINE,In-Service DNB,UR,OBC-B (Non- Creamy Layer),Upgraded
924,1,134421,-,INSTITUTE OF POST GRADUATE MEDICAL EDUCATION AND RESEARCH KOLKATA,M.D. (RADIOTHERAPY/ RADIATION ONCOLOGY),In-Service,SC,SC,Retained
925,3,134550,6,NIL RATAN SIRCAR MEDICAL COLLEGE,M.D. (OBST. AND GYNAE)/MS (OBSTETRICS AND GYNAECOLOGY),In-Service,OBC-A (Non- Creamy Layer),OBC-A (Non- Creamy Layer),Fresh Allotment
926,3,134641,8,SHRI RAMKRISHNA INSTITUTE OF MEDICAL SCIENCES & SANAKA HOSPITALS,M.S. (GENERAL SURGERY),Private Management Quota,UR,General,Fresh Allotment
927,3,134781,67,CALCUTTA NATIONAL MEDICAL COLLEGE KOLKATA,M.D. (PHYSIOLOGY),Open Quota,UR,General,Fresh Allotment
928,1,135058,-,MEDICAL COLLEGE KOLKATA,M.D. (PSYCHIATRY),In-Service,SC,SC,Not Upgraded
929,1,135152,-,ESI PGIMSR AND ESIC MEDICAL COLLEGE JOKA KOLKATA,M.D. (PREVENTIVE AND SOCIAL MEDICINE)/ COMMUNITY MEDICINE,Open Quota,ST,ST,Retained
930,3,135212,4,MEDICAL COLLEGE KOLKATA,M.D. (RADIOTHERAPY/ RADIATION ONCOLOGY),In-Service,UR,General,Fresh Allotment
931,3,135252,1,KPC MEDICAL COLLEGE,M.D. (PATHOLOGY),Private Management Quota,UR,General,Fresh Allotment
932,1,135358,-,INSTITUTE OF POST GRADUATE MEDICAL EDUCATION AND RESEARCH KOLKATA,M.D. (ANAESTHESIOLOGY),In-Service,SC,SC,Retained
933,3,135392,11,CALCUTTA NATIONAL MEDICAL COLLEGE KOLKATA,M.D. (OBST. AND GYNAE)/MS (OBSTETRICS AND GYNAECOLOGY),In-Service,UR,General,Fresh Allotment
934,3,135644,1,GOURI DEVI INSTITUTE OF MEDICAL SCIENCES AND HOSPITAL,M.D. (RADIO- DIAGNOSIS),NRI Quota,UR,General,Fresh Allotment
935,3,136099,241,SHRI RAMKRISHNA INSTITUTE OF MEDICAL SCIENCES & SANAKA HOSPITALS,M.S. (E.N.T.),Open Quota,SC,SC,Upgraded
936,3,136518,2,ICARE INSTITUTE OF MEDICAL SCIENCES AND RESEARCH HALDIA,M.D. (PSYCHIATRY),Private Management Quota,UR,General,Fresh Allotment
937,3,136551,53,GOURI DEVI INSTITUTE OF MEDICAL SCIENCES AND HOSPITAL,M.D. (PAEDIATRICS),In-Service,UR,General,Fresh Allotment
938,3,136695,2,DURGAPUR SUB DIVISIONAL HOSPITAL,(NBEMS-DIPLOMA) PAEDIATRICS,In-Service DNB,UR,SC,Upgraded
939,3,136800,1,MURSHIDABAD MEDICAL COLLEGE AND HOSPITAL,M.D. (PREVENTIVE AND SOCIAL MEDICINE)/ COMMUNITY MEDICINE,In-Service,UR,General,Fresh Allotment
940,3,136850,3,DISTRICT HOSPITAL HOWRAH,(NBEMS) OBSTETRICS AND GYNAECOLOGY,In-Service DNB,UR,SC,Upgraded
941,3,137468,5,MEDICAL COLLEGE KOLKATA,DIPLOMA IN ORTHOPAEDICS,In-Service,UR,General,Fresh Allotment
942,3,137592,20,JIS SCHOOL OF MEDICAL SCIENCE & RESEARCH,M.D. (ANAESTHESIOLOGY),Private Management Quota,UR,General,Fresh Allotment
943,1,137827,-,CALCUTTA NATIONAL MEDICAL COLLEGE KOLKATA,M.D. (TUBERCULOSIS AND RESPIRATORY DISEASES)/PULMONA RY MEDICINE /M.D. (RESPIRATORY MEDICINE),In-Service,OBC-A (Non- Creamy Layer),OBC-A (Non- Creamy Layer),Not Upgraded
944,3,137910,61,NIL RATAN SIRCAR MEDICAL COLLEGE,M.S. (GENERAL SURGERY),In-Service,UR,General,Fresh Allotment
945,3,137951,71,MEDICAL COLLEGE KOLKATA,M.D. (RADIOTHERAPY/ RADIATION ONCOLOGY),In-Service,UR,General,Fresh Allotment
946,3,138362,19,MEDICAL COLLEGE KOLKATA,M.S. (OPHTHALMOLOGY),In-Service,UR,General,Fresh Allotment
947,3,138723,20,COLLEGE OF MEDICINE AND SAGORE DUTTA HOSPITAL,M.D. (OBST. AND GYNAE)/MS (OBSTETRICS AND GYNAECOLOGY),In-Service,UR,General,Fresh Allotment
948,3,138830,136,COLLEGE OF MEDICINE AND JNM HOSPITAL KALYANI,M.D. (PHARMACOLOGY),Open Quota,SC,SC,Fresh Allotment
949,3,138896,28,"RAMAKRISHNA MISSION SEVA PRATISHTHAN VIVEKANANDA INSTITUTE OF MEDICAL SCIENCES, KOLKATA",M.D. (PAEDIATRICS),In-Service,SC,SC,Fresh Allotment
950,3,139867,3,GOURI DEVI INSTITUTE OF MEDICAL SCIENCES AND HOSPITAL,M.D. (PSYCHIATRY),Private Management Quota,UR,General,Fresh Allotment
951,3,140167,34,KPC MEDICAL COLLEGE,M.D. (PREVENTIVE AND SOCIAL MEDICINE)/ COMMUNITY MEDICINE,Open Quota,UR,General,Fresh Allotment
952,3,140469,4,MEDICAL COLLEGE KOLKATA,M.D. (OBST. AND GYNAE)/MS (OBSTETRICS AND GYNAECOLOGY),In-Service,UR,SC,Fresh Allotment
953,3,140715,33,GOURI DEVI INSTITUTE OF MEDICAL SCIENCES AND HOSPITAL,M.S. (E.N.T.),Private Management Quota,UR,General,Fresh Allotment
954,3,141141,69,MEDICAL COLLEGE KOLKATA,M.D. (BIOCHEMISTRY),Open Quota,UR,General,Fresh Allotment
955,3,141161,1,BANKURA SAMMILANI MEDICAL COLLEGE,M.S. (E.N.T.),In-Service,UR,General,Fresh Allotment
956,3,141166,7,GOURI DEVI INSTITUTE OF MEDICAL SCIENCES AND HOSPITAL,M.D. (ANAESTHESIOLOGY),Private Management Quota,UR,OBC (Non-Creamy Layer),Fresh Allotment
957,3,141234,2,INSTITUTE OF POST GRADUATE MEDICAL EDUCATION AND RESEARCH KOLKATA,M.D. (PHYSICAL MED. AND REHABILITATION),In-Service,UR,SC,Fresh Allotment
958,3,141315,53,DISTRICT HOSPITAL NADIA,(NBEMS) GENERAL MEDICINE,In-Service DNB,UR,General,Fresh Allotment
959,3,141739,25,NIL RATAN SIRCAR MEDICAL COLLEGE,M.D. (ANAESTHESIOLOGY),In-Service,UR,General,Fresh Allotment
960,3,141842,161,"IQ CITY MEDICAL COLLEGE, DURGAPUR",M.D. (PATHOLOGY),Private Management Quota,UR,General,Fresh Allotment
961,3,142062,2,SHRI RAMKRISHNA INSTITUTE OF MEDICAL SCIENCES & SANAKA HOSPITALS,M.D. (PSYCHIATRY),Private Management Quota,UR,General,Fresh Allotment
962,3,142334,13,GOURI DEVI INSTITUTE OF MEDICAL SCIENCES AND HOSPITAL,M.D. (ANAESTHESIOLOGY),Private Management Quota,UR,OBC (Non-Creamy Layer),Fresh Allotment
963,3,142359,202,"IQ CITY MEDICAL COLLEGE, DURGAPUR",M.D. (ANAESTHESIOLOGY),Private Management Quota,UR,General,Fresh Allotment
964,3,142907,76,NIL RATAN SIRCAR MEDICAL COLLEGE,M.D. (PHYSICAL MED. AND REHABILITATION),Open Quota,OBC-B (Non- Creamy Layer),OBC-B (Non- Creamy Layer),Fresh Allotment
965,3,143091,1,KHARAGPUR SUB DIVISIONAL HOSPITAL,(NBEMS-DIPLOMA) PAEDIATRICS,In-Service DNB,UR,OBC-A (Non- Creamy Layer),Fresh Allotment
966,3,143102,62,JAGANNATH GUPTA INSTITUTE OF MEDICAL SCIENCES AND HOSPITAL,M.S. (E.N.T.),Open Quota,OBC-B (Non- Creamy Layer),OBC-B (Non- Creamy Layer),Fresh Allotment
967,3,143470,187,MIDNAPORE MEDICAL COLLEGE,M.D. (PHARMACOLOGY),Open Quota,SC,SC,Fresh Allotment
968,3,144025,12,INSTITUTE OF POST GRADUATE MEDICAL EDUCATION AND RESEARCH KOLKATA,M.D. (PATHOLOGY),In-Service,UR,General,Fresh Allotment
969,3,144827,5,ALL INDIA INSTITUTE OF HYGIENE AND PUBLIC HEALTH,M.D. (PREVENTIVE AND SOCIAL MEDICINE)/ COMMUNITY MEDICINE,Open Quota,OBC (Non-Creamy Layer),OBC-A (Non- Creamy Layer),Fresh Allotment
970,3,144868,39,BURDWAN MEDICAL COLLEGE,M.S. (ORTHOPAEDICS),In-Service,SC,SC,Fresh Allotment
971,3,144906,15,BANKURA SAMMILANI MEDICAL COLLEGE,M.D. (PAEDIATRICS),In-Service,SC,SC,Fresh Allotment
972,3,145359,28,"CHITTARANJAN SEVA SADAN COLLEGE OF OBS. GYNAE AND CHILD HEALTH,KOLKATA",M.D. (OBST. AND GYNAE)/MS (OBSTETRICS AND GYNAECOLOGY),In-Service,UR,SC,Fresh Allotment
973,3,145534,43,CALCUTTA NATIONAL MEDICAL COLLEGE KOLKATA,M.S. (GENERAL SURGERY),In-Service,UR,General,Fresh Allotment
974,3,145700,46,"CHITTARANJAN SEVA SADAN COLLEGE OF OBS. GYNAE AND CHILD HEALTH,KOLKATA",M.D. (OBST. AND GYNAE)/MS (OBSTETRICS AND GYNAECOLOGY),In-Service,SC,SC,Fresh Allotment
975,3,145923,16,MEDICAL COLLEGE KOLKATA,M.D. (OBST. AND GYNAE)/MS (OBSTETRICS AND GYNAECOLOGY),In-Service,UR,SC,Fresh Allotment
976,3,146200,2,"IQ CITY MEDICAL COLLEGE, DURGAPUR",M.D. (PATHOLOGY),Private Management Quota,UR,General,Fresh Allotment
977,3,146432,37,ICARE INSTITUTE OF MEDICAL SCIENCES AND RESEARCH HALDIA,M.D. (ANAESTHESIOLOGY),Private Management Quota,UR,General,Fresh Allotment
978,3,146464,16,GOURI DEVI INSTITUTE OF MEDICAL SCIENCES AND HOSPITAL,M.D. (PSYCHIATRY),Private Management Quota,UR,OBC (Non-Creamy Layer),Fresh Allotment
979,3,147012,1,DISTRICT HOSPITAL HOWRAH,(NBEMS) ANAESTHESIOLOGY,In-Service DNB,UR,General,Fresh Allotment
980,3,147604,9,"IQ CITY MEDICAL COLLEGE, DURGAPUR",M.D. (RADIO- DIAGNOSIS),Open Quota,UR PwD,SC PwD,Fresh Allotment
981,3,148514,2,M R BANGUR HOSPITAL,(NBEMS-DIPLOMA) PAEDIATRICS,In-Service DNB,UR,General,Fresh Allotment
982,3,148521,53,R G KAR MEDICAL COLLEGE,M.S. (GENERAL SURGERY),In-Service,UR,SC,Fresh Allotment
983,3,148730,26,"IQ CITY MEDICAL COLLEGE, DURGAPUR",M.D. (ANAESTHESIOLOGY),Private Management Quota,UR,General,Fresh Allotment
984,3,149114,55,MAHARAJA JITENDRA NARAYAN MEDICAL COLLEGE AND HOSPITAL,(NBEMS) GENERAL MEDICINE,In-Service DNB,SC,SC,Fresh Allotment
985,3,149296,3,GOURI DEVI INSTITUTE OF MEDICAL SCIENCES AND HOSPITAL,M.D. (ANAESTHESIOLOGY),Private Management Quota,UR,General,Fresh Allotment
986,3,149304,7,DIAMOND HARBOUR GOVERNMENT MEDICAL COLLEGE AND HOSPITAL,(NBEMS-DIPLOMA) TUBERCULOSIS AND CHEST DISEASES,In-Service DNB,UR,General,Fresh Allotment
987,3,149564,1,JAGANNATH GUPTA INSTITUTE OF MEDICAL SCIENCES AND HOSPITAL,M.D. (RADIO- DIAGNOSIS),NRI Quota,UR,General,Fresh Allotment
988,3,149690,25,R G KAR MEDICAL COLLEGE,M.D. (PHYSIOLOGY),Open Quota,UR,SC,Fresh Allotment
989,3,149773,211,R G KAR MEDICAL COLLEGE,M.D. (MICROBIOLOGY),Open Quota,SC,SC,Fresh Allotment
990,3,150460,144,ICARE INSTITUTE OF MEDICAL SCIENCES AND RESEARCH HALDIA,M.S. (OPHTHALMOLOGY),Open Quota,SC,SC,Fresh Allotment
991,3,150702,1,KPC MEDICAL COLLEGE,M.D. (PHARMACOLOGY),Open Quota,UR,General,Fresh Allotment
992,3,150830,6,KPC MEDICAL COLLEGE,M.D. (PREVENTIVE AND SOCIAL MEDICINE)/ COMMUNITY MEDICINE,Open Quota,UR,General,Fresh Allotment
993,3,150919,27,INSTITUTE OF POST GRADUATE MEDICAL EDUCATION AND RESEARCH KOLKATA,M.S. (E.N.T.),In-Service,UR,General,Fresh Allotment
994,3,151497,2,ASANSOL DISTRICT HOSPITAL,(NBEMS) GENERAL SURGERY,In-Service DNB,UR,General,Fresh Allotment
995,3,151845,46,BANKURA SAMMILANI MEDICAL COLLEGE,M.S. (OPHTHALMOLOGY),In-Service,UR,General,Fresh Allotment
996,3,152132,1,MEDICAL COLLEGE KOLKATA,M.D. (FORENSIC MEDICINE),Open Quota,UR,General,Fresh Allotment
997,3,152141,15,"IQ CITY MEDICAL COLLEGE, DURGAPUR",M.D. (ANAESTHESIOLOGY),Private Management Quota,UR,General,Fresh Allotment
998,3,152226,4,RAMPURHAT GOVT. MEDICAL COLLEGE AND HOSPITAL,(NBEMS) PAEDIATRICS,In-Service DNB,UR,General,Fresh Allotment
999,3,152892,16,ICARE INSTITUTE OF MEDICAL SCIENCES AND RESEARCH HALDIA,M.S. (E.N.T.),Private Management Quota,UR,General,Fresh Allotment
1000,3,153161,41,NIL RATAN SIRCAR MEDICAL COLLEGE,M.D. (FORENSIC MEDICINE),Open Quota,UR,General,Fresh Allotment
1001,3,153187,1,NORTH BENGAL MEDICAL COLLEGE AND HOSPITAL,M.D. (PATHOLOGY),In-Service,UR,General,Fresh Allotment
1002,3,153200,42,ICARE INSTITUTE OF MEDICAL SCIENCES AND RESEARCH HALDIA,M.D. (PAEDIATRICS),In-Service,UR,General,Fresh Allotment
1003,3,153223,50,CALCUTTA NATIONAL MEDICAL COLLEGE KOLKATA,M.S. (GENERAL SURGERY),In-Service,UR,General,Fresh Allotment
1004,3,154032,43,NIL RATAN SIRCAR MEDICAL COLLEGE,M.S. (ORTHOPAEDICS),In-Service,OBC-B (Non- Creamy Layer),OBC-B (Non- Creamy Layer),Fresh Allotment
1005,3,154043,78,MEDICAL COLLEGE KOLKATA,M.D. (PATHOLOGY),Open Quota,OBC-B (Non- Creamy Layer),OBC-B (Non- Creamy Layer),Fresh Allotment
1006,3,154177,11,BANKURA SAMMILANI MEDICAL COLLEGE,M.D. (PATHOLOGY),In-Service,UR,General,Fresh Allotment
1007,3,154383,3,PRAFULLA CHANDRA SEN GOVT. MEDICAL COLLEGE AND HOSPITAL,(NBEMS-DIPLOMA) PAEDIATRICS,In-Service DNB,UR,General,Fresh Allotment
1008,3,154541,11,MEDICAL COLLEGE KOLKATA,M.D. (OBST. AND GYNAE)/MS (OBSTETRICS AND GYNAECOLOGY),In-Service,OBC-A (Non- Creamy Layer),OBC-A (Non- Creamy Layer),Fresh Allotment
1009,3,154805,2,CALCUTTA NATIONAL MEDICAL COLLEGE KOLKATA,M.D. (OBST. AND GYNAE)/MS (OBSTETRICS AND GYNAECOLOGY),In-Service,UR,OBC-B (Non- Creamy Layer),Fresh Allotment
1010,3,155137,55,INSTITUTE OF POST GRADUATE MEDICAL EDUCATION AND RESEARCH KOLKATA,M.D. (ANAESTHESIOLOGY),In-Service,UR,General,Fresh Allotment
1011,3,155398,1,INSTITUTE OF POST GRADUATE MEDICAL EDUCATION AND RESEARCH KOLKATA,M.D. (PATHOLOGY),Open Quota,ST,ST,Fresh Allotment
1012,3,156257,8,KPC MEDICAL COLLEGE,M.D. (MICROBIOLOGY),Open Quota,UR,General,Fresh Allotment
1013,3,156476,40,INSTITUTE OF POST GRADUATE MEDICAL EDUCATION AND RESEARCH KOLKATA,M.D. (MICROBIOLOGY),Open Quota,SC,SC,Fresh Allotment
1014,3,156891,30,INSTITUTE OF POST GRADUATE MEDICAL EDUCATION AND RESEARCH KOLKATA,M.D. (RADIOTHERAPY/ RADIATION ONCOLOGY),In-Service,UR,General,Fresh Allotment
1015,3,158147,29,NORTH BENGAL MEDICAL COLLEGE AND HOSPITAL,M.D. (PHYSIOLOGY),Open Quota,UR,SC,Fresh Allotment
1016,3,158455,135,R G KAR MEDICAL COLLEGE,M.D. (FORENSIC MEDICINE),Open Quota,UR,General,Fresh Allotment
1017,3,159563,37,Jalpaiguri Government Medical College and Hospital (Formerly DISTRICT HOSPITAL) JALPAIGURI,(NBEMS) OBSTETRICS AND GYNAECOLOGY,In-Service DNB,UR,General,Fresh Allotment
1018,3,160681,1,JAGANNATH GUPTA INSTITUTE OF MEDICAL SCIENCES AND HOSPITAL,M.D. (RADIO- DIAGNOSIS),NRI Quota,UR,General,Fresh Allotment
1019,3,160831,227,"IQ CITY MEDICAL COLLEGE, DURGAPUR",M.S. (OPHTHALMOLOGY),Open Quota,SC,SC,Fresh Allotment
1020,3,160846,54,CALCUTTA NATIONAL MEDICAL COLLEGE KOLKATA,M.S. (OPHTHALMOLOGY),In-Service,UR,SC,Fresh Allotment
1021,3,161035,208,KPC MEDICAL COLLEGE,M.D. (PATHOLOGY),Open Quota,SC,SC,Fresh Allotment
1022,3,161042,64,R G KAR MEDICAL COLLEGE,M.S. (GENERAL SURGERY),In-Service,UR,General,Fresh Allotment
1023,3,161483,17,BANKURA SAMMILANI MEDICAL COLLEGE,M.D. (OBST. AND GYNAE)/MS (OBSTETRICS AND GYNAECOLOGY),In-Service,SC,SC,Fresh Allotment
1024,3,161591,26,R G KAR MEDICAL COLLEGE,M.D. (RADIOTHERAPY/ RADIATION ONCOLOGY),In-Service,UR,General,Fresh Allotment
1025,3,162016,30,JIS SCHOOL OF MEDICAL SCIENCE & RESEARCH,M.D. (PAEDIATRICS),In-Service,SC,SC,Fresh Allotment
1026,3,162046,1,ICARE INSTITUTE OF MEDICAL SCIENCES AND RESEARCH HALDIA,M.D. (GENERAL MEDICINE),NRI Quota,UR,General,Fresh Allotment
1027,3,162673,89,SHRI RAMKRISHNA INSTITUTE OF MEDICAL SCIENCES & SANAKA HOSPITALS,M.D. (PSYCHIATRY),Open Quota,ST,ST,Fresh Allotment
1028,3,163321,60,MEDICAL COLLEGE KOLKATA,M.D. GERIATRICS,In-Service,SC,SC,Fresh Allotment
1029,3,164282,3,MURSHIDABAD MEDICAL COLLEGE AND HOSPITAL,M.D. (OBST. AND GYNAE)/MS (OBSTETRICS AND GYNAECOLOGY),In-Service,SC,SC,Fresh Allotment
1030,3,165820,10,"RAMAKRISHNA MISSION SEVA PRATISHTHAN VIVEKANANDA INSTITUTE OF MEDICAL SCIENCES, KOLKATA",M.S. (OPHTHALMOLOGY),In-Service,UR,General,Fresh Allotment
1031,3,165875,73,NIL RATAN SIRCAR MEDICAL COLLEGE,M.D. (FORENSIC MEDICINE),Open Quota,SC,SC,Fresh Allotment
1032,3,166242,73,SHRI RAMKRISHNA INSTITUTE OF MEDICAL SCIENCES & SANAKA HOSPITALS,M.D. (PAEDIATRICS),In-Service,UR,General,Fresh Allotment
1033,3,167170,56,BANKURA SAMMILANI MEDICAL COLLEGE,M.D. (PHYSIOLOGY),Open Quota,UR,OBC (Non-Creamy Layer),Fresh Allotment
1034,3,167198,122,ICARE INSTITUTE OF MEDICAL SCIENCES AND RESEARCH HALDIA,M.D. (PATHOLOGY),Private Management Quota,UR,General,Fresh Allotment
1035,3,167279,78,NIL RATAN SIRCAR MEDICAL COLLEGE,M.D. (PREVENTIVE AND SOCIAL MEDICINE)/ COMMUNITY MEDICINE,In-Service,UR,General,Fresh Allotment
1036,3,167414,66,"IQ CITY MEDICAL COLLEGE, DURGAPUR",M.D. (MICROBIOLOGY),Open Quota,UR,General,Fresh Allotment
1037,3,167695,5,INSTITUTE OF POST GRADUATE MEDICAL EDUCATION AND RESEARCH KOLKATA,M.D. (PATHOLOGY),Open Quota,ST,ST,Fresh Allotment
1038,3,167704,57,INSTITUTE OF POST GRADUATE MEDICAL EDUCATION AND RESEARCH KOLKATA,M.D. (PHYSICAL MED. AND REHABILITATION),In-Service,SC,SC,Fresh Allotment
1039,3,167999,1,GOURI DEVI INSTITUTE OF MEDICAL SCIENCES AND HOSPITAL,M.D. (PATHOLOGY),Private Management Quota,UR,General,Fresh Allotment
1040,3,168489,34,"SCHOOL OF TROPICAL MEDICINE, KOLKATA",M.D. (TROPICAL MEDICINE),In-Service,SC,SC,Fresh Allotment
1041,3,168735,56,MEDICAL COLLEGE KOLKATA,M.D. (OBST. AND GYNAE)/MS (OBSTETRICS AND GYNAECOLOGY),In-Service,SC,SC,Fresh Allotment
1042,3,168915,57,NORTH BENGAL MEDICAL COLLEGE AND HOSPITAL,M.D. (OBST. AND GYNAE)/MS (OBSTETRICS AND GYNAECOLOGY),In-Service,SC,SC,Fresh Allotment
1043,3,168983,1,"IQ CITY MEDICAL COLLEGE, DURGAPUR",M.D. (PHARMACOLOGY),Open Quota,UR,General,Fresh Allotment
1044,3,169887,27,CALCUTTA NATIONAL MEDICAL COLLEGE KOLKATA,M.D. (PATHOLOGY),In-Service,UR,SC,Fresh Allotment
1045,3,170615,43,MIDNAPORE MEDICAL COLLEGE,M.D. (OBST. AND GYNAE)/MS (OBSTETRICS AND GYNAECOLOGY),In-Service,UR,SC,Fresh Allotment
1046,3,171320,45,DIAMOND HARBOUR GOVERNMENT MEDICAL COLLEGE AND HOSPITAL,M.S. (OPHTHALMOLOGY),In-Service,UR,General,Fresh Allotment
1047,3,171647,11,ICARE INSTITUTE OF MEDICAL SCIENCES AND RESEARCH HALDIA,M.S. (ORTHOPAEDICS),In-Service,UR,General,Fresh Allotment
1048,3,171772,1,JAGANNATH GUPTA INSTITUTE OF MEDICAL SCIENCES AND HOSPITAL,M.D. (GENERAL MEDICINE),NRI Quota,UR,SC,Fresh Allotment
1049,3,172290,4,ALL INDIA INSTITUTE OF HYGIENE AND PUBLIC HEALTH,M.D. (PREVENTIVE AND SOCIAL MEDICINE)/ COMMUNITY MEDICINE,In-Service,UR,General,Fresh Allotment
1050,3,172784,43,ESI PGIMSR AND ESIC MEDICAL COLLEGE JOKA KOLKATA,M.D. (OBST. AND GYNAE)/MS (OBSTETRICS AND GYNAECOLOGY),In-Service,SC,SC,Fresh Allotment
1051,3,173437,12,MEDICAL COLLEGE KOLKATA,M.S. (GENERAL SURGERY),In-Service,SC,SC,Fresh Allotment
1052,3,173471,42,COLLEGE OF MEDICINE AND JNM HOSPITAL KALYANI,M.D. (FORENSIC MEDICINE),Open Quota,UR,General,Fresh Allotment
1053,3,173978,51,MEDICAL COLLEGE KOLKATA,M.D. (ANAESTHESIOLOGY),In-Service,UR,General,Fresh Allotment
1054,3,173990,3,MEDICAL COLLEGE KOLKATA,"M.D. (DERM.,VENE. AND LEPROSY)/ (DERMATOLOGY)/ (SKIN AND VENEREAL DISEASES)/ (VENEREOLOGY)",Open Quota,UR PwD,General PwD,Fresh Allotment
1055,3,174688,4,INSTITUTE OF POST GRADUATE MEDICAL EDUCATION AND RESEARCH KOLKATA,M.S. (E.N.T.),In-Service,SC,SC,Fresh Allotment
1056,3,175160,50,R G KAR MEDICAL COLLEGE,M.D. (ANAESTHESIOLOGY),In-Service,UR,General,Fresh Allotment
1057,3,175754,1,BANKURA SAMMILANI MEDICAL COLLEGE,M.S. (GENERAL SURGERY),In-Service,UR,General,Fresh Allotment
1058,3,176355,80,ICARE INSTITUTE OF MEDICAL SCIENCES AND RESEARCH HALDIA,M.S. (GENERAL SURGERY),Open Quota,OBC-A (Non- Creamy Layer),OBC-A (Non- Creamy Layer),Fresh Allotment
1059,3,176653,208,GOURI DEVI INSTITUTE OF MEDICAL SCIENCES AND HOSPITAL,M.D. (PREVENTIVE AND SOCIAL MEDICINE)/ COMMUNITY MEDICINE,Open Quota,UR,General,Fresh Allotment
1060,3,176668,53,"RAMAKRISHNA MISSION SEVA PRATISHTHAN VIVEKANANDA INSTITUTE OF MEDICAL SCIENCES, KOLKATA",M.D. (OBST. AND GYNAE)/MS (OBSTETRICS AND GYNAECOLOGY),In-Service,UR,General,Fresh Allotment
1061,3,176906,63,CALCUTTA NATIONAL MEDICAL COLLEGE KOLKATA,M.D. (ANAESTHESIOLOGY),In-Service,UR,General,Fresh Allotment
1062,3,177100,1,NORTH BENGAL MEDICAL COLLEGE AND HOSPITAL,M.D. (GENERAL MEDICINE),In-Service,ST,ST,Fresh Allotment
1063,3,177209,1,ASANSOL DISTRICT HOSPITAL,(NBEMS) ANAESTHESIOLOGY,In-Service DNB,SC,SC,Fresh Allotment
1064,3,177524,44,BANKURA SAMMILANI MEDICAL COLLEGE,M.D. (OBST. AND GYNAE)/MS (OBSTETRICS AND GYNAECOLOGY),In-Service,OBC-B (Non- Creamy Layer),OBC-B (Non- Creamy Layer),Fresh Allotment
1065,3,177751,33,MEDICAL COLLEGE KOLKATA,M.D. (ANAESTHESIOLOGY),In-Service,SC,SC,Fresh Allotment
1066,3,178074,43,ESI PGIMSR AND ESIC MEDICAL COLLEGE JOKA KOLKATA,M.S. (GENERAL SURGERY),In-Service,UR,General,Fresh Allotment
1067,3,178127,14,CALCUTTA NATIONAL MEDICAL COLLEGE KOLKATA,M.D. (PHYSIOLOGY),Open Quota,UR,General,Fresh Allotment
1068,3,178200,2,MALDA MEDICAL COLLEGE AND HOSPITAL,M.S. (GENERAL SURGERY),In-Service,UR,General,Fresh Allotment
1069,3,178309,74,R G KAR MEDICAL COLLEGE,M.S. (OPHTHALMOLOGY),In-Service,SC,SC,Fresh Allotment
1070,3,178341,2,BURDWAN MEDICAL COLLEGE,M.D. (OBST. AND GYNAE)/MS (OBSTETRICS AND GYNAECOLOGY),In-Service,OBC-A (Non- Creamy Layer),OBC-A (Non- Creamy Layer),Fresh Allotment
1071,3,178454,230,BANKURA SAMMILANI MEDICAL COLLEGE,M.D. (FORENSIC MEDICINE),Open Quota,UR,General,Fresh Allotment
1072,3,178498,4,CALCUTTA NATIONAL MEDICAL COLLEGE KOLKATA,M.S. (OPHTHALMOLOGY),In-Service,SC,SC,Fresh Allotment
1073,3,178683,61,KPC MEDICAL COLLEGE,M.D. (PATHOLOGY),Private Management Quota,UR,General,Fresh Allotment
1074,3,179055,6,R G KAR MEDICAL COLLEGE,M.D. (ANAESTHESIOLOGY),In-Service,UR,General,Fresh Allotment
1075,3,179560,6,COLLEGE OF MEDICINE AND SAGORE DUTTA HOSPITAL,M.D. (PATHOLOGY),In-Service,SC,SC,Fresh Allotment
1076,3,179573,3,MALDA MEDICAL COLLEGE AND HOSPITAL,M.S. (OPHTHALMOLOGY),In-Service,SC,SC,Fresh Allotment
1077,3,179670,1,GOURI DEVI INSTITUTE OF MEDICAL SCIENCES AND HOSPITAL,M.D. (PREVENTIVE AND SOCIAL MEDICINE)/ COMMUNITY MEDICINE,Open Quota,UR,OBC-A (Non- Creamy Layer),Fresh Allotment
1078,3,180116,10,KPC MEDICAL COLLEGE,M.D. (PHARMACOLOGY),Open Quota,UR,General,Fresh Allotment
1079,3,180251,3,NIL RATAN SIRCAR MEDICAL COLLEGE,M.D. (PREVENTIVE AND SOCIAL MEDICINE)/ COMMUNITY MEDICINE,Open Quota,OBC-A (Non- Creamy Layer),OBC-A (Non- Creamy Layer),Fresh Allotment
1080,3,180313,14,INSTITUTE OF POST GRADUATE MEDICAL EDUCATION AND RESEARCH KOLKATA,M.D. (PREVENTIVE AND SOCIAL MEDICINE)/ COMMUNITY MEDICINE,In-Service,UR,General,Fresh Allotment
1081,3,180659,75,JAGANNATH GUPTA INSTITUTE OF MEDICAL SCIENCES AND HOSPITAL,M.S. (GENERAL SURGERY),Open Quota,OBC-A (Non- Creamy Layer),OBC-A (Non- Creamy Layer),Fresh Allotment
1082,3,180673,137,NORTH BENGAL MEDICAL COLLEGE AND HOSPITAL,M.D. (FORENSIC MEDICINE),Open Quota,UR,General,Fresh Allotment
1083,3,181014,1,GOURI DEVI INSTITUTE OF MEDICAL SCIENCES AND HOSPITAL,M.D. (RADIO- DIAGNOSIS),NRI Quota,UR,General,Fresh Allotment
1084,3,181276,1,ALL INDIA INSTITUTE OF HYGIENE AND PUBLIC HEALTH,M.D. (PREVENTIVE AND SOCIAL MEDICINE)/ COMMUNITY MEDICINE,In-Service,UR,SC,Fresh Allotment
1085,3,181287,25,INSTITUTE OF POST GRADUATE MEDICAL EDUCATION AND RESEARCH KOLKATA,M.D. (PATHOLOGY),In-Service,UR,SC,Fresh Allotment
1086,3,181309,17,BURDWAN MEDICAL COLLEGE,M.S. (GENERAL SURGERY),In-Service,OBC-B (Non- Creamy Layer),OBC-B (Non- Creamy Layer),Fresh Allotment
1087,3,181494,17,IMAMBARA DISTRICT HOSPITAL,(NBEMS) OBSTETRICS AND GYNAECOLOGY,In-Service DNB,OBC-A (Non- Creamy Layer),OBC-A (Non- Creamy Layer),Fresh Allotment
1088,3,181562,2,KPC MEDICAL COLLEGE,M.S. (ORTHOPAEDICS),NRI Quota,UR,General,Fresh Allotment
1089,3,181606,70,R G KAR MEDICAL COLLEGE,M.D. (ANAESTHESIOLOGY),In-Service,UR,General,Fresh Allotment
1090,3,181678,16,MURSHIDABAD MEDICAL COLLEGE AND HOSPITAL,M.D. (ANAESTHESIOLOGY),In-Service,UR,OBC-A (Non- Creamy Layer),Fresh Allotment
1091,3,181873,65,ICARE INSTITUTE OF MEDICAL SCIENCES AND RESEARCH HALDIA,M.D. (PSYCHIATRY),In-Service,UR,General,Fresh Allotment
1092,3,181963,18,KPC MEDICAL COLLEGE,M.D. (OBST. AND GYNAE)/MS (OBSTETRICS AND GYNAECOLOGY),In-Service,UR,SC,Fresh Allotment
1093,3,181993,32,BARASAT GOVERNMENT MEDICAL COLLEGE AND HOSPITAL,(NBEMS) GENERAL MEDICINE,In-Service DNB,SC,SC,Fresh Allotment
1094,3,182011,7,CALCUTTA NATIONAL MEDICAL COLLEGE KOLKATA,M.S. (GENERAL SURGERY),In-Service,SC,SC,Fresh Allotment
1095,3,182324,29,MALDA MEDICAL COLLEGE AND HOSPITAL,M.D. (BIOCHEMISTRY),Open Quota,UR,General,Fresh Allotment
1096,3,182522,2,KPC MEDICAL COLLEGE,"M.D. (DERM.,VENE. AND LEPROSY)/ (DERMATOLOGY)/ (SKIN AND VENEREAL DISEASES)/ (VENEREOLOGY)",NRI Quota,UR,General,Fresh Allotment
1097,3,182524,32,MEDICAL COLLEGE KOLKATA,M.D. (PATHOLOGY),In-Service,UR,General,Fresh Allotment
1098,3,182587,89,MIDNAPORE MEDICAL COLLEGE,M.S. (GENERAL SURGERY),In-Service,UR,SC,Fresh Allotment
1099,3,182927,9,"DEBEN MAHATO SADAR HOSPITAL, PURULIA",(NBEMS-DIPLOMA) PAEDIATRICS,In-Service DNB,UR,General,Fresh Allotment
1100,3,182943,1,ICARE INSTITUTE OF MEDICAL SCIENCES AND RESEARCH HALDIA,M.D. (RADIO- DIAGNOSIS),NRI Quota,UR,General,Fresh Allotment
1101,3,182998,10,COLLEGE OF MEDICINE AND SAGORE DUTTA HOSPITAL,M.D. (PAEDIATRICS),Open Quota,UR PwD,General PwD,Fresh Allotment
1102,3,183259,19,BANKURA SAMMILANI MEDICAL COLLEGE,M.D. (ANAESTHESIOLOGY),In-Service,UR,SC,Fresh Allotment
1103,3,183500,2,ICARE INSTITUTE OF MEDICAL SCIENCES AND RESEARCH HALDIA,M.D. (GENERAL MEDICINE),NRI Quota,UR,General,Fresh Allotment
1104,3,184053,1,KPC MEDICAL COLLEGE,M.D. (OBST. AND GYNAE)/MS (OBSTETRICS AND GYNAECOLOGY),NRI Quota,UR,SC,Fresh Allotment
1105,3,184070,23,R G KAR MEDICAL COLLEGE,M.D. (FORENSIC MEDICINE),Open Quota,SC,SC,Fresh Allotment
1106,3,184158,1,GOURI DEVI INSTITUTE OF MEDICAL SCIENCES AND HOSPITAL,M.D. (PHYSIOLOGY),Open Quota,UR,General,Fresh Allotment
1107,3,184315,48,"RAMAKRISHNA MISSION SEVA PRATISHTHAN VIVEKANANDA INSTITUTE OF MEDICAL SCIENCES, KOLKATA",M.D. (ANAESTHESIOLOGY),In-Service,UR,General,Fresh Allotment
1108,3,185116,34,COLLEGE OF MEDICINE AND JNM HOSPITAL KALYANI,M.D. (OBST. AND GYNAE)/MS (OBSTETRICS AND GYNAECOLOGY),In-Service,OBC-B (Non- Creamy Layer),OBC-B (Non- Creamy Layer),Fresh Allotment
1109,3,185385,54,BURDWAN MEDICAL COLLEGE,M.D. (PAEDIATRICS),In-Service,OBC-A (Non- Creamy Layer),OBC-A (Non- Creamy Layer),Fresh Allotment
1110,3,185977,33,MIDNAPORE MEDICAL COLLEGE,M.S. (GENERAL SURGERY),In-Service,UR,SC,Fresh Allotment
1111,3,186133,55,NIL RATAN SIRCAR MEDICAL COLLEGE,(NBEMS) CARDIO VASCULAR AND THORACIC SURGERY (DIRECT 6 YEARS COURSE),In-Service,UR,General,Fresh Allotment
1112,3,186950,93,JIS SCHOOL OF MEDICAL SCIENCE & RESEARCH,M.D. (PATHOLOGY),Private Management Quota,UR,General,Fresh Allotment
1113,3,187033,1,NIL RATAN SIRCAR MEDICAL COLLEGE,M.S. (GENERAL SURGERY),In-Service,OBC-A (Non- Creamy Layer),OBC-A (Non- Creamy Layer),Fresh Allotment
1114,3,187089,27,CALCUTTA NATIONAL MEDICAL COLLEGE KOLKATA,M.D. (PREVENTIVE AND SOCIAL MEDICINE)/ COMMUNITY MEDICINE,In-Service,UR,General,Fresh Allotment
1115,3,187521,37,MURSHIDABAD MEDICAL COLLEGE AND HOSPITAL,M.D. (PATHOLOGY),In-Service,UR,General,Fresh Allotment
1116,3,187566,62,"RAMAKRISHNA MISSION SEVA PRATISHTHAN VIVEKANANDA INSTITUTE OF MEDICAL SCIENCES, KOLKATA",M.D. (ANAESTHESIOLOGY),In-Service,UR,General,Fresh Allotment
1117,3,187568,57,DIAMOND HARBOUR GOVERNMENT MEDICAL COLLEGE AND HOSPITAL,(NBEMS) OBSTETRICS AND GYNAECOLOGY,In-Service DNB,UR,SC,Fresh Allotment
1118,3,188128,82,DIAMOND HARBOUR GOVERNMENT MEDICAL COLLEGE AND HOSPITAL,(NBEMS) OBSTETRICS AND GYNAECOLOGY,In-Service DNB,SC,SC,Fresh Allotment
1119,3,188135,19,RAIGANJ GOVERNMENT MEDICAL COLLEGE AND HOSPITAL,(NBEMS) GENERAL MEDICINE,In-Service DNB,SC,SC,Fresh Allotment
1120,3,188306,40,BURDWAN MEDICAL COLLEGE,M.D. (ANAESTHESIOLOGY),In-Service,UR,General,Fresh Allotment
1121,3,188548,3,INSTITUTE OF POST GRADUATE MEDICAL EDUCATION AND RESEARCH KOLKATA,M.D. (OBST. AND GYNAE)/MS (OBSTETRICS AND GYNAECOLOGY),In-Service,ST,ST,Fresh Allotment
1122,3,188598,73,MIDNAPORE MEDICAL COLLEGE,M.D. (ANAESTHESIOLOGY),In-Service,UR,General,Fresh Allotment
1123,3,189502,81,IMAMBARA DISTRICT HOSPITAL,(NBEMS) ANAESTHESIOLOGY,In-Service DNB,UR,General,Fresh Allotment
1124,3,189680,6,NIL RATAN SIRCAR MEDICAL COLLEGE,M.S. (E.N.T.),In-Service,SC,SC,Fresh Allotment
1125,3,189713,26,R G KAR MEDICAL COLLEGE,M.S. (E.N.T.),In-Service,UR,General,Fresh Allotment
1126,3,189828,89,"RAMAKRISHNA MISSION SEVA PRATISHTHAN VIVEKANANDA INSTITUTE OF MEDICAL SCIENCES, KOLKATA",M.S. (GENERAL SURGERY),In-Service,UR,General,Fresh Allotment
1127,3,190172,55,BANKURA SAMMILANI MEDICAL COLLEGE,M.S. (GENERAL SURGERY),In-Service,UR,General,Fresh Allotment
1128,3,190823,22,BURDWAN MEDICAL COLLEGE,M.S. (GENERAL SURGERY),In-Service,SC,SC,Fresh Allotment
1129,3,190825,55,Jalpaiguri Government Medical College and Hospital (Formerly DISTRICT HOSPITAL) JALPAIGURI,(NBEMS) GENERAL MEDICINE,In-Service DNB,SC,SC,Fresh Allotment
1130,3,190895,113,IMAMBARA DISTRICT HOSPITAL,(NBEMS) GENERAL SURGERY,In-Service DNB,UR,General,Fresh Allotment
1131,3,190947,13,BURDWAN MEDICAL COLLEGE,M.D. (BIOCHEMISTRY),Open Quota,UR,General,Fresh Allotment
1132,3,190961,54,"DEBEN MAHATO SADAR HOSPITAL, PURULIA",(NBEMS) GENERAL MEDICINE,In-Service DNB,OBC-B (Non- Creamy Layer),OBC-B (Non- Creamy Layer),Fresh Allotment
1133,3,191047,47,MEDICAL COLLEGE KOLKATA,M.S. (E.N.T.),In-Service,UR,SC,Fresh Allotment
1134,3,191255,45,COLLEGE OF MEDICINE AND JNM HOSPITAL KALYANI,M.D. (PHYSIOLOGY),Open Quota,UR,General,Fresh Allotment
1135,3,191321,1,MEDICAL COLLEGE KOLKATA,M.D. (ANAESTHESIOLOGY),In-Service,SC,SC,Fresh Allotment
1136,3,192029,95,MEDICAL COLLEGE KOLKATA,DIP.IN GYNAE. AND OBST.,In-Service,UR,General,Fresh Allotment
1137,3,192079,19,"WALSH S.D.H., SERAMPORE",(NBEMS) OBSTETRICS AND GYNAECOLOGY,In-Service DNB,UR,General,Fresh Allotment
1138,3,192108,8,JIS SCHOOL OF MEDICAL SCIENCE & RESEARCH,M.D. (PATHOLOGY),Private Management Quota,UR,General,Fresh Allotment
1139,3,192236,99,RAMPURHAT GOVT. MEDICAL COLLEGE AND HOSPITAL,(NBEMS) OBSTETRICS AND GYNAECOLOGY,In-Service DNB,UR,General,Fresh Allotment
1140,3,192456,66,BANKURA SAMMILANI MEDICAL COLLEGE,M.S. (GENERAL SURGERY),In-Service,SC,SC,Fresh Allotment
1141,3,192463,1,JAGANNATH GUPTA INSTITUTE OF MEDICAL SCIENCES AND HOSPITAL,M.S. (ORTHOPAEDICS),NRI Quota,UR,SC,Fresh Allotment
1142,3,192497,20,R G KAR MEDICAL COLLEGE,M.D. (OBST. AND GYNAE)/MS (OBSTETRICS AND GYNAECOLOGY),In-Service,OBC-B (Non- Creamy Layer),OBC-B (Non- Creamy Layer),Fresh Allotment
1143,3,193036,20,NIL RATAN SIRCAR MEDICAL COLLEGE,(NBEMS) CARDIO VASCULAR AND THORACIC SURGERY (DIRECT 6 YEARS COURSE),In-Service,UR,General,Fresh Allotment
1144,3,193698,24,SURI SADAR HOSPITAL,(NBEMS) OBSTETRICS AND GYNAECOLOGY,In-Service DNB,SC,SC,Fresh Allotment
1145,3,193784,1,ICARE INSTITUTE OF MEDICAL SCIENCES AND RESEARCH HALDIA,M.S. (ORTHOPAEDICS),NRI Quota,UR,General,Fresh Allotment
1146,3,193816,31,R G KAR MEDICAL COLLEGE,M.D. (ANAESTHESIOLOGY),In-Service,SC,SC,Fresh Allotment
1147,3,193860,7,KPC MEDICAL COLLEGE,M.S. (GENERAL SURGERY),In-Service,UR,General,Fresh Allotment
1148,3,193886,18,ASANSOL DISTRICT HOSPITAL,(NBEMS) OBSTETRICS AND GYNAECOLOGY,In-Service DNB,UR,SC,Fresh Allotment
1149,3,193955,80,BANKURA SAMMILANI MEDICAL COLLEGE,M.S. (GENERAL SURGERY),In-Service,SC,SC,Fresh Allotment
1150,3,193973,20,COLLEGE OF MEDICINE AND SAGORE DUTTA HOSPITAL,M.D. (PREVENTIVE AND SOCIAL MEDICINE)/ COMMUNITY MEDICINE,In-Service,SC,SC,Fresh Allotment
1151,3,194504,63,CALCUTTA NATIONAL MEDICAL COLLEGE KOLKATA,M.D. (ANAESTHESIOLOGY),In-Service,SC,SC,Fresh Allotment
1152,3,194526,12,"IQ CITY MEDICAL COLLEGE, DURGAPUR",M.D. (PHARMACOLOGY),Open Quota,UR,General,Fresh Allotment
1153,3,194698,14,SILIGURI DISTRICT HOSPITAL,(NBEMS) OBSTETRICS AND GYNAECOLOGY,In-Service DNB,UR,General,Fresh Allotment
1154,3,194766,161,GOURI DEVI INSTITUTE OF MEDICAL SCIENCES AND HOSPITAL,M.D. (PHARMACOLOGY),Open Quota,UR,General,Fresh Allotment
1155,3,195189,1,ICARE INSTITUTE OF MEDICAL SCIENCES AND RESEARCH HALDIA,M.D. (RADIO- DIAGNOSIS),NRI Quota,UR,General,Fresh Allotment
1156,3,195227,4,DOMKAL SUB DIVISIONAL AND SUPER SPECIALITY HOSPITAL,(NBEMS-DIPLOMA) OBSTETRICS AND GYNAECOLOGY,In-Service DNB,UR,SC,Fresh Allotment
1157,3,195256,181,ICARE INSTITUTE OF MEDICAL SCIENCES AND RESEARCH HALDIA,M.D. (PHARMACOLOGY),Open Quota,UR,General,Fresh Allotment
1158,3,196515,29,JIS SCHOOL OF MEDICAL SCIENCE & RESEARCH,M.D. (PREVENTIVE AND SOCIAL MEDICINE)/ COMMUNITY MEDICINE,Private Management Quota,UR,General,Fresh Allotment
1159,3,196586,57,IMAMBARA DISTRICT HOSPITAL,(NBEMS) PAEDIATRICS,In-Service DNB,OBC-A (Non- Creamy Layer),OBC-A (Non- Creamy Layer),Fresh Allotment
1160,3,196798,2,ICARE INSTITUTE OF MEDICAL SCIENCES AND RESEARCH HALDIA,M.D. (RADIO- DIAGNOSIS),NRI Quota,UR,General,Fresh Allotment
1161,3,196918,40,MURSHIDABAD MEDICAL COLLEGE AND HOSPITAL,M.D. (PHYSIOLOGY),Open Quota,SC,SC,Fresh Allotment
1162,3,197257,44,GOURI DEVI INSTITUTE OF MEDICAL SCIENCES AND HOSPITAL,M.D. (OBST. AND GYNAE)/MS (OBSTETRICS AND GYNAECOLOGY),In-Service,SC,SC,Fresh Allotment
1163,3,197502,56,BANKURA SAMMILANI MEDICAL COLLEGE,M.D. (ANAESTHESIOLOGY),In-Service,SC,SC,Fresh Allotment
1164,3,197611,80,NORTH BENGAL MEDICAL COLLEGE AND HOSPITAL,M.D. (ANAESTHESIOLOGY),In-Service,SC,SC,Fresh Allotment
1165,3,197728,19,DISTRICT HOSPITAL HOWRAH,(NBEMS) GENERAL MEDICINE,In-Service DNB,SC,SC,Fresh Allotment
1166,3,197846,4,BARASAT GOVERNMENT MEDICAL COLLEGE AND HOSPITAL,(NBEMS-DIPLOMA) PAEDIATRICS,In-Service DNB,UR,SC,Fresh Allotment
1167,3,198174,1,KPC MEDICAL COLLEGE,M.D. (OBST. AND GYNAE)/MS (OBSTETRICS AND GYNAECOLOGY),NRI Quota,UR,General,Fresh Allotment
1168,3,198288,2,JAGANNATH GUPTA INSTITUTE OF MEDICAL SCIENCES AND HOSPITAL,M.D. (RADIO- DIAGNOSIS),NRI Quota,UR,General,Fresh Allotment
1169,3,198340,14,KPC MEDICAL COLLEGE,M.D. (PATHOLOGY),Open Quota,SC,SC,Fresh Allotment
1170,3,198540,37,KPC MEDICAL COLLEGE,M.D. (MICROBIOLOGY),Private Management Quota,UR,General,Fresh Allotment
1171,3,199558,58,ASANSOL DISTRICT HOSPITAL,(NBEMS) GENERAL MEDICINE,In-Service DNB,OBC-A (Non- Creamy Layer),OBC-A (Non- Creamy Layer),Fresh Allotment
1172,3,200119,85,MIDNAPORE MEDICAL COLLEGE,M.S. (GENERAL SURGERY),In-Service,SC,SC,Fresh Allotment
1173,3,200842,11,Jalpaiguri Government Medical College and Hospital (Formerly DISTRICT HOSPITAL) JALPAIGURI,(NBEMS) GENERAL SURGERY,In-Service DNB,SC,SC,Fresh Allotment
1174,3,200967,10,R G KAR MEDICAL COLLEGE,DIPLOMA IN ANAESTHESIOLOGY,Open Quota,ST,ST,Fresh Allotment
1175,3,201098,11,MEDICAL COLLEGE KOLKATA,M.D. (PATHOLOGY),In-Service,UR,General,Fresh Allotment
1176,3,201176,217,GOURI DEVI INSTITUTE OF MEDICAL SCIENCES AND HOSPITAL,M.D. (MICROBIOLOGY),Open Quota,UR,General,Fresh Allotment
1177,3,201471,41,DIAMOND HARBOUR GOVERNMENT MEDICAL COLLEGE AND HOSPITAL,M.D. (BIOCHEMISTRY),Open Quota,UR,General,Fresh Allotment
1178,3,201659,126,R G KAR MEDICAL COLLEGE,M.D. (BIOCHEMISTRY),Open Quota,UR,General,Fresh Allotment
1179,3,201721,4,SHRI RAMKRISHNA INSTITUTE OF MEDICAL SCIENCES & SANAKA HOSPITALS,M.D. (RADIO- DIAGNOSIS),NRI Quota,UR,OBC (Non-Creamy Layer),Fresh Allotment
1180,3,201861,1,ICARE INSTITUTE OF MEDICAL SCIENCES AND RESEARCH HALDIA,M.D. (OBST. AND GYNAE)/MS (OBSTETRICS AND GYNAECOLOGY),NRI Quota,UR,General,Fresh Allotment
1181,3,201876,20,JIS SCHOOL OF MEDICAL SCIENCE & RESEARCH,M.D. (OBST. AND GYNAE)/MS (OBSTETRICS AND GYNAECOLOGY),In-Service,UR,SC,Fresh Allotment
1182,3,202137,32,IMAMBARA DISTRICT HOSPITAL,(NBEMS) GENERAL MEDICINE,In-Service DNB,OBC-A (Non- Creamy Layer),OBC-A (Non- Creamy Layer),Fresh Allotment
1183,3,202205,13,Jalpaiguri Government Medical College and Hospital (Formerly DISTRICT HOSPITAL) JALPAIGURI,(NBEMS-DIPLOMA) PAEDIATRICS,In-Service DNB,UR,General,Fresh Allotment
1184,3,202399,16,MEDICAL COLLEGE KOLKATA,DIP.IN GYNAE. AND OBST.,In-Service,UR,SC,Fresh Allotment
1185,3,202454,74,MEDICAL COLLEGE KOLKATA,M.D. (PREVENTIVE AND SOCIAL MEDICINE)/ COMMUNITY MEDICINE,In-Service,SC,SC,Fresh Allotment
1186,3,202494,96,R G KAR MEDICAL COLLEGE,M.D. (PATHOLOGY),In-Service,UR,General,Fresh Allotment
1187,3,202630,98,CALCUTTA NATIONAL MEDICAL COLLEGE KOLKATA,M.S. (E.N.T.),In-Service,UR,General,Fresh Allotment
1188,3,202675,76,ESI PGIMSR AND ESIC MEDICAL COLLEGE JOKA KOLKATA,M.D. (ANAESTHESIOLOGY),In-Service,SC,SC,Fresh Allotment
1189,3,203024,58,COLLEGE OF MEDICINE AND JNM HOSPITAL KALYANI,MD/MS (ANATOMY),Open Quota,UR,General,Fresh Allotment
1190,3,203267,23,NIL RATAN SIRCAR MEDICAL COLLEGE,M.S. (OPHTHALMOLOGY),In-Service,OBC-A (Non- Creamy Layer),OBC-A (Non- Creamy Layer),Fresh Allotment
1191,3,203446,2,DR. B C ROY POST GRADUATE INSTITUTE OF PAEDIATRIC SCIENCES,M.D. (PAEDIATRICS),In-Service,ST,ST,Fresh Allotment
1192,3,203828,2,JIS SCHOOL OF MEDICAL SCIENCE & RESEARCH,M.D. (OBST. AND GYNAE)/MS (OBSTETRICS AND GYNAECOLOGY),NRI Quota,UR,General,Fresh Allotment
1193,3,203841,82,DR. B C ROY POST GRADUATE INSTITUTE OF PAEDIATRIC SCIENCES,(NBEMS) PAEDIATRIC SURGERY (DIRECT 6 YEARS COURSE),In-Service DNB,SC,SC,Fresh Allotment
1194,3,203861,13,DISTRICT HOSPITAL ALIPURDUAR,(NBEMS) GENERAL MEDICINE,In-Service DNB,OBC-A (Non- Creamy Layer),OBC-A (Non- Creamy Layer),Fresh Allotment
1195,3,204097,5,NIL RATAN SIRCAR MEDICAL COLLEGE,M.D. (GENERAL MEDICINE),Open Quota,UR PwD,General PwD,Fresh Allotment
1196,3,204418,34,TAMRALIPTO GOVERNMENT MEDICAL COLLEGE,(NBEMS) OBSTETRICS AND GYNAECOLOGY,In-Service DNB,UR,SC,Fresh Allotment
1197,3,204673,1,ICARE INSTITUTE OF MEDICAL SCIENCES AND RESEARCH HALDIA,M.S. (ORTHOPAEDICS),NRI Quota,UR,OBC (Non-Creamy Layer),Fresh Allotment
1198,3,204929,92,"IQ CITY MEDICAL COLLEGE, DURGAPUR",M.S. (GENERAL SURGERY),In-Service,UR,General,Fresh Allotment
1199,3,205011,1,BURDWAN MEDICAL COLLEGE,M.D. (ANAESTHESIOLOGY),In-Service,ST,ST,Fresh Allotment
1200,3,205297,70,INSTITUTE OF POST GRADUATE MEDICAL EDUCATION AND RESEARCH KOLKATA,M.S. (GENERAL SURGERY),In-Service,OBC-A (Non- Creamy Layer),OBC-A (Non- Creamy Layer),Fresh Allotment
1201,3,205312,1,JIS SCHOOL OF MEDICAL SCIENCE & RESEARCH,M.D. (PAEDIATRICS),NRI Quota,UR,General,Fresh Allotment
1202,3,205778,11,ESI PGIMSR AND ESIC MEDICAL COLLEGE JOKA KOLKATA,M.D. (PATHOLOGY),In-Service,UR,General,Fresh Allotment
1203,3,205812,75,SHRI RAMKRISHNA INSTITUTE OF MEDICAL SCIENCES & SANAKA HOSPITALS,M.D. (ANAESTHESIOLOGY),In-Service,UR,General,Fresh Allotment
1204,3,205850,160,COLLEGE OF MEDICINE AND SAGORE DUTTA HOSPITAL,M.D. (MICROBIOLOGY),Open Quota,SC,SC,Fresh Allotment
1205,3,205866,86,BALURGHAT DH AND SSH,(NBEMS-DIPLOMA) PAEDIATRICS,In-Service DNB,UR,General,Fresh Allotment
1206,3,206306,3,MEDICAL COLLEGE KOLKATA,(NBEMS) CARDIO VASCULAR AND THORACIC SURGERY (DIRECT 6 YEARS COURSE),In-Service DNB,SC,SC,Fresh Allotment
1207,3,206351,19,NIL RATAN SIRCAR MEDICAL COLLEGE,M.D. (PATHOLOGY),In-Service,SC,SC,Fresh Allotment
1208,3,206734,87,R G KAR MEDICAL COLLEGE,M.D. (BIOCHEMISTRY),Open Quota,UR,General,Fresh Allotment
1209,3,206866,1,GOURI DEVI INSTITUTE OF MEDICAL SCIENCES AND HOSPITAL,M.D. (OBST. AND GYNAE)/MS (OBSTETRICS AND GYNAECOLOGY),NRI Quota,UR,General,Fresh Allotment
1210,3,206912,1,ICARE INSTITUTE OF MEDICAL SCIENCES AND RESEARCH HALDIA,M.D. (OBST. AND GYNAE)/MS (OBSTETRICS AND GYNAECOLOGY),NRI Quota,UR,General,Fresh Allotment
1211,3,207236,89,BURDWAN MEDICAL COLLEGE,M.D. (PATHOLOGY),In-Service,SC,SC,Fresh Allotment
1212,3,207456,19,DURGAPUR SUB DIVISIONAL HOSPITAL,(NBEMS-DIPLOMA) OBSTETRICS AND GYNAECOLOGY,In-Service DNB,SC,SC,Fresh Allotment
1213,3,207960,4,MEDICAL COLLEGE KOLKATA,M.S. (OPHTHALMOLOGY),In-Service,ST,ST,Fresh Allotment
1214,3,208142,83,ASANSOL DISTRICT HOSPITAL,(NBEMS) GENERAL SURGERY,In-Service DNB,SC,SC,Fresh Allotment
1215,3,208408,52,SHRI RAMKRISHNA INSTITUTE OF MEDICAL SCIENCES & SANAKA HOSPITALS,M.D. (RADIOTHERAPY/ RADIATION ONCOLOGY),In-Service,UR,General,Fresh Allotment
1216,3,209545,64,"RAMAKRISHNA MISSION SEVA PRATISHTHAN VIVEKANANDA INSTITUTE OF MEDICAL SCIENCES, KOLKATA",M.S. (E.N.T.),In-Service,UR,General,Fresh Allotment
1217,3,210468,70,MEDICAL COLLEGE KOLKATA,DIPLOMA IN ANAESTHESIOLOGY,In-Service,UR,SC,Fresh Allotment
1218,3,210629,10,DISTRICT HOSPITAL HOWRAH,(NBEMS) GENERAL SURGERY,In-Service DNB,OBC-A (Non- Creamy Layer),OBC-A (Non- Creamy Layer),Fresh Allotment
1219,3,211491,5,"IQ CITY MEDICAL COLLEGE, DURGAPUR",M.D. (PREVENTIVE AND SOCIAL MEDICINE)/ COMMUNITY MEDICINE,Private Management Quota,UR,General,Fresh Allotment
1220,3,211553,83,"RAMAKRISHNA MISSION SEVA PRATISHTHAN VIVEKANANDA INSTITUTE OF MEDICAL SCIENCES, KOLKATA",M.S. (OPHTHALMOLOGY),In-Service,OBC-A (Non- Creamy Layer),OBC-A (Non- Creamy Layer),Fresh Allotment
1221,3,211777,40,MEDICAL COLLEGE KOLKATA,DIPLOMA IN OPHTHALMOLOGY/DO MS,In-Service,UR,General,Fresh Allotment
1222,3,211859,3,"CHITTARANJAN SEVA SADAN COLLEGE OF OBS. GYNAE AND CHILD HEALTH,KOLKATA",(NBEMS-DIPLOMA) PAEDIATRICS,In-Service DNB,SC,SC,Fresh Allotment
1223,3,211922,3,KPC MEDICAL COLLEGE,M.D. (GENERAL MEDICINE),NRI Quota,UR,General,Fresh Allotment
1224,3,212040,131,"DEBEN MAHATO SADAR HOSPITAL, PURULIA",(NBEMS) GENERAL SURGERY,In-Service DNB,UR,General,Fresh Allotment
1225,3,212302,15,INSTITUTE OF POST GRADUATE MEDICAL EDUCATION AND RESEARCH KOLKATA,M.D. (PSYCHIATRY),In-Service,OBC-A (Non- Creamy Layer),OBC-A (Non- Creamy Layer),Fresh Allotment
1226,3,212590,79,MALDA MEDICAL COLLEGE AND HOSPITAL,M.D. (MICROBIOLOGY),Open Quota,SC,SC,Fresh Allotment
1227,3,212656,93,SILIGURI DISTRICT HOSPITAL,(NBEMS-DIPLOMA) PAEDIATRICS,In-Service DNB,UR,General,Fresh Allotment
1228,3,212673,28,NIL RATAN SIRCAR MEDICAL COLLEGE,M.D. (TUBERCULOSIS AND RESPIRATORY DISEASES)/PULMONA RY MEDICINE /M.D. (RESPIRATORY MEDICINE),In-Service,ST,ST,Fresh Allotment
1229,3,212881,115,CHANDANNAGAR SUB DIVISION HOSPITAL,(NBEMS-DIPLOMA) OBSTETRICS AND GYNAECOLOGY,In-Service DNB,UR,General,Fresh Allotment
1230,3,213126,107,"RAMAKRISHNA MISSION SEVA PRATISHTHAN VIVEKANANDA INSTITUTE OF MEDICAL SCIENCES, KOLKATA",DIP.IN GYNAE. AND OBST.,In-Service,UR,General,Fresh Allotment
1231,3,213487,71,"SCHOOL OF TROPICAL MEDICINE, KOLKATA",M.D. (MICROBIOLOGY),In-Service,UR,General,Fresh Allotment
1232,3,213550,80,DIAMOND HARBOUR GOVERNMENT MEDICAL COLLEGE AND HOSPITAL,(NBEMS-DIPLOMA) OBSTETRICS AND GYNAECOLOGY,In-Service DNB,UR,SC,Fresh Allotment
1233,3,213553,83,"RAMAKRISHNA MISSION SEVA PRATISHTHAN VIVEKANANDA INSTITUTE OF MEDICAL SCIENCES, KOLKATA",DIPLOMA IN CHILD HEALTH/ PAEDIATRICS,In-Service,SC,SC,Fresh Allotment
1234,3,213772,29,SHRI RAMKRISHNA INSTITUTE OF MEDICAL SCIENCES & SANAKA HOSPITALS,M.S. (GENERAL SURGERY),In-Service,UR,General,Fresh Allotment
1235,3,214459,29,RAMPURHAT GOVT. MEDICAL COLLEGE AND HOSPITAL,(NBEMS-DIPLOMA) TUBERCULOSIS AND CHEST DISEASES,In-Service DNB,ST,ST,Fresh Allotment
1236,3,215476,5,NORTH BENGAL MEDICAL COLLEGE AND HOSPITAL,M.D. (PREVENTIVE AND SOCIAL MEDICINE)/ COMMUNITY MEDICINE,In-Service,SC,SC,Fresh Allotment
1237,3,216113,43,DISTRICT HOSPITAL DARJEELING,(NBEMS-DIPLOMA) PAEDIATRICS,In-Service DNB,SC,SC,Fresh Allotment
1238,3,216166,13,JAGANNATH GUPTA INSTITUTE OF MEDICAL SCIENCES AND HOSPITAL,M.D. (PAEDIATRICS),In-Service,OBC-B (Non- Creamy Layer),OBC-B (Non- Creamy Layer),Fresh Allotment
1239,3,216721,41,MEDICAL COLLEGE KOLKATA,DIPLOMA IN ORTHOPAEDICS,In-Service,OBC-B (Non- Creamy Layer),OBC-B (Non- Creamy Layer),Fresh Allotment
1240,3,217526,7,NORTH BENGAL MEDICAL COLLEGE AND HOSPITAL,M.D. (BIOCHEMISTRY),In-Service,SC,SC,Fresh Allotment
1241,3,217560,73,INSTITUTE OF POST GRADUATE MEDICAL EDUCATION AND RESEARCH KOLKATA,M.D. (BIOCHEMISTRY),Open Quota,SC,SC,Fresh Allotment
1242,3,217611,5,"COMMAND HOSPITAL EC, ALIPORE, KOLKATA",M.D. (ANAESTHESIOLOGY),In-Service,OBC (Non-Creamy Layer),OBC (Non-Creamy Layer),Fresh Allotment
1243,3,217673,73,MEDICAL COLLEGE KOLKATA,DIP.IN GYNAE. AND OBST.,In-Service,SC,SC,Fresh Allotment
1244,3,218127,17,"RAMAKRISHNA MISSION SEVA PRATISHTHAN VIVEKANANDA INSTITUTE OF MEDICAL SCIENCES, KOLKATA",DIP.IN GYNAE. AND OBST.,In-Service,SC,SC,Fresh Allotment
1245,3,218222,3,INSTITUTE OF POST GRADUATE MEDICAL EDUCATION AND RESEARCH KOLKATA,M.S. (GENERAL SURGERY),In-Service,ST,ST,Fresh Allotment
1246,3,218272,3,BURDWAN MEDICAL COLLEGE,M.D. (GENERAL MEDICINE),Open Quota,UR PwD,General PwD,Fresh Allotment
1247,3,218412,3,DISTRICT HOSPITAL NADIA,(NBEMS) PAEDIATRICS,In-Service DNB,OBC-B (Non- Creamy Layer),OBC-B (Non- Creamy Layer),Fresh Allotment
1248,3,218608,16,RANAGHAT SUB DIVISIONAL HOSPITAL,(NBEMS-DIPLOMA) OBSTETRICS AND GYNAECOLOGY,In-Service DNB,SC,SC,Fresh Allotment
1249,3,218710,19,SREE BALARAM SEVA MANDIR S.G. HOSPITAL,(NBEMS-DIPLOMA) OBSTETRICS AND GYNAECOLOGY,In-Service DNB,SC,SC,Fresh Allotment
1250,3,219698,43,CALCUTTA NATIONAL MEDICAL COLLEGE KOLKATA,DIPLOMA IN ANAESTHESIOLOGY,In-Service,SC,SC,Fresh Allotment
1251,3,220576,3,JAGANNATH GUPTA INSTITUTE OF MEDICAL SCIENCES AND HOSPITAL,M.S. (ORTHOPAEDICS),NRI Quota,UR,OBC (Non-Creamy Layer),Fresh Allotment
1252,3,221127,11,"RAMAKRISHNA MISSION SEVA PRATISHTHAN VIVEKANANDA INSTITUTE OF MEDICAL SCIENCES, KOLKATA",M.D. (PATHOLOGY),In-Service,SC,SC,Fresh Allotment
1253,3,221221,88,GOURI DEVI INSTITUTE OF MEDICAL SCIENCES AND HOSPITAL,M.S. (E.N.T.),Open Quota,OBC-A (Non- Creamy Layer),OBC-A (Non- Creamy Layer),Fresh Allotment
1254,3,221240,15,MEDICAL COLLEGE KOLKATA,DIP.IN GYNAE. AND OBST.,In-Service,OBC-A (Non- Creamy Layer),OBC-A (Non- Creamy Layer),Fresh Allotment
1255,3,221591,14,"RAMAKRISHNA MISSION SEVA PRATISHTHAN VIVEKANANDA INSTITUTE OF MEDICAL SCIENCES, KOLKATA",M.S. (GENERAL SURGERY),In-Service,OBC-A (Non- Creamy Layer),OBC-A (Non- Creamy Layer),Fresh Allotment
1256,3,222050,14,BOLPUR SUB DIVISION HOSPITAL,(NBEMS-DIPLOMA) TUBERCULOSIS AND CHEST DISEASES,In-Service DNB,SC,SC,Fresh Allotment
1257,3,222479,2,INSTITUTE OF POST GRADUATE MEDICAL EDUCATION AND RESEARCH KOLKATA,M.D. (PHYSIOLOGY),In-Service,ST,ST,Fresh Allotment
1258,3,222699,114,IMAMBARA DISTRICT HOSPITAL,(NBEMS-DIPLOMA) PAEDIATRICS,In-Service DNB,SC,SC,Fresh Allotment
1259,3,223563,131,JAGANNATH GUPTA INSTITUTE OF MEDICAL SCIENCES AND HOSPITAL,M.S. (OPHTHALMOLOGY),In-Service,SC,SC,Fresh Allotment
1260,3,224521,2,ICARE INSTITUTE OF MEDICAL SCIENCES AND RESEARCH HALDIA,"M.D. (DERM.,VENE. AND LEPROSY)/ (DERMATOLOGY)/ (SKIN AND VENEREAL DISEASES)/ (VENEREOLOGY)",NRI Quota,UR,OBC (Non-Creamy Layer),Fresh Allotment
1261,3,224796,18,M R BANGUR HOSPITAL,(NBEMS-DIPLOMA) PAEDIATRICS,In-Service DNB,SC,SC,Fresh Allotment
1262,3,225019,1,GOURI DEVI INSTITUTE OF MEDICAL SCIENCES AND HOSPITAL,M.D. (GENERAL MEDICINE),NRI Quota,UR,OBC (Non-Creamy Layer),Fresh Allotment
1263,3,225356,94,MEDICAL COLLEGE KOLKATA,DIPLOMA IN OPHTHALMOLOGY/DO MS,In-Service,SC,SC,Fresh Allotment
1264,3,226006,88,"DEBEN MAHATO SADAR HOSPITAL, PURULIA",(NBEMS-DIPLOMA) PAEDIATRICS,In-Service DNB,SC,SC,Fresh Allotment
1265,3,226571,60,JAGANNATH GUPTA INSTITUTE OF MEDICAL SCIENCES AND HOSPITAL,M.S. (GENERAL SURGERY),In-Service,SC,SC,Fresh Allotment
1266,3,226624,19,ICARE INSTITUTE OF MEDICAL SCIENCES AND RESEARCH HALDIA,M.D. (TUBERCULOSIS AND RESPIRATORY DISEASES)/PULMONA RY MEDICINE /M.D. (RESPIRATORY MEDICINE),In-Service,SC,SC,Fresh Allotment
1267,3,227229,62,ICARE INSTITUTE OF MEDICAL SCIENCES AND RESEARCH HALDIA,M.D. (PHARMACOLOGY),Private Management Quota,UR,SC,Fresh Allotment
1268,3,227255,2,R G KAR MEDICAL COLLEGE,M.S. (GENERAL SURGERY),In-Service,ST,ST,Fresh Allotment
1269,3,228113,2,JIS SCHOOL OF MEDICAL SCIENCE & RESEARCH,M.D. (PREVENTIVE AND SOCIAL MEDICINE)/ COMMUNITY MEDICINE,Private Management Quota,UR,OBC (Non-Creamy Layer),Fresh Allotment
1270,3,228642,49,JAGANNATH GUPTA INSTITUTE OF MEDICAL SCIENCES AND HOSPITAL,M.D. (PSYCHIATRY),In-Service,SC,SC,Fresh Allotment
1271,3,229332,21,BURDWAN MEDICAL COLLEGE,M.S. (E.N.T.),In-Service,ST,ST,Fresh Allotment
1272,3,229346,106,DIAMOND HARBOUR GOVERNMENT MEDICAL COLLEGE AND HOSPITAL,(NBEMS-DIPLOMA) OBSTETRICS AND GYNAECOLOGY,In-Service DNB,SC,SC,Fresh Allotment
1273,3,229442,31,KPC MEDICAL COLLEGE,M.D. (ANAESTHESIOLOGY),Open Quota,OBC-B (Non- Creamy Layer),OBC-B (Non- Creamy Layer),Fresh Allotment
1274,3,229739,60,KPC MEDICAL COLLEGE,M.D. (BIOCHEMISTRY),Private Management Quota,UR,OBC (Non-Creamy Layer),Fresh Allotment
1275,3,229745,1,ALL INDIA INSTITUTE OF HYGIENE AND PUBLIC HEALTH,M.D. (PREVENTIVE AND SOCIAL MEDICINE)/ COMMUNITY MEDICINE,In-Service,ST,ST,Fresh Allotment
