,ROUND,ALL INDIA RANK,CHOICE NO.,INSTITUTE,COURSE,ALLOTTED QUOTA,ALLOTTED CATEGORY,CANDIDATE CATEGORY,STATUS
0,1,152,-,INSTITUTE OF POST GRADUATE MEDICAL EDUCATION AND RESEARCH KOLKATA,M.D. (RADIO- DIAGNOSIS),State Quota,UR,General,Retained
1,2,198,-,INSTITUTE OF POST GRADUATE MEDICAL EDUCATION AND RESEARCH KOLKATA,M.D. (RADIO- DIAGNOSIS),State Quota,UR,General,Retained
2,1,241,-,INSTITUTE OF POST GRADUATE MEDICAL EDUCATION AND RESEARCH KOLKATA,M.D. (GENERAL MEDICINE),State Quota,UR,General,Retained
3,2,277,-,INSTITUTE OF POST GRADUATE MEDICAL EDUCATION AND RESEARCH KOLKATA,M.D. (GENERAL MEDICINE),State Quota,UR,General,Retained
4,1,360,-,MEDICAL COLLEGE KOLKATA,M.D. (GENERAL MEDICINE),State Quota,UR,General,Retained
5,1,392,-,MEDICAL COLLEGE KOLKATA,M.D. (GENERAL MEDICINE),State Quota,UR,General,Retained
6,2,544,-,MEDICAL COLLEGE KOLKATA,M.D. (GENERAL MEDICINE),State Quota,UR,General,Retained
7,3,620,2,R G KAR MEDICAL COLLEGE,M.D. (GENERAL MEDICINE),State Quota,UR,General,Fresh Allotment
8,2,637,-,NIL RATAN SIRCAR MEDICAL COLLEGE,M.D. (GENERAL MEDICINE),State Quota,UR,General,Not Upgraded
9,1,771,-,INSTITUTE OF POST GRADUATE MEDICAL EDUCATION AND RESEARCH KOLKATA,M.D. (GENERAL MEDICINE),State Quota,OBC-A (Non- Creamy Layer),OBC-A (Non- Creamy Layer),Retained
10,2,1026,-,ESI PGIMSR AND ESIC MEDICAL COLLEGE JOKA KOLKATA,M.D. (GENERAL MEDICINE),State Quota,UR,General,Retained
11,3,1093,1,NIL RATAN SIRCAR MEDICAL COLLEGE,M.D. (RADIO- DIAGNOSIS),State Quota,UR,General,Upgraded
12,1,1344,-,INSTITUTE OF POST GRADUATE MEDICAL EDUCATION AND RESEARCH KOLKATA,M.D. (PSYCHIATRY),State Quota,UR,General,Retained
13,3,1367,3,CALCUTTA NATIONAL MEDICAL COLLEGE KOLKATA,M.D. (GENERAL MEDICINE),State Quota,UR,General,Fresh Allotment
14,3,1425,2,"RAMAKRISHNA MISSION SEVA PRATISHTHAN VIVEKANANDA INSTITUTE OF MEDICAL SCIENCES, KOLKATA",M.D. (GENERAL MEDICINE),State Quota,UR,General,Upgraded
15,2,1466,-,MEDICAL COLLEGE KOLKATA,"M.D. (DERM.,VENE. AND LEPROSY)/ (DERMATOLOGY)/ (SKIN AND VENEREAL DISEASES)/ (VENEREOLOGY)",State Quota,UR,General,Retained
16,3,1499,4,R G KAR MEDICAL COLLEGE,M.D. (GENERAL MEDICINE),State Quota,UR,General,Upgraded
17,2,1561,-,"COMMAND HOSPITAL EC, ALIPORE, KOLKATA",M.D. (GENERAL MEDICINE),State Quota,UR,General,Not Upgraded
18,2,1664,-,INSTITUTE OF POST GRADUATE MEDICAL EDUCATION AND RESEARCH KOLKATA,M.S. (GENERAL SURGERY),State Quota,UR,General,Retained
19,1,1807,-,MEDICAL COLLEGE KOLKATA,M.D. (GENERAL MEDICINE),State Quota,EWS,EWS,Retained
20,3,1866,5,BURDWAN MEDICAL COLLEGE,M.D. (GENERAL MEDICINE),State Quota,UR,General,Upgraded
21,2,1944,-,CALCUTTA NATIONAL MEDICAL COLLEGE KOLKATA,"M.D. (DERM.,VENE. AND LEPROSY)/ (DERMATOLOGY)/ (SKIN AND VENEREAL DISEASES)/ (VENEREOLOGY)",State Quota,UR,General,Retained
22,3,2087,5,BURDWAN MEDICAL COLLEGE,M.D. (GENERAL MEDICINE),State Quota,UR,General,Upgraded
23,1,2163,-,MEDICAL COLLEGE KOLKATA,M.S. (GENERAL SURGERY),State Quota,UR,General,Retained
24,3,2212,7,NIL RATAN SIRCAR MEDICAL COLLEGE,M.D. (RADIO- DIAGNOSIS),State Quota,UR,General,Upgraded
25,2,2308,-,MEDICAL COLLEGE KOLKATA,M.D. (PAEDIATRICS),State Quota,UR,General,Retained
26,1,2517,-,MEDICAL COLLEGE KOLKATA,M.D. (GENERAL MEDICINE),State Quota,OBC-A (Non- Creamy Layer),OBC-A (Non- Creamy Layer),Retained
27,3,2526,3,INSTITUTE OF POST GRADUATE MEDICAL EDUCATION AND RESEARCH KOLKATA,"M.D. (DERM.,VENE. AND LEPROSY)/ (DERMATOLOGY)/ (SKIN AND VENEREAL DISEASES)/ (VENEREOLOGY)",State Quota,UR,General,Upgraded
28,3,2816,1,INSTITUTE OF POST GRADUATE MEDICAL EDUCATION AND RESEARCH KOLKATA,M.D. (RADIO- DIAGNOSIS),State Quota,OBC-B (Non- Creamy Layer),OBC-B (Non- Creamy Layer),Upgraded
29,3,2834,4,R G KAR MEDICAL COLLEGE,"M.D. (DERM.,VENE. AND LEPROSY)/ (DERMATOLOGY)/ (SKIN AND VENEREAL DISEASES)/ (VENEREOLOGY)",State Quota,UR,General,Upgraded
30,1,2880,-,KPC MEDICAL COLLEGE,M.D. (GENERAL MEDICINE),State Quota,UR,General,Not Upgraded
31,3,2895,5,MIDNAPORE MEDICAL COLLEGE,M.D. (GENERAL MEDICINE),State Quota,UR,General,Upgraded
32,1,2902,-,MEDICAL COLLEGE KOLKATA,M.S. (GENERAL SURGERY),State Quota,UR,General,Retained
33,3,2928,3,NORTH BENGAL MEDICAL COLLEGE AND HOSPITAL,M.D. (RADIO- DIAGNOSIS),State Quota,UR,OBC-A (Non- Creamy Layer),Upgraded
34,3,3150,1,INSTITUTE OF POST GRADUATE MEDICAL EDUCATION AND RESEARCH KOLKATA,M.D. (OBST. AND GYNAE)/MS (OBSTETRICS AND GYNAECOLOGY),State Quota,UR,OBC-A (Non- Creamy Layer),Upgraded
35,3,3185,5,BURDWAN MEDICAL COLLEGE,"M.D. (DERM.,VENE. AND LEPROSY)/ (DERMATOLOGY)/ (SKIN AND VENEREAL DISEASES)/ (VENEREOLOGY)",State Quota,UR,General,Fresh Allotment
36,3,3189,5,MEDICAL COLLEGE KOLKATA,M.D. (PAEDIATRICS),State Quota,UR,General,Upgraded
37,3,3500,2,BANKURA SAMMILANI MEDICAL COLLEGE,M.D. (RADIO- DIAGNOSIS),State Quota,UR,General,Upgraded
38,3,3734,1,BANKURA SAMMILANI MEDICAL COLLEGE,M.D. (GENERAL MEDICINE),State Quota,UR,General,Fresh Allotment
39,3,3874,1,MEDICAL COLLEGE KOLKATA,M.D. (PAEDIATRICS),State Quota,UR,General,Upgraded
40,2,4104,-,"COMMAND HOSPITAL EC, ALIPORE, KOLKATA",M.D. (RADIO- DIAGNOSIS),State Quota,OBC (Non-Creamy Layer),OBC-A (Non- Creamy Layer),Retained
41,3,4113,7,COLLEGE OF MEDICINE AND SAGORE DUTTA HOSPITAL,M.D. (GENERAL MEDICINE),State Quota,UR,General,Fresh Allotment
42,2,4157,-,MEDICAL COLLEGE KOLKATA,M.S. (ORTHOPAEDICS),State Quota,UR,General,Not Upgraded
43,2,4250,-,NIL RATAN SIRCAR MEDICAL COLLEGE,M.D. (OBST. AND GYNAE)/MS (OBSTETRICS AND GYNAECOLOGY),State Quota,UR,General,Retained
44,3,4330,9,MIDNAPORE MEDICAL COLLEGE,M.D. (GENERAL MEDICINE),State Quota,UR,General,Upgraded
45,1,4405,-,INSTITUTE OF POST GRADUATE MEDICAL EDUCATION AND RESEARCH KOLKATA,M.D. (RADIO- DIAGNOSIS),In-Service,UR,General,Retained
46,3,4445,13,NORTH BENGAL MEDICAL COLLEGE AND HOSPITAL,M.D. (GENERAL MEDICINE),State Quota,UR,General,Upgraded
47,2,4520,-,NIL RATAN SIRCAR MEDICAL COLLEGE,M.S. (GENERAL SURGERY),State Quota,UR,General,Retained
48,2,4542,-,MEDICAL COLLEGE KOLKATA,M.D. (OBST. AND GYNAE)/MS (OBSTETRICS AND GYNAECOLOGY),State Quota,UR,General,Retained
49,1,4556,-,BURDWAN MEDICAL COLLEGE,M.D. (GENERAL MEDICINE),State Quota,OBC-A (Non- Creamy Layer),OBC-A (Non- Creamy Layer),Retained
50,2,4726,-,NIL RATAN SIRCAR MEDICAL COLLEGE,M.D. (OBST. AND GYNAE)/MS (OBSTETRICS AND GYNAECOLOGY),State Quota,UR,General,Retained
51,2,4729,-,MURSHIDABAD MEDICAL COLLEGE AND HOSPITAL,M.D. (RADIO- DIAGNOSIS),State Quota,OBC-A (Non- Creamy Layer),OBC-A (Non- Creamy Layer),Not Upgraded
52,3,4734,1,NIL RATAN SIRCAR MEDICAL COLLEGE,M.S. (GENERAL SURGERY),State Quota,UR,General,Upgraded
53,3,4735,1,MEDICAL COLLEGE KOLKATA,M.S. (GENERAL SURGERY),State Quota,UR,General,Upgraded
54,2,4951,-,NIL RATAN SIRCAR MEDICAL COLLEGE,M.D. (GENERAL MEDICINE),State Quota,EWS,EWS,Not Upgraded
55,3,5031,7,NORTH BENGAL MEDICAL COLLEGE AND HOSPITAL,M.D. (GENERAL MEDICINE),State Quota,UR,EWS,Fresh Allotment
56,2,5040,-,MEDICAL COLLEGE KOLKATA,M.D. (GENERAL MEDICINE),State Quota,SC,SC,Retained
57,1,5078,-,MEDICAL COLLEGE KOLKATA,M.D. (RADIO- DIAGNOSIS),State Quota,EWS,EWS,Retained
58,2,5142,-,KPC MEDICAL COLLEGE,M.D. (RADIO- DIAGNOSIS),Private Management Quota,UR,General,Retained
59,2,5227,-,R G KAR MEDICAL COLLEGE,M.D. (OBST. AND GYNAE)/MS (OBSTETRICS AND GYNAECOLOGY),State Quota,UR,General,Retained
60,2,5267,-,MEDICAL COLLEGE KOLKATA,M.D. (OBST. AND GYNAE)/MS (OBSTETRICS AND GYNAECOLOGY),State Quota,UR,General,Retained
61,1,5290,-,NIL RATAN SIRCAR MEDICAL COLLEGE,M.D. (RADIO- DIAGNOSIS),State Quota,SC,SC,Retained
62,3,5322,1,MEDICAL COLLEGE KOLKATA,M.D. (OBST. AND GYNAE)/MS (OBSTETRICS AND GYNAECOLOGY),State Quota,UR,General,Upgraded
63,2,5352,-,INSTITUTE OF POST GRADUATE MEDICAL EDUCATION AND RESEARCH KOLKATA,M.D. (RADIO- DIAGNOSIS),State Quota,SC,SC,Retained
64,3,5365,2,MEDICAL COLLEGE KOLKATA,M.D. (OBST. AND GYNAE)/MS (OBSTETRICS AND GYNAECOLOGY),State Quota,UR,General,Upgraded
65,3,5467,1,INSTITUTE OF POST GRADUATE MEDICAL EDUCATION AND RESEARCH KOLKATA,M.S. (GENERAL SURGERY),State Quota,UR,General,Upgraded
66,3,5518,12,NIL RATAN SIRCAR MEDICAL COLLEGE,M.D. (PAEDIATRICS),State Quota,UR,General,Fresh Allotment
67,2,5539,-,CALCUTTA NATIONAL MEDICAL COLLEGE KOLKATA,M.D. (OBST. AND GYNAE)/MS (OBSTETRICS AND GYNAECOLOGY),State Quota,UR,General,Not Upgraded
68,3,5558,9,MEDICAL COLLEGE KOLKATA,M.D. (PAEDIATRICS),State Quota,UR,General,Upgraded
69,1,5559,-,CALCUTTA NATIONAL MEDICAL COLLEGE KOLKATA,M.D. (GENERAL MEDICINE),State Quota,EWS,EWS,Not Upgraded
70,3,5607,11,INSTITUTE OF POST GRADUATE MEDICAL EDUCATION AND RESEARCH KOLKATA,M.D. (PAEDIATRICS),State Quota,UR,General,Fresh Allotment
71,2,5733,-,R G KAR MEDICAL COLLEGE,M.D. (GENERAL MEDICINE),State Quota,OBC-A (Non- Creamy Layer),OBC-A (Non- Creamy Layer),Not Upgraded
72,3,5846,1,ESI PGIMSR AND ESIC MEDICAL COLLEGE JOKA KOLKATA,M.D. (PAEDIATRICS),State Quota,UR,General,Fresh Allotment
73,2,5870,-,MEDICAL COLLEGE KOLKATA,M.D. (GENERAL MEDICINE),State Quota,SC,SC,Retained
74,3,5873,12,KPC MEDICAL COLLEGE,M.D. (GENERAL MEDICINE),State Quota,UR,General,Fresh Allotment
75,1,6187,-,NIL RATAN SIRCAR MEDICAL COLLEGE,M.D. (RADIO- DIAGNOSIS),In-Service,UR,General,Retained
76,3,6207,12,BURDWAN MEDICAL COLLEGE,M.S. (ORTHOPAEDICS),State Quota,UR,General,Fresh Allotment
77,3,6216,8,NORTH BENGAL MEDICAL COLLEGE AND HOSPITAL,M.D. (GENERAL MEDICINE),State Quota,OBC-A (Non- Creamy Layer),OBC-A (Non- Creamy Layer),Upgraded
78,3,6257,22,INSTITUTE OF CHILD HEALTH,M.D. (PAEDIATRICS),State Quota,UR,General,Fresh Allotment
79,1,6601,-,NIL RATAN SIRCAR MEDICAL COLLEGE,"M.D. (DERM.,VENE. AND LEPROSY)/ (DERMATOLOGY)/ (SKIN AND VENEREAL DISEASES)/ (VENEREOLOGY)",State Quota,OBC-A (Non- Creamy Layer),OBC-A (Non- Creamy Layer),Not Upgraded
80,1,6695,-,R G KAR MEDICAL COLLEGE,M.D. (PAEDIATRICS),State Quota,OBC-A (Non- Creamy Layer),OBC-A (Non- Creamy Layer),Not Upgraded
81,2,7011,-,"CHITTARANJAN SEVA SADAN COLLEGE OF OBS. GYNAE AND CHILD HEALTH,KOLKATA",M.D. (OBST. AND GYNAE)/MS (OBSTETRICS AND GYNAECOLOGY),State Quota,UR,General,Retained
82,1,7053,-,NIL RATAN SIRCAR MEDICAL COLLEGE,M.D. (PAEDIATRICS),State Quota,OBC-A (Non- Creamy Layer),OBC-A (Non- Creamy Layer),Not Upgraded
83,3,7132,1,INSTITUTE OF POST GRADUATE MEDICAL EDUCATION AND RESEARCH KOLKATA,M.S. (GENERAL SURGERY),State Quota,UR,General,Upgraded
84,3,7175,3,CALCUTTA NATIONAL MEDICAL COLLEGE KOLKATA,M.D. (GENERAL MEDICINE),State Quota,OBC-B (Non- Creamy Layer),OBC-B (Non- Creamy Layer),Upgraded
85,3,7188,18,CALCUTTA NATIONAL MEDICAL COLLEGE KOLKATA,M.D. (PSYCHIATRY),State Quota,UR,General,Upgraded
86,3,7260,2,NIL RATAN SIRCAR MEDICAL COLLEGE,M.D. (OBST. AND GYNAE)/MS (OBSTETRICS AND GYNAECOLOGY),State Quota,UR,General,Upgraded
87,3,7297,1,R G KAR MEDICAL COLLEGE,M.D. (OBST. AND GYNAE)/MS (OBSTETRICS AND GYNAECOLOGY),State Quota,UR,General,Upgraded
88,1,7341,-,MEDICAL COLLEGE KOLKATA,M.S. (OPHTHALMOLOGY),State Quota,UR,General,Not Upgraded
89,3,7413,13,R G KAR MEDICAL COLLEGE,M.D. (PAEDIATRICS),State Quota,UR,General,Fresh Allotment
90,3,7427,1,INSTITUTE OF POST GRADUATE MEDICAL EDUCATION AND RESEARCH KOLKATA,M.S. (ORTHOPAEDICS),State Quota,UR,General,Fresh Allotment
91,3,7510,2,NIL RATAN SIRCAR MEDICAL COLLEGE,M.S. (GENERAL SURGERY),State Quota,UR,General,Fresh Allotment
92,3,7692,5,R G KAR MEDICAL COLLEGE,M.S. (ORTHOPAEDICS),State Quota,UR,General,Fresh Allotment
93,3,7745,9,NIL RATAN SIRCAR MEDICAL COLLEGE,M.D. (TUBERCULOSIS AND RESPIRATORY DISEASES)/PULMONA RY MEDICINE /M.D. (RESPIRATORY MEDICINE),State Quota,UR,General,Fresh Allotment
94,3,7832,6,NIL RATAN SIRCAR MEDICAL COLLEGE,M.D. (PAEDIATRICS),State Quota,UR,General,Fresh Allotment
95,3,7880,2,R G KAR MEDICAL COLLEGE,M.D. (OBST. AND GYNAE)/MS (OBSTETRICS AND GYNAECOLOGY),State Quota,UR,General,Upgraded
96,3,7888,5,CALCUTTA NATIONAL MEDICAL COLLEGE KOLKATA,M.D. (PAEDIATRICS),State Quota,UR,General,Upgraded
97,1,7979,-,INSTITUTE OF CHILD HEALTH,M.D. (PAEDIATRICS),State Quota,OBC-A (Non- Creamy Layer),OBC-A (Non- Creamy Layer),Not Upgraded
98,1,8087,-,KPC MEDICAL COLLEGE,M.D. (GENERAL MEDICINE),Private Management Quota,UR,General,Not Upgraded
99,3,8606,4,"RAMAKRISHNA MISSION SEVA PRATISHTHAN VIVEKANANDA INSTITUTE OF MEDICAL SCIENCES, KOLKATA",M.D. (GENERAL MEDICINE),State Quota,EWS,EWS,Upgraded
100,1,8677,-,INSTITUTE OF POST GRADUATE MEDICAL EDUCATION AND RESEARCH KOLKATA,M.D. (TUBERCULOSIS AND RESPIRATORY DISEASES)/PULMONA RY MEDICINE /M.D. (RESPIRATORY MEDICINE),State Quota,SC,SC,Retained
101,2,8863,-,MEDICAL COLLEGE KOLKATA,M.S. (OPHTHALMOLOGY),State Quota,UR,General,Retained
102,3,8879,4,R G KAR MEDICAL COLLEGE,M.D. (OBST. AND GYNAE)/MS (OBSTETRICS AND GYNAECOLOGY),State Quota,UR,General,Fresh Allotment
103,3,8989,3,INSTITUTE OF CHILD HEALTH,M.D. (PAEDIATRICS),State Quota,UR,General,Fresh Allotment
104,3,9000,25,DR. B C ROY POST GRADUATE INSTITUTE OF PAEDIATRIC SCIENCES,M.D. (PAEDIATRICS),State Quota,UR,General,Fresh Allotment
105,2,9141,-,"RAMAKRISHNA MISSION SEVA PRATISHTHAN VIVEKANANDA INSTITUTE OF MEDICAL SCIENCES, KOLKATA",M.D. (RADIO- DIAGNOSIS),State Quota,OBC-B (Non- Creamy Layer),OBC-B (Non- Creamy Layer),Retained
106,3,9264,6,"CHITTARANJAN SEVA SADAN COLLEGE OF OBS. GYNAE AND CHILD HEALTH,KOLKATA",M.D. (OBST. AND GYNAE)/MS (OBSTETRICS AND GYNAECOLOGY),State Quota,UR,General,Fresh Allotment
107,3,9446,8,"CHITTARANJAN SEVA SADAN COLLEGE OF OBS. GYNAE AND CHILD HEALTH,KOLKATA",M.D. (PAEDIATRICS),State Quota,UR,General,Upgraded
108,2,9451,-,CALCUTTA NATIONAL MEDICAL COLLEGE KOLKATA,M.D. (GENERAL MEDICINE),State Quota,SC,SC,Not Upgraded
109,3,9469,3,R G KAR MEDICAL COLLEGE,M.S. (GENERAL SURGERY),State Quota,UR,General,Fresh Allotment
110,3,9485,6,"CHITTARANJAN SEVA SADAN COLLEGE OF OBS. GYNAE AND CHILD HEALTH,KOLKATA",M.D. (OBST. AND GYNAE)/MS (OBSTETRICS AND GYNAECOLOGY),State Quota,UR,General,Upgraded
111,3,9509,20,CALCUTTA NATIONAL MEDICAL COLLEGE KOLKATA,M.S. (GENERAL SURGERY),State Quota,UR,General,Upgraded
112,3,9657,4,CALCUTTA NATIONAL MEDICAL COLLEGE KOLKATA,M.S. (GENERAL SURGERY),State Quota,UR,General,Fresh Allotment
113,3,9925,23,"CHITTARANJAN SEVA SADAN COLLEGE OF OBS. GYNAE AND CHILD HEALTH,KOLKATA",M.D. (PAEDIATRICS),State Quota,UR,General,Fresh Allotment
114,3,9945,6,BANKURA SAMMILANI MEDICAL COLLEGE,M.D. (OBST. AND GYNAE)/MS (OBSTETRICS AND GYNAECOLOGY),State Quota,UR,General,Fresh Allotment
115,3,9963,4,R G KAR MEDICAL COLLEGE,M.D. (GENERAL MEDICINE),State Quota,SC,SC,Fresh Allotment
116,3,10168,8,"RAMAKRISHNA MISSION SEVA PRATISHTHAN VIVEKANANDA INSTITUTE OF MEDICAL SCIENCES, KOLKATA",M.D. (OBST. AND GYNAE)/MS (OBSTETRICS AND GYNAECOLOGY),State Quota,UR,General,Fresh Allotment
117,1,10176,-,KPC MEDICAL COLLEGE,M.D. (GENERAL MEDICINE),Private Management Quota,UR,General,Not Upgraded
118,3,10226,1,R G KAR MEDICAL COLLEGE,M.S. (ORTHOPAEDICS),State Quota,UR,General,Fresh Allotment
119,3,10231,7,MEDICAL COLLEGE KOLKATA,M.D. (PSYCHIATRY),State Quota,UR,General,Upgraded
120,3,10280,9,NORTH BENGAL MEDICAL COLLEGE AND HOSPITAL,M.D. (GENERAL MEDICINE),State Quota,OBC-B (Non- Creamy Layer),OBC-B (Non- Creamy Layer),Fresh Allotment
121,2,10354,-,MEDICAL COLLEGE KOLKATA,"M.D. (DERM.,VENE. AND LEPROSY)/ (DERMATOLOGY)/ (SKIN AND VENEREAL DISEASES)/ (VENEREOLOGY)",State Quota,SC,SC,Retained
122,3,10450,13,MEDICAL COLLEGE KOLKATA,M.D. (TUBERCULOSIS AND RESPIRATORY DISEASES)/PULMONA RY MEDICINE /M.D. (RESPIRATORY MEDICINE),State Quota,UR,EWS,Upgraded
123,3,10485,9,NORTH BENGAL MEDICAL COLLEGE AND HOSPITAL,M.D. (OBST. AND GYNAE)/MS (OBSTETRICS AND GYNAECOLOGY),State Quota,UR,General,Fresh Allotment
124,3,10550,2,CALCUTTA NATIONAL MEDICAL COLLEGE KOLKATA,M.D. (GENERAL MEDICINE),State Quota,SC,SC,Upgraded
125,3,10603,16,R G KAR MEDICAL COLLEGE,M.D. (TUBERCULOSIS AND RESPIRATORY DISEASES)/PULMONA RY MEDICINE /M.D. (RESPIRATORY MEDICINE),State Quota,UR,General,Upgraded
126,1,10630,-,DR. B C ROY POST GRADUATE INSTITUTE OF PAEDIATRIC SCIENCES,M.D. (PAEDIATRICS),State Quota,OBC-A (Non- Creamy Layer),OBC-A (Non- Creamy Layer),Not Upgraded
127,2,10704,-,"SCHOOL OF TROPICAL MEDICINE, KOLKATA","M.D. (DERM.,VENE. AND LEPROSY)/ (DERMATOLOGY)/ (SKIN AND VENEREAL DISEASES)/ (VENEREOLOGY)",State Quota,SC,SC,Not Upgraded
128,3,10833,16,CALCUTTA NATIONAL MEDICAL COLLEGE KOLKATA,M.D. (TUBERCULOSIS AND RESPIRATORY DISEASES)/PULMONA RY MEDICINE /M.D. (RESPIRATORY MEDICINE),State Quota,EWS,EWS,Fresh Allotment
129,2,10844,-,INSTITUTE OF CHILD HEALTH,M.D. (PAEDIATRICS),State Quota,SC,SC,Retained
130,3,10894,1,CALCUTTA NATIONAL MEDICAL COLLEGE KOLKATA,M.S. (ORTHOPAEDICS),State Quota,UR,SC,Upgraded
131,3,11060,14,"RAMAKRISHNA MISSION SEVA PRATISHTHAN VIVEKANANDA INSTITUTE OF MEDICAL SCIENCES, KOLKATA",M.D. (PAEDIATRICS),State Quota,UR,General,Upgraded
132,3,11286,16,BURDWAN MEDICAL COLLEGE,M.S. (GENERAL SURGERY),State Quota,UR,General,Fresh Allotment
133,2,11409,-,BANKURA SAMMILANI MEDICAL COLLEGE,"M.D. (DERM.,VENE. AND LEPROSY)/ (DERMATOLOGY)/ (SKIN AND VENEREAL DISEASES)/ (VENEREOLOGY)",State Quota,SC,SC,Not Upgraded
134,3,11537,10,CALCUTTA NATIONAL MEDICAL COLLEGE KOLKATA,M.S. (ORTHOPAEDICS),State Quota,UR,General,Fresh Allotment
135,3,11642,26,BURDWAN MEDICAL COLLEGE,M.D. (TUBERCULOSIS AND RESPIRATORY DISEASES)/PULMONA RY MEDICINE /M.D. (RESPIRATORY MEDICINE),State Quota,UR,General,Fresh Allotment
136,3,11732,20,BURDWAN MEDICAL COLLEGE,M.S. (GENERAL SURGERY),State Quota,UR,General,Upgraded
137,1,11948,-,KPC MEDICAL COLLEGE,M.D. (GENERAL MEDICINE),Private Management Quota,UR,General,Not Upgraded
138,3,12033,28,"RAMAKRISHNA MISSION SEVA PRATISHTHAN VIVEKANANDA INSTITUTE OF MEDICAL SCIENCES, KOLKATA",M.D. (OBST. AND GYNAE)/MS (OBSTETRICS AND GYNAECOLOGY),State Quota,UR,General,Upgraded
139,3,12746,7,BANKURA SAMMILANI MEDICAL COLLEGE,M.S. (GENERAL SURGERY),State Quota,UR,General,Fresh Allotment
140,2,12877,-,COLLEGE OF MEDICINE AND SAGORE DUTTA HOSPITAL,M.D. (GENERAL MEDICINE),State Quota,SC,SC,Not Upgraded
141,3,12879,1,ICARE INSTITUTE OF MEDICAL SCIENCES AND RESEARCH HALDIA,M.D. (PAEDIATRICS),Private Management Quota,UR,OBC (Non-Creamy Layer),Fresh Allotment
142,3,12916,6,"RAMAKRISHNA MISSION SEVA PRATISHTHAN VIVEKANANDA INSTITUTE OF MEDICAL SCIENCES, KOLKATA",M.S. (GENERAL SURGERY),State Quota,UR,General,Fresh Allotment
143,2,12940,-,NIL RATAN SIRCAR MEDICAL COLLEGE,M.D. (OBST. AND GYNAE)/MS (OBSTETRICS AND GYNAECOLOGY),State Quota,SC,SC,Retained
144,3,13039,1,INSTITUTE OF POST GRADUATE MEDICAL EDUCATION AND RESEARCH KOLKATA,M.S. (ORTHOPAEDICS),State Quota,OBC-A (Non- Creamy Layer),OBC-A (Non- Creamy Layer),Upgraded
145,1,13402,-,KPC MEDICAL COLLEGE,"M.D. (DERM.,VENE. AND LEPROSY)/ (DERMATOLOGY)/ (SKIN AND VENEREAL DISEASES)/ (VENEREOLOGY)",Private Management Quota,UR,General,Retained
146,1,13536,-,KPC MEDICAL COLLEGE,M.D. (GENERAL MEDICINE),Private Management Quota,UR,General,Not Upgraded
147,1,13537,-,ESI PGIMSR AND ESIC MEDICAL COLLEGE JOKA KOLKATA,M.S. (GENERAL SURGERY),State Quota,OBC (Non-Creamy Layer),OBC-A (Non- Creamy Layer),Retained
148,3,13604,28,BURDWAN MEDICAL COLLEGE,M.D. (PAEDIATRICS),State Quota,UR,General,Fresh Allotment
149,3,13758,7,BANKURA SAMMILANI MEDICAL COLLEGE,M.S. (GENERAL SURGERY),State Quota,UR,General,Fresh Allotment
150,3,13860,34,MIDNAPORE MEDICAL COLLEGE,M.D. (PAEDIATRICS),State Quota,UR,General,Fresh Allotment
151,3,13916,9,BURDWAN MEDICAL COLLEGE,M.D. (OBST. AND GYNAE)/MS (OBSTETRICS AND GYNAECOLOGY),State Quota,UR,General,Fresh Allotment
152,3,13975,1,ICARE INSTITUTE OF MEDICAL SCIENCES AND RESEARCH HALDIA,M.D. (PAEDIATRICS),Private Management Quota,UR,General,Fresh Allotment
153,3,14110,14,BANKURA SAMMILANI MEDICAL COLLEGE,M.D. (PAEDIATRICS),State Quota,UR,General,Fresh Allotment
154,3,14165,31,"RAMAKRISHNA MISSION SEVA PRATISHTHAN VIVEKANANDA INSTITUTE OF MEDICAL SCIENCES, KOLKATA",M.S. (ORTHOPAEDICS),State Quota,UR,General,Upgraded
155,3,14349,1,MEDICAL COLLEGE KOLKATA,M.D. GERIATRICS,State Quota,UR,General,Upgraded
156,3,14442,26,INSTITUTE OF POST GRADUATE MEDICAL EDUCATION AND RESEARCH KOLKATA,M.D. (TUBERCULOSIS AND RESPIRATORY DISEASES)/PULMONA RY MEDICINE /M.D. (RESPIRATORY MEDICINE),State Quota,OBC-B (Non- Creamy Layer),OBC-B (Non- Creamy Layer),Upgraded
157,1,14575,-,INSTITUTE OF POST GRADUATE MEDICAL EDUCATION AND RESEARCH KOLKATA,M.D. (PHYSICAL MED. AND REHABILITATION),State Quota,UR,General,Not Upgraded
158,2,14599,-,BURDWAN MEDICAL COLLEGE,M.D. (PAEDIATRICS),State Quota,EWS,EWS,Not Upgraded
159,3,14627,20,NORTH BENGAL MEDICAL COLLEGE AND HOSPITAL,M.S. (GENERAL SURGERY),State Quota,UR,General,Fresh Allotment
160,2,14853,-,MEDICAL COLLEGE KOLKATA,M.D. (ANAESTHESIOLOGY),State Quota,UR,General,Not Upgraded
161,3,14897,4,SHRI RAMKRISHNA INSTITUTE OF MEDICAL SCIENCES & SANAKA HOSPITALS,M.D. (RADIO- DIAGNOSIS),State Quota,UR,General,Upgraded
162,3,14906,9,MURSHIDABAD MEDICAL COLLEGE AND HOSPITAL,M.S. (ORTHOPAEDICS),State Quota,UR,General,Fresh Allotment
163,3,14910,4,R G KAR MEDICAL COLLEGE,M.D. (PSYCHIATRY),State Quota,UR,General,Upgraded
164,3,14953,5,BURDWAN MEDICAL COLLEGE,M.D. (OBST. AND GYNAE)/MS (OBSTETRICS AND GYNAECOLOGY),State Quota,UR,General,Fresh Allotment
165,3,14959,9,INSTITUTE OF POST GRADUATE MEDICAL EDUCATION AND RESEARCH KOLKATA,M.D. (ANAESTHESIOLOGY),State Quota,UR,General,Upgraded
166,3,14983,7,"RAMAKRISHNA MISSION SEVA PRATISHTHAN VIVEKANANDA INSTITUTE OF MEDICAL SCIENCES, KOLKATA",M.S. (GENERAL SURGERY),State Quota,UR,General,Fresh Allotment
167,3,15014,1,BANKURA SAMMILANI MEDICAL COLLEGE,M.D. (RADIO- DIAGNOSIS),State Quota,EWS,EWS,Upgraded
168,3,15034,19,MEDICAL COLLEGE KOLKATA,M.D. (PAEDIATRICS),State Quota,EWS,EWS,Upgraded
169,3,15109,26,COLLEGE OF MEDICINE AND SAGORE DUTTA HOSPITAL,M.D. (OBST. AND GYNAE)/MS (OBSTETRICS AND GYNAECOLOGY),State Quota,UR,General,Upgraded
170,3,15120,32,INSTITUTE OF POST GRADUATE MEDICAL EDUCATION AND RESEARCH KOLKATA,M.D. (EMERGENCY AND CRITICAL CARE)/M.D. (EMERGENCY MEDICINE),State Quota,UR,General,Upgraded
171,2,15126,-,INSTITUTE OF POST GRADUATE MEDICAL EDUCATION AND RESEARCH KOLKATA,M.D. (GENERAL MEDICINE),State Quota,ST,ST,Retained
172,1,15157,-,R G KAR MEDICAL COLLEGE,M.S. (GENERAL SURGERY),State Quota,EWS,EWS,Retained
173,3,15220,8,MIDNAPORE MEDICAL COLLEGE,M.S. (GENERAL SURGERY),State Quota,UR,General,Fresh Allotment
174,3,15231,13,INSTITUTE OF CHILD HEALTH,M.D. (PAEDIATRICS),State Quota,EWS,EWS,Upgraded
175,3,15339,29,BURDWAN MEDICAL COLLEGE,M.D. (OBST. AND GYNAE)/MS (OBSTETRICS AND GYNAECOLOGY),State Quota,UR,General,Fresh Allotment
176,2,15387,-,CALCUTTA NATIONAL MEDICAL COLLEGE KOLKATA,M.D. (OBST. AND GYNAE)/MS (OBSTETRICS AND GYNAECOLOGY),State Quota,OBC-A (Non- Creamy Layer),OBC-A (Non- Creamy Layer),Not Upgraded
177,3,15489,19,COLLEGE OF MEDICINE AND JNM HOSPITAL KALYANI,M.S. (GENERAL SURGERY),State Quota,UR,General,Upgraded
178,3,15552,1,INSTITUTE OF POST GRADUATE MEDICAL EDUCATION AND RESEARCH KOLKATA,M.S. (ORTHOPAEDICS),State Quota,OBC-B (Non- Creamy Layer),OBC-B (Non- Creamy Layer),Upgraded
179,3,15589,9,"COMMAND HOSPITAL EC, ALIPORE, KOLKATA",M.D. (OBST. AND GYNAE)/MS (OBSTETRICS AND GYNAECOLOGY),State Quota,UR,General,Fresh Allotment
180,3,15615,1,ICARE INSTITUTE OF MEDICAL SCIENCES AND RESEARCH HALDIA,M.S. (ORTHOPAEDICS),Private Management Quota,UR,EWS,Fresh Allotment
181,3,15692,17,DR. B C ROY POST GRADUATE INSTITUTE OF PAEDIATRIC SCIENCES,M.D. (PAEDIATRICS),State Quota,EWS,EWS,Upgraded
182,3,15804,2,ICARE INSTITUTE OF MEDICAL SCIENCES AND RESEARCH HALDIA,M.D. (TUBERCULOSIS AND RESPIRATORY DISEASES)/PULMONA RY MEDICINE /M.D. (RESPIRATORY MEDICINE),Private Management Quota,UR,OBC (Non-Creamy Layer),Fresh Allotment
183,3,15890,33,INSTITUTE OF POST GRADUATE MEDICAL EDUCATION AND RESEARCH KOLKATA,M.D. (ANAESTHESIOLOGY),State Quota,UR,General,Fresh Allotment
184,3,15994,1,R G KAR MEDICAL COLLEGE,M.S. (ORTHOPAEDICS),State Quota,OBC-A (Non- Creamy Layer),OBC-A (Non- Creamy Layer),Upgraded
185,3,16069,37,MIDNAPORE MEDICAL COLLEGE,M.D. (OBST. AND GYNAE)/MS (OBSTETRICS AND GYNAECOLOGY),State Quota,UR,General,Upgraded
186,3,16297,15,MEDICAL COLLEGE KOLKATA,M.S. (OPHTHALMOLOGY),State Quota,UR,General,Fresh Allotment
187,3,16307,17,"COMMAND HOSPITAL EC, ALIPORE, KOLKATA",M.D. (PAEDIATRICS),State Quota,OBC (Non-Creamy Layer),OBC-A (Non- Creamy Layer),Upgraded
188,3,16330,61,COLLEGE OF MEDICINE AND SAGORE DUTTA HOSPITAL,M.D. (PSYCHIATRY),State Quota,UR,General,Fresh Allotment
189,3,16401,20,NIL RATAN SIRCAR MEDICAL COLLEGE,M.S. (ORTHOPAEDICS),State Quota,EWS,EWS,Fresh Allotment
190,3,16470,11,JAGANNATH GUPTA INSTITUTE OF MEDICAL SCIENCES AND HOSPITAL,M.S. (ORTHOPAEDICS),State Quota,UR,General,Upgraded
191,3,16570,44,GOURI DEVI INSTITUTE OF MEDICAL SCIENCES AND HOSPITAL,M.D. (GENERAL MEDICINE),State Quota,UR,General,Upgraded
192,3,16602,2,GOURI DEVI INSTITUTE OF MEDICAL SCIENCES AND HOSPITAL,M.D. (RADIO- DIAGNOSIS),State Quota,UR,General,Fresh Allotment
193,3,16667,3,ICARE INSTITUTE OF MEDICAL SCIENCES AND RESEARCH HALDIA,M.S. (GENERAL SURGERY),Private Management Quota,UR,OBC (Non-Creamy Layer),Fresh Allotment
194,3,16671,6,INSTITUTE OF POST GRADUATE MEDICAL EDUCATION AND RESEARCH KOLKATA,M.S. (E.N.T.),State Quota,UR,General,Upgraded
195,3,16699,3,INSTITUTE OF POST GRADUATE MEDICAL EDUCATION AND RESEARCH KOLKATA,M.D. (OBST. AND GYNAE)/MS (OBSTETRICS AND GYNAECOLOGY),State Quota,OBC-A (Non- Creamy Layer),OBC-A (Non- Creamy Layer),Upgraded
196,3,16731,45,MEDICAL COLLEGE KOLKATA,M.D. (OBST. AND GYNAE)/MS (OBSTETRICS AND GYNAECOLOGY),State Quota,OBC-A (Non- Creamy Layer),OBC-A (Non- Creamy Layer),Upgraded
197,2,16785,-,ESI PGIMSR AND ESIC MEDICAL COLLEGE JOKA KOLKATA,M.D. (OBST. AND GYNAE)/MS (OBSTETRICS AND GYNAECOLOGY),State Quota,OBC (Non-Creamy Layer),OBC-A (Non- Creamy Layer),Not Upgraded
198,3,17086,37,R G KAR MEDICAL COLLEGE,M.D. (TUBERCULOSIS AND RESPIRATORY DISEASES)/PULMONA RY MEDICINE /M.D. (RESPIRATORY MEDICINE),State Quota,EWS,EWS,Upgraded
199,3,17144,54,INSTITUTE OF POST GRADUATE MEDICAL EDUCATION AND RESEARCH KOLKATA,M.D. (RADIOTHERAPY/ RADIATION ONCOLOGY),State Quota,UR,General,Upgraded
200,2,17202,-,BURDWAN MEDICAL COLLEGE,M.D. (PAEDIATRICS),State Quota,SC,SC,Retained
201,3,17229,32,COLLEGE OF MEDICINE AND JNM HOSPITAL KALYANI,M.D. (OBST. AND GYNAE)/MS (OBSTETRICS AND GYNAECOLOGY),State Quota,OBC-A (Non- Creamy Layer),OBC-A (Non- Creamy Layer),Upgraded
202,3,17401,12,KPC MEDICAL COLLEGE,M.S. (GENERAL SURGERY),State Quota,UR,General,Upgraded
203,3,17521,5,KPC MEDICAL COLLEGE,"M.D. (DERM.,VENE. AND LEPROSY)/ (DERMATOLOGY)/ (SKIN AND VENEREAL DISEASES)/ (VENEREOLOGY)",Private Management Quota,UR,General,Upgraded
204,3,17606,11,COLLEGE OF MEDICINE AND JNM HOSPITAL KALYANI,M.D. (PSYCHIATRY),State Quota,UR,SC,Fresh Allotment
205,1,17736,-,MEDICAL COLLEGE KOLKATA,DIP.IN GYNAE. AND OBST.,State Quota,UR,General,Not Upgraded
206,3,17775,11,NORTH BENGAL MEDICAL COLLEGE AND HOSPITAL,M.D. (RADIO- DIAGNOSIS),State Quota,SC,SC,Upgraded
207,3,17892,8,NORTH BENGAL MEDICAL COLLEGE AND HOSPITAL,M.D. (OBST. AND GYNAE)/MS (OBSTETRICS AND GYNAECOLOGY),State Quota,OBC-A (Non- Creamy Layer),OBC-A (Non- Creamy Layer),Upgraded
208,3,17902,83,KPC MEDICAL COLLEGE,M.D. (OBST. AND GYNAE)/MS (OBSTETRICS AND GYNAECOLOGY),State Quota,UR,General,Upgraded
209,1,17936,-,GOURI DEVI INSTITUTE OF MEDICAL SCIENCES AND HOSPITAL,M.D. (TUBERCULOSIS AND RESPIRATORY DISEASES)/PULMONA RY MEDICINE /M.D. (RESPIRATORY MEDICINE),State Quota,UR,General,Not Upgraded
210,3,18130,1,MEDICAL COLLEGE KOLKATA,M.D. (OBST. AND GYNAE)/MS (OBSTETRICS AND GYNAECOLOGY),State Quota,OBC-B (Non- Creamy Layer),OBC-B (Non- Creamy Layer),Upgraded
211,3,18248,7,CALCUTTA NATIONAL MEDICAL COLLEGE KOLKATA,M.S. (GENERAL SURGERY),State Quota,OBC-B (Non- Creamy Layer),OBC-B (Non- Creamy Layer),Fresh Allotment
212,3,18305,15,MEDICAL COLLEGE KOLKATA,M.S. (E.N.T.),State Quota,UR,General,Fresh Allotment
213,3,18314,35,R G KAR MEDICAL COLLEGE,M.S. (E.N.T.),State Quota,UR,General,Fresh Allotment
214,1,18343,-,R G KAR MEDICAL COLLEGE,M.D. (OBST. AND GYNAE)/MS (OBSTETRICS AND GYNAECOLOGY),State Quota,SC,SC,Retained
215,3,18447,1,INSTITUTE OF POST GRADUATE MEDICAL EDUCATION AND RESEARCH KOLKATA,M.D. (ANAESTHESIOLOGY),State Quota,UR,General,Upgraded
216,2,18459,-,CALCUTTA NATIONAL MEDICAL COLLEGE KOLKATA,M.D. (OBST. AND GYNAE)/MS (OBSTETRICS AND GYNAECOLOGY),State Quota,EWS,EWS,Retained
217,1,18523,-,MEDICAL COLLEGE KOLKATA,M.S. (GENERAL SURGERY),State Quota,SC,SC,Retained
218,3,18552,16,"RAMAKRISHNA MISSION SEVA PRATISHTHAN VIVEKANANDA INSTITUTE OF MEDICAL SCIENCES, KOLKATA",M.D. (OBST. AND GYNAE)/MS (OBSTETRICS AND GYNAECOLOGY),State Quota,OBC-A (Non- Creamy Layer),OBC-A (Non- Creamy Layer),Upgraded
219,3,18652,12,KPC MEDICAL COLLEGE,M.D. (GENERAL MEDICINE),Private Management Quota,UR,General,Upgraded
220,3,18707,45,INSTITUTE OF POST GRADUATE MEDICAL EDUCATION AND RESEARCH KOLKATA,M.S. (GENERAL SURGERY),State Quota,OBC-A (Non- Creamy Layer),OBC-A (Non- Creamy Layer),Fresh Allotment
221,3,18811,10,INSTITUTE OF POST GRADUATE MEDICAL EDUCATION AND RESEARCH KOLKATA,M.S. (OPHTHALMOLOGY),State Quota,UR,General,Fresh Allotment
222,3,18826,11,INSTITUTE OF POST GRADUATE MEDICAL EDUCATION AND RESEARCH KOLKATA,M.S. (ORTHOPAEDICS),State Quota,EWS,EWS,Upgraded
223,3,18908,6,BURDWAN MEDICAL COLLEGE,M.D. (GENERAL MEDICINE),State Quota,SC,SC,Upgraded
224,3,19012,2,"RAMAKRISHNA MISSION SEVA PRATISHTHAN VIVEKANANDA INSTITUTE OF MEDICAL SCIENCES, KOLKATA",M.D. (PAEDIATRICS),State Quota,OBC-B (Non- Creamy Layer),OBC-B (Non- Creamy Layer),Fresh Allotment
225,3,19018,83,NIL RATAN SIRCAR MEDICAL COLLEGE,M.S. (OPHTHALMOLOGY),State Quota,UR,General,Fresh Allotment
226,3,19074,2,MEDICAL COLLEGE KOLKATA,M.D. (ANAESTHESIOLOGY),State Quota,UR,General,Upgraded
227,3,19102,63,R G KAR MEDICAL COLLEGE,M.S. (GENERAL SURGERY),State Quota,OBC-A (Non- Creamy Layer),OBC-A (Non- Creamy Layer),Fresh Allotment
228,1,19128,-,MEDICAL COLLEGE KOLKATA,"M.D. (DERM.,VENE. AND LEPROSY)/ (DERMATOLOGY)/ (SKIN AND VENEREAL DISEASES)/ (VENEREOLOGY)",In-Service,UR,SC,Retained
229,3,19159,1,INSTITUTE OF POST GRADUATE MEDICAL EDUCATION AND RESEARCH KOLKATA,M.D. (OBST. AND GYNAE)/MS (OBSTETRICS AND GYNAECOLOGY),State Quota,SC,SC,Upgraded
230,3,19348,33,COLLEGE OF MEDICINE AND JNM HOSPITAL KALYANI,M.S. (E.N.T.),State Quota,UR,General,Fresh Allotment
231,1,19428,-,NIL RATAN SIRCAR MEDICAL COLLEGE,M.D. (RADIO- DIAGNOSIS),In-Service,OBC-A (Non- Creamy Layer),OBC-A (Non- Creamy Layer),Retained
232,3,19443,19,CALCUTTA NATIONAL MEDICAL COLLEGE KOLKATA,M.S. (OPHTHALMOLOGY),State Quota,UR,General,Upgraded
233,3,19491,2,R G KAR MEDICAL COLLEGE,M.D. (ANAESTHESIOLOGY),State Quota,UR,General,Fresh Allotment
234,3,19889,38,R G KAR MEDICAL COLLEGE,M.D. (ANAESTHESIOLOGY),State Quota,UR,General,Fresh Allotment
235,3,20057,29,CALCUTTA NATIONAL MEDICAL COLLEGE KOLKATA,M.D. (PAEDIATRICS),State Quota,OBC-B (Non- Creamy Layer),OBC-B (Non- Creamy Layer),Fresh Allotment
236,3,20072,12,NORTH BENGAL MEDICAL COLLEGE AND HOSPITAL,M.D. (PAEDIATRICS),State Quota,EWS,EWS,Upgraded
237,3,20120,3,ICARE INSTITUTE OF MEDICAL SCIENCES AND RESEARCH HALDIA,M.S. (GENERAL SURGERY),Private Management Quota,UR,General,Fresh Allotment
238,3,20175,39,BURDWAN MEDICAL COLLEGE,M.S. (E.N.T.),State Quota,UR,General,Upgraded
239,3,20224,2,INSTITUTE OF POST GRADUATE MEDICAL EDUCATION AND RESEARCH KOLKATA,M.D. (PSYCHIATRY),State Quota,OBC-A (Non- Creamy Layer),OBC-A (Non- Creamy Layer),Upgraded
240,1,20397,-,"COMMAND HOSPITAL EC, ALIPORE, KOLKATA",M.S. (GENERAL SURGERY),State Quota,EWS,EWS,Not Upgraded
241,3,20473,16,BURDWAN MEDICAL COLLEGE,M.S. (GENERAL SURGERY),State Quota,OBC-A (Non- Creamy Layer),OBC-A (Non- Creamy Layer),Upgraded
242,3,20603,56,BURDWAN MEDICAL COLLEGE,M.S. (ORTHOPAEDICS),State Quota,OBC-B (Non- Creamy Layer),OBC-B (Non- Creamy Layer),Fresh Allotment
243,3,20674,36,MEDICAL COLLEGE KOLKATA,M.D. (RADIOTHERAPY/ RADIATION ONCOLOGY),State Quota,UR,General,Fresh Allotment
244,1,20688,-,MEDICAL COLLEGE KOLKATA,DIP.IN GYNAE. AND OBST.,State Quota,UR,OBC-A (Non- Creamy Layer),Not Upgraded
245,3,20808,42,JAGANNATH GUPTA INSTITUTE OF MEDICAL SCIENCES AND HOSPITAL,"M.D. (DERM.,VENE. AND LEPROSY)/ (DERMATOLOGY)/ (SKIN AND VENEREAL DISEASES)/ (VENEREOLOGY)",State Quota,UR,General,Fresh Allotment
246,1,20809,-,INSTITUTE OF POST GRADUATE MEDICAL EDUCATION AND RESEARCH KOLKATA,M.S. (E.N.T.),State Quota,OBC-B (Non- Creamy Layer),OBC-B (Non- Creamy Layer),Retained
247,3,20942,43,MEDICAL COLLEGE KOLKATA,M.D. (ANAESTHESIOLOGY),State Quota,UR,General,Fresh Allotment
248,2,21185,-,BANKURA SAMMILANI MEDICAL COLLEGE,M.S. (ORTHOPAEDICS),State Quota,EWS,EWS,Not Upgraded
249,3,21189,58,NIL RATAN SIRCAR MEDICAL COLLEGE,M.D. (RADIOTHERAPY/ RADIATION ONCOLOGY),State Quota,UR,General,Fresh Allotment
250,3,21241,17,ESI PGIMSR AND ESIC MEDICAL COLLEGE JOKA KOLKATA,M.D. (ANAESTHESIOLOGY),State Quota,UR,General,Fresh Allotment
251,2,21477,-,INSTITUTE OF POST GRADUATE MEDICAL EDUCATION AND RESEARCH KOLKATA,M.D. (PSYCHIATRY),State Quota,SC,SC,Not Upgraded
252,3,21659,4,INSTITUTE OF POST GRADUATE MEDICAL EDUCATION AND RESEARCH KOLKATA,M.D. (OBST. AND GYNAE)/MS (OBSTETRICS AND GYNAECOLOGY),State Quota,OBC-B (Non- Creamy Layer),OBC-B (Non- Creamy Layer),Fresh Allotment
253,3,21736,52,ALL INDIA INSTITUTE OF HYGIENE AND PUBLIC HEALTH,M.D. (PREVENTIVE AND SOCIAL MEDICINE)/ COMMUNITY MEDICINE,State Quota,UR,General,Fresh Allotment
254,3,21779,9,R G KAR MEDICAL COLLEGE,M.S. (OPHTHALMOLOGY),State Quota,UR,General,Fresh Allotment
255,3,21857,1,NIL RATAN SIRCAR MEDICAL COLLEGE,M.D. (ANAESTHESIOLOGY),State Quota,UR,General,Fresh Allotment
256,3,21881,7,INSTITUTE OF POST GRADUATE MEDICAL EDUCATION AND RESEARCH KOLKATA,M.D. (PAEDIATRICS),State Quota,SC,SC,Upgraded
257,3,21907,9,MIDNAPORE MEDICAL COLLEGE,M.D. (GENERAL MEDICINE),State Quota,SC,SC,Upgraded
258,3,22034,11,INSTITUTE OF POST GRADUATE MEDICAL EDUCATION AND RESEARCH KOLKATA,M.D. (PHYSICAL MED. AND REHABILITATION),State Quota,UR,General,Upgraded
259,3,22162,69,NIL RATAN SIRCAR MEDICAL COLLEGE,M.D. (ANAESTHESIOLOGY),State Quota,UR,General,Fresh Allotment
260,3,22170,57,COLLEGE OF MEDICINE AND SAGORE DUTTA HOSPITAL,M.S. (OPHTHALMOLOGY),State Quota,UR,General,Fresh Allotment
261,3,22226,19,"RAMAKRISHNA MISSION SEVA PRATISHTHAN VIVEKANANDA INSTITUTE OF MEDICAL SCIENCES, KOLKATA",DIP.IN GYNAE. AND OBST.,State Quota,UR,OBC-A (Non- Creamy Layer),Fresh Allotment
262,3,22241,5,INSTITUTE OF POST GRADUATE MEDICAL EDUCATION AND RESEARCH KOLKATA,M.S. (ORTHOPAEDICS),State Quota,SC,SC,Upgraded
263,3,22307,61,"RAMAKRISHNA MISSION SEVA PRATISHTHAN VIVEKANANDA INSTITUTE OF MEDICAL SCIENCES, KOLKATA",M.S. (GENERAL SURGERY),State Quota,OBC-A (Non- Creamy Layer),OBC-A (Non- Creamy Layer),Fresh Allotment
264,3,22358,28,BURDWAN MEDICAL COLLEGE,M.S. (GENERAL SURGERY),State Quota,EWS,EWS,Upgraded
265,1,22375,-,INSTITUTE OF POST GRADUATE MEDICAL EDUCATION AND RESEARCH KOLKATA,M.D. (GENERAL MEDICINE),In-Service,UR,General,Retained
266,3,22493,19,"RAMAKRISHNA MISSION SEVA PRATISHTHAN VIVEKANANDA INSTITUTE OF MEDICAL SCIENCES, KOLKATA",M.S. (OPHTHALMOLOGY),State Quota,UR,General,Fresh Allotment
267,3,22583,2,R G KAR MEDICAL COLLEGE,M.D. (ANAESTHESIOLOGY),State Quota,UR,General,Upgraded
268,3,22643,1,R G KAR MEDICAL COLLEGE,M.D. (OBST. AND GYNAE)/MS (OBSTETRICS AND GYNAECOLOGY),State Quota,EWS,EWS,Upgraded
269,3,22665,22,NIL RATAN SIRCAR MEDICAL COLLEGE,M.D. (ANAESTHESIOLOGY),State Quota,UR,General,Fresh Allotment
270,3,22708,21,BURDWAN MEDICAL COLLEGE,M.S. (OPHTHALMOLOGY),State Quota,UR,General,Fresh Allotment
271,3,22862,4,CALCUTTA NATIONAL MEDICAL COLLEGE KOLKATA,M.D. (ANAESTHESIOLOGY),State Quota,UR,General,Upgraded
272,2,23163,-,ALL INDIA INSTITUTE OF HYGIENE AND PUBLIC HEALTH,M.D. (PREVENTIVE AND SOCIAL MEDICINE)/ COMMUNITY MEDICINE,State Quota,UR,General,Retained
273,2,23229,-,"IQ CITY MEDICAL COLLEGE, DURGAPUR",M.D. (OBST. AND GYNAE)/MS (OBSTETRICS AND GYNAECOLOGY),State Quota,UR,General,Not Upgraded
274,3,23241,59,BANKURA SAMMILANI MEDICAL COLLEGE,M.D. (OBST. AND GYNAE)/MS (OBSTETRICS AND GYNAECOLOGY),State Quota,EWS,EWS,Upgraded
275,1,23347,-,MEDICAL COLLEGE KOLKATA,M.D. (RADIO- DIAGNOSIS),In-Service,SC,SC,Retained
276,3,23473,2,"RAMAKRISHNA MISSION SEVA PRATISHTHAN VIVEKANANDA INSTITUTE OF MEDICAL SCIENCES, KOLKATA",M.S. (E.N.T.),State Quota,UR,General,Fresh Allotment
277,3,23695,3,CALCUTTA NATIONAL MEDICAL COLLEGE KOLKATA,M.D. (ANAESTHESIOLOGY),State Quota,UR,General,Upgraded
278,3,23922,12,KPC MEDICAL COLLEGE,M.D. (GENERAL MEDICINE),Private Management Quota,UR,General,Fresh Allotment
279,3,24025,42,R G KAR MEDICAL COLLEGE,M.D. (ANAESTHESIOLOGY),State Quota,UR,EWS,Fresh Allotment
280,2,24055,-,ESI PGIMSR AND ESIC MEDICAL COLLEGE JOKA KOLKATA,M.D. (OBST. AND GYNAE)/MS (OBSTETRICS AND GYNAECOLOGY),State Quota,EWS,EWS,Not Upgraded
281,3,24064,4,ICARE INSTITUTE OF MEDICAL SCIENCES AND RESEARCH HALDIA,M.D. (TUBERCULOSIS AND RESPIRATORY DISEASES)/PULMONA RY MEDICINE /M.D. (RESPIRATORY MEDICINE),Private Management Quota,UR,General,Fresh Allotment
282,3,24111,5,ICARE INSTITUTE OF MEDICAL SCIENCES AND RESEARCH HALDIA,M.D. (PSYCHIATRY),Private Management Quota,UR,OBC (Non-Creamy Layer),Fresh Allotment
283,3,24160,6,ICARE INSTITUTE OF MEDICAL SCIENCES AND RESEARCH HALDIA,M.S. (OPHTHALMOLOGY),Private Management Quota,UR,OBC (Non-Creamy Layer),Fresh Allotment
284,3,24361,80,BURDWAN MEDICAL COLLEGE,M.D. (ANAESTHESIOLOGY),State Quota,UR,General,Fresh Allotment
285,3,24568,7,ICARE INSTITUTE OF MEDICAL SCIENCES AND RESEARCH HALDIA,M.S. (E.N.T.),Private Management Quota,UR,General,Fresh Allotment
286,2,24655,-,BURDWAN MEDICAL COLLEGE,M.D. (OBST. AND GYNAE)/MS (OBSTETRICS AND GYNAECOLOGY),State Quota,SC,SC,Not Upgraded
287,3,24692,17,MIDNAPORE MEDICAL COLLEGE,M.S. (E.N.T.),State Quota,UR,General,Fresh Allotment
288,2,24882,-,"RAMAKRISHNA MISSION SEVA PRATISHTHAN VIVEKANANDA INSTITUTE OF MEDICAL SCIENCES, KOLKATA",M.D. (PAEDIATRICS),State Quota,SC,SC,Retained
289,3,25039,1,INSTITUTE OF POST GRADUATE MEDICAL EDUCATION AND RESEARCH KOLKATA,M.S. (GENERAL SURGERY),State Quota,SC,SC,Upgraded
290,3,25152,3,CALCUTTA NATIONAL MEDICAL COLLEGE KOLKATA,M.D. (OBST. AND GYNAE)/MS (OBSTETRICS AND GYNAECOLOGY),State Quota,SC,SC,Upgraded
291,3,25156,66,MURSHIDABAD MEDICAL COLLEGE AND HOSPITAL,M.S. (OPHTHALMOLOGY),State Quota,UR,General,Fresh Allotment
292,3,25187,13,INSTITUTE OF POST GRADUATE MEDICAL EDUCATION AND RESEARCH KOLKATA,M.D. (PATHOLOGY),State Quota,UR,General,Upgraded
293,3,25261,25,ICARE INSTITUTE OF MEDICAL SCIENCES AND RESEARCH HALDIA,M.D. (OBST. AND GYNAE)/MS (OBSTETRICS AND GYNAECOLOGY),State Quota,UR,General,Fresh Allotment
294,1,25369,-,INSTITUTE OF POST GRADUATE MEDICAL EDUCATION AND RESEARCH KOLKATA,M.D. (GENERAL MEDICINE),In-Service,UR,OBC-A (Non- Creamy Layer),Retained
295,1,25716,-,R G KAR MEDICAL COLLEGE,M.S. (GENERAL SURGERY),State Quota,SC,SC,Retained
296,3,25760,1,GOURI DEVI INSTITUTE OF MEDICAL SCIENCES AND HOSPITAL,"M.D. (DERM.,VENE. AND LEPROSY)/ (DERMATOLOGY)/ (SKIN AND VENEREAL DISEASES)/ (VENEREOLOGY)",Private Management Quota,UR,General,Fresh Allotment
297,3,25812,37,MIDNAPORE MEDICAL COLLEGE,M.D. (ANAESTHESIOLOGY),State Quota,UR,General,Fresh Allotment
298,3,25927,8,MIDNAPORE MEDICAL COLLEGE,M.S. (GENERAL SURGERY),State Quota,EWS,EWS,Fresh Allotment
299,3,26374,63,MEDICAL COLLEGE KOLKATA,M.D. (PATHOLOGY),State Quota,UR,General,Fresh Allotment
300,3,26439,1,MEDICAL COLLEGE KOLKATA,M.D. (OBST. AND GYNAE)/MS (OBSTETRICS AND GYNAECOLOGY),State Quota,SC,SC,Upgraded
301,3,26774,81,ICARE INSTITUTE OF MEDICAL SCIENCES AND RESEARCH HALDIA,M.S. (GENERAL SURGERY),State Quota,UR,General,Upgraded
302,2,26805,-,ICARE INSTITUTE OF MEDICAL SCIENCES AND RESEARCH HALDIA,M.D. (GENERAL MEDICINE),State Quota,EWS,EWS,Not Upgraded
303,3,26886,15,R G KAR MEDICAL COLLEGE,M.D. (RADIOTHERAPY/ RADIATION ONCOLOGY),State Quota,UR,General,Fresh Allotment
304,1,26901,-,BANKURA SAMMILANI MEDICAL COLLEGE,M.S. (GENERAL SURGERY),State Quota,SC,SC,Retained
305,3,26920,6,BURDWAN MEDICAL COLLEGE,M.D. (ANAESTHESIOLOGY),State Quota,UR,General,Upgraded
306,3,26934,3,CALCUTTA NATIONAL MEDICAL COLLEGE KOLKATA,M.D. (OBST. AND GYNAE)/MS (OBSTETRICS AND GYNAECOLOGY),State Quota,SC,SC,Upgraded
307,3,26967,29,MIDNAPORE MEDICAL COLLEGE,M.D. (OBST. AND GYNAE)/MS (OBSTETRICS AND GYNAECOLOGY),State Quota,EWS,EWS,Fresh Allotment
308,3,26992,46,BANKURA SAMMILANI MEDICAL COLLEGE,M.D. (ANAESTHESIOLOGY),State Quota,UR,General,Fresh Allotment
309,3,27073,78,COLLEGE OF MEDICINE AND JNM HOSPITAL KALYANI,M.D. (ANAESTHESIOLOGY),State Quota,UR,General,Fresh Allotment
310,3,27199,41,NORTH BENGAL MEDICAL COLLEGE AND HOSPITAL,M.D. (ANAESTHESIOLOGY),State Quota,UR,General,Fresh Allotment
311,3,27387,25,INSTITUTE OF POST GRADUATE MEDICAL EDUCATION AND RESEARCH KOLKATA,M.D. (RADIOTHERAPY/ RADIATION ONCOLOGY),State Quota,UR,OBC-A (Non- Creamy Layer),Fresh Allotment
312,1,27426,-,R G KAR MEDICAL COLLEGE,M.S. (E.N.T.),State Quota,OBC-B (Non- Creamy Layer),OBC-B (Non- Creamy Layer),Not Upgraded
313,3,27451,2,CALCUTTA NATIONAL MEDICAL COLLEGE KOLKATA,M.D. (PAEDIATRICS),State Quota,SC,SC,Upgraded
314,3,27628,31,"RAMAKRISHNA MISSION SEVA PRATISHTHAN VIVEKANANDA INSTITUTE OF MEDICAL SCIENCES, KOLKATA",M.D. (ANAESTHESIOLOGY),State Quota,UR,General,Upgraded
315,3,27745,26,ESI PGIMSR AND ESIC MEDICAL COLLEGE JOKA KOLKATA,M.D. (PATHOLOGY),State Quota,UR,General,Upgraded
316,3,27946,2,CALCUTTA NATIONAL MEDICAL COLLEGE KOLKATA,M.S. (ORTHOPAEDICS),State Quota,SC,SC,Upgraded
317,1,28004,-,ESI PGIMSR AND ESIC MEDICAL COLLEGE JOKA KOLKATA,M.S. (ORTHOPAEDICS),State Quota,ST,ST,Retained
318,1,28074,-,MURSHIDABAD MEDICAL COLLEGE AND HOSPITAL,M.D. (RADIO- DIAGNOSIS),In-Service,UR,SC,Retained
319,1,28354,-,"RAMAKRISHNA MISSION SEVA PRATISHTHAN VIVEKANANDA INSTITUTE OF MEDICAL SCIENCES, KOLKATA",M.D. (RADIO- DIAGNOSIS),In-Service,UR,General,Retained
320,1,28362,-,MEDICAL COLLEGE KOLKATA,M.D. (GENERAL MEDICINE),In-Service,UR,General,Retained
321,3,28458,2,GOURI DEVI INSTITUTE OF MEDICAL SCIENCES AND HOSPITAL,M.D. (OBST. AND GYNAE)/MS (OBSTETRICS AND GYNAECOLOGY),Private Management Quota,UR,EWS,Fresh Allotment
322,3,28704,25,"COMMAND HOSPITAL EC, ALIPORE, KOLKATA",M.D. (ANAESTHESIOLOGY),State Quota,UR,General,Fresh Allotment
323,1,28805,-,BURDWAN MEDICAL COLLEGE,M.D. (RADIO- DIAGNOSIS),In-Service,SC,SC,Not Upgraded
324,1,28879,-,INSTITUTE OF POST GRADUATE MEDICAL EDUCATION AND RESEARCH KOLKATA,M.D. (PHYSIOLOGY),State Quota,UR,General,Retained
325,3,28935,3,MEDICAL COLLEGE KOLKATA,DIP.IN GYNAE. AND OBST.,State Quota,OBC-B (Non- Creamy Layer),OBC-B (Non- Creamy Layer),Upgraded
326,3,29151,24,"RAMAKRISHNA MISSION SEVA PRATISHTHAN VIVEKANANDA INSTITUTE OF MEDICAL SCIENCES, KOLKATA",DIPLOMA IN CHILD HEALTH/ PAEDIATRICS,State Quota,UR,General,Fresh Allotment
327,3,29201,17,BANKURA SAMMILANI MEDICAL COLLEGE,M.D. (OBST. AND GYNAE)/MS (OBSTETRICS AND GYNAECOLOGY),State Quota,OBC-B (Non- Creamy Layer),OBC-B (Non- Creamy Layer),Fresh Allotment
328,2,29250,-,NORTH BENGAL MEDICAL COLLEGE AND HOSPITAL,M.S. (GENERAL SURGERY),State Quota,SC,SC,Retained
329,1,29269,-,MEDICAL COLLEGE KOLKATA,M.D. (PAEDIATRICS),In-Service,UR,OBC-A (Non- Creamy Layer),Retained
330,3,29356,6,BURDWAN MEDICAL COLLEGE,M.D. (OBST. AND GYNAE)/MS (OBSTETRICS AND GYNAECOLOGY),State Quota,OBC-B (Non- Creamy Layer),OBC-B (Non- Creamy Layer),Upgraded
331,3,29507,8,"RAMAKRISHNA MISSION SEVA PRATISHTHAN VIVEKANANDA INSTITUTE OF MEDICAL SCIENCES, KOLKATA",M.D. (OBST. AND GYNAE)/MS (OBSTETRICS AND GYNAECOLOGY),State Quota,EWS,EWS,Upgraded
332,3,29864,18,BURDWAN MEDICAL COLLEGE,M.S. (ORTHOPAEDICS),State Quota,SC,SC,Upgraded
333,3,30149,2,NIL RATAN SIRCAR MEDICAL COLLEGE,M.D. (PAEDIATRICS),State Quota,SC,SC,Fresh Allotment
334,2,30178,-,GOURI DEVI INSTITUTE OF MEDICAL SCIENCES AND HOSPITAL,M.D. (OBST. AND GYNAE)/MS (OBSTETRICS AND GYNAECOLOGY),Private Management Quota,UR,General,Not Upgraded
335,3,30393,15,MEDICAL COLLEGE KOLKATA,M.S. (OPHTHALMOLOGY),State Quota,EWS,EWS,Upgraded
336,3,30438,10,BANKURA SAMMILANI MEDICAL COLLEGE,M.S. (GENERAL SURGERY),State Quota,OBC-B (Non- Creamy Layer),OBC-B (Non- Creamy Layer),Fresh Allotment
337,1,30562,-,INSTITUTE OF POST GRADUATE MEDICAL EDUCATION AND RESEARCH KOLKATA,M.D. (PREVENTIVE AND SOCIAL MEDICINE)/ COMMUNITY MEDICINE,State Quota,UR,General,Retained
338,3,30860,22,CALCUTTA NATIONAL MEDICAL COLLEGE KOLKATA,M.S. (E.N.T.),State Quota,OBC-A (Non- Creamy Layer),OBC-A (Non- Creamy Layer),Upgraded
339,2,31186,-,MEDICAL COLLEGE KOLKATA,M.D. (RADIOTHERAPY/ RADIATION ONCOLOGY),State Quota,SC,SC,Not Upgraded
340,3,31286,7,NORTH BENGAL MEDICAL COLLEGE AND HOSPITAL,M.D. (GENERAL MEDICINE),State Quota,SC,SC,Fresh Allotment
341,3,31289,11,"RAMAKRISHNA MISSION SEVA PRATISHTHAN VIVEKANANDA INSTITUTE OF MEDICAL SCIENCES, KOLKATA",M.D. (GENERAL MEDICINE),State Quota,SC,SC,Fresh Allotment
342,2,31374,-,NIL RATAN SIRCAR MEDICAL COLLEGE,M.D. (GENERAL MEDICINE),State Quota,ST,ST,Not Upgraded
343,3,31446,7,DR. B C ROY POST GRADUATE INSTITUTE OF PAEDIATRIC SCIENCES,M.D. (PAEDIATRICS),State Quota,SC,SC,Upgraded
344,1,31533,-,INSTITUTE OF POST GRADUATE MEDICAL EDUCATION AND RESEARCH KOLKATA,M.D. (GENERAL MEDICINE),In-Service,OBC-A (Non- Creamy Layer),OBC-A (Non- Creamy Layer),Retained
345,3,31650,13,BURDWAN MEDICAL COLLEGE,M.D. (PAEDIATRICS),State Quota,SC,SC,Fresh Allotment
346,3,31787,96,INSTITUTE OF POST GRADUATE MEDICAL EDUCATION AND RESEARCH KOLKATA,M.D. (ANAESTHESIOLOGY),State Quota,OBC-A (Non- Creamy Layer),OBC-A (Non- Creamy Layer),Upgraded
347,3,32009,52,MEDICAL COLLEGE KOLKATA,DIPLOMA IN ORTHOPAEDICS,State Quota,UR,General,Fresh Allotment
348,3,32016,32,MEDICAL COLLEGE KOLKATA,M.S. (OPHTHALMOLOGY),State Quota,OBC-A (Non- Creamy Layer),OBC-A (Non- Creamy Layer),Fresh Allotment
349,3,32056,3,NIL RATAN SIRCAR MEDICAL COLLEGE,M.D. (ANAESTHESIOLOGY),State Quota,OBC-A (Non- Creamy Layer),OBC-A (Non- Creamy Layer),Fresh Allotment
350,3,32445,2,ESI PGIMSR AND ESIC MEDICAL COLLEGE JOKA KOLKATA,M.D. (ANAESTHESIOLOGY),State Quota,OBC (Non-Creamy Layer),OBC-B (Non- Creamy Layer),Upgraded
351,3,32467,6,"RAMAKRISHNA MISSION SEVA PRATISHTHAN VIVEKANANDA INSTITUTE OF MEDICAL SCIENCES, KOLKATA",M.S. (ORTHOPAEDICS),State Quota,SC,SC,Fresh Allotment
352,3,32468,6,"RAMAKRISHNA MISSION SEVA PRATISHTHAN VIVEKANANDA INSTITUTE OF MEDICAL SCIENCES, KOLKATA",M.D. (OBST. AND GYNAE)/MS (OBSTETRICS AND GYNAECOLOGY),State Quota,SC,SC,Upgraded
353,3,32496,8,ICARE INSTITUTE OF MEDICAL SCIENCES AND RESEARCH HALDIA,M.D. (ANAESTHESIOLOGY),Private Management Quota,UR,OBC (Non-Creamy Layer),Fresh Allotment
354,3,32504,26,R G KAR MEDICAL COLLEGE,M.D. (OBST. AND GYNAE)/MS (OBSTETRICS AND GYNAECOLOGY),State Quota,SC,SC,Fresh Allotment
355,3,32592,2,ICARE INSTITUTE OF MEDICAL SCIENCES AND RESEARCH HALDIA,"M.D. (DERM.,VENE. AND LEPROSY)/ (DERMATOLOGY)/ (SKIN AND VENEREAL DISEASES)/ (VENEREOLOGY)",State Quota,UR,General,Fresh Allotment
356,3,32801,59,KPC MEDICAL COLLEGE,M.D. (ANAESTHESIOLOGY),State Quota,UR,General,Fresh Allotment
357,1,33077,-,MEDICAL COLLEGE KOLKATA,M.D. (GENERAL MEDICINE),In-Service,UR,OBC-A (Non- Creamy Layer),Retained
358,3,33201,103,R G KAR MEDICAL COLLEGE,M.D. (PHYSICAL MED. AND REHABILITATION),State Quota,UR,General,Fresh Allotment
359,3,33691,23,MIDNAPORE MEDICAL COLLEGE,M.D. (PAEDIATRICS),State Quota,SC,SC,Fresh Allotment
360,2,33760,-,R G KAR MEDICAL COLLEGE,DIPLOMA IN ANAESTHESIOLOGY,State Quota,UR,General,Not Upgraded
361,3,34231,3,ICARE INSTITUTE OF MEDICAL SCIENCES AND RESEARCH HALDIA,M.D. (RADIO- DIAGNOSIS),State Quota,OBC-A (Non- Creamy Layer),OBC-A (Non- Creamy Layer),Upgraded
362,3,34233,8,ICARE INSTITUTE OF MEDICAL SCIENCES AND RESEARCH HALDIA,M.D. (ANAESTHESIOLOGY),Private Management Quota,UR,General,Fresh Allotment
363,3,34311,5,"IQ CITY MEDICAL COLLEGE, DURGAPUR",M.D. (GENERAL MEDICINE),State Quota,SC,SC,Upgraded
364,1,34315,-,M R BANGUR HOSPITAL,(NBEMS) GENERAL MEDICINE,In-Service DNB,UR,OBC-A (Non- Creamy Layer),Retained
365,3,34393,3,NORTH BENGAL MEDICAL COLLEGE AND HOSPITAL,M.S. (ORTHOPAEDICS),State Quota,SC,SC,Upgraded
366,3,34494,90,"IQ CITY MEDICAL COLLEGE, DURGAPUR",M.S. (ORTHOPAEDICS),State Quota,UR,General,Fresh Allotment
367,3,34610,15,SHRI RAMKRISHNA INSTITUTE OF MEDICAL SCIENCES & SANAKA HOSPITALS,M.D. (GENERAL MEDICINE),State Quota,UR,General,Fresh Allotment
368,3,34681,84,KPC MEDICAL COLLEGE,M.D. (GENERAL MEDICINE),Private Management Quota,UR,General,Upgraded
369,3,34780,22,MALDA MEDICAL COLLEGE AND HOSPITAL,M.D. (PAEDIATRICS),State Quota,SC,SC,Fresh Allotment
370,3,35026,30,BURDWAN MEDICAL COLLEGE,M.D. (ANAESTHESIOLOGY),State Quota,OBC-A (Non- Creamy Layer),OBC-A (Non- Creamy Layer),Fresh Allotment
371,3,35104,19,BANKURA SAMMILANI MEDICAL COLLEGE,M.D. (OBST. AND GYNAE)/MS (OBSTETRICS AND GYNAECOLOGY),State Quota,SC,SC,Upgraded
372,3,35155,33,CALCUTTA NATIONAL MEDICAL COLLEGE KOLKATA,DIPLOMA IN ANAESTHESIOLOGY,State Quota,UR,General,Fresh Allotment
373,3,35373,13,NIL RATAN SIRCAR MEDICAL COLLEGE,M.D. (TUBERCULOSIS AND RESPIRATORY DISEASES)/PULMONA RY MEDICINE /M.D. (RESPIRATORY MEDICINE),State Quota,SC,SC,Upgraded
374,3,35635,9,SHRI RAMKRISHNA INSTITUTE OF MEDICAL SCIENCES & SANAKA HOSPITALS,M.D. (GENERAL MEDICINE),Private Management Quota,UR,OBC (Non-Creamy Layer),Fresh Allotment
375,2,35676,-,NIL RATAN SIRCAR MEDICAL COLLEGE,M.D. (ANAESTHESIOLOGY),State Quota,EWS,EWS,Not Upgraded
376,3,35892,13,MIDNAPORE MEDICAL COLLEGE,M.D. (OBST. AND GYNAE)/MS (OBSTETRICS AND GYNAECOLOGY),State Quota,SC,SC,Upgraded
377,3,35941,11,CALCUTTA NATIONAL MEDICAL COLLEGE KOLKATA,M.S. (GENERAL SURGERY),State Quota,SC,SC,Fresh Allotment
378,1,36002,-,KPC MEDICAL COLLEGE,M.S. (ORTHOPAEDICS),Private Management Quota,UR,General,Retained
379,3,36108,54,MIDNAPORE MEDICAL COLLEGE,M.D. (ANAESTHESIOLOGY),State Quota,OBC-A (Non- Creamy Layer),OBC-A (Non- Creamy Layer),Fresh Allotment
380,1,36396,-,NIL RATAN SIRCAR MEDICAL COLLEGE,M.D. (GENERAL MEDICINE),In-Service,UR,General,Not Upgraded
381,3,36709,9,SHRI RAMKRISHNA INSTITUTE OF MEDICAL SCIENCES & SANAKA HOSPITALS,M.D. (GENERAL MEDICINE),Private Management Quota,UR,SC,Fresh Allotment
382,3,36792,15,MIDNAPORE MEDICAL COLLEGE,M.D. (OBST. AND GYNAE)/MS (OBSTETRICS AND GYNAECOLOGY),State Quota,SC,SC,Fresh Allotment
383,3,36898,1,SHRI RAMKRISHNA INSTITUTE OF MEDICAL SCIENCES & SANAKA HOSPITALS,M.S. (ORTHOPAEDICS),State Quota,UR,General,Fresh Allotment
384,3,36921,17,MIDNAPORE MEDICAL COLLEGE,M.S. (GENERAL SURGERY),State Quota,OBC-B (Non- Creamy Layer),OBC-B (Non- Creamy Layer),Fresh Allotment
385,3,37214,6,"RAMAKRISHNA MISSION SEVA PRATISHTHAN VIVEKANANDA INSTITUTE OF MEDICAL SCIENCES, KOLKATA",M.D. (ANAESTHESIOLOGY),State Quota,OBC-A (Non- Creamy Layer),OBC-A (Non- Creamy Layer),Upgraded
386,2,37353,-,"SCHOOL OF TROPICAL MEDICINE, KOLKATA",M.D. (TROPICAL MEDICINE),State Quota,EWS,EWS,Not Upgraded
387,3,37595,17,COLLEGE OF MEDICINE AND SAGORE DUTTA HOSPITAL,M.D. (GENERAL MEDICINE),In-Service,SC,SC,Fresh Allotment
388,3,37611,12,MALDA MEDICAL COLLEGE AND HOSPITAL,M.D. (OBST. AND GYNAE)/MS (OBSTETRICS AND GYNAECOLOGY),State Quota,SC,SC,Upgraded
389,2,37640,-,CALCUTTA NATIONAL MEDICAL COLLEGE KOLKATA,M.D. (PREVENTIVE AND SOCIAL MEDICINE)/ COMMUNITY MEDICINE,State Quota,UR,General,Not Upgraded
390,3,37703,9,SHRI RAMKRISHNA INSTITUTE OF MEDICAL SCIENCES & SANAKA HOSPITALS,M.D. (GENERAL MEDICINE),Private Management Quota,UR,OBC (Non-Creamy Layer),Fresh Allotment
391,3,37705,9,SHRI RAMKRISHNA INSTITUTE OF MEDICAL SCIENCES & SANAKA HOSPITALS,M.D. (GENERAL MEDICINE),Private Management Quota,UR,General,Fresh Allotment
392,3,37826,1,"IQ CITY MEDICAL COLLEGE, DURGAPUR",M.D. (PAEDIATRICS),Private Management Quota,UR,General,Fresh Allotment
393,1,38017,-,NIL RATAN SIRCAR MEDICAL COLLEGE,M.D. (GENERAL MEDICINE),In-Service,UR,OBC-A (Non- Creamy Layer),Not Upgraded
394,3,38046,1,"IQ CITY MEDICAL COLLEGE, DURGAPUR",M.D. (PAEDIATRICS),Private Management Quota,UR,General,Fresh Allotment
395,3,38794,1,"IQ CITY MEDICAL COLLEGE, DURGAPUR",M.D. (GENERAL MEDICINE),Private Management Quota,UR,General,Fresh Allotment
396,3,38841,37,GOURI DEVI INSTITUTE OF MEDICAL SCIENCES AND HOSPITAL,M.D. (PAEDIATRICS),State Quota,UR,General,Fresh Allotment
397,3,38844,18,"RAMAKRISHNA MISSION SEVA PRATISHTHAN VIVEKANANDA INSTITUTE OF MEDICAL SCIENCES, KOLKATA",M.D. (ANAESTHESIOLOGY),State Quota,OBC-A (Non- Creamy Layer),OBC-A (Non- Creamy Layer),Fresh Allotment
398,3,38961,16,BURDWAN MEDICAL COLLEGE,M.S. (GENERAL SURGERY),State Quota,SC,SC,Fresh Allotment
399,3,39018,2,"IQ CITY MEDICAL COLLEGE, DURGAPUR",M.S. (OPHTHALMOLOGY),Private Management Quota,UR,OBC (Non-Creamy Layer),Fresh Allotment
400,3,39072,75,"IQ CITY MEDICAL COLLEGE, DURGAPUR",M.D. (PAEDIATRICS),State Quota,UR,General,Fresh Allotment
401,1,39089,-,DISTRICT HOSPITAL HOWRAH,(NBEMS) GENERAL MEDICINE,In-Service DNB,UR,OBC-B (Non- Creamy Layer),Retained
402,3,39137,3,CALCUTTA NATIONAL MEDICAL COLLEGE KOLKATA,M.S. (GENERAL SURGERY),State Quota,SC,SC,Fresh Allotment
403,3,39247,68,R G KAR MEDICAL COLLEGE,M.S. (OPHTHALMOLOGY),State Quota,OBC-A (Non- Creamy Layer),OBC-A (Non- Creamy Layer),Upgraded
404,3,39303,8,ICARE INSTITUTE OF MEDICAL SCIENCES AND RESEARCH HALDIA,M.D. (PAEDIATRICS),State Quota,UR,General,Fresh Allotment
405,3,39436,59,BANKURA SAMMILANI MEDICAL COLLEGE,M.D. (TUBERCULOSIS AND RESPIRATORY DISEASES)/PULMONA RY MEDICINE /M.D. (RESPIRATORY MEDICINE),State Quota,SC,SC,Fresh Allotment
406,2,39605,-,"RAMAKRISHNA MISSION SEVA PRATISHTHAN VIVEKANANDA INSTITUTE OF MEDICAL SCIENCES, KOLKATA",M.D. (GENERAL MEDICINE),State Quota,ST,ST,Not Upgraded
407,1,39683,-,INSTITUTE OF POST GRADUATE MEDICAL EDUCATION AND RESEARCH KOLKATA,M.S. (ORTHOPAEDICS),In-Service,UR,OBC-A (Non- Creamy Layer),Retained
408,1,39706,-,NORTH BENGAL MEDICAL COLLEGE AND HOSPITAL,M.D. (RADIO- DIAGNOSIS),In-Service,SC,SC,Retained
409,3,39761,11,MIDNAPORE MEDICAL COLLEGE,M.S. (GENERAL SURGERY),State Quota,SC,SC,Upgraded
410,2,40071,-,MEDICAL COLLEGE KOLKATA,DIPLOMA IN OPHTHALMOLOGY/DO MS,State Quota,UR,General,Not Upgraded
411,3,40177,1,KPC MEDICAL COLLEGE,M.D. (RADIO- DIAGNOSIS),State Quota,SC,SC,Fresh Allotment
412,3,40227,66,MURSHIDABAD MEDICAL COLLEGE AND HOSPITAL,M.D. (OBST. AND GYNAE)/MS (OBSTETRICS AND GYNAECOLOGY),State Quota,OBC-B (Non- Creamy Layer),OBC-B (Non- Creamy Layer),Upgraded
413,1,40456,-,KPC MEDICAL COLLEGE,M.S. (GENERAL SURGERY),Private Management Quota,UR,General,Not Upgraded
414,3,40582,12,GOURI DEVI INSTITUTE OF MEDICAL SCIENCES AND HOSPITAL,M.S. (ORTHOPAEDICS),State Quota,UR,OBC-A (Non- Creamy Layer),Fresh Allotment
415,3,40636,12,R G KAR MEDICAL COLLEGE,M.D. (PATHOLOGY),State Quota,UR,General,Fresh Allotment
416,2,40753,-,KPC MEDICAL COLLEGE,M.S. (E.N.T.),Private Management Quota,UR,General,Not Upgraded
417,1,41043,-,MEDICAL COLLEGE KOLKATA,DIPLOMA IN ORTHOPAEDICS,State Quota,SC,SC,Not Upgraded
418,3,41049,13,INSTITUTE OF POST GRADUATE MEDICAL EDUCATION AND RESEARCH KOLKATA,M.D. (PATHOLOGY),State Quota,UR,General,Upgraded
419,3,41106,1,IMAMBARA DISTRICT HOSPITAL,(NBEMS) PAEDIATRICS,In-Service DNB,UR,General,Upgraded
420,3,41487,9,INSTITUTE OF POST GRADUATE MEDICAL EDUCATION AND RESEARCH KOLKATA,M.D. (PATHOLOGY),State Quota,UR,General,Fresh Allotment
421,3,41899,15,"SCHOOL OF TROPICAL MEDICINE, KOLKATA",M.D. (TROPICAL MEDICINE),State Quota,SC,SC,Fresh Allotment
422,2,41993,-,KPC MEDICAL COLLEGE,M.S. (ORTHOPAEDICS),Private Management Quota,UR,General,Not Upgraded
423,3,42039,32,SHRI RAMKRISHNA INSTITUTE OF MEDICAL SCIENCES & SANAKA HOSPITALS,M.D. (PAEDIATRICS),State Quota,UR,General,Fresh Allotment
424,3,42090,1,MEDICAL COLLEGE KOLKATA,M.D. (PATHOLOGY),State Quota,OBC-B (Non- Creamy Layer),OBC-B (Non- Creamy Layer),Fresh Allotment
425,3,42307,55,JAGANNATH GUPTA INSTITUTE OF MEDICAL SCIENCES AND HOSPITAL,M.D. (TUBERCULOSIS AND RESPIRATORY DISEASES)/PULMONA RY MEDICINE /M.D. (RESPIRATORY MEDICINE),State Quota,UR,General,Upgraded
426,3,42656,94,BURDWAN MEDICAL COLLEGE,M.D. (PATHOLOGY),State Quota,UR,General,Fresh Allotment
427,3,42657,71,KPC MEDICAL COLLEGE,M.D. (PSYCHIATRY),State Quota,UR,General,Fresh Allotment
428,3,42679,2,"IQ CITY MEDICAL COLLEGE, DURGAPUR",M.S. (OPHTHALMOLOGY),Private Management Quota,UR,SC,Fresh Allotment
429,1,42718,-,GOURI DEVI INSTITUTE OF MEDICAL SCIENCES AND HOSPITAL,M.D. (PAEDIATRICS),Private Management Quota,UR,General,Not Upgraded
430,3,42807,2,KPC MEDICAL COLLEGE,M.S. (ORTHOPAEDICS),State Quota,SC,SC,Upgraded
431,3,42815,4,R G KAR MEDICAL COLLEGE,M.D. (RADIOTHERAPY/ RADIATION ONCOLOGY),State Quota,SC,SC,Fresh Allotment
432,1,42911,-,CALCUTTA NATIONAL MEDICAL COLLEGE KOLKATA,M.S. (ORTHOPAEDICS),In-Service,UR,General,Retained
433,3,42966,26,ICARE INSTITUTE OF MEDICAL SCIENCES AND RESEARCH HALDIA,M.D. (PSYCHIATRY),State Quota,UR,General,Fresh Allotment
434,3,43150,27,"RAMAKRISHNA MISSION SEVA PRATISHTHAN VIVEKANANDA INSTITUTE OF MEDICAL SCIENCES, KOLKATA",M.D. (PATHOLOGY),State Quota,UR,General,Fresh Allotment
435,3,43172,10,SHRI RAMKRISHNA INSTITUTE OF MEDICAL SCIENCES & SANAKA HOSPITALS,M.D. (OBST. AND GYNAE)/MS (OBSTETRICS AND GYNAECOLOGY),Private Management Quota,UR,General,Fresh Allotment
436,3,43808,2,MEDICAL COLLEGE KOLKATA,M.D. (PREVENTIVE AND SOCIAL MEDICINE)/ COMMUNITY MEDICINE,State Quota,UR,General,Upgraded
437,1,43868,-,BANKURA SAMMILANI MEDICAL COLLEGE,M.D. (RADIO- DIAGNOSIS),In-Service,OBC-A (Non- Creamy Layer),OBC-A (Non- Creamy Layer),Not Upgraded
438,3,43873,15,"IQ CITY MEDICAL COLLEGE, DURGAPUR",M.S. (GENERAL SURGERY),State Quota,UR,General,Fresh Allotment
439,3,44163,38,MEDICAL COLLEGE KOLKATA,DIPLOMA IN OTO- RHINO- LARYNGOLOGY,State Quota,UR,General,Fresh Allotment
440,1,44252,-,R G KAR MEDICAL COLLEGE,M.S. (ORTHOPAEDICS),In-Service,UR,OBC-A (Non- Creamy Layer),Retained
441,3,44436,66,MIDNAPORE MEDICAL COLLEGE,M.S. (E.N.T.),State Quota,OBC-A (Non- Creamy Layer),OBC-A (Non- Creamy Layer),Fresh Allotment
442,3,44518,47,JAGANNATH GUPTA INSTITUTE OF MEDICAL SCIENCES AND HOSPITAL,M.D. (ANAESTHESIOLOGY),State Quota,UR,General,Fresh Allotment
443,3,44620,52,MURSHIDABAD MEDICAL COLLEGE AND HOSPITAL,M.D. (PATHOLOGY),State Quota,UR,OBC (Non-Creamy Layer),Fresh Allotment
444,3,44695,38,MEDICAL COLLEGE KOLKATA,M.S. (OPHTHALMOLOGY),State Quota,SC,SC,Upgraded
445,3,44902,15,SHRI RAMKRISHNA INSTITUTE OF MEDICAL SCIENCES & SANAKA HOSPITALS,M.D. (ANAESTHESIOLOGY),State Quota,UR,General,Fresh Allotment
446,3,44929,35,"RAMAKRISHNA MISSION SEVA PRATISHTHAN VIVEKANANDA INSTITUTE OF MEDICAL SCIENCES, KOLKATA",M.S. (E.N.T.),State Quota,SC,SC,Fresh Allotment
447,3,44964,1,KPC MEDICAL COLLEGE,M.S. (ORTHOPAEDICS),Private Management Quota,UR,General,Fresh Allotment
448,1,45019,-,ALL INDIA INSTITUTE OF HYGIENE AND PUBLIC HEALTH,M.D. (PREVENTIVE AND SOCIAL MEDICINE)/ COMMUNITY MEDICINE,State Quota,OBC (Non-Creamy Layer),OBC-A (Non- Creamy Layer),Retained
449,2,45329,-,JAGANNATH GUPTA INSTITUTE OF MEDICAL SCIENCES AND HOSPITAL,M.D. (PAEDIATRICS),Private Management Quota,UR,General,Not Upgraded
450,1,45343,-,CALCUTTA NATIONAL MEDICAL COLLEGE KOLKATA,M.D. (GENERAL MEDICINE),In-Service,UR,OBC-A (Non- Creamy Layer),Not Upgraded
451,3,45767,9,NIL RATAN SIRCAR MEDICAL COLLEGE,M.D. (PREVENTIVE AND SOCIAL MEDICINE)/ COMMUNITY MEDICINE,State Quota,UR,General,Fresh Allotment
452,3,45790,71,ESI PGIMSR AND ESIC MEDICAL COLLEGE JOKA KOLKATA,M.S. (E.N.T.),State Quota,SC,SC,Fresh Allotment
453,3,45812,68,NORTH BENGAL MEDICAL COLLEGE AND HOSPITAL,M.S. (E.N.T.),State Quota,SC,SC,Fresh Allotment
454,3,45815,4,NORTH BENGAL MEDICAL COLLEGE AND HOSPITAL,M.D. (PATHOLOGY),State Quota,UR,General,Fresh Allotment
455,1,45884,-,MEDICAL COLLEGE KOLKATA,M.D. (GENERAL MEDICINE),In-Service,OBC-B (Non- Creamy Layer),OBC-B (Non- Creamy Layer),Retained
456,3,45973,1,MEDICAL COLLEGE KOLKATA,M.D. (ANAESTHESIOLOGY),State Quota,SC,SC,Upgraded
457,3,45997,13,MALDA MEDICAL COLLEGE AND HOSPITAL,M.D. (OBST. AND GYNAE)/MS (OBSTETRICS AND GYNAECOLOGY),State Quota,EWS,EWS,Fresh Allotment
458,1,46185,-,CALCUTTA NATIONAL MEDICAL COLLEGE KOLKATA,M.D. (GENERAL MEDICINE),In-Service,UR,General,Retained
459,3,46204,32,CALCUTTA NATIONAL MEDICAL COLLEGE KOLKATA,M.D. (ANAESTHESIOLOGY),State Quota,EWS,EWS,Upgraded
460,3,46206,43,MEDICAL COLLEGE KOLKATA,M.D. (ANAESTHESIOLOGY),State Quota,SC,SC,Fresh Allotment
461,1,46298,-,MALDA MEDICAL COLLEGE AND HOSPITAL,M.D. (PAEDIATRICS),In-Service,UR,OBC-A (Non- Creamy Layer),Retained
462,1,46738,-,R G KAR MEDICAL COLLEGE,M.D. (GENERAL MEDICINE),In-Service,UR,OBC-A (Non- Creamy Layer),Retained
463,3,46799,1,R G KAR MEDICAL COLLEGE,M.D. (ANAESTHESIOLOGY),State Quota,SC,SC,Fresh Allotment
464,3,46810,60,BANKURA SAMMILANI MEDICAL COLLEGE,M.S. (OPHTHALMOLOGY),State Quota,SC,SC,Fresh Allotment
465,3,47186,32,COLLEGE OF MEDICINE AND SAGORE DUTTA HOSPITAL,M.D. (PATHOLOGY),State Quota,UR,General,Fresh Allotment
466,1,47402,-,MAHARAJA JITENDRA NARAYAN MEDICAL COLLEGE AND HOSPITAL,(NBEMS-DIPLOMA) RADIO-DIAGNOSIS,In-Service DNB,UR,OBC-A (Non- Creamy Layer),Retained
467,3,47415,35,NORTH BENGAL MEDICAL COLLEGE AND HOSPITAL,M.S. (OPHTHALMOLOGY),State Quota,SC,SC,Fresh Allotment
468,3,47631,85,MEDICAL COLLEGE KOLKATA,DIPLOMA IN OPHTHALMOLOGY/DO MS,State Quota,UR,General,Fresh Allotment
469,3,47697,15,MURSHIDABAD MEDICAL COLLEGE AND HOSPITAL,M.D. (OBST. AND GYNAE)/MS (OBSTETRICS AND GYNAECOLOGY),State Quota,OBC-B (Non- Creamy Layer),OBC-B (Non- Creamy Layer),Upgraded
470,3,47847,54,GOURI DEVI INSTITUTE OF MEDICAL SCIENCES AND HOSPITAL,M.D. (ANAESTHESIOLOGY),State Quota,UR,General,Fresh Allotment
471,1,47881,-,MEDICAL COLLEGE KOLKATA,M.D. (GENERAL MEDICINE),In-Service,SC,SC,Retained
472,1,48008,-,SHRI RAMKRISHNA INSTITUTE OF MEDICAL SCIENCES & SANAKA HOSPITALS,M.D. (OBST. AND GYNAE)/MS (OBSTETRICS AND GYNAECOLOGY),State Quota,OBC-B (Non- Creamy Layer),OBC-B (Non- Creamy Layer),Not Upgraded
473,1,48258,-,KPC MEDICAL COLLEGE,M.S. (GENERAL SURGERY),Private Management Quota,UR,General,Retained
474,2,48367,-,NORTH BENGAL MEDICAL COLLEGE AND HOSPITAL,M.D. (ANAESTHESIOLOGY),State Quota,EWS,EWS,Not Upgraded
475,3,48402,43,BURDWAN MEDICAL COLLEGE,M.D. (ANAESTHESIOLOGY),State Quota,SC,SC,Fresh Allotment
476,1,48440,-,MEDICAL COLLEGE KOLKATA,M.D. (PAEDIATRICS),In-Service,UR,General,Retained
477,3,49006,76,NIL RATAN SIRCAR MEDICAL COLLEGE,M.D. (RADIOTHERAPY/ RADIATION ONCOLOGY),State Quota,OBC-A (Non- Creamy Layer),OBC-A (Non- Creamy Layer),Fresh Allotment
478,3,49409,66,ALL INDIA INSTITUTE OF HYGIENE AND PUBLIC HEALTH,M.P.H. (EPIDEMIOLOGY),State Quota,UR,General,Fresh Allotment
479,3,49828,37,"RAMAKRISHNA MISSION SEVA PRATISHTHAN VIVEKANANDA INSTITUTE OF MEDICAL SCIENCES, KOLKATA",M.S. (OPHTHALMOLOGY),State Quota,SC,SC,Fresh Allotment
480,2,49864,-,KPC MEDICAL COLLEGE,M.S. (GENERAL SURGERY),Private Management Quota,UR,General,Retained
481,1,49935,-,R G KAR MEDICAL COLLEGE,M.D. (OBST. AND GYNAE)/MS (OBSTETRICS AND GYNAECOLOGY),In-Service,UR,OBC-A (Non- Creamy Layer),Not Upgraded
482,3,50055,88,"RAMAKRISHNA MISSION SEVA PRATISHTHAN VIVEKANANDA INSTITUTE OF MEDICAL SCIENCES, KOLKATA",DIP.IN GYNAE. AND OBST.,State Quota,OBC-A (Non- Creamy Layer),OBC-A (Non- Creamy Layer),Fresh Allotment
483,3,50134,32,MIDNAPORE MEDICAL COLLEGE,M.S. (OPHTHALMOLOGY),State Quota,SC,SC,Fresh Allotment
484,3,50379,35,ICARE INSTITUTE OF MEDICAL SCIENCES AND RESEARCH HALDIA,M.D. (TUBERCULOSIS AND RESPIRATORY DISEASES)/PULMONA RY MEDICINE /M.D. (RESPIRATORY MEDICINE),State Quota,UR,General,Fresh Allotment
485,3,50535,48,NORTH BENGAL MEDICAL COLLEGE AND HOSPITAL,M.D. (ANAESTHESIOLOGY),State Quota,SC,SC,Fresh Allotment
486,1,50580,-,R G KAR MEDICAL COLLEGE,M.D. (GENERAL MEDICINE),In-Service,UR,General,Retained
487,1,51005,-,NORTH BENGAL MEDICAL COLLEGE AND HOSPITAL,M.D. (GENERAL MEDICINE),In-Service,UR,General,Retained
488,3,51151,29,MEDICAL COLLEGE KOLKATA,DIP.IN GYNAE. AND OBST.,State Quota,SC,SC,Upgraded
489,3,51869,10,BURDWAN MEDICAL COLLEGE,M.D. (PSYCHIATRY),State Quota,SC,SC,Upgraded
490,1,52327,-,INSTITUTE OF POST GRADUATE MEDICAL EDUCATION AND RESEARCH KOLKATA,M.D. (PATHOLOGY),State Quota,OBC-B (Non- Creamy Layer),OBC-B (Non- Creamy Layer),Retained
491,3,52448,77,"RAMAKRISHNA MISSION SEVA PRATISHTHAN VIVEKANANDA INSTITUTE OF MEDICAL SCIENCES, KOLKATA",DIPLOMA IN OTO- RHINO- LARYNGOLOGY,State Quota,UR,General,Fresh Allotment
492,3,52471,4,INSTITUTE OF POST GRADUATE MEDICAL EDUCATION AND RESEARCH KOLKATA,M.D. (PATHOLOGY),State Quota,SC,SC,Upgraded
493,1,52506,-,INSTITUTE OF POST GRADUATE MEDICAL EDUCATION AND RESEARCH KOLKATA,M.S. (ORTHOPAEDICS),In-Service,UR,SC,Retained
494,3,52545,10,NIL RATAN SIRCAR MEDICAL COLLEGE,M.D. (PATHOLOGY),State Quota,SC,SC,Fresh Allotment
495,3,52599,84,SHRI RAMKRISHNA INSTITUTE OF MEDICAL SCIENCES & SANAKA HOSPITALS,M.D. (ANAESTHESIOLOGY),State Quota,UR,General,Fresh Allotment
496,2,53215,-,INSTITUTE OF POST GRADUATE MEDICAL EDUCATION AND RESEARCH KOLKATA,M.D. (PHARMACOLOGY),State Quota,UR,General,Not Upgraded
497,3,53509,43,NORTH BENGAL MEDICAL COLLEGE AND HOSPITAL,M.D. (PSYCHIATRY),State Quota,SC,SC,Fresh Allotment
498,3,53669,1,BURDWAN MEDICAL COLLEGE,M.D. (RADIO- DIAGNOSIS),State Quota,ST,ST,Upgraded
499,3,53684,71,MEDICAL COLLEGE KOLKATA,DIPLOMA IN OPHTHALMOLOGY/DO MS,State Quota,UR,General,Fresh Allotment
500,3,53846,57,R G KAR MEDICAL COLLEGE,M.D. (ANAESTHESIOLOGY),State Quota,SC,SC,Fresh Allotment
501,3,55072,16,JAGANNATH GUPTA INSTITUTE OF MEDICAL SCIENCES AND HOSPITAL,M.D. (GENERAL MEDICINE),Private Management Quota,UR,General,Fresh Allotment
502,3,55389,18,ALL INDIA INSTITUTE OF HYGIENE AND PUBLIC HEALTH,M.D. (PREVENTIVE AND SOCIAL MEDICINE)/ COMMUNITY MEDICINE,State Quota,OBC (Non-Creamy Layer),OBC-A (Non- Creamy Layer),Fresh Allotment
503,3,55417,32,COLLEGE OF MEDICINE AND SAGORE DUTTA HOSPITAL,M.D. (ANAESTHESIOLOGY),State Quota,SC,SC,Fresh Allotment
504,2,55775,-,CALCUTTA NATIONAL MEDICAL COLLEGE KOLKATA,M.D. (GENERAL MEDICINE),In-Service,UR,General,Not Upgraded
505,3,55998,10,BANKURA SAMMILANI MEDICAL COLLEGE,M.D. (ANAESTHESIOLOGY),State Quota,SC,SC,Fresh Allotment
506,1,56015,-,BARASAT GOVERNMENT MEDICAL COLLEGE AND HOSPITAL,(NBEMS) GENERAL MEDICINE,In-Service DNB,OBC-A (Non- Creamy Layer),OBC-A (Non- Creamy Layer),Retained
507,3,56163,9,NORTH BENGAL MEDICAL COLLEGE AND HOSPITAL,M.D. (PATHOLOGY),State Quota,UR,General,Upgraded
508,3,56190,26,MURSHIDABAD MEDICAL COLLEGE AND HOSPITAL,M.D. (ANAESTHESIOLOGY),State Quota,SC,SC,Fresh Allotment
509,3,56316,16,JAGANNATH GUPTA INSTITUTE OF MEDICAL SCIENCES AND HOSPITAL,M.S. (GENERAL SURGERY),State Quota,SC,SC,Upgraded
510,3,56721,1,MEDICAL COLLEGE KOLKATA,M.D. (PATHOLOGY),State Quota,SC,SC,Upgraded
511,1,56819,-,R G KAR MEDICAL COLLEGE,M.D. (GENERAL MEDICINE),In-Service,SC,SC,Not Upgraded
512,3,56881,21,GOURI DEVI INSTITUTE OF MEDICAL SCIENCES AND HOSPITAL,M.D. (PAEDIATRICS),State Quota,OBC-B (Non- Creamy Layer),OBC-B (Non- Creamy Layer),Fresh Allotment
513,1,57014,-,DIAMOND HARBOUR GOVERNMENT MEDICAL COLLEGE AND HOSPITAL,(NBEMS) GENERAL MEDICINE,In-Service DNB,SC,SC,Retained
514,1,57220,-,INSTITUTE OF POST GRADUATE MEDICAL EDUCATION AND RESEARCH KOLKATA,M.S. (ORTHOPAEDICS),In-Service,OBC-A (Non- Creamy Layer),OBC-A (Non- Creamy Layer),Retained
515,3,57539,16,JAGANNATH GUPTA INSTITUTE OF MEDICAL SCIENCES AND HOSPITAL,M.S. (GENERAL SURGERY),State Quota,OBC-B (Non- Creamy Layer),OBC-B (Non- Creamy Layer),Fresh Allotment
516,3,58050,121,GOURI DEVI INSTITUTE OF MEDICAL SCIENCES AND HOSPITAL,M.S. (GENERAL SURGERY),State Quota,SC,SC,Upgraded
517,2,58516,-,BANKURA SAMMILANI MEDICAL COLLEGE,M.D. (MICROBIOLOGY),State Quota,UR,General,Not Upgraded
518,3,58611,50,"SCHOOL OF TROPICAL MEDICINE, KOLKATA",M.D. (MICROBIOLOGY),State Quota,UR,General,Fresh Allotment
519,3,58627,34,ICARE INSTITUTE OF MEDICAL SCIENCES AND RESEARCH HALDIA,M.D. (ANAESTHESIOLOGY),State Quota,UR,General,Fresh Allotment
520,3,58752,136,MEDICAL COLLEGE KOLKATA,DIPLOMA IN OPHTHALMOLOGY/DO MS,State Quota,OBC-A (Non- Creamy Layer),OBC-A (Non- Creamy Layer),Fresh Allotment
521,3,59332,32,GOURI DEVI INSTITUTE OF MEDICAL SCIENCES AND HOSPITAL,M.S. (OPHTHALMOLOGY),State Quota,UR,General,Fresh Allotment
522,3,59567,41,KPC MEDICAL COLLEGE,M.S. (GENERAL SURGERY),Private Management Quota,UR,General,Fresh Allotment
523,3,59916,83,JAGANNATH GUPTA INSTITUTE OF MEDICAL SCIENCES AND HOSPITAL,M.D. (GENERAL MEDICINE),Private Management Quota,UR,General,Upgraded
524,1,60270,-,MEDICAL COLLEGE KOLKATA,M.D. (OBST. AND GYNAE)/MS (OBSTETRICS AND GYNAECOLOGY),In-Service,UR,General,Retained
525,3,60348,52,NIL RATAN SIRCAR MEDICAL COLLEGE,M.D. (PSYCHIATRY),State Quota,OBC-B (Non- Creamy Layer),OBC-B (Non- Creamy Layer),Fresh Allotment
526,3,60768,2,"IQ CITY MEDICAL COLLEGE, DURGAPUR",M.D. (PATHOLOGY),State Quota,UR,General,Fresh Allotment
527,3,61119,73,JAGANNATH GUPTA INSTITUTE OF MEDICAL SCIENCES AND HOSPITAL,M.D. (ANAESTHESIOLOGY),State Quota,UR,General,Fresh Allotment
528,2,61340,-,GOURI DEVI INSTITUTE OF MEDICAL SCIENCES AND HOSPITAL,M.D. (PAEDIATRICS),Private Management Quota,UR,General,Retained
529,3,61483,3,"IQ CITY MEDICAL COLLEGE, DURGAPUR",M.D. (TUBERCULOSIS AND RESPIRATORY DISEASES)/PULMONA RY MEDICINE /M.D. (RESPIRATORY MEDICINE),Private Management Quota,UR,General,Fresh Allotment
530,3,61740,85,SHRI RAMKRISHNA INSTITUTE OF MEDICAL SCIENCES & SANAKA HOSPITALS,M.S. (GENERAL SURGERY),State Quota,SC,SC,Fresh Allotment
531,1,61852,-,NIL RATAN SIRCAR MEDICAL COLLEGE,M.S. (ORTHOPAEDICS),In-Service,UR,OBC-A (Non- Creamy Layer),Retained
532,1,61883,-,"RAMAKRISHNA MISSION SEVA PRATISHTHAN VIVEKANANDA INSTITUTE OF MEDICAL SCIENCES, KOLKATA",M.D. (GENERAL MEDICINE),In-Service,UR,General,Retained
533,1,62188,-,BURDWAN MEDICAL COLLEGE,M.D. (GENERAL MEDICINE),In-Service,OBC-A (Non- Creamy Layer),OBC-A (Non- Creamy Layer),Not Upgraded
534,1,62259,-,IMAMBARA DISTRICT HOSPITAL,(NBEMS) GENERAL MEDICINE,In-Service DNB,OBC-A (Non- Creamy Layer),OBC-A (Non- Creamy Layer),Retained
535,2,62413,-,"IQ CITY MEDICAL COLLEGE, DURGAPUR",M.D. (ANAESTHESIOLOGY),State Quota,SC,SC,Not Upgraded
536,1,62441,-,CALCUTTA NATIONAL MEDICAL COLLEGE KOLKATA,M.D. (GENERAL MEDICINE),In-Service,SC,SC,Not Upgraded
537,1,62895,-,BURDWAN MEDICAL COLLEGE,M.S. (ORTHOPAEDICS),In-Service,UR,OBC-A (Non- Creamy Layer),Not Upgraded
538,1,63328,-,JAGANNATH GUPTA INSTITUTE OF MEDICAL SCIENCES AND HOSPITAL,M.D. (GENERAL MEDICINE),State Quota,OBC-B (Non- Creamy Layer),OBC-B (Non- Creamy Layer),Retained
539,2,63489,-,MEDICAL COLLEGE KOLKATA,M.S. (OPHTHALMOLOGY),State Quota,ST,ST,Retained
540,3,64103,3,NIL RATAN SIRCAR MEDICAL COLLEGE,M.S. (OPHTHALMOLOGY),State Quota,OBC-B (Non- Creamy Layer),OBC-B (Non- Creamy Layer),Upgraded
541,3,64686,30,GOURI DEVI INSTITUTE OF MEDICAL SCIENCES AND HOSPITAL,M.S. (ORTHOPAEDICS),Private Management Quota,UR,SC,Fresh Allotment
542,3,64873,4,INSTITUTE OF POST GRADUATE MEDICAL EDUCATION AND RESEARCH KOLKATA,M.S. (E.N.T.),State Quota,OBC-B (Non- Creamy Layer),OBC-B (Non- Creamy Layer),Upgraded
543,2,65044,-,BURDWAN MEDICAL COLLEGE,M.D. (GENERAL MEDICINE),In-Service,UR,OBC (Non-Creamy Layer),Retained
544,3,65075,100,NIL RATAN SIRCAR MEDICAL COLLEGE,M.S. (E.N.T.),State Quota,EWS,EWS,Upgraded
545,1,65198,-,GOURI DEVI INSTITUTE OF MEDICAL SCIENCES AND HOSPITAL,"M.D. (DERM.,VENE. AND LEPROSY)/ (DERMATOLOGY)/ (SKIN AND VENEREAL DISEASES)/ (VENEREOLOGY)",State Quota,ST,ST,Not Upgraded
546,1,65230,-,NORTH BENGAL MEDICAL COLLEGE AND HOSPITAL,M.D. (GENERAL MEDICINE),In-Service,UR,OBC-A (Non- Creamy Layer),Retained
547,3,65566,40,CALCUTTA NATIONAL MEDICAL COLLEGE KOLKATA,M.D. (PATHOLOGY),State Quota,SC,SC,Fresh Allotment
548,3,66035,7,SHRI RAMKRISHNA INSTITUTE OF MEDICAL SCIENCES & SANAKA HOSPITALS,M.S. (E.N.T.),State Quota,UR,General,Fresh Allotment
549,1,66219,-,INSTITUTE OF POST GRADUATE MEDICAL EDUCATION AND RESEARCH KOLKATA,M.D. (PAEDIATRICS),In-Service,UR,OBC-A (Non- Creamy Layer),Retained
550,1,66495,-,JAGANNATH GUPTA INSTITUTE OF MEDICAL SCIENCES AND HOSPITAL,M.D. (PAEDIATRICS),State Quota,OBC-B (Non- Creamy Layer),OBC-B (Non- Creamy Layer),Not Upgraded
551,1,66652,-,KPC MEDICAL COLLEGE,M.D. (GENERAL MEDICINE),NRI Quota,UR,General,Retained
552,1,66820,-,MEDICAL COLLEGE KOLKATA,M.S. (ORTHOPAEDICS),In-Service,SC,SC,Retained
553,1,66967,-,TAMRALIPTO GOVERNMENT MEDICAL COLLEGE,(NBEMS) GENERAL MEDICINE,In-Service DNB,UR,SC,Retained
554,3,66972,65,GOURI DEVI INSTITUTE OF MEDICAL SCIENCES AND HOSPITAL,M.S. (OPHTHALMOLOGY),State Quota,UR,General,Fresh Allotment
555,1,67004,-,INSTITUTE OF POST GRADUATE MEDICAL EDUCATION AND RESEARCH KOLKATA,M.D. (PATHOLOGY),In-Service,UR,General,Not Upgraded
556,2,67261,-,"RAMAKRISHNA MISSION SEVA PRATISHTHAN VIVEKANANDA INSTITUTE OF MEDICAL SCIENCES, KOLKATA",M.D. (GENERAL MEDICINE),In-Service,UR,OBC-A (Non- Creamy Layer),Not Upgraded
557,3,67516,3,JAGANNATH GUPTA INSTITUTE OF MEDICAL SCIENCES AND HOSPITAL,M.D. (OBST. AND GYNAE)/MS (OBSTETRICS AND GYNAECOLOGY),Private Management Quota,UR,OBC (Non-Creamy Layer),Fresh Allotment
558,1,67912,-,DIAMOND HARBOUR GOVERNMENT MEDICAL COLLEGE AND HOSPITAL,(NBEMS) PAEDIATRICS,In-Service DNB,UR,SC,Retained
559,3,67950,5,GOURI DEVI INSTITUTE OF MEDICAL SCIENCES AND HOSPITAL,M.D. (PATHOLOGY),State Quota,UR,General,Fresh Allotment
560,3,67961,23,SHRI RAMKRISHNA INSTITUTE OF MEDICAL SCIENCES & SANAKA HOSPITALS,M.D. (PAEDIATRICS),Private Management Quota,UR,General,Fresh Allotment
561,1,68130,-,INSTITUTE OF CHILD HEALTH,M.D. (PAEDIATRICS),In-Service,UR,General,Retained
562,2,68564,-,GOURI DEVI INSTITUTE OF MEDICAL SCIENCES AND HOSPITAL,M.D. (OBST. AND GYNAE)/MS (OBSTETRICS AND GYNAECOLOGY),Private Management Quota,UR,General,Not Upgraded
563,3,68687,128,INSTITUTE OF POST GRADUATE MEDICAL EDUCATION AND RESEARCH KOLKATA,M.D. (PHYSICAL MED. AND REHABILITATION),State Quota,SC,SC,Fresh Allotment
564,1,68863,-,INSTITUTE OF POST GRADUATE MEDICAL EDUCATION AND RESEARCH KOLKATA,M.S. (GENERAL SURGERY),In-Service,UR,SC,Retained
565,2,68906,-,MIDNAPORE MEDICAL COLLEGE,M.D. (GENERAL MEDICINE),In-Service,UR,General,Not Upgraded
566,1,69109,-,BURDWAN MEDICAL COLLEGE,M.S. (ORTHOPAEDICS),In-Service,UR,General,Not Upgraded
567,3,69186,46,COLLEGE OF MEDICINE AND SAGORE DUTTA HOSPITAL,M.D. (PREVENTIVE AND SOCIAL MEDICINE)/ COMMUNITY MEDICINE,State Quota,UR,General,Fresh Allotment
568,3,69220,86,ICARE INSTITUTE OF MEDICAL SCIENCES AND RESEARCH HALDIA,M.S. (E.N.T.),State Quota,UR,General,Fresh Allotment
569,3,69257,157,SHRI RAMKRISHNA INSTITUTE OF MEDICAL SCIENCES & SANAKA HOSPITALS,M.S. (E.N.T.),State Quota,UR,General,Fresh Allotment
570,3,69558,11,"RAMAKRISHNA MISSION SEVA PRATISHTHAN VIVEKANANDA INSTITUTE OF MEDICAL SCIENCES, KOLKATA",M.S. (GENERAL SURGERY),State Quota,ST,ST,Upgraded
571,3,69681,19,MEDICAL COLLEGE KOLKATA,DIPLOMA IN ANAESTHESIOLOGY,State Quota,SC,SC,Fresh Allotment
572,3,69683,10,ICARE INSTITUTE OF MEDICAL SCIENCES AND RESEARCH HALDIA,M.S. (OPHTHALMOLOGY),State Quota,UR,General,Fresh Allotment
573,3,70204,60,R G KAR MEDICAL COLLEGE,M.D. (PATHOLOGY),State Quota,SC,SC,Fresh Allotment
574,1,70336,-,KPC MEDICAL COLLEGE,M.D. (RADIO- DIAGNOSIS),NRI Quota,UR,General,Retained
575,1,70464,-,BANKURA SAMMILANI MEDICAL COLLEGE,"M.D. (DERM.,VENE. AND LEPROSY)/ (DERMATOLOGY)/ (SKIN AND VENEREAL DISEASES)/ (VENEREOLOGY)",In-Service,SC,SC,Retained
576,3,70686,139,KPC MEDICAL COLLEGE,M.S. (GENERAL SURGERY),State Quota,OBC-A (Non- Creamy Layer),OBC-A (Non- Creamy Layer),Fresh Allotment
577,3,70716,39,BANKURA SAMMILANI MEDICAL COLLEGE,M.D. (PATHOLOGY),State Quota,SC,SC,Upgraded
578,2,71028,-,NORTH BENGAL MEDICAL COLLEGE AND HOSPITAL,M.D. (OBST. AND GYNAE)/MS (OBSTETRICS AND GYNAECOLOGY),State Quota,ST,ST,Not Upgraded
579,3,71168,34,ICARE INSTITUTE OF MEDICAL SCIENCES AND RESEARCH HALDIA,M.S. (OPHTHALMOLOGY),State Quota,SC,SC,Fresh Allotment
580,1,71263,-,INSTITUTE OF POST GRADUATE MEDICAL EDUCATION AND RESEARCH KOLKATA,M.D. (TUBERCULOSIS AND RESPIRATORY DISEASES)/PULMONA RY MEDICINE /M.D. (RESPIRATORY MEDICINE),In-Service,UR,General,Not Upgraded
581,3,71390,5,MEDICAL COLLEGE KOLKATA,DIPLOMA IN OPHTHALMOLOGY/DO MS,State Quota,SC,SC,Fresh Allotment
582,1,71560,-,INSTITUTE OF CHILD HEALTH,M.D. (PAEDIATRICS),In-Service,UR,General,Retained
583,1,71671,-,NORTH BENGAL MEDICAL COLLEGE AND HOSPITAL,M.D. (OBST. AND GYNAE)/MS (OBSTETRICS AND GYNAECOLOGY),In-Service,UR,General,Retained
584,2,71840,-,BANKURA SAMMILANI MEDICAL COLLEGE,M.D. (GENERAL MEDICINE),In-Service,UR,General,Retained
585,3,72594,91,MEDICAL COLLEGE KOLKATA,M.D. (PHARMACOLOGY),State Quota,UR,General,Fresh Allotment
586,3,72675,5,ALL INDIA INSTITUTE OF HYGIENE AND PUBLIC HEALTH,M.D. (PREVENTIVE AND SOCIAL MEDICINE)/ COMMUNITY MEDICINE,State Quota,SC,SC,Fresh Allotment
587,3,72965,1,CALCUTTA NATIONAL MEDICAL COLLEGE KOLKATA,M.D. (OBST. AND GYNAE)/MS (OBSTETRICS AND GYNAECOLOGY),State Quota,ST,ST,Fresh Allotment
588,1,73467,-,INSTITUTE OF POST GRADUATE MEDICAL EDUCATION AND RESEARCH KOLKATA,M.D. (RADIO- DIAGNOSIS),In-Service,OBC-B (Non- Creamy Layer),OBC-B (Non- Creamy Layer),Retained
589,1,73807,-,"RAMAKRISHNA MISSION SEVA PRATISHTHAN VIVEKANANDA INSTITUTE OF MEDICAL SCIENCES, KOLKATA",M.S. (ORTHOPAEDICS),In-Service,UR,General,Not Upgraded
590,1,73913,-,MEDICAL COLLEGE KOLKATA,M.D. (TUBERCULOSIS AND RESPIRATORY DISEASES)/PULMONA RY MEDICINE /M.D. (RESPIRATORY MEDICINE),In-Service,UR,General,Retained
591,3,73970,55,MEDICAL COLLEGE KOLKATA,DIP.IN GYNAE. AND OBST.,State Quota,EWS,EWS,Upgraded
592,1,73977,-,KPC MEDICAL COLLEGE,M.D. (ANAESTHESIOLOGY),Private Management Quota,UR,General,Not Upgraded
593,1,74121,-,ESI PGIMSR AND ESIC MEDICAL COLLEGE JOKA KOLKATA,M.S. (ORTHOPAEDICS),In-Service,UR,General,Not Upgraded
594,1,74209,-,ALL INDIA INSTITUTE OF HYGIENE AND PUBLIC HEALTH,M.D. (PREVENTIVE AND SOCIAL MEDICINE)/ COMMUNITY MEDICINE,In-Service,UR,General,Retained
595,3,74855,147,JAGANNATH GUPTA INSTITUTE OF MEDICAL SCIENCES AND HOSPITAL,M.D. (OBST. AND GYNAE)/MS (OBSTETRICS AND GYNAECOLOGY),State Quota,SC,SC,Fresh Allotment
596,1,74860,-,ALL INDIA INSTITUTE OF HYGIENE AND PUBLIC HEALTH,M.D. (PREVENTIVE AND SOCIAL MEDICINE)/ COMMUNITY MEDICINE,State Quota,ST,ST,Retained
597,3,75597,73,COLLEGE OF MEDICINE AND JNM HOSPITAL KALYANI,M.D. (PREVENTIVE AND SOCIAL MEDICINE)/ COMMUNITY MEDICINE,State Quota,UR,General,Fresh Allotment
598,1,76399,-,NORTH BENGAL MEDICAL COLLEGE AND HOSPITAL,M.D. (GENERAL MEDICINE),In-Service,SC,SC,Not Upgraded
599,3,76439,103,KPC MEDICAL COLLEGE,M.D. (ANAESTHESIOLOGY),State Quota,OBC-A (Non- Creamy Layer),OBC-A (Non- Creamy Layer),Fresh Allotment
600,1,77161,-,NIL RATAN SIRCAR MEDICAL COLLEGE,M.S. (GENERAL SURGERY),In-Service,UR,General,Retained
601,1,77353,-,ALL INDIA INSTITUTE OF HYGIENE AND PUBLIC HEALTH,M.P.H. (EPIDEMIOLOGY),State Quota,SC,SC,Retained
602,3,77698,125,BURDWAN MEDICAL COLLEGE,M.D. (PREVENTIVE AND SOCIAL MEDICINE)/ COMMUNITY MEDICINE,State Quota,UR,General,Fresh Allotment
603,2,77891,-,"IQ CITY MEDICAL COLLEGE, DURGAPUR",M.D. (PREVENTIVE AND SOCIAL MEDICINE)/ COMMUNITY MEDICINE,State Quota,UR,General,Retained
604,3,78058,33,JAGANNATH GUPTA INSTITUTE OF MEDICAL SCIENCES AND HOSPITAL,M.S. (E.N.T.),State Quota,SC,SC,Fresh Allotment
605,1,78138,-,INSTITUTE OF POST GRADUATE MEDICAL EDUCATION AND RESEARCH KOLKATA,M.S. (GENERAL SURGERY),In-Service,UR,General,Retained
606,1,78621,-,MEDICAL COLLEGE KOLKATA,M.D. (PAEDIATRICS),In-Service,OBC-A (Non- Creamy Layer),OBC-A (Non- Creamy Layer),Not Upgraded
607,1,78705,-,NORTH BENGAL MEDICAL COLLEGE AND HOSPITAL,M.D. (GENERAL MEDICINE),In-Service,OBC-A (Non- Creamy Layer),OBC-A (Non- Creamy Layer),Not Upgraded
608,3,78810,1,JAGANNATH GUPTA INSTITUTE OF MEDICAL SCIENCES AND HOSPITAL,M.S. (ORTHOPAEDICS),Private Management Quota,UR,General,Upgraded
609,3,79784,130,"IQ CITY MEDICAL COLLEGE, DURGAPUR",M.D. (TUBERCULOSIS AND RESPIRATORY DISEASES)/PULMONA RY MEDICINE /M.D. (RESPIRATORY MEDICINE),Private Management Quota,UR,General,Fresh Allotment
610,2,79832,-,GOURI DEVI INSTITUTE OF MEDICAL SCIENCES AND HOSPITAL,M.D. (TUBERCULOSIS AND RESPIRATORY DISEASES)/PULMONA RY MEDICINE /M.D. (RESPIRATORY MEDICINE),Private Management Quota,UR,General,Retained
611,3,80100,30,GOURI DEVI INSTITUTE OF MEDICAL SCIENCES AND HOSPITAL,M.D. (OBST. AND GYNAE)/MS (OBSTETRICS AND GYNAECOLOGY),State Quota,SC,SC,Fresh Allotment
612,3,80322,68,NIL RATAN SIRCAR MEDICAL COLLEGE,M.D. (PHARMACOLOGY),State Quota,UR,General,Fresh Allotment
613,1,80342,-,R G KAR MEDICAL COLLEGE,M.D. (PAEDIATRICS),In-Service,UR,OBC-A (Non- Creamy Layer),Not Upgraded
614,2,80752,-,"DEBEN MAHATO SADAR HOSPITAL, PURULIA",(NBEMS) GENERAL MEDICINE,In-Service DNB,UR,General,Retained
615,3,81202,51,JAGANNATH GUPTA INSTITUTE OF MEDICAL SCIENCES AND HOSPITAL,M.D. (TUBERCULOSIS AND RESPIRATORY DISEASES)/PULMONA RY MEDICINE /M.D. (RESPIRATORY MEDICINE),Private Management Quota,UR,General,Fresh Allotment
616,1,81401,-,INSTITUTE OF POST GRADUATE MEDICAL EDUCATION AND RESEARCH KOLKATA,M.D. (ANAESTHESIOLOGY),In-Service,UR,SC,Retained
617,3,82043,34,JAGANNATH GUPTA INSTITUTE OF MEDICAL SCIENCES AND HOSPITAL,M.D. (ANAESTHESIOLOGY),State Quota,OBC-A (Non- Creamy Layer),OBC-A (Non- Creamy Layer),Upgraded
618,2,82202,-,MEDICAL COLLEGE KOLKATA,M.D. (PAEDIATRICS),In-Service,SC,SC,Retained
619,3,82406,17,MEDICAL COLLEGE KOLKATA,DIPLOMA IN OPHTHALMOLOGY/DO MS,State Quota,SC,SC,Fresh Allotment
620,2,82723,-,R G KAR MEDICAL COLLEGE,M.D. (TUBERCULOSIS AND RESPIRATORY DISEASES)/PULMONA RY MEDICINE /M.D. (RESPIRATORY MEDICINE),In-Service,UR,General,Not Upgraded
621,1,82855,-,GOURI DEVI INSTITUTE OF MEDICAL SCIENCES AND HOSPITAL,M.S. (GENERAL SURGERY),Private Management Quota,UR,General,Retained
622,3,82862,53,MEDICAL COLLEGE KOLKATA,M.D. IN TRANSFUSION MEDICINE/ IMMUNO- HAEMATOLOGY AND BLOOD TRANSFUSION,State Quota,OBC-A (Non- Creamy Layer),OBC-A (Non- Creamy Layer),Fresh Allotment
623,3,82929,109,BURDWAN MEDICAL COLLEGE,DIPLOMA IN OPHTHALMOLOGY/DO MS,State Quota,SC,SC,Fresh Allotment
624,3,83144,92,JAGANNATH GUPTA INSTITUTE OF MEDICAL SCIENCES AND HOSPITAL,M.D. (ANAESTHESIOLOGY),State Quota,SC,SC,Fresh Allotment
625,3,83146,16,"SCHOOL OF TROPICAL MEDICINE, KOLKATA",M.D. (PHARMACOLOGY),State Quota,UR,General,Fresh Allotment
626,3,83398,57,NIL RATAN SIRCAR MEDICAL COLLEGE,M.D. (ANAESTHESIOLOGY),State Quota,OBC-B (Non- Creamy Layer),OBC-B (Non- Creamy Layer),Fresh Allotment
627,1,83765,-,NIL RATAN SIRCAR MEDICAL COLLEGE,M.D. (PAEDIATRICS),In-Service,UR,General,Not Upgraded
628,2,83791,-,"IQ CITY MEDICAL COLLEGE, DURGAPUR",M.S. (GENERAL SURGERY),Private Management Quota,UR,General,Retained
629,1,83810,-,INSTITUTE OF POST GRADUATE MEDICAL EDUCATION AND RESEARCH KOLKATA,M.D. (PSYCHIATRY),In-Service,UR,General,Retained
630,1,84024,-,R G KAR MEDICAL COLLEGE,M.S. (GENERAL SURGERY),In-Service,UR,General,Retained
631,3,84734,129,ICARE INSTITUTE OF MEDICAL SCIENCES AND RESEARCH HALDIA,M.D. (ANAESTHESIOLOGY),State Quota,SC,SC,Fresh Allotment
632,1,84925,-,M R BANGUR HOSPITAL,(NBEMS) GENERAL SURGERY,In-Service DNB,UR,SC,Retained
633,3,84997,2,CALCUTTA NATIONAL MEDICAL COLLEGE KOLKATA,M.D. (PSYCHIATRY),In-Service,UR,General,Fresh Allotment
634,1,85222,-,CALCUTTA NATIONAL MEDICAL COLLEGE KOLKATA,M.S. (ORTHOPAEDICS),In-Service,SC,SC,Not Upgraded
635,2,85241,-,BURDWAN MEDICAL COLLEGE,M.D. (PHARMACOLOGY),State Quota,UR,SC,Not Upgraded
636,3,85315,3,"IQ CITY MEDICAL COLLEGE, DURGAPUR",M.S. (GENERAL SURGERY),Private Management Quota,UR,OBC (Non-Creamy Layer),Fresh Allotment
637,3,85362,1,MEDICAL COLLEGE KOLKATA,M.D. (PAEDIATRICS),State Quota,ST,ST,Upgraded
638,1,85521,-,DR. B C ROY POST GRADUATE INSTITUTE OF PAEDIATRIC SCIENCES,M.D. (PAEDIATRICS),In-Service,OBC-A (Non- Creamy Layer),OBC-A (Non- Creamy Layer),Retained
639,1,85522,-,INSTITUTE OF POST GRADUATE MEDICAL EDUCATION AND RESEARCH KOLKATA,"M.D. (DERM.,VENE. AND LEPROSY)/ (DERMATOLOGY)/ (SKIN AND VENEREAL DISEASES)/ (VENEREOLOGY)",In-Service,OBC-B (Non- Creamy Layer),OBC-B (Non- Creamy Layer),Retained
640,3,86013,4,COLLEGE OF MEDICINE AND SAGORE DUTTA HOSPITAL,M.D. (TUBERCULOSIS AND RESPIRATORY DISEASES)/PULMONA RY MEDICINE /M.D. (RESPIRATORY MEDICINE),State Quota,ST,ST,Fresh Allotment
641,2,86032,-,GOURI DEVI INSTITUTE OF MEDICAL SCIENCES AND HOSPITAL,M.D. (TUBERCULOSIS AND RESPIRATORY DISEASES)/PULMONA RY MEDICINE /M.D. (RESPIRATORY MEDICINE),Private Management Quota,UR,General,Retained
642,1,86268,-,KPC MEDICAL COLLEGE,M.D. (GENERAL MEDICINE),In-Service,UR,OBC-B (Non- Creamy Layer),Not Upgraded
643,1,86315,-,NIL RATAN SIRCAR MEDICAL COLLEGE,M.D. (PAEDIATRICS),In-Service,UR,General,Retained
644,3,86362,2,KPC MEDICAL COLLEGE,M.D. (ANAESTHESIOLOGY),Private Management Quota,UR,General,Fresh Allotment
645,3,86758,3,KPC MEDICAL COLLEGE,M.S. (GENERAL SURGERY),Private Management Quota,UR,EWS,Fresh Allotment
646,3,87809,50,KPC MEDICAL COLLEGE,M.S. (GENERAL SURGERY),Private Management Quota,UR,General,Fresh Allotment
647,2,87936,-,GOURI DEVI INSTITUTE OF MEDICAL SCIENCES AND HOSPITAL,M.D. (RADIO- DIAGNOSIS),In-Service,UR,General,Not Upgraded
648,2,88100,-,BURDWAN MEDICAL COLLEGE,M.D. (PAEDIATRICS),In-Service,UR,OBC-A (Non- Creamy Layer),Not Upgraded
649,1,88133,-,CALCUTTA NATIONAL MEDICAL COLLEGE KOLKATA,M.D. (TUBERCULOSIS AND RESPIRATORY DISEASES)/PULMONA RY MEDICINE /M.D. (RESPIRATORY MEDICINE),In-Service,SC,SC,Not Upgraded
650,3,88315,52,GOURI DEVI INSTITUTE OF MEDICAL SCIENCES AND HOSPITAL,M.S. (E.N.T.),State Quota,SC,SC,Fresh Allotment
651,1,88474,-,MEDICAL COLLEGE KOLKATA,M.D. (PATHOLOGY),In-Service,UR,General,Retained
652,3,88841,5,INSTITUTE OF POST GRADUATE MEDICAL EDUCATION AND RESEARCH KOLKATA,M.D. (ANAESTHESIOLOGY),State Quota,ST,ST,Fresh Allotment
653,1,88937,-,DR. B C ROY POST GRADUATE INSTITUTE OF PAEDIATRIC SCIENCES,M.D. (PAEDIATRICS),In-Service,SC,SC,Retained
654,1,88954,-,ESI PGIMSR AND ESIC MEDICAL COLLEGE JOKA KOLKATA,M.D. (GENERAL MEDICINE),In-Service,OBC (Non-Creamy Layer),OBC-B (Non- Creamy Layer),Not Upgraded
655,1,88986,-,CALCUTTA NATIONAL MEDICAL COLLEGE KOLKATA,M.S. (OPHTHALMOLOGY),In-Service,UR,OBC-A (Non- Creamy Layer),Not Upgraded
656,1,88995,-,"SCHOOL OF TROPICAL MEDICINE, KOLKATA",M.D. (TROPICAL MEDICINE),In-Service,UR,SC,Retained
657,1,89103,-,CALCUTTA NATIONAL MEDICAL COLLEGE KOLKATA,M.D. (PAEDIATRICS),In-Service,UR,SC,Retained
658,3,89117,4,R G KAR MEDICAL COLLEGE,M.D. (PREVENTIVE AND SOCIAL MEDICINE)/ COMMUNITY MEDICINE,State Quota,OBC-A (Non- Creamy Layer),OBC-A (Non- Creamy Layer),Upgraded
659,3,89772,13,SHRI RAMKRISHNA INSTITUTE OF MEDICAL SCIENCES & SANAKA HOSPITALS,M.S. (ORTHOPAEDICS),Private Management Quota,UR,OBC (Non-Creamy Layer),Fresh Allotment
660,3,89808,95,MEDICAL COLLEGE KOLKATA,M.D. (PHARMACOLOGY),State Quota,SC,SC,Upgraded
661,3,90158,1,INSTITUTE OF POST GRADUATE MEDICAL EDUCATION AND RESEARCH KOLKATA,M.D. (BIOCHEMISTRY),State Quota,UR,General,Fresh Allotment
662,1,90376,-,INSTITUTE OF CHILD HEALTH,M.D. (PAEDIATRICS),In-Service,SC,SC,Not Upgraded
663,3,90565,67,BURDWAN MEDICAL COLLEGE,M.D. (RADIOTHERAPY/ RADIATION ONCOLOGY),State Quota,EWS,EWS,Upgraded
664,1,90575,-,MEDICAL COLLEGE KOLKATA,(NBEMS) CARDIO VASCULAR AND THORACIC SURGERY (DIRECT 6 YEARS COURSE),In-Service DNB,UR,General,Retained
665,3,90794,1,DISTRICT HOSPITAL NADIA,(NBEMS) GENERAL MEDICINE,In-Service DNB,UR,OBC-B (Non- Creamy Layer),Fresh Allotment
666,1,90908,-,MEDICAL COLLEGE KOLKATA,M.D. (OBST. AND GYNAE)/MS (OBSTETRICS AND GYNAECOLOGY),In-Service,UR,General,Retained
667,3,91063,49,KPC MEDICAL COLLEGE,M.D. (PHARMACOLOGY),State Quota,UR,General,Fresh Allotment
668,1,91751,-,MEDICAL COLLEGE KOLKATA,M.S. (OPHTHALMOLOGY),In-Service,UR,General,Retained
669,1,91981,-,INSTITUTE OF POST GRADUATE MEDICAL EDUCATION AND RESEARCH KOLKATA,M.D. (OBST. AND GYNAE)/MS (OBSTETRICS AND GYNAECOLOGY),In-Service,UR,SC,Retained
670,1,92304,-,CALCUTTA NATIONAL MEDICAL COLLEGE KOLKATA,M.D. (PAEDIATRICS),In-Service,UR,SC,Retained
671,1,92383,-,MAHARAJA JITENDRA NARAYAN MEDICAL COLLEGE AND HOSPITAL,(NBEMS) GENERAL MEDICINE,In-Service DNB,UR,General,Not Upgraded
672,3,92724,40,CALCUTTA NATIONAL MEDICAL COLLEGE KOLKATA,M.D. (PREVENTIVE AND SOCIAL MEDICINE)/ COMMUNITY MEDICINE,State Quota,SC,SC,Fresh Allotment
673,3,93183,57,R G KAR MEDICAL COLLEGE,M.D. (PATHOLOGY),State Quota,OBC-A (Non- Creamy Layer),OBC-A (Non- Creamy Layer),Upgraded
674,3,93260,17,GOURI DEVI INSTITUTE OF MEDICAL SCIENCES AND HOSPITAL,M.S. (OPHTHALMOLOGY),Private Management Quota,UR,SC,Fresh Allotment
675,1,93469,-,BANKURA SAMMILANI MEDICAL COLLEGE,M.D. (OBST. AND GYNAE)/MS (OBSTETRICS AND GYNAECOLOGY),In-Service,UR,SC,Retained
676,1,93545,-,ICARE INSTITUTE OF MEDICAL SCIENCES AND RESEARCH HALDIA,M.S. (ORTHOPAEDICS),State Quota,ST,ST,Retained
677,1,93733,-,M R BANGUR HOSPITAL,(NBEMS) ORTHOPAEDICS,In-Service DNB,UR,General,Not Upgraded
678,1,93770,-,MALDA MEDICAL COLLEGE AND HOSPITAL,M.D. (OBST. AND GYNAE)/MS (OBSTETRICS AND GYNAECOLOGY),In-Service,UR,OBC-A (Non- Creamy Layer),Not Upgraded
679,1,94306,-,KPC MEDICAL COLLEGE,"M.D. (DERM.,VENE. AND LEPROSY)/ (DERMATOLOGY)/ (SKIN AND VENEREAL DISEASES)/ (VENEREOLOGY)",NRI Quota,UR,General,Retained
680,3,94347,35,R G KAR MEDICAL COLLEGE,M.S. (GENERAL SURGERY),In-Service,SC,SC,Upgraded
681,1,94498,-,NIL RATAN SIRCAR MEDICAL COLLEGE,M.D. (OBST. AND GYNAE)/MS (OBSTETRICS AND GYNAECOLOGY),In-Service,UR,General,Retained
682,2,94512,-,BURDWAN MEDICAL COLLEGE,M.D. (TUBERCULOSIS AND RESPIRATORY DISEASES)/PULMONA RY MEDICINE /M.D. (RESPIRATORY MEDICINE),In-Service,UR,General,Not Upgraded
683,3,95186,2,COLLEGE OF MEDICINE AND SAGORE DUTTA HOSPITAL,M.D. (PAEDIATRICS),State Quota,ST,ST,Upgraded
684,1,95211,-,R G KAR MEDICAL COLLEGE,M.D. (ANAESTHESIOLOGY),In-Service,UR,General,Retained
685,3,95232,5,KPC MEDICAL COLLEGE,M.S. (E.N.T.),Private Management Quota,UR,General,Fresh Allotment
686,1,95355,-,R G KAR MEDICAL COLLEGE,M.D. (PAEDIATRICS),In-Service,OBC-A (Non- Creamy Layer),OBC-A (Non- Creamy Layer),Not Upgraded
687,2,95605,-,R G KAR MEDICAL COLLEGE,M.D. (OBST. AND GYNAE)/MS (OBSTETRICS AND GYNAECOLOGY),In-Service,UR,OBC-A (Non- Creamy Layer),Retained
688,1,95756,-,ASANSOL DISTRICT HOSPITAL,(NBEMS) GENERAL MEDICINE,In-Service DNB,UR,General,Not Upgraded
689,1,95803,-,NIL RATAN SIRCAR MEDICAL COLLEGE,M.S. (E.N.T.),In-Service,UR,General,Retained
690,1,95826,-,KPC MEDICAL COLLEGE,M.D. (GENERAL MEDICINE),In-Service,SC,SC,Not Upgraded
691,3,95861,4,DR. B C ROY POST GRADUATE INSTITUTE OF PAEDIATRIC SCIENCES,M.D. (PAEDIATRICS),In-Service,UR,OBC-A (Non- Creamy Layer),Upgraded
692,2,95968,-,R G KAR MEDICAL COLLEGE,M.D. (PSYCHIATRY),In-Service,UR,General,Retained
693,1,96479,-,IMAMBARA DISTRICT HOSPITAL,(NBEMS) OBSTETRICS AND GYNAECOLOGY,In-Service DNB,UR,SC,Retained
694,2,96712,-,R G KAR MEDICAL COLLEGE,M.D. (OBST. AND GYNAE)/MS (OBSTETRICS AND GYNAECOLOGY),In-Service,OBC-A (Non- Creamy Layer),OBC-A (Non- Creamy Layer),Not Upgraded
695,3,96717,2,INSTITUTE OF POST GRADUATE MEDICAL EDUCATION AND RESEARCH KOLKATA,M.D. (MICROBIOLOGY),State Quota,UR,General,Fresh Allotment
696,1,96971,-,DIAMOND HARBOUR GOVERNMENT MEDICAL COLLEGE AND HOSPITAL,(NBEMS) OBSTETRICS AND GYNAECOLOGY,In-Service DNB,UR,General,Retained
697,3,97024,55,CALCUTTA NATIONAL MEDICAL COLLEGE KOLKATA,M.D. (ANAESTHESIOLOGY),State Quota,OBC-B (Non- Creamy Layer),OBC-B (Non- Creamy Layer),Fresh Allotment
698,1,97042,-,NIL RATAN SIRCAR MEDICAL COLLEGE,M.D. (PHYSICAL MED. AND REHABILITATION),In-Service,UR,ST,Retained
699,3,97533,2,GOURI DEVI INSTITUTE OF MEDICAL SCIENCES AND HOSPITAL,M.D. (PAEDIATRICS),Private Management Quota,UR,General,Fresh Allotment
700,1,97541,-,BURDWAN MEDICAL COLLEGE,M.D. (PAEDIATRICS),In-Service,SC,SC,Not Upgraded
701,3,97604,141,R G KAR MEDICAL COLLEGE,M.D. (MICROBIOLOGY),State Quota,UR,General,Fresh Allotment
702,3,97677,15,JAGANNATH GUPTA INSTITUTE OF MEDICAL SCIENCES AND HOSPITAL,M.S. (GENERAL SURGERY),Private Management Quota,UR,General,Fresh Allotment
703,3,98082,3,"IQ CITY MEDICAL COLLEGE, DURGAPUR",M.S. (E.N.T.),Private Management Quota,UR,General,Fresh Allotment
704,3,98156,104,GOURI DEVI INSTITUTE OF MEDICAL SCIENCES AND HOSPITAL,M.S. (E.N.T.),Private Management Quota,UR,OBC (Non-Creamy Layer),Fresh Allotment
705,2,98267,-,MEDICAL COLLEGE KOLKATA,M.S. (GENERAL SURGERY),In-Service,UR,General,Not Upgraded
706,2,98328,-,"RAMAKRISHNA MISSION SEVA PRATISHTHAN VIVEKANANDA INSTITUTE OF MEDICAL SCIENCES, KOLKATA",M.D. (PAEDIATRICS),In-Service,UR,SC,Not Upgraded
707,1,98644,-,CALCUTTA NATIONAL MEDICAL COLLEGE KOLKATA,M.S. (GENERAL SURGERY),In-Service,UR,OBC-A (Non- Creamy Layer),Retained
708,1,99037,-,DR. B C ROY POST GRADUATE INSTITUTE OF PAEDIATRIC SCIENCES,(NBEMS) PAEDIATRIC SURGERY (DIRECT 6 YEARS COURSE),In-Service DNB,UR,SC,Retained
709,3,99040,124,MEDICAL COLLEGE KOLKATA,M.D. (FORENSIC MEDICINE),State Quota,UR,General,Upgraded
710,3,99079,23,COLLEGE OF MEDICINE AND SAGORE DUTTA HOSPITAL,M.D. (PAEDIATRICS),In-Service,UR,General,Upgraded
711,2,99097,-,CALCUTTA NATIONAL MEDICAL COLLEGE KOLKATA,M.D. (OBST. AND GYNAE)/MS (OBSTETRICS AND GYNAECOLOGY),In-Service,UR,General,Not Upgraded
712,3,99118,1,ICARE INSTITUTE OF MEDICAL SCIENCES AND RESEARCH HALDIA,M.D. (RADIO- DIAGNOSIS),NRI Quota,UR,General,Fresh Allotment
713,3,99424,69,JAGANNATH GUPTA INSTITUTE OF MEDICAL SCIENCES AND HOSPITAL,M.S. (GENERAL SURGERY),Private Management Quota,UR,General,Upgraded
714,3,99600,51,BURDWAN MEDICAL COLLEGE,M.D. (OBST. AND GYNAE)/MS (OBSTETRICS AND GYNAECOLOGY),In-Service,UR,General,Upgraded
715,3,99648,8,JAGANNATH GUPTA INSTITUTE OF MEDICAL SCIENCES AND HOSPITAL,M.S. (GENERAL SURGERY),Private Management Quota,UR,SC,Upgraded
716,1,99813,-,GOURI DEVI INSTITUTE OF MEDICAL SCIENCES AND HOSPITAL,MD/MS (ANATOMY),State Quota,UR,General,Retained
717,3,100101,10,MURSHIDABAD MEDICAL COLLEGE AND HOSPITAL,M.D. (PREVENTIVE AND SOCIAL MEDICINE)/ COMMUNITY MEDICINE,State Quota,SC,SC,Fresh Allotment
718,2,100117,-,MEDICAL COLLEGE KOLKATA,M.S. (OPHTHALMOLOGY),In-Service,UR,OBC-A (Non- Creamy Layer),Retained
719,3,100150,3,"CHITTARANJAN SEVA SADAN COLLEGE OF OBS. GYNAE AND CHILD HEALTH,KOLKATA",M.D. (OBST. AND GYNAE)/MS (OBSTETRICS AND GYNAECOLOGY),State Quota,ST,ST,Fresh Allotment
720,3,100243,1,ICARE INSTITUTE OF MEDICAL SCIENCES AND RESEARCH HALDIA,M.D. (RADIO- DIAGNOSIS),NRI Quota,UR,OBC (Non-Creamy Layer),Fresh Allotment
721,3,100523,66,NORTH BENGAL MEDICAL COLLEGE AND HOSPITAL,M.D. (PREVENTIVE AND SOCIAL MEDICINE)/ COMMUNITY MEDICINE,State Quota,UR,General,Fresh Allotment
722,1,100709,-,BANKURA SAMMILANI MEDICAL COLLEGE,M.D. (OBST. AND GYNAE)/MS (OBSTETRICS AND GYNAECOLOGY),In-Service,UR,OBC-A (Non- Creamy Layer),Not Upgraded
723,1,100710,-,R G KAR MEDICAL COLLEGE,M.S. (GENERAL SURGERY),In-Service,UR,OBC-A (Non- Creamy Layer),Retained
724,1,101059,-,BURDWAN MEDICAL COLLEGE,M.D. (PAEDIATRICS),In-Service,OBC-B (Non- Creamy Layer),OBC-B (Non- Creamy Layer),Not Upgraded
725,3,101091,43,INSTITUTE OF POST GRADUATE MEDICAL EDUCATION AND RESEARCH KOLKATA,M.D. (PATHOLOGY),In-Service,UR,General,Fresh Allotment
726,1,101380,-,INSTITUTE OF POST GRADUATE MEDICAL EDUCATION AND RESEARCH KOLKATA,M.D. (RADIOTHERAPY/ RADIATION ONCOLOGY),In-Service,UR,General,Retained
727,1,101647,-,INSTITUTE OF POST GRADUATE MEDICAL EDUCATION AND RESEARCH KOLKATA,M.D. (PSYCHIATRY),In-Service,SC,SC,Retained
728,1,101843,-,JAGANNATH GUPTA INSTITUTE OF MEDICAL SCIENCES AND HOSPITAL,M.D. (PAEDIATRICS),In-Service,UR,General,Not Upgraded
729,3,102304,43,COLLEGE OF MEDICINE AND SAGORE DUTTA HOSPITAL,M.D. (MICROBIOLOGY),State Quota,UR,General,Upgraded
730,3,102462,171,SHRI RAMKRISHNA INSTITUTE OF MEDICAL SCIENCES & SANAKA HOSPITALS,M.D. (ANAESTHESIOLOGY),State Quota,SC,SC,Fresh Allotment
731,3,102518,11,KPC MEDICAL COLLEGE,M.S. (ORTHOPAEDICS),In-Service,OBC-B (Non- Creamy Layer),OBC-B (Non- Creamy Layer),Upgraded
732,1,102630,-,BURDWAN MEDICAL COLLEGE,M.S. (GENERAL SURGERY),In-Service,UR,General,Retained
733,1,102641,-,DISTRICT HOSPITAL NADIA,(NBEMS) OBSTETRICS AND GYNAECOLOGY,In-Service DNB,UR,General,Retained
734,3,103107,40,KPC MEDICAL COLLEGE,M.D. (PATHOLOGY),State Quota,UR,General,Fresh Allotment
735,3,103243,120,"RAMAKRISHNA MISSION SEVA PRATISHTHAN VIVEKANANDA INSTITUTE OF MEDICAL SCIENCES, KOLKATA",DIPLOMA IN OPHTHALMOLOGY/DO MS,State Quota,OBC-A (Non- Creamy Layer),OBC-A (Non- Creamy Layer),Fresh Allotment
736,1,103714,-,NORTH BENGAL MEDICAL COLLEGE AND HOSPITAL,M.D. (OBST. AND GYNAE)/MS (OBSTETRICS AND GYNAECOLOGY),In-Service,UR,General,Not Upgraded
737,3,103779,2,"IQ CITY MEDICAL COLLEGE, DURGAPUR",M.D. (ANAESTHESIOLOGY),Private Management Quota,UR,OBC (Non-Creamy Layer),Fresh Allotment
738,1,103796,-,MURSHIDABAD MEDICAL COLLEGE AND HOSPITAL,M.S. (GENERAL SURGERY),In-Service,OBC-A (Non- Creamy Layer),OBC-A (Non- Creamy Layer),Retained
739,1,104114,-,INSTITUTE OF POST GRADUATE MEDICAL EDUCATION AND RESEARCH KOLKATA,M.D. (PHYSICAL MED. AND REHABILITATION),In-Service,UR,General,Not Upgraded
740,2,104236,-,CALCUTTA NATIONAL MEDICAL COLLEGE KOLKATA,M.D. (PREVENTIVE AND SOCIAL MEDICINE)/ COMMUNITY MEDICINE,In-Service,UR,General,Retained
741,3,104261,11,"IQ CITY MEDICAL COLLEGE, DURGAPUR",M.D. (PSYCHIATRY),Private Management Quota,UR,General,Fresh Allotment
742,2,104463,-,"CHITTARANJAN SEVA SADAN COLLEGE OF OBS. GYNAE AND CHILD HEALTH,KOLKATA",M.D. (OBST. AND GYNAE)/MS (OBSTETRICS AND GYNAECOLOGY),In-Service,UR,General,Not Upgraded
743,3,104562,4,SHRI RAMKRISHNA INSTITUTE OF MEDICAL SCIENCES & SANAKA HOSPITALS,M.S. (GENERAL SURGERY),Private Management Quota,UR,General,Fresh Allotment
744,3,104620,13,RAIGANJ GOVERNMENT MEDICAL COLLEGE AND HOSPITAL,(NBEMS) GENERAL MEDICINE,In-Service DNB,UR,General,Upgraded
745,3,104899,6,MIDNAPORE MEDICAL COLLEGE,M.D. (OBST. AND GYNAE)/MS (OBSTETRICS AND GYNAECOLOGY),In-Service,UR,General,Upgraded
746,2,105034,-,MEDICAL COLLEGE KOLKATA,DIPLOMA IN OPHTHALMOLOGY/DO MS,State Quota,OBC-B (Non- Creamy Layer),OBC-B (Non- Creamy Layer),Not Upgraded
747,1,105305,-,KPC MEDICAL COLLEGE,M.D. (RADIO- DIAGNOSIS),NRI Quota,UR,General,Retained
748,2,105524,-,CALCUTTA NATIONAL MEDICAL COLLEGE KOLKATA,M.D. (OBST. AND GYNAE)/MS (OBSTETRICS AND GYNAECOLOGY),In-Service,OBC-A (Non- Creamy Layer),OBC-A (Non- Creamy Layer),Not Upgraded
749,3,105649,1,JAGANNATH GUPTA INSTITUTE OF MEDICAL SCIENCES AND HOSPITAL,M.D. (PAEDIATRICS),Private Management Quota,UR,General,Fresh Allotment
750,1,105848,-,INSTITUTE OF POST GRADUATE MEDICAL EDUCATION AND RESEARCH KOLKATA,M.S. (OPHTHALMOLOGY),In-Service,UR,General,Retained
751,2,106011,-,DISTRICT HOSPITAL HOWRAH,(NBEMS) PAEDIATRICS,In-Service DNB,OBC-A (Non- Creamy Layer),OBC-A (Non- Creamy Layer),Not Upgraded
752,1,106046,-,INSTITUTE OF POST GRADUATE MEDICAL EDUCATION AND RESEARCH KOLKATA,M.S. (GENERAL SURGERY),In-Service,SC,SC,Retained
753,1,106228,-,GOURI DEVI INSTITUTE OF MEDICAL SCIENCES AND HOSPITAL,M.D. (RADIO- DIAGNOSIS),NRI Quota,UR,OBC (Non-Creamy Layer),Retained
754,3,106385,21,GOURI DEVI INSTITUTE OF MEDICAL SCIENCES AND HOSPITAL,M.D. (TUBERCULOSIS AND RESPIRATORY DISEASES)/PULMONA RY MEDICINE /M.D. (RESPIRATORY MEDICINE),State Quota,OBC-A (Non- Creamy Layer),OBC-A (Non- Creamy Layer),Fresh Allotment
755,1,106413,-,MEDICAL COLLEGE KOLKATA,M.D. (ANAESTHESIOLOGY),In-Service,UR,General,Not Upgraded
756,1,106420,-,INSTITUTE OF POST GRADUATE MEDICAL EDUCATION AND RESEARCH KOLKATA,M.D. (RADIOTHERAPY/ RADIATION ONCOLOGY),In-Service,SC,SC,Not Upgraded
757,1,106581,-,MIDNAPORE MEDICAL COLLEGE,M.D. (PAEDIATRICS),In-Service,SC,SC,Retained
758,1,106904,-,KPC MEDICAL COLLEGE,M.D. (GENERAL MEDICINE),NRI Quota,UR,General,Retained
759,3,107099,5,R G KAR MEDICAL COLLEGE,M.D. (BIOCHEMISTRY),State Quota,UR,General,Upgraded
760,3,107229,1,"IQ CITY MEDICAL COLLEGE, DURGAPUR",M.D. (GENERAL MEDICINE),NRI Quota,UR,OBC-A (Non- Creamy Layer),Fresh Allotment
761,2,107243,-,NIL RATAN SIRCAR MEDICAL COLLEGE,M.D. (ANAESTHESIOLOGY),State Quota,ST,ST,Not Upgraded
762,3,107475,36,COLLEGE OF MEDICINE AND SAGORE DUTTA HOSPITAL,M.D. (TUBERCULOSIS AND RESPIRATORY DISEASES)/PULMONA RY MEDICINE /M.D. (RESPIRATORY MEDICINE),In-Service,OBC-B (Non- Creamy Layer),OBC-B (Non- Creamy Layer),Upgraded
763,1,107735,-,MEDICAL COLLEGE KOLKATA,M.D. (RADIOTHERAPY/ RADIATION ONCOLOGY),In-Service,UR,General,Retained
764,3,107757,19,"IQ CITY MEDICAL COLLEGE, DURGAPUR",M.D. (ANAESTHESIOLOGY),Private Management Quota,UR,General,Fresh Allotment
765,3,108478,31,"CHITTARANJAN SEVA SADAN COLLEGE OF OBS. GYNAE AND CHILD HEALTH,KOLKATA",M.D. (OBST. AND GYNAE)/MS (OBSTETRICS AND GYNAECOLOGY),In-Service,UR,General,Fresh Allotment
766,3,108521,2,NIL RATAN SIRCAR MEDICAL COLLEGE,M.D. (BIOCHEMISTRY),State Quota,SC,SC,Fresh Allotment
767,2,108803,-,BANKURA SAMMILANI MEDICAL COLLEGE,M.D. (PAEDIATRICS),In-Service,SC,SC,Retained
768,3,108983,13,INFECTIOUS DISEASES AND BELIAGHATA GENERAL HOSPITAL,(NBEMS) GENERAL MEDICINE,In-Service DNB,SC,SC,Upgraded
769,1,109828,-,CALCUTTA NATIONAL MEDICAL COLLEGE KOLKATA,M.S. (GENERAL SURGERY),In-Service,OBC-A (Non- Creamy Layer),OBC-A (Non- Creamy Layer),Not Upgraded
770,3,109908,18,"RAMAKRISHNA MISSION SEVA PRATISHTHAN VIVEKANANDA INSTITUTE OF MEDICAL SCIENCES, KOLKATA",M.D. (OBST. AND GYNAE)/MS (OBSTETRICS AND GYNAECOLOGY),In-Service,UR,General,Fresh Allotment
771,3,110045,143,MEDICAL COLLEGE KOLKATA,M.D. (PATHOLOGY),State Quota,OBC-A (Non- Creamy Layer),OBC-A (Non- Creamy Layer),Upgraded
772,3,110122,21,CALCUTTA NATIONAL MEDICAL COLLEGE KOLKATA,M.S. (GENERAL SURGERY),In-Service,UR,OBC-A (Non- Creamy Layer),Upgraded
773,3,110125,14,NIL RATAN SIRCAR MEDICAL COLLEGE,M.D. (MICROBIOLOGY),State Quota,UR,General,Fresh Allotment
774,3,110206,60,JAGANNATH GUPTA INSTITUTE OF MEDICAL SCIENCES AND HOSPITAL,M.D. (ANAESTHESIOLOGY),Private Management Quota,UR,General,Fresh Allotment
775,3,110337,66,KPC MEDICAL COLLEGE,M.D. (PATHOLOGY),State Quota,SC,SC,Upgraded
776,3,110481,1,NORTH BENGAL MEDICAL COLLEGE AND HOSPITAL,M.D. (MICROBIOLOGY),State Quota,UR,General,Fresh Allotment
777,3,110676,11,"RAMAKRISHNA MISSION SEVA PRATISHTHAN VIVEKANANDA INSTITUTE OF MEDICAL SCIENCES, KOLKATA",M.D. (PAEDIATRICS),In-Service,SC,SC,Upgraded
778,1,110915,-,INSTITUTE OF POST GRADUATE MEDICAL EDUCATION AND RESEARCH KOLKATA,M.D. (PATHOLOGY),In-Service,SC,SC,Retained
779,3,110998,20,MEDICAL COLLEGE KOLKATA,M.D. (OBST. AND GYNAE)/MS (OBSTETRICS AND GYNAECOLOGY),In-Service,OBC-A (Non- Creamy Layer),OBC-A (Non- Creamy Layer),Upgraded
780,3,111400,13,INSTITUTE OF POST GRADUATE MEDICAL EDUCATION AND RESEARCH KOLKATA,M.D. (PHYSICAL MED. AND REHABILITATION),In-Service,UR,OBC-A (Non- Creamy Layer),Fresh Allotment
781,3,111419,10,JAGANNATH GUPTA INSTITUTE OF MEDICAL SCIENCES AND HOSPITAL,M.D. (PAEDIATRICS),Private Management Quota,UR,General,Fresh Allotment
782,3,111519,46,R G KAR MEDICAL COLLEGE,M.D. (PAEDIATRICS),State Quota,ST,ST,Fresh Allotment
783,3,112163,2,INSTITUTE OF POST GRADUATE MEDICAL EDUCATION AND RESEARCH KOLKATA,M.D. (PREVENTIVE AND SOCIAL MEDICINE)/ COMMUNITY MEDICINE,In-Service,UR,General,Fresh Allotment
784,3,112502,37,GOURI DEVI INSTITUTE OF MEDICAL SCIENCES AND HOSPITAL,M.D. (ANAESTHESIOLOGY),Private Management Quota,UR,General,Fresh Allotment
785,3,113120,52,"RAMAKRISHNA MISSION SEVA PRATISHTHAN VIVEKANANDA INSTITUTE OF MEDICAL SCIENCES, KOLKATA",M.D. (OBST. AND GYNAE)/MS (OBSTETRICS AND GYNAECOLOGY),In-Service,UR,General,Fresh Allotment
786,3,113323,51,BANKURA SAMMILANI MEDICAL COLLEGE,M.S. (GENERAL SURGERY),In-Service,UR,General,Fresh Allotment
787,3,113482,52,R G KAR MEDICAL COLLEGE,M.D. (TUBERCULOSIS AND RESPIRATORY DISEASES)/PULMONA RY MEDICINE /M.D. (RESPIRATORY MEDICINE),In-Service,OBC-A (Non- Creamy Layer),OBC-A (Non- Creamy Layer),Fresh Allotment
788,3,113484,128,KPC MEDICAL COLLEGE,M.D. (PREVENTIVE AND SOCIAL MEDICINE)/ COMMUNITY MEDICINE,State Quota,UR,General,Fresh Allotment
789,3,113568,1,INFECTIOUS DISEASES AND BELIAGHATA GENERAL HOSPITAL,(NBEMS) MICROBIOLOGY,In-Service DNB,UR,General,Fresh Allotment
790,1,113648,-,BURDWAN MEDICAL COLLEGE,M.D. (OBST. AND GYNAE)/MS (OBSTETRICS AND GYNAECOLOGY),In-Service,SC,SC,Retained
791,3,113727,15,R G KAR MEDICAL COLLEGE,M.S. (OPHTHALMOLOGY),In-Service,UR,General,Fresh Allotment
792,3,113970,41,MIDNAPORE MEDICAL COLLEGE,M.S. (GENERAL SURGERY),In-Service,UR,General,Fresh Allotment
793,3,114049,73,BANKURA SAMMILANI MEDICAL COLLEGE,M.S. (GENERAL SURGERY),In-Service,OBC-A (Non- Creamy Layer),OBC-A (Non- Creamy Layer),Upgraded
794,3,114133,14,BURDWAN MEDICAL COLLEGE,M.D. (FORENSIC MEDICINE),State Quota,UR,General,Fresh Allotment
795,3,114201,121,"IQ CITY MEDICAL COLLEGE, DURGAPUR",M.S. (E.N.T.),State Quota,SC,SC,Fresh Allotment
796,3,114283,48,MEDICAL COLLEGE KOLKATA,M.D. (OBST. AND GYNAE)/MS (OBSTETRICS AND GYNAECOLOGY),In-Service,SC,SC,Fresh Allotment
797,2,114336,-,NIL RATAN SIRCAR MEDICAL COLLEGE,M.D. (OBST. AND GYNAE)/MS (OBSTETRICS AND GYNAECOLOGY),In-Service,SC,SC,Retained
798,3,114438,9,"RAMAKRISHNA MISSION SEVA PRATISHTHAN VIVEKANANDA INSTITUTE OF MEDICAL SCIENCES, KOLKATA",M.S. (GENERAL SURGERY),In-Service,UR,General,Fresh Allotment
799,2,114448,-,ASANSOL DISTRICT HOSPITAL,(NBEMS) GENERAL MEDICINE,In-Service DNB,SC,SC,Not Upgraded
800,3,114682,145,JAGANNATH GUPTA INSTITUTE OF MEDICAL SCIENCES AND HOSPITAL,M.D. (PAEDIATRICS),Private Management Quota,UR,General,Fresh Allotment
801,3,114712,2,GOURI DEVI INSTITUTE OF MEDICAL SCIENCES AND HOSPITAL,M.S. (ORTHOPAEDICS),Private Management Quota,UR,General,Fresh Allotment
802,3,114772,8,JAGANNATH GUPTA INSTITUTE OF MEDICAL SCIENCES AND HOSPITAL,M.S. (E.N.T.),Private Management Quota,UR,OBC (Non-Creamy Layer),Fresh Allotment
803,3,114991,148,COLLEGE OF MEDICINE AND JNM HOSPITAL KALYANI,M.D. (PHARMACOLOGY),State Quota,UR,General,Fresh Allotment
804,3,115056,22,MURSHIDABAD MEDICAL COLLEGE AND HOSPITAL,M.S. (GENERAL SURGERY),State Quota,ST,ST,Fresh Allotment
805,3,115065,1,Jalpaiguri Government Medical College and Hospital (Formerly DISTRICT HOSPITAL) JALPAIGURI,(NBEMS) OBSTETRICS AND GYNAECOLOGY,In-Service DNB,UR,General,Fresh Allotment
806,3,115615,1,ICARE INSTITUTE OF MEDICAL SCIENCES AND RESEARCH HALDIA,M.D. (RADIO- DIAGNOSIS),NRI Quota,UR,General,Fresh Allotment
807,3,115867,55,MEDICAL COLLEGE KOLKATA,M.D. (RADIOTHERAPY/ RADIATION ONCOLOGY),In-Service,UR,General,Fresh Allotment
808,1,116001,-,M R BANGUR HOSPITAL,(NBEMS) OBSTETRICS AND GYNAECOLOGY,In-Service DNB,SC,SC,Retained
809,3,116535,1,JAGANNATH GUPTA INSTITUTE OF MEDICAL SCIENCES AND HOSPITAL,M.S. (GENERAL SURGERY),Private Management Quota,UR,General,Fresh Allotment
810,3,116961,6,"RAMAKRISHNA MISSION SEVA PRATISHTHAN VIVEKANANDA INSTITUTE OF MEDICAL SCIENCES, KOLKATA",M.S. (GENERAL SURGERY),In-Service,UR,General,Fresh Allotment
811,3,117100,14,RAMPURHAT GOVT. MEDICAL COLLEGE AND HOSPITAL,(NBEMS) OBSTETRICS AND GYNAECOLOGY,In-Service DNB,UR,General,Fresh Allotment
812,3,117158,26,COLLEGE OF MEDICINE AND SAGORE DUTTA HOSPITAL,M.D. (PHARMACOLOGY),State Quota,UR,General,Fresh Allotment
813,3,117164,85,MIDNAPORE MEDICAL COLLEGE,M.S. (GENERAL SURGERY),In-Service,UR,General,Fresh Allotment
814,3,117553,1,KPC MEDICAL COLLEGE,M.D. (OBST. AND GYNAE)/MS (OBSTETRICS AND GYNAECOLOGY),NRI Quota,UR,OBC (Non-Creamy Layer),Fresh Allotment
815,3,117907,58,Jalpaiguri Government Medical College and Hospital (Formerly DISTRICT HOSPITAL) JALPAIGURI,(NBEMS) GENERAL MEDICINE,In-Service DNB,UR,General,Fresh Allotment
816,3,118344,1,GOURI DEVI INSTITUTE OF MEDICAL SCIENCES AND HOSPITAL,M.D. (RADIO- DIAGNOSIS),NRI Quota,UR,General,Fresh Allotment
817,3,118572,1,GOURI DEVI INSTITUTE OF MEDICAL SCIENCES AND HOSPITAL,M.D. (GENERAL MEDICINE),NRI Quota,UR,General,Fresh Allotment
818,3,119603,4,"IQ CITY MEDICAL COLLEGE, DURGAPUR",M.S. (GENERAL SURGERY),Private Management Quota,UR,General,Fresh Allotment
819,3,119741,44,INSTITUTE OF POST GRADUATE MEDICAL EDUCATION AND RESEARCH KOLKATA,M.D. (PATHOLOGY),In-Service,UR,General,Fresh Allotment
820,3,119892,165,GOURI DEVI INSTITUTE OF MEDICAL SCIENCES AND HOSPITAL,M.D. (PATHOLOGY),State Quota,SC,SC,Fresh Allotment
821,3,119996,73,MEDICAL COLLEGE KOLKATA,M.D. (MICROBIOLOGY),State Quota,SC,SC,Fresh Allotment
822,3,120017,85,ESI PGIMSR AND ESIC MEDICAL COLLEGE JOKA KOLKATA,M.D. (OBST. AND GYNAE)/MS (OBSTETRICS AND GYNAECOLOGY),In-Service,OBC (Non-Creamy Layer),OBC-A (Non- Creamy Layer),Fresh Allotment
823,3,120265,20,GOURI DEVI INSTITUTE OF MEDICAL SCIENCES AND HOSPITAL,M.S. (GENERAL SURGERY),Private Management Quota,UR,OBC (Non-Creamy Layer),Fresh Allotment
824,1,120316,-,BANKURA SAMMILANI MEDICAL COLLEGE,M.D. (OBST. AND GYNAE)/MS (OBSTETRICS AND GYNAECOLOGY),In-Service,SC,SC,Retained
825,3,120484,8,"CHITTARANJAN SEVA SADAN COLLEGE OF OBS. GYNAE AND CHILD HEALTH,KOLKATA",M.D. (PAEDIATRICS),In-Service,ST,ST,Fresh Allotment
826,3,120532,2,R G KAR MEDICAL COLLEGE,M.D. (RADIOTHERAPY/ RADIATION ONCOLOGY),In-Service,UR,General,Fresh Allotment
827,1,120571,-,BANKURA SAMMILANI MEDICAL COLLEGE,M.S. (GENERAL SURGERY),In-Service,SC,SC,Retained
828,3,120779,8,INSTITUTE OF POST GRADUATE MEDICAL EDUCATION AND RESEARCH KOLKATA,M.S. (E.N.T.),In-Service,UR,OBC-A (Non- Creamy Layer),Upgraded
829,3,120804,47,RAIGANJ GOVERNMENT MEDICAL COLLEGE AND HOSPITAL,(NBEMS) GENERAL MEDICINE,In-Service DNB,OBC-A (Non- Creamy Layer),OBC-A (Non- Creamy Layer),Fresh Allotment
830,3,120830,22,JAGANNATH GUPTA INSTITUTE OF MEDICAL SCIENCES AND HOSPITAL,M.D. (ANAESTHESIOLOGY),Private Management Quota,UR,General,Fresh Allotment
831,1,120837,-,COLLEGE OF MEDICINE AND SAGORE DUTTA HOSPITAL,M.D. (OBST. AND GYNAE)/MS (OBSTETRICS AND GYNAECOLOGY),In-Service,SC,SC,Retained
832,3,121008,43,INSTITUTE OF POST GRADUATE MEDICAL EDUCATION AND RESEARCH KOLKATA,M.D. (ANAESTHESIOLOGY),In-Service,UR,OBC-A (Non- Creamy Layer),Upgraded
833,3,121142,84,MEDICAL COLLEGE KOLKATA,DIPLOMA IN ORTHOPAEDICS,In-Service,UR,General,Fresh Allotment
834,3,121643,32,"SCHOOL OF TROPICAL MEDICINE, KOLKATA",M.D. (TROPICAL MEDICINE),In-Service,SC,SC,Fresh Allotment
835,3,121698,11,R G KAR MEDICAL COLLEGE,M.D. (ANAESTHESIOLOGY),In-Service,UR,General,Fresh Allotment
836,3,121853,73,CALCUTTA NATIONAL MEDICAL COLLEGE KOLKATA,M.D. (MICROBIOLOGY),State Quota,UR,General,Fresh Allotment
837,3,122162,11,"IQ CITY MEDICAL COLLEGE, DURGAPUR",M.D. (PATHOLOGY),Private Management Quota,UR,General,Fresh Allotment
838,3,122173,34,ICARE INSTITUTE OF MEDICAL SCIENCES AND RESEARCH HALDIA,M.D. (PATHOLOGY),Private Management Quota,UR,General,Fresh Allotment
839,3,122268,6,INSTITUTE OF POST GRADUATE MEDICAL EDUCATION AND RESEARCH KOLKATA,M.D. (OBST. AND GYNAE)/MS (OBSTETRICS AND GYNAECOLOGY),In-Service,SC,SC,Upgraded
840,2,122300,-,"RAMAKRISHNA MISSION SEVA PRATISHTHAN VIVEKANANDA INSTITUTE OF MEDICAL SCIENCES, KOLKATA",M.D. (OBST. AND GYNAE)/MS (OBSTETRICS AND GYNAECOLOGY),In-Service,SC,SC,Not Upgraded
841,3,122497,38,DIAMOND HARBOUR GOVERNMENT MEDICAL COLLEGE AND HOSPITAL,(NBEMS) OBSTETRICS AND GYNAECOLOGY,In-Service DNB,OBC-A (Non- Creamy Layer),OBC-A (Non- Creamy Layer),Upgraded
842,3,122718,133,MALDA MEDICAL COLLEGE AND HOSPITAL,M.D. (MICROBIOLOGY),State Quota,UR,General,Fresh Allotment
843,3,123093,169,"IQ CITY MEDICAL COLLEGE, DURGAPUR",M.S. (GENERAL SURGERY),Private Management Quota,UR,General,Fresh Allotment
844,1,123250,-,BURDWAN MEDICAL COLLEGE,M.S. (GENERAL SURGERY),In-Service,OBC-B (Non- Creamy Layer),OBC-B (Non- Creamy Layer),Not Upgraded
845,3,123619,27,INSTITUTE OF POST GRADUATE MEDICAL EDUCATION AND RESEARCH KOLKATA,M.D. (ANAESTHESIOLOGY),In-Service,UR,General,Fresh Allotment
846,3,123636,1,"IQ CITY MEDICAL COLLEGE, DURGAPUR",M.D. (GENERAL MEDICINE),NRI Quota,UR,General,Fresh Allotment
847,3,123672,74,JAGANNATH GUPTA INSTITUTE OF MEDICAL SCIENCES AND HOSPITAL,M.D. (ANAESTHESIOLOGY),State Quota,SC,SC,Fresh Allotment
848,3,123680,22,ASANSOL DISTRICT HOSPITAL,(NBEMS) GENERAL SURGERY,In-Service DNB,UR,General,Fresh Allotment
849,3,124015,81,"RAMAKRISHNA MISSION SEVA PRATISHTHAN VIVEKANANDA INSTITUTE OF MEDICAL SCIENCES, KOLKATA",M.S. (OPHTHALMOLOGY),In-Service,UR,General,Fresh Allotment
850,3,124556,6,KPC MEDICAL COLLEGE,M.D. (PSYCHIATRY),Private Management Quota,UR,SC,Fresh Allotment
851,3,124660,21,"SCHOOL OF TROPICAL MEDICINE, KOLKATA",M.D. (TROPICAL MEDICINE),In-Service,UR PwD,OBC-A (Non- Creamy Layer) PwD,Fresh Allotment
852,3,124872,50,MIDNAPORE MEDICAL COLLEGE,M.D. (OBST. AND GYNAE)/MS (OBSTETRICS AND GYNAECOLOGY),In-Service,SC,SC,Fresh Allotment
853,3,125322,6,"IQ CITY MEDICAL COLLEGE, DURGAPUR",M.S. (GENERAL SURGERY),Private Management Quota,UR,General,Fresh Allotment
854,3,125333,38,KPC MEDICAL COLLEGE,M.S. (E.N.T.),State Quota,OBC-A (Non- Creamy Layer),OBC-A (Non- Creamy Layer),Upgraded
855,1,125381,-,ALL INDIA INSTITUTE OF HYGIENE AND PUBLIC HEALTH,M.D. (PREVENTIVE AND SOCIAL MEDICINE)/ COMMUNITY MEDICINE,In-Service,SC,SC,Retained
856,3,125536,22,GOURI DEVI INSTITUTE OF MEDICAL SCIENCES AND HOSPITAL,M.D. (OBST. AND GYNAE)/MS (OBSTETRICS AND GYNAECOLOGY),In-Service,UR,General,Fresh Allotment
857,3,125728,8,MEDICAL COLLEGE KOLKATA,M.S. (E.N.T.),State Quota,ST,ST,Fresh Allotment
858,3,125744,47,INSTITUTE OF POST GRADUATE MEDICAL EDUCATION AND RESEARCH KOLKATA,M.D. (EMERGENCY AND CRITICAL CARE)/M.D. (EMERGENCY MEDICINE),In-Service,SC,SC,Fresh Allotment
859,3,125801,94,NORTH BENGAL MEDICAL COLLEGE AND HOSPITAL,M.D. (ANAESTHESIOLOGY),In-Service,UR,OBC-A (Non- Creamy Layer),Fresh Allotment
860,3,125888,67,MEDICAL COLLEGE KOLKATA,M.S. (OPHTHALMOLOGY),In-Service,OBC-B (Non- Creamy Layer),OBC-B (Non- Creamy Layer),Upgraded
861,3,126065,18,SHRI RAMKRISHNA INSTITUTE OF MEDICAL SCIENCES & SANAKA HOSPITALS,M.D. (PSYCHIATRY),Private Management Quota,UR,SC,Fresh Allotment
862,3,126096,32,NIL RATAN SIRCAR MEDICAL COLLEGE,M.D. (ANAESTHESIOLOGY),In-Service,UR,OBC-A (Non- Creamy Layer),Upgraded
863,3,126454,18,SHRI RAMKRISHNA INSTITUTE OF MEDICAL SCIENCES & SANAKA HOSPITALS,M.S. (GENERAL SURGERY),Private Management Quota,UR,General,Fresh Allotment
864,3,126466,51,"RAMAKRISHNA MISSION SEVA PRATISHTHAN VIVEKANANDA INSTITUTE OF MEDICAL SCIENCES, KOLKATA",DIPLOMA IN CHILD HEALTH/ PAEDIATRICS,In-Service,UR,General,Fresh Allotment
865,1,127192,-,NORTH BENGAL MEDICAL COLLEGE AND HOSPITAL,M.D. (ANAESTHESIOLOGY),In-Service,SC,SC,Retained
866,2,127953,-,MEDICAL COLLEGE KOLKATA,DIPLOMA IN ORTHOPAEDICS,In-Service,SC,SC,Not Upgraded
867,3,128037,14,CALCUTTA NATIONAL MEDICAL COLLEGE KOLKATA,M.D. (ANAESTHESIOLOGY),State Quota,ST,ST,Fresh Allotment
868,3,128243,1,IMAMBARA DISTRICT HOSPITAL,(NBEMS) GENERAL SURGERY,In-Service DNB,UR,General,Fresh Allotment
869,2,128798,-,NORTH BENGAL MEDICAL COLLEGE AND HOSPITAL,M.D. (PAEDIATRICS),In-Service,ST,ST,Retained
870,3,128941,46,NIL RATAN SIRCAR MEDICAL COLLEGE,M.D. (ANAESTHESIOLOGY),In-Service,UR,General,Fresh Allotment
871,3,129237,40,JAGANNATH GUPTA INSTITUTE OF MEDICAL SCIENCES AND HOSPITAL,M.D. (TUBERCULOSIS AND RESPIRATORY DISEASES)/PULMONA RY MEDICINE /M.D. (RESPIRATORY MEDICINE),In-Service,UR,General,Fresh Allotment
872,3,129392,35,MEDICAL COLLEGE KOLKATA,M.D. (ANAESTHESIOLOGY),In-Service,UR,General,Fresh Allotment
873,3,129503,142,COLLEGE OF MEDICINE AND SAGORE DUTTA HOSPITAL,M.D. (PHARMACOLOGY),State Quota,UR,General,Fresh Allotment
874,3,129868,2,CALCUTTA NATIONAL MEDICAL COLLEGE KOLKATA,M.D. (BIOCHEMISTRY),State Quota,UR,SC,Fresh Allotment
875,3,129994,68,"RAMAKRISHNA MISSION SEVA PRATISHTHAN VIVEKANANDA INSTITUTE OF MEDICAL SCIENCES, KOLKATA",M.S. (E.N.T.),In-Service,UR,General,Fresh Allotment
876,3,130170,9,BANKURA SAMMILANI MEDICAL COLLEGE,M.D. (BIOCHEMISTRY),State Quota,UR,General,Fresh Allotment
877,3,130426,63,ICARE INSTITUTE OF MEDICAL SCIENCES AND RESEARCH HALDIA,M.D. (PATHOLOGY),State Quota,SC,SC,Fresh Allotment
878,3,130888,2,Jalpaiguri Government Medical College and Hospital (Formerly DISTRICT HOSPITAL) JALPAIGURI,(NBEMS) OBSTETRICS AND GYNAECOLOGY,In-Service DNB,UR,General,Fresh Allotment
879,3,131029,94,MURSHIDABAD MEDICAL COLLEGE AND HOSPITAL,M.D. (ANAESTHESIOLOGY),In-Service,OBC-A (Non- Creamy Layer),OBC-A (Non- Creamy Layer),Fresh Allotment
880,3,131141,35,SHRI RAMKRISHNA INSTITUTE OF MEDICAL SCIENCES & SANAKA HOSPITALS,M.S. (GENERAL SURGERY),Private Management Quota,UR,General,Fresh Allotment
881,3,131615,14,R G KAR MEDICAL COLLEGE,M.D. (ANAESTHESIOLOGY),In-Service,UR,OBC (Non-Creamy Layer),Fresh Allotment
882,3,131827,76,CALCUTTA NATIONAL MEDICAL COLLEGE KOLKATA,M.D. (ANAESTHESIOLOGY),In-Service,UR,General,Fresh Allotment
883,3,131883,1,ALL INDIA INSTITUTE OF HYGIENE AND PUBLIC HEALTH,M.D. (PREVENTIVE AND SOCIAL MEDICINE)/ COMMUNITY MEDICINE,In-Service,UR,General,Fresh Allotment
884,3,131900,12,BURDWAN MEDICAL COLLEGE,M.D. (ANAESTHESIOLOGY),In-Service,UR,OBC-A (Non- Creamy Layer),Fresh Allotment
885,3,131970,58,BARASAT GOVERNMENT MEDICAL COLLEGE AND HOSPITAL,(NBEMS-DIPLOMA) PAEDIATRICS,In-Service DNB,UR,General,Fresh Allotment
886,3,132583,70,BURDWAN MEDICAL COLLEGE,M.D. (PATHOLOGY),In-Service,UR,OBC-A (Non- Creamy Layer),Fresh Allotment
887,3,132992,43,DISTRICT HOSPITAL ALIPURDUAR,(NBEMS) GENERAL MEDICINE,In-Service DNB,UR,General,Fresh Allotment
888,3,133871,1,KPC MEDICAL COLLEGE,"M.D. (DERM.,VENE. AND LEPROSY)/ (DERMATOLOGY)/ (SKIN AND VENEREAL DISEASES)/ (VENEREOLOGY)",NRI Quota,UR,General,Fresh Allotment
889,3,134051,5,"COMMAND HOSPITAL EC, ALIPORE, KOLKATA",M.D. (ANAESTHESIOLOGY),In-Service,UR,General,Fresh Allotment
890,3,134150,1,"CHITTARANJAN SEVA SADAN COLLEGE OF OBS. GYNAE AND CHILD HEALTH,KOLKATA",(NBEMS-DIPLOMA) PAEDIATRICS,In-Service DNB,UR,General,Fresh Allotment
891,3,134566,1,M R BANGUR HOSPITAL,(NBEMS-DIPLOMA) PAEDIATRICS,In-Service DNB,UR,General,Fresh Allotment
892,3,134596,26,"RAMAKRISHNA MISSION SEVA PRATISHTHAN VIVEKANANDA INSTITUTE OF MEDICAL SCIENCES, KOLKATA",M.D. (ANAESTHESIOLOGY),In-Service,UR,OBC-A (Non- Creamy Layer),Fresh Allotment
893,3,135168,7,MEDICAL COLLEGE KOLKATA,M.S. (OPHTHALMOLOGY),In-Service,SC,SC,Fresh Allotment
894,3,135300,6,BURDWAN MEDICAL COLLEGE,M.D. (PHYSIOLOGY),State Quota,UR,General,Fresh Allotment
895,3,135347,2,KPC MEDICAL COLLEGE,M.S. (ORTHOPAEDICS),NRI Quota,UR,OBC (Non-Creamy Layer),Fresh Allotment
896,3,135697,50,DISTRICT HOSPITAL HOWRAH,(NBEMS) OBSTETRICS AND GYNAECOLOGY,In-Service DNB,SC,SC,Fresh Allotment
897,3,136627,65,"RAMAKRISHNA MISSION SEVA PRATISHTHAN VIVEKANANDA INSTITUTE OF MEDICAL SCIENCES, KOLKATA",M.D. (PATHOLOGY),In-Service,UR,General,Fresh Allotment
898,3,136813,13,KPC MEDICAL COLLEGE,M.S. (GENERAL SURGERY),In-Service,UR,General,Fresh Allotment
899,3,136824,16,MEDICAL COLLEGE KOLKATA,DIP.IN GYNAE. AND OBST.,In-Service,UR,SC,Fresh Allotment
900,3,136836,1,GOURI DEVI INSTITUTE OF MEDICAL SCIENCES AND HOSPITAL,M.D. (RADIO- DIAGNOSIS),NRI Quota,UR,General,Fresh Allotment
901,3,136982,55,BANKURA SAMMILANI MEDICAL COLLEGE,M.D. (ANAESTHESIOLOGY),In-Service,UR,General,Fresh Allotment
902,3,137055,44,INSTITUTE OF POST GRADUATE MEDICAL EDUCATION AND RESEARCH KOLKATA,M.D. (ANAESTHESIOLOGY),In-Service,SC,SC,Fresh Allotment
903,3,137147,52,ASANSOL DISTRICT HOSPITAL,(NBEMS) OBSTETRICS AND GYNAECOLOGY,In-Service DNB,SC,SC,Fresh Allotment
904,3,137188,16,NIL RATAN SIRCAR MEDICAL COLLEGE,M.S. (GENERAL SURGERY),In-Service,SC,SC,Fresh Allotment
905,3,137405,5,SHRI RAMKRISHNA INSTITUTE OF MEDICAL SCIENCES & SANAKA HOSPITALS,M.S. (GENERAL SURGERY),In-Service,UR,General,Fresh Allotment
906,3,137616,33,NORTH BENGAL MEDICAL COLLEGE AND HOSPITAL,M.D. (PHYSIOLOGY),In-Service,UR,General,Fresh Allotment
907,3,137680,40,MIDNAPORE MEDICAL COLLEGE,M.D. (ANAESTHESIOLOGY),In-Service,UR,General,Fresh Allotment
908,3,137908,1,JAGANNATH GUPTA INSTITUTE OF MEDICAL SCIENCES AND HOSPITAL,"M.D. (DERM.,VENE. AND LEPROSY)/ (DERMATOLOGY)/ (SKIN AND VENEREAL DISEASES)/ (VENEREOLOGY)",NRI Quota,UR,General,Fresh Allotment
909,3,138534,1,INSTITUTE OF POST GRADUATE MEDICAL EDUCATION AND RESEARCH KOLKATA,M.D. (OBST. AND GYNAE)/MS (OBSTETRICS AND GYNAECOLOGY),In-Service,OBC-B (Non- Creamy Layer),OBC-B (Non- Creamy Layer),Fresh Allotment
910,3,139132,12,BANKURA SAMMILANI MEDICAL COLLEGE,M.S. (E.N.T.),State Quota,ST,ST,Fresh Allotment
911,3,139666,19,COLLEGE OF MEDICINE AND SAGORE DUTTA HOSPITAL,M.D. (PATHOLOGY),In-Service,UR,General,Fresh Allotment
912,3,139708,50,MEDICAL COLLEGE KOLKATA,M.S. (GENERAL SURGERY),In-Service,SC,SC,Fresh Allotment
913,3,139982,49,M R BANGUR HOSPITAL,(NBEMS-DIPLOMA) PAEDIATRICS,In-Service DNB,UR,General,Fresh Allotment
914,3,140068,21,Jalpaiguri Government Medical College and Hospital (Formerly DISTRICT HOSPITAL) JALPAIGURI,(NBEMS) GENERAL MEDICINE,In-Service DNB,OBC-A (Non- Creamy Layer),OBC-A (Non- Creamy Layer),Fresh Allotment
915,3,140154,110,JAGANNATH GUPTA INSTITUTE OF MEDICAL SCIENCES AND HOSPITAL,M.S. (E.N.T.),State Quota,OBC-A (Non- Creamy Layer),OBC-A (Non- Creamy Layer),Fresh Allotment
916,3,140472,51,SHRI RAMKRISHNA INSTITUTE OF MEDICAL SCIENCES & SANAKA HOSPITALS,M.D. (PAEDIATRICS),In-Service,UR,General,Fresh Allotment
917,3,140519,2,ICARE INSTITUTE OF MEDICAL SCIENCES AND RESEARCH HALDIA,"M.D. (DERM.,VENE. AND LEPROSY)/ (DERMATOLOGY)/ (SKIN AND VENEREAL DISEASES)/ (VENEREOLOGY)",NRI Quota,UR,General,Fresh Allotment
918,3,140676,11,NIL RATAN SIRCAR MEDICAL COLLEGE,M.D. (ANAESTHESIOLOGY),In-Service,SC,SC,Fresh Allotment
919,3,140921,34,KPC MEDICAL COLLEGE,M.D. (ANAESTHESIOLOGY),In-Service,UR,General,Fresh Allotment
920,3,141729,57,GOURI DEVI INSTITUTE OF MEDICAL SCIENCES AND HOSPITAL,M.D. (TUBERCULOSIS AND RESPIRATORY DISEASES)/PULMONA RY MEDICINE /M.D. (RESPIRATORY MEDICINE),In-Service,UR,General,Fresh Allotment
921,3,142437,6,NIL RATAN SIRCAR MEDICAL COLLEGE,M.S. (OPHTHALMOLOGY),In-Service,SC,SC,Fresh Allotment
922,3,142592,169,ICARE INSTITUTE OF MEDICAL SCIENCES AND RESEARCH HALDIA,M.D. (PSYCHIATRY),State Quota,SC,SC,Fresh Allotment
923,3,143190,68,R G KAR MEDICAL COLLEGE,M.D. (ANAESTHESIOLOGY),In-Service,SC,SC,Fresh Allotment
924,3,143311,2,"IQ CITY MEDICAL COLLEGE, DURGAPUR",M.D. (MICROBIOLOGY),Private Management Quota,UR,General,Fresh Allotment
925,3,143345,1,MIDNAPORE MEDICAL COLLEGE,M.D. (GENERAL MEDICINE),In-Service,ST,ST,Fresh Allotment
926,3,143465,98,BARASAT GOVERNMENT MEDICAL COLLEGE AND HOSPITAL,(NBEMS) GENERAL SURGERY,In-Service DNB,OBC-A (Non- Creamy Layer),OBC-A (Non- Creamy Layer),Fresh Allotment
927,3,143840,1,RAMPURHAT GOVT. MEDICAL COLLEGE AND HOSPITAL,(NBEMS-DIPLOMA) TUBERCULOSIS AND CHEST DISEASES,In-Service DNB,UR,OBC-A (Non- Creamy Layer),Fresh Allotment
928,3,144019,6,INSTITUTE OF POST GRADUATE MEDICAL EDUCATION AND RESEARCH KOLKATA,M.D. (PATHOLOGY),State Quota,ST,ST,Fresh Allotment
929,3,144041,2,DISTRICT HOSPITAL HOWRAH,(NBEMS) GENERAL MEDICINE,In-Service DNB,SC,SC,Fresh Allotment
930,3,144603,67,GOURI DEVI INSTITUTE OF MEDICAL SCIENCES AND HOSPITAL,M.D. (PATHOLOGY),Private Management Quota,UR,General,Fresh Allotment
931,3,144693,51,CALCUTTA NATIONAL MEDICAL COLLEGE KOLKATA,MD/MS (ANATOMY),State Quota,UR,General,Fresh Allotment
932,3,144910,63,CALCUTTA NATIONAL MEDICAL COLLEGE KOLKATA,M.S. (OPHTHALMOLOGY),In-Service,SC,SC,Fresh Allotment
933,3,145028,67,SURI SADAR HOSPITAL,(NBEMS) OBSTETRICS AND GYNAECOLOGY,In-Service DNB,UR,General,Fresh Allotment
934,3,145111,72,Jalpaiguri Government Medical College and Hospital (Formerly DISTRICT HOSPITAL) JALPAIGURI,(NBEMS) GENERAL SURGERY,In-Service DNB,UR,SC,Fresh Allotment
935,3,145451,27,BURDWAN MEDICAL COLLEGE,M.S. (GENERAL SURGERY),In-Service,SC,SC,Fresh Allotment
936,3,145513,5,CALCUTTA NATIONAL MEDICAL COLLEGE KOLKATA,M.S. (OPHTHALMOLOGY),State Quota,ST,ST,Fresh Allotment
937,3,145967,15,BANKURA SAMMILANI MEDICAL COLLEGE,M.D. (ANAESTHESIOLOGY),In-Service,OBC-A (Non- Creamy Layer),OBC-A (Non- Creamy Layer),Fresh Allotment
938,3,146243,8,MAHARAJA JITENDRA NARAYAN MEDICAL COLLEGE AND HOSPITAL,(NBEMS) GENERAL MEDICINE,In-Service DNB,SC,SC,Fresh Allotment
939,3,146363,19,MEDICAL COLLEGE KOLKATA,DIP.IN GYNAE. AND OBST.,In-Service,UR,General,Fresh Allotment
940,3,146378,40,"DEBEN MAHATO SADAR HOSPITAL, PURULIA",(NBEMS-DIPLOMA) PAEDIATRICS,In-Service DNB,UR,General,Fresh Allotment
941,3,146393,1,JAGANNATH GUPTA INSTITUTE OF MEDICAL SCIENCES AND HOSPITAL,M.D. (GENERAL MEDICINE),NRI Quota,UR,OBC (Non-Creamy Layer),Fresh Allotment
942,3,146445,1,"IQ CITY MEDICAL COLLEGE, DURGAPUR",M.D. (OBST. AND GYNAE)/MS (OBSTETRICS AND GYNAECOLOGY),NRI Quota,UR,General,Fresh Allotment
943,3,146474,29,ESI PGIMSR AND ESIC MEDICAL COLLEGE JOKA KOLKATA,M.S. (GENERAL SURGERY),In-Service,SC,SC,Fresh Allotment
944,3,146799,45,CALCUTTA NATIONAL MEDICAL COLLEGE KOLKATA,DIPLOMA IN ANAESTHESIOLOGY,In-Service,UR,General,Fresh Allotment
945,3,146834,9,R G KAR MEDICAL COLLEGE,M.D. (PREVENTIVE AND SOCIAL MEDICINE)/ COMMUNITY MEDICINE,In-Service,UR,General,Fresh Allotment
946,3,146924,79,MURSHIDABAD MEDICAL COLLEGE AND HOSPITAL,M.D. (PATHOLOGY),In-Service,UR,SC,Fresh Allotment
947,3,147164,102,ASANSOL DISTRICT HOSPITAL,(NBEMS) ANAESTHESIOLOGY,In-Service DNB,UR,General,Fresh Allotment
948,3,147233,111,"IQ CITY MEDICAL COLLEGE, DURGAPUR",M.S. (GENERAL SURGERY),In-Service,SC,SC,Fresh Allotment
949,3,147253,1,RAMPURHAT GOVT. MEDICAL COLLEGE AND HOSPITAL,(NBEMS) PAEDIATRICS,In-Service DNB,SC,SC,Fresh Allotment
950,3,147546,16,"RAMAKRISHNA MISSION SEVA PRATISHTHAN VIVEKANANDA INSTITUTE OF MEDICAL SCIENCES, KOLKATA",DIP.IN GYNAE. AND OBST.,In-Service,UR,General,Fresh Allotment
951,3,147662,2,ICARE INSTITUTE OF MEDICAL SCIENCES AND RESEARCH HALDIA,"M.D. (DERM.,VENE. AND LEPROSY)/ (DERMATOLOGY)/ (SKIN AND VENEREAL DISEASES)/ (VENEREOLOGY)",NRI Quota,UR,General,Fresh Allotment
952,3,147668,15,"DEBEN MAHATO SADAR HOSPITAL, PURULIA",(NBEMS) GENERAL SURGERY,In-Service DNB,UR,General,Fresh Allotment
953,3,147690,3,ICARE INSTITUTE OF MEDICAL SCIENCES AND RESEARCH HALDIA,M.D. (GENERAL MEDICINE),NRI Quota,UR,General,Fresh Allotment
954,3,148055,1,GOURI DEVI INSTITUTE OF MEDICAL SCIENCES AND HOSPITAL,M.D. (OBST. AND GYNAE)/MS (OBSTETRICS AND GYNAECOLOGY),NRI Quota,UR,General,Fresh Allotment
955,3,148057,15,R G KAR MEDICAL COLLEGE,M.D. (PHARMACOLOGY),State Quota,SC,SC,Fresh Allotment
956,3,148083,121,ICARE INSTITUTE OF MEDICAL SCIENCES AND RESEARCH HALDIA,M.D. (PSYCHIATRY),In-Service,UR,General,Fresh Allotment
957,3,149226,13,SILIGURI DISTRICT HOSPITAL,(NBEMS) OBSTETRICS AND GYNAECOLOGY,In-Service DNB,OBC-A (Non- Creamy Layer),OBC-A (Non- Creamy Layer),Fresh Allotment
958,3,149611,101,BURDWAN MEDICAL COLLEGE,DIP.IN GYNAE. AND OBST.,In-Service,UR,General,Fresh Allotment
959,3,149993,59,ASANSOL DISTRICT HOSPITAL,(NBEMS-DIPLOMA) TUBERCULOSIS AND CHEST DISEASES,In-Service DNB,UR,General,Fresh Allotment
960,3,150105,123,MEDICAL COLLEGE KOLKATA,DIPLOMA IN OPHTHALMOLOGY/DO MS,In-Service,UR,General,Fresh Allotment
961,3,150305,8,COLLEGE OF MEDICINE AND SAGORE DUTTA HOSPITAL,M.D. (ANAESTHESIOLOGY),In-Service,SC,SC,Fresh Allotment
962,3,150634,36,MAHARAJA JITENDRA NARAYAN MEDICAL COLLEGE AND HOSPITAL,(NBEMS-DIPLOMA) OBSTETRICS AND GYNAECOLOGY,In-Service DNB,UR,General,Fresh Allotment
963,3,150872,15,NORTH BENGAL MEDICAL COLLEGE AND HOSPITAL,M.D. (PATHOLOGY),In-Service,UR,General,Fresh Allotment
964,3,151060,16,ASANSOL DISTRICT HOSPITAL,(NBEMS) PAEDIATRICS,In-Service DNB,SC,SC,Fresh Allotment
965,3,151120,25,ESI PGIMSR AND ESIC MEDICAL COLLEGE JOKA KOLKATA,M.D. (ANAESTHESIOLOGY),In-Service,SC,SC,Fresh Allotment
966,3,151836,5,DIAMOND HARBOUR GOVERNMENT MEDICAL COLLEGE AND HOSPITAL,(NBEMS-DIPLOMA) TUBERCULOSIS AND CHEST DISEASES,In-Service DNB,UR,SC,Fresh Allotment
967,3,151996,97,"RAMAKRISHNA MISSION SEVA PRATISHTHAN VIVEKANANDA INSTITUTE OF MEDICAL SCIENCES, KOLKATA",M.S. (OPHTHALMOLOGY),In-Service,SC,SC,Fresh Allotment
968,3,152070,62,NIL RATAN SIRCAR MEDICAL COLLEGE,M.D. (PREVENTIVE AND SOCIAL MEDICINE)/ COMMUNITY MEDICINE,In-Service,UR,General,Fresh Allotment
969,3,152271,28,NORTH BENGAL MEDICAL COLLEGE AND HOSPITAL,M.D. (PATHOLOGY),In-Service,UR,General,Fresh Allotment
970,3,152593,1,R G KAR MEDICAL COLLEGE,M.D. (PATHOLOGY),In-Service,SC,SC,Fresh Allotment
971,3,152622,7,COLLEGE OF MEDICINE AND SAGORE DUTTA HOSPITAL,M.D. (PREVENTIVE AND SOCIAL MEDICINE)/ COMMUNITY MEDICINE,In-Service,SC,SC,Fresh Allotment
972,3,152705,2,R G KAR MEDICAL COLLEGE,M.D. (OBST. AND GYNAE)/MS (OBSTETRICS AND GYNAECOLOGY),In-Service,ST,ST,Fresh Allotment
973,3,153039,59,R G KAR MEDICAL COLLEGE,M.D. (MICROBIOLOGY),State Quota,SC,SC,Fresh Allotment
974,3,153100,5,"CHITTARANJAN SEVA SADAN COLLEGE OF OBS. GYNAE AND CHILD HEALTH,KOLKATA",(NBEMS-DIPLOMA) PAEDIATRICS,In-Service DNB,OBC-A (Non- Creamy Layer),OBC-A (Non- Creamy Layer),Fresh Allotment
975,3,153329,3,BURDWAN MEDICAL COLLEGE,M.D. (ANAESTHESIOLOGY),In-Service,SC,SC,Fresh Allotment
976,3,153725,8,NORTH BENGAL MEDICAL COLLEGE AND HOSPITAL,M.D. (BIOCHEMISTRY),State Quota,UR,SC,Fresh Allotment
977,3,153987,65,"IQ CITY MEDICAL COLLEGE, DURGAPUR",M.D. (PHARMACOLOGY),State Quota,UR,General,Fresh Allotment
978,3,154369,2,SHRI RAMKRISHNA INSTITUTE OF MEDICAL SCIENCES & SANAKA HOSPITALS,M.S. (ORTHOPAEDICS),NRI Quota,UR,OBC (Non-Creamy Layer),Fresh Allotment
979,3,154711,45,TAMRALIPTO GOVERNMENT MEDICAL COLLEGE,(NBEMS-DIPLOMA) PAEDIATRICS,In-Service DNB,SC,SC,Fresh Allotment
980,3,155368,127,ALL INDIA INSTITUTE OF HYGIENE AND PUBLIC HEALTH,M.P.H. (EPIDEMIOLOGY),In-Service,UR,General,Fresh Allotment
981,3,155449,70,MEDICAL COLLEGE KOLKATA,M.D. (ANAESTHESIOLOGY),State Quota,ST,ST,Fresh Allotment
982,3,155534,109,"SCHOOL OF TROPICAL MEDICINE, KOLKATA",DIPLOMA IN CLINICAL PATHOLOGY,State Quota,SC,SC,Fresh Allotment
983,3,155636,53,ESI PGIMSR AND ESIC MEDICAL COLLEGE JOKA KOLKATA,M.D. (PATHOLOGY),In-Service,UR,General,Fresh Allotment
984,3,156087,119,R G KAR MEDICAL COLLEGE,M.S. (E.N.T.),In-Service,SC,SC,Fresh Allotment
985,3,156131,87,ALL INDIA INSTITUTE OF HYGIENE AND PUBLIC HEALTH,M.P.H. (EPIDEMIOLOGY),In-Service,UR,General,Fresh Allotment
986,3,156152,110,CALCUTTA NATIONAL MEDICAL COLLEGE KOLKATA,M.S. (E.N.T.),In-Service,SC,SC,Fresh Allotment
987,3,156200,179,SHRI RAMKRISHNA INSTITUTE OF MEDICAL SCIENCES & SANAKA HOSPITALS,M.D. (ANAESTHESIOLOGY),State Quota,SC,SC,Fresh Allotment
988,3,156473,1,GOURI DEVI INSTITUTE OF MEDICAL SCIENCES AND HOSPITAL,M.D. (PAEDIATRICS),NRI Quota,UR,General,Fresh Allotment
989,3,156869,2,"IQ CITY MEDICAL COLLEGE, DURGAPUR","M.D. (DERM.,VENE. AND LEPROSY)/ (DERMATOLOGY)/ (SKIN AND VENEREAL DISEASES)/ (VENEREOLOGY)",NRI Quota,UR,General,Fresh Allotment
990,3,157166,1,SHRI RAMKRISHNA INSTITUTE OF MEDICAL SCIENCES & SANAKA HOSPITALS,M.D. (RADIO- DIAGNOSIS),NRI Quota,UR,General,Fresh Allotment
991,3,157581,151,MEDICAL COLLEGE KOLKATA,DIPLOMA IN ANAESTHESIOLOGY,In-Service,UR,General,Fresh Allotment
992,3,157845,36,KPC MEDICAL COLLEGE,M.D. (MICROBIOLOGY),Private Management Quota,UR,General,Fresh Allotment
993,3,157894,1,KPC MEDICAL COLLEGE,M.S. (GENERAL SURGERY),NRI Quota,UR,SC,Fresh Allotment
994,3,158035,18,"WALSH S.D.H., SERAMPORE",(NBEMS) OBSTETRICS AND GYNAECOLOGY,In-Service DNB,SC,SC,Fresh Allotment
995,3,158059,50,IMAMBARA DISTRICT HOSPITAL,(NBEMS-DIPLOMA) PAEDIATRICS,In-Service DNB,UR,General,Fresh Allotment
996,3,158105,80,MEDICAL COLLEGE KOLKATA,DIPLOMA IN OTO- RHINO- LARYNGOLOGY,In-Service,UR,General,Fresh Allotment
997,3,158342,62,MURSHIDABAD MEDICAL COLLEGE AND HOSPITAL,M.D. (BIOCHEMISTRY),State Quota,UR,General,Fresh Allotment
998,3,158812,1,"IQ CITY MEDICAL COLLEGE, DURGAPUR",M.D. (OBST. AND GYNAE)/MS (OBSTETRICS AND GYNAECOLOGY),NRI Quota,UR,General,Fresh Allotment
999,3,159041,12,GOURI DEVI INSTITUTE OF MEDICAL SCIENCES AND HOSPITAL,M.D. (MICROBIOLOGY),State Quota,UR,General,Fresh Allotment
1000,3,159092,8,JAGANNATH GUPTA INSTITUTE OF MEDICAL SCIENCES AND HOSPITAL,M.S. (ORTHOPAEDICS),NRI Quota,UR,General,Fresh Allotment
1001,3,159444,31,"IQ CITY MEDICAL COLLEGE, DURGAPUR",M.D. (PHARMACOLOGY),State Quota,UR,General,Fresh Allotment
1002,3,159475,12,NIL RATAN SIRCAR MEDICAL COLLEGE,M.D. (BIOCHEMISTRY),In-Service,UR,General,Fresh Allotment
1003,3,159476,145,MEDICAL COLLEGE KOLKATA,DIPLOMA IN OPHTHALMOLOGY/DO MS,In-Service,UR,General,Fresh Allotment
1004,3,159664,93,MEDICAL COLLEGE KOLKATA,DIPLOMA IN OPHTHALMOLOGY/DO MS,In-Service,UR,General,Fresh Allotment
1005,3,160085,39,R G KAR MEDICAL COLLEGE,M.D. (MICROBIOLOGY),In-Service,UR,General,Fresh Allotment
1006,3,160181,9,SILIGURI DISTRICT HOSPITAL,(NBEMS-DIPLOMA) ANAESTHESIOLOGY,In-Service DNB,UR,General,Fresh Allotment
1007,3,160240,1,ICARE INSTITUTE OF MEDICAL SCIENCES AND RESEARCH HALDIA,M.D. (OBST. AND GYNAE)/MS (OBSTETRICS AND GYNAECOLOGY),NRI Quota,UR,SC,Fresh Allotment
1008,3,160584,73,R G KAR MEDICAL COLLEGE,M.D. (BIOCHEMISTRY),In-Service,UR,General,Fresh Allotment
1009,3,160816,2,"RAMAKRISHNA MISSION SEVA PRATISHTHAN VIVEKANANDA INSTITUTE OF MEDICAL SCIENCES, KOLKATA",M.D. (GENERAL MEDICINE),In-Service,ST,ST,Fresh Allotment
1010,3,161365,2,GOURI DEVI INSTITUTE OF MEDICAL SCIENCES AND HOSPITAL,M.D. (RADIO- DIAGNOSIS),NRI Quota,UR,General,Fresh Allotment
1011,3,161845,40,CALCUTTA NATIONAL MEDICAL COLLEGE KOLKATA,M.D. (MICROBIOLOGY),In-Service,UR,General,Fresh Allotment
1012,3,162024,183,KPC MEDICAL COLLEGE,M.D. (MICROBIOLOGY),State Quota,UR,General,Fresh Allotment
1013,3,162225,60,NIL RATAN SIRCAR MEDICAL COLLEGE,M.D. (FORENSIC MEDICINE),State Quota,UR,General,Fresh Allotment
1014,3,162543,34,"IQ CITY MEDICAL COLLEGE, DURGAPUR",M.D. (MICROBIOLOGY),State Quota,UR,General,Fresh Allotment
1015,3,162871,28,M R BANGUR HOSPITAL,(NBEMS) GENERAL SURGERY,In-Service DNB,SC,SC,Fresh Allotment
1016,3,163153,44,NORTH BENGAL MEDICAL COLLEGE AND HOSPITAL,M.S. (GENERAL SURGERY),In-Service,OBC-B (Non- Creamy Layer),OBC-B (Non- Creamy Layer),Fresh Allotment
1017,3,163740,40,BURDWAN MEDICAL COLLEGE,M.S. (E.N.T.),In-Service,OBC-A (Non- Creamy Layer),OBC-A (Non- Creamy Layer),Fresh Allotment
1018,3,163829,1,SHRI RAMKRISHNA INSTITUTE OF MEDICAL SCIENCES & SANAKA HOSPITALS,M.D. (RADIO- DIAGNOSIS),NRI Quota,UR,General,Fresh Allotment
1019,3,164067,1,KPC MEDICAL COLLEGE,M.D. (OBST. AND GYNAE)/MS (OBSTETRICS AND GYNAECOLOGY),NRI Quota,UR,OBC (Non-Creamy Layer),Fresh Allotment
1020,3,164534,145,KPC MEDICAL COLLEGE,M.D. (PATHOLOGY),In-Service,UR,SC,Fresh Allotment
1021,3,164698,2,SREE BALARAM SEVA MANDIR S.G. HOSPITAL,(NBEMS-DIPLOMA) OBSTETRICS AND GYNAECOLOGY,In-Service DNB,UR,General,Fresh Allotment
1022,3,165021,23,BURDWAN MEDICAL COLLEGE,M.D. (PREVENTIVE AND SOCIAL MEDICINE)/ COMMUNITY MEDICINE,State Quota,OBC-A (Non- Creamy Layer),OBC-A (Non- Creamy Layer),Fresh Allotment
1023,3,165522,15,MEDICAL COLLEGE KOLKATA,DIP.IN GYNAE. AND OBST.,In-Service,SC,SC,Fresh Allotment
1024,3,165563,11,RAMPURHAT GOVT. MEDICAL COLLEGE AND HOSPITAL,(NBEMS) GENERAL MEDICINE,In-Service DNB,SC,SC,Fresh Allotment
1025,3,166000,1,GOURI DEVI INSTITUTE OF MEDICAL SCIENCES AND HOSPITAL,"M.D. (DERM.,VENE. AND LEPROSY)/ (DERMATOLOGY)/ (SKIN AND VENEREAL DISEASES)/ (VENEREOLOGY)",NRI Quota,UR,EWS,Fresh Allotment
1026,3,166486,56,MURSHIDABAD MEDICAL COLLEGE AND HOSPITAL,M.D. (BIOCHEMISTRY),In-Service,UR,General,Fresh Allotment
1027,3,167094,16,MEDICAL COLLEGE KOLKATA,MD/MS (ANATOMY),State Quota,UR,General,Fresh Allotment
1028,3,167354,104,NIL RATAN SIRCAR MEDICAL COLLEGE,M.D. (PATHOLOGY),In-Service,SC,SC,Fresh Allotment
1029,3,167561,127,CALCUTTA NATIONAL MEDICAL COLLEGE KOLKATA,M.D. (PHYSIOLOGY),State Quota,UR,General,Fresh Allotment
1030,3,167631,31,NORTH BENGAL MEDICAL COLLEGE AND HOSPITAL,M.D. (FORENSIC MEDICINE),State Quota,UR,SC,Fresh Allotment
1031,3,168075,73,MEDICAL COLLEGE KOLKATA,M.D. (PHARMACOLOGY),In-Service,UR,General,Fresh Allotment
1032,3,168175,83,DISTRICT HOSPITAL HOWRAH,(NBEMS-DIPLOMA) OBSTETRICS AND GYNAECOLOGY,In-Service DNB,UR,General,Fresh Allotment
1033,3,168181,184,ICARE INSTITUTE OF MEDICAL SCIENCES AND RESEARCH HALDIA,M.D. (MICROBIOLOGY),State Quota,UR,General,Fresh Allotment
1034,3,168569,10,BARASAT GOVERNMENT MEDICAL COLLEGE AND HOSPITAL,(NBEMS-DIPLOMA) OTORHINOLARYNGOL OGY (E.N.T.),In-Service DNB,UR,General,Fresh Allotment
1035,3,168980,1,MEDICAL COLLEGE KOLKATA,MD/MS (ANATOMY),State Quota,UR,General,Fresh Allotment
1036,3,169021,3,DR.B.N.BOSE SUB DIVISIONAL HOSPITAL,(NBEMS-DIPLOMA) OBSTETRICS AND GYNAECOLOGY,In-Service DNB,UR,General,Fresh Allotment
1037,3,169150,27,INSTITUTE OF POST GRADUATE MEDICAL EDUCATION AND RESEARCH KOLKATA,M.D. (RADIOTHERAPY/ RADIATION ONCOLOGY),State Quota,ST,ST,Fresh Allotment
1038,3,169316,13,MEDICAL COLLEGE KOLKATA,DIP.IN GYNAE. AND OBST.,In-Service,SC,SC,Fresh Allotment
1039,3,169709,2,NIL RATAN SIRCAR MEDICAL COLLEGE,M.D. (TUBERCULOSIS AND RESPIRATORY DISEASES)/PULMONA RY MEDICINE /M.D. (RESPIRATORY MEDICINE),In-Service,ST,ST,Fresh Allotment
1040,3,169965,86,ICARE INSTITUTE OF MEDICAL SCIENCES AND RESEARCH HALDIA,M.D. (ANAESTHESIOLOGY),In-Service,UR,General,Fresh Allotment
1041,3,170114,84,DIAMOND HARBOUR GOVERNMENT MEDICAL COLLEGE AND HOSPITAL,(NBEMS-DIPLOMA) PAEDIATRICS,In-Service DNB,UR,General,Fresh Allotment
1042,3,170161,4,VIDYASAGAR STATE GENERAL HOSPITAL,(NBEMS-DIPLOMA) OPHTHALMOLOGY,In-Service DNB,UR,General,Fresh Allotment
1043,3,170956,70,BURDWAN MEDICAL COLLEGE,M.D. (PREVENTIVE AND SOCIAL MEDICINE)/ COMMUNITY MEDICINE,State Quota,OBC-A (Non- Creamy Layer),OBC-A (Non- Creamy Layer),Fresh Allotment
1044,3,172230,236,"IQ CITY MEDICAL COLLEGE, DURGAPUR",M.D. (PREVENTIVE AND SOCIAL MEDICINE)/ COMMUNITY MEDICINE,State Quota,SC,SC,Fresh Allotment
1045,3,172680,110,ICARE INSTITUTE OF MEDICAL SCIENCES AND RESEARCH HALDIA,M.D. (TUBERCULOSIS AND RESPIRATORY DISEASES)/PULMONA RY MEDICINE /M.D. (RESPIRATORY MEDICINE),In-Service,SC,SC,Fresh Allotment
1046,3,172709,50,INSTITUTE OF POST GRADUATE MEDICAL EDUCATION AND RESEARCH KOLKATA,M.D. (PHYSIOLOGY),State Quota,UR,General,Fresh Allotment
1047,3,172725,4,IMAMBARA DISTRICT HOSPITAL,(NBEMS-DIPLOMA) ANAESTHESIOLOGY,In-Service DNB,UR,SC,Fresh Allotment
1048,3,173134,66,BURDWAN MEDICAL COLLEGE,M.D. (RADIOTHERAPY/ RADIATION ONCOLOGY),In-Service,OBC-A (Non- Creamy Layer),OBC-A (Non- Creamy Layer),Fresh Allotment
1049,3,173148,59,KPC MEDICAL COLLEGE,M.D. (PHYSIOLOGY),State Quota,UR,General,Fresh Allotment
1050,3,173201,17,INSTITUTE OF POST GRADUATE MEDICAL EDUCATION AND RESEARCH KOLKATA,MD/MS (ANATOMY),State Quota,UR,General,Fresh Allotment
1051,3,173437,61,JANGIPUR S. D. HOSPITAL,(NBEMS-DIPLOMA) ANAESTHESIOLOGY,In-Service DNB,UR,General,Fresh Allotment
1052,3,173564,64,SHRI RAMKRISHNA INSTITUTE OF MEDICAL SCIENCES & SANAKA HOSPITALS,M.D. (PSYCHIATRY),In-Service,OBC-A (Non- Creamy Layer),OBC-A (Non- Creamy Layer),Fresh Allotment
1053,3,173742,1,INSTITUTE OF POST GRADUATE MEDICAL EDUCATION AND RESEARCH KOLKATA,M.D. (BIOCHEMISTRY),In-Service,SC,SC,Fresh Allotment
1054,3,173814,5,JAGANNATH GUPTA INSTITUTE OF MEDICAL SCIENCES AND HOSPITAL,M.D. (OBST. AND GYNAE)/MS (OBSTETRICS AND GYNAECOLOGY),NRI Quota,UR,General,Fresh Allotment
1055,3,173970,158,DIAMOND HARBOUR GOVERNMENT MEDICAL COLLEGE AND HOSPITAL,(NBEMS-DIPLOMA) OBSTETRICS AND GYNAECOLOGY,In-Service DNB,UR,General,Fresh Allotment
1056,3,173971,8,NIL RATAN SIRCAR MEDICAL COLLEGE,M.D. (RADIOTHERAPY/ RADIATION ONCOLOGY),In-Service,ST,ST,Fresh Allotment
1057,3,174202,15,MAHARAJA JITENDRA NARAYAN MEDICAL COLLEGE AND HOSPITAL,(NBEMS) GENERAL SURGERY,In-Service DNB,OBC-B (Non- Creamy Layer),OBC-B (Non- Creamy Layer),Fresh Allotment
1058,3,174504,2,SHRI RAMKRISHNA INSTITUTE OF MEDICAL SCIENCES & SANAKA HOSPITALS,M.D. (OBST. AND GYNAE)/MS (OBSTETRICS AND GYNAECOLOGY),NRI Quota,UR,General,Fresh Allotment
1059,3,174565,8,DISTRICT HOSPITAL HOWRAH,(NBEMS) GENERAL SURGERY,In-Service DNB,SC,SC,Fresh Allotment
1060,3,174795,2,ICARE INSTITUTE OF MEDICAL SCIENCES AND RESEARCH HALDIA,"M.D. (DERM.,VENE. AND LEPROSY)/ (DERMATOLOGY)/ (SKIN AND VENEREAL DISEASES)/ (VENEREOLOGY)",NRI Quota,UR,OBC (Non-Creamy Layer),Fresh Allotment
1061,3,175123,1,JAGANNATH GUPTA INSTITUTE OF MEDICAL SCIENCES AND HOSPITAL,"M.D. (DERM.,VENE. AND LEPROSY)/ (DERMATOLOGY)/ (SKIN AND VENEREAL DISEASES)/ (VENEREOLOGY)",NRI Quota,UR,General,Fresh Allotment
1062,3,175366,26,MEDICAL COLLEGE KOLKATA,M.D. (FORENSIC MEDICINE),In-Service,UR,General,Fresh Allotment
1063,3,175774,115,MAHARAJA JITENDRA NARAYAN MEDICAL COLLEGE AND HOSPITAL,(NBEMS-DIPLOMA) OBSTETRICS AND GYNAECOLOGY,In-Service DNB,SC,SC,Fresh Allotment
1064,3,176008,55,MEDICAL COLLEGE KOLKATA,M.D. (PHYSIOLOGY),State Quota,UR,General,Fresh Allotment
1065,3,176065,135,R G KAR MEDICAL COLLEGE,DIPLOMA IN ANAESTHESIOLOGY,In-Service,SC,SC,Fresh Allotment
1066,3,176361,2,"IQ CITY MEDICAL COLLEGE, DURGAPUR",M.D. (RADIO- DIAGNOSIS),NRI Quota,UR,SC,Fresh Allotment
1067,3,177270,4,JAGANNATH GUPTA INSTITUTE OF MEDICAL SCIENCES AND HOSPITAL,M.D. (RADIO- DIAGNOSIS),NRI Quota,UR,General,Fresh Allotment
1068,3,177460,1,"IQ CITY MEDICAL COLLEGE, DURGAPUR",M.S. (ORTHOPAEDICS),NRI Quota,UR,SC,Fresh Allotment
1069,3,177991,161,JANGIPUR S. D. HOSPITAL,(NBEMS-DIPLOMA) PAEDIATRICS,In-Service DNB,UR,General,Fresh Allotment
1070,3,178246,76,GOURI DEVI INSTITUTE OF MEDICAL SCIENCES AND HOSPITAL,M.S. (E.N.T.),In-Service,UR,General,Fresh Allotment
1071,3,179241,33,CALCUTTA NATIONAL MEDICAL COLLEGE KOLKATA,M.D. (PHARMACOLOGY),In-Service,UR,General,Fresh Allotment
1072,3,179273,1,JAGANNATH GUPTA INSTITUTE OF MEDICAL SCIENCES AND HOSPITAL,M.D. (RADIO- DIAGNOSIS),NRI Quota,UR,General,Fresh Allotment
1073,3,179572,44,BURDWAN MEDICAL COLLEGE,M.D. (PATHOLOGY),In-Service,SC,SC,Fresh Allotment
1074,3,179665,189,BURDWAN MEDICAL COLLEGE,M.D. (MICROBIOLOGY),State Quota,SC,SC,Fresh Allotment
1075,3,180218,72,BARASAT GOVERNMENT MEDICAL COLLEGE AND HOSPITAL,(NBEMS-DIPLOMA) OPHTHALMOLOGY,In-Service DNB,UR,General,Fresh Allotment
1076,3,180516,52,LALBAGH SUB DIVISION HOSPITAL,(NBEMS-DIPLOMA) PAEDIATRICS,In-Service DNB,UR,General,Fresh Allotment
1077,3,181224,74,KALNA SD AND SS HOSPITAL,(NBEMS-DIPLOMA) PAEDIATRICS,In-Service DNB,UR,General,Fresh Allotment
1078,3,181621,89,COLLEGE OF MEDICINE AND JNM HOSPITAL KALYANI,M.D. (PHYSIOLOGY),State Quota,UR,General,Fresh Allotment
1079,3,182343,40,ICARE INSTITUTE OF MEDICAL SCIENCES AND RESEARCH HALDIA,M.D. (PHARMACOLOGY),Private Management Quota,UR,General,Fresh Allotment
1080,3,182580,15,RAMPURHAT GOVT. MEDICAL COLLEGE AND HOSPITAL,(NBEMS-DIPLOMA) ANAESTHESIOLOGY,In-Service DNB,UR,General,Fresh Allotment
1081,3,182716,17,MURSHIDABAD MEDICAL COLLEGE AND HOSPITAL,M.D. (PREVENTIVE AND SOCIAL MEDICINE)/ COMMUNITY MEDICINE,In-Service,SC,SC,Fresh Allotment
1082,3,183118,2,BURDWAN MEDICAL COLLEGE,M.D. (PSYCHIATRY),In-Service,ST,ST,Fresh Allotment
1083,3,183197,51,DISTRICT HOSPITAL ALIPURDUAR,(NBEMS-DIPLOMA) OBSTETRICS AND GYNAECOLOGY,In-Service DNB,UR,SC,Fresh Allotment
1084,3,183681,3,MEDICAL COLLEGE KOLKATA,DIP.IN GYNAE. AND OBST.,In-Service,OBC-A (Non- Creamy Layer),OBC-A (Non- Creamy Layer),Fresh Allotment
1085,3,183747,1,MEDICAL COLLEGE KOLKATA,M.S. (E.N.T.),State Quota,UR PwD,General PwD,Fresh Allotment
1086,3,185369,1,BANKURA SAMMILANI MEDICAL COLLEGE,M.D. (PREVENTIVE AND SOCIAL MEDICINE)/ COMMUNITY MEDICINE,State Quota,ST,ST,Fresh Allotment
1087,3,186532,32,KPC MEDICAL COLLEGE,M.D. (ANAESTHESIOLOGY),In-Service,SC,SC,Fresh Allotment
1088,3,186591,10,NIL RATAN SIRCAR MEDICAL COLLEGE,M.D. (PHYSICAL MED. AND REHABILITATION),In-Service,OBC-B (Non- Creamy Layer),OBC-B (Non- Creamy Layer),Fresh Allotment
1089,3,187442,8,ICARE INSTITUTE OF MEDICAL SCIENCES AND RESEARCH HALDIA,M.S. (ORTHOPAEDICS),NRI Quota,UR,OBC (Non-Creamy Layer),Fresh Allotment
1090,3,188832,1,ALL INDIA INSTITUTE OF HYGIENE AND PUBLIC HEALTH,M.D. (PREVENTIVE AND SOCIAL MEDICINE)/ COMMUNITY MEDICINE,In-Service,OBC (Non-Creamy Layer),OBC-B (Non- Creamy Layer),Fresh Allotment
1091,3,188926,11,CHANDANNAGAR SUB DIVISION HOSPITAL,(NBEMS-DIPLOMA) OBSTETRICS AND GYNAECOLOGY,In-Service DNB,SC,SC,Fresh Allotment
1092,3,189005,14,NORTH BENGAL MEDICAL COLLEGE AND HOSPITAL,M.D. (BIOCHEMISTRY),In-Service,SC,SC,Fresh Allotment
1093,3,189134,120,NIL RATAN SIRCAR MEDICAL COLLEGE,M.D. (FORENSIC MEDICINE),State Quota,SC,SC,Fresh Allotment
1094,3,189558,27,GOURI DEVI INSTITUTE OF MEDICAL SCIENCES AND HOSPITAL,M.D. (MICROBIOLOGY),State Quota,SC,SC,Fresh Allotment
1095,3,189700,95,INSTITUTE OF POST GRADUATE MEDICAL EDUCATION AND RESEARCH KOLKATA,M.D. (PHARMACOLOGY),In-Service,SC,SC,Fresh Allotment
1096,3,189870,97,R G KAR MEDICAL COLLEGE,M.D. (PHARMACOLOGY),State Quota,SC,SC,Fresh Allotment
1097,3,190028,55,BURDWAN MEDICAL COLLEGE,M.D. (MICROBIOLOGY),In-Service,SC,SC,Fresh Allotment
1098,3,190077,34,BURDWAN MEDICAL COLLEGE,M.D. (BIOCHEMISTRY),State Quota,SC,SC,Fresh Allotment
1099,3,190152,19,DISTRICT HOSPITAL NADIA,(NBEMS-DIPLOMA) ANAESTHESIOLOGY,In-Service DNB,SC,SC,Fresh Allotment
1100,3,190244,96,PRAFULLA CHANDRA SEN GOVT.MEDICAL COLLEGE AND HOSPITAL,(NBEMS-DIPLOMA) PAEDIATRICS,In-Service DNB,SC,SC,Fresh Allotment
1101,3,190579,12,R G KAR MEDICAL COLLEGE,M.S. (ORTHOPAEDICS),In-Service,ST,ST,Fresh Allotment
1102,3,190815,4,ISLAMPUR SUB DIVISIONAL HOSPITAL,(NBEMS-DIPLOMA) OBSTETRICS AND GYNAECOLOGY,In-Service DNB,SC,SC,Fresh Allotment
1103,3,190833,5,INSTITUTE OF POST GRADUATE MEDICAL EDUCATION AND RESEARCH KOLKATA,M.D. (MICROBIOLOGY),In-Service,SC,SC,Fresh Allotment
1104,3,190909,52,BURDWAN MEDICAL COLLEGE,DIPLOMA IN OPHTHALMOLOGY/DO MS,In-Service,SC,SC,Fresh Allotment
1105,3,191417,17,NORTH BENGAL MEDICAL COLLEGE AND HOSPITAL,M.D. (ANAESTHESIOLOGY),In-Service,OBC-B (Non- Creamy Layer),OBC-B (Non- Creamy Layer),Fresh Allotment
1106,3,192147,19,NORTH BENGAL MEDICAL COLLEGE AND HOSPITAL,M.D. (MICROBIOLOGY),In-Service,ST,ST,Fresh Allotment
1107,3,193046,12,ASANSOL DISTRICT HOSPITAL,(NBEMS) GENERAL SURGERY,In-Service DNB,SC,SC,Fresh Allotment
1108,3,193655,12,MEDICAL COLLEGE KOLKATA,MD/MS (ANATOMY),State Quota,SC,SC,Fresh Allotment
1109,3,193891,2,MIDNAPORE MEDICAL COLLEGE,M.S. (GENERAL SURGERY),In-Service,ST,ST,Fresh Allotment
1110,3,194296,2,"IQ CITY MEDICAL COLLEGE, DURGAPUR",M.D. (RADIO- DIAGNOSIS),NRI Quota,UR,OBC (Non-Creamy Layer),Fresh Allotment
