,ROUND,ALL INDIA RANK,CHOICE NO.,INSTITUTE,COURSE,ALLOTTED QUOTA,ALLOTTED CATEGORY,CANDIDATE CATEGORY,STATUS
0,1,201,1,INSTITUTE OF POST GRADUATE MEDICAL EDUCATION AND RESEARCH KOLKATA,M.D. (RADIO- DIAGNOSIS),Open Quota,UR,General,Fresh Allotment
1,1,235,1,MEDICAL COLLEGE KOLKATA,"M.D. (DERM.,VENE. AND LEPROSY)/ (DERMATOLOGY)/ (SKIN AND VENEREAL DISEASES)/ (VENEREOLOGY)",Open Quota,UR,General,Fresh Allotment
2,1,277,1,INSTITUTE OF POST GRADUATE MEDICAL EDUCATION AND RESEARCH KOLKATA,M.D. (GENERAL MEDICINE),Open Quota,UR,General,Fresh Allotment
3,1,359,2,INSTITUTE OF POST GRADUATE MEDICAL EDUCATION AND RESEARCH KOLKATA,"M.D. (DERM.,VENE. AND LEPROSY)/ (DERMATOLOGY)/ (SKIN AND VENEREAL DISEASES)/ (VENEREOLOGY)",Open Quota,UR,General,Fresh Allotment
4,1,590,2,MEDICAL COLLEGE KOLKATA,M.D. (GENERAL MEDICINE),Open Quota,UR,General,Fresh Allotment
5,1,591,1,INSTITUTE OF POST GRADUATE MEDICAL EDUCATION AND RESEARCH KOLKATA,M.D. (RADIO- DIAGNOSIS),Open Quota,UR,General,Fresh Allotment
6,1,654,2,MEDICAL COLLEGE KOLKATA,M.D. (GENERAL MEDICINE),Open Quota,UR,General,Fresh Allotment
7,1,690,3,MEDICAL COLLEGE KOLKATA,M.D. (GENERAL MEDICINE),Open Quota,UR,General,Fresh Allotment
8,1,707,2,NIL RATAN SIRCAR MEDICAL COLLEGE,M.D. (RADIO- DIAGNOSIS),Open Quota,EWS,EWS,Fresh Allotment
9,1,737,1,MEDICAL COLLEGE KOLKATA,M.D. (GENERAL MEDICINE),Open Quota,EWS,EWS,Fresh Allotment
10,1,806,3,NIL RATAN SIRCAR MEDICAL COLLEGE,M.D. (GENERAL MEDICINE),Open Quota,UR,General,Fresh Allotment
11,1,816,3,NIL RATAN SIRCAR MEDICAL COLLEGE,M.D. (GENERAL MEDICINE),Open Quota,UR,General,Fresh Allotment
12,1,858,3,BURDWAN MEDICAL COLLEGE,M.D. (RADIO- DIAGNOSIS),Open Quota,UR,General,Fresh Allotment
13,1,867,3,R G KAR MEDICAL COLLEGE,M.D. (GENERAL MEDICINE),Open Quota,UR,General,Fresh Allotment
14,1,897,4,INSTITUTE OF POST GRADUATE MEDICAL EDUCATION AND RESEARCH KOLKATA,M.S. (GENERAL SURGERY),Open Quota,UR,General,Fresh Allotment
15,1,900,4,R G KAR MEDICAL COLLEGE,M.D. (GENERAL MEDICINE),Open Quota,UR,OBC-A (Non- Creamy Layer),Fresh Allotment
16,1,915,4,"RAMAKRISHNA MISSION SEVA PRATISHTHAN VIVEKANANDA INSTITUTE OF MEDICAL SCIENCES, KOLKATA",M.D. (RADIO- DIAGNOSIS),Open Quota,UR,General,Fresh Allotment
17,1,922,3,INSTITUTE OF POST GRADUATE MEDICAL EDUCATION AND RESEARCH KOLKATA,"M.D. (DERM.,VENE. AND LEPROSY)/ (DERMATOLOGY)/ (SKIN AND VENEREAL DISEASES)/ (VENEREOLOGY)",Open Quota,UR,General,Fresh Allotment
18,1,971,1,NIL RATAN SIRCAR MEDICAL COLLEGE,"M.D. (DERM.,VENE. AND LEPROSY)/ (DERMATOLOGY)/ (SKIN AND VENEREAL DISEASES)/ (VENEREOLOGY)",Open Quota,SC,SC,Fresh Allotment
19,1,1017,1,MEDICAL COLLEGE KOLKATA,M.S. (GENERAL SURGERY),Open Quota,UR,General,Fresh Allotment
20,1,1043,6,CALCUTTA NATIONAL MEDICAL COLLEGE KOLKATA,M.D. (GENERAL MEDICINE),Open Quota,UR,General,Fresh Allotment
21,1,1130,5,CALCUTTA NATIONAL MEDICAL COLLEGE KOLKATA,M.D. (GENERAL MEDICINE),Open Quota,UR,General,Fresh Allotment
22,1,1227,4,ESI PGIMSR AND ESIC MEDICAL COLLEGE JOKA KOLKATA,M.D. (GENERAL MEDICINE),Open Quota,UR,General,Fresh Allotment
23,1,1259,7,ESI PGIMSR AND ESIC MEDICAL COLLEGE JOKA KOLKATA,M.D. (GENERAL MEDICINE),Open Quota,UR,General,Fresh Allotment
24,1,1260,3,BANKURA SAMMILANI MEDICAL COLLEGE,M.D. (RADIO- DIAGNOSIS),Open Quota,UR,General,Fresh Allotment
25,1,1310,1,INSTITUTE OF POST GRADUATE MEDICAL EDUCATION AND RESEARCH KOLKATA,M.S. (GENERAL SURGERY),Open Quota,UR,General,Fresh Allotment
26,1,1349,2,INSTITUTE OF POST GRADUATE MEDICAL EDUCATION AND RESEARCH KOLKATA,M.D. (OBST. AND GYNAE)/MS (OBSTETRICS AND GYNAECOLOGY),Open Quota,UR,General,Fresh Allotment
27,1,1425,7,COLLEGE OF MEDICINE AND SAGORE DUTTA HOSPITAL,M.D. (GENERAL MEDICINE),Open Quota,UR,General,Fresh Allotment
28,1,1556,7,"RAMAKRISHNA MISSION SEVA PRATISHTHAN VIVEKANANDA INSTITUTE OF MEDICAL SCIENCES, KOLKATA",M.D. (GENERAL MEDICINE),Open Quota,UR,General,Fresh Allotment
29,1,1596,1,CALCUTTA NATIONAL MEDICAL COLLEGE KOLKATA,"M.D. (DERM.,VENE. AND LEPROSY)/ (DERMATOLOGY)/ (SKIN AND VENEREAL DISEASES)/ (VENEREOLOGY)",Open Quota,OBC-A (Non- Creamy Layer),OBC-A (Non- Creamy Layer),Fresh Allotment
30,1,1626,1,INSTITUTE OF POST GRADUATE MEDICAL EDUCATION AND RESEARCH KOLKATA,M.D. (GENERAL MEDICINE),Open Quota,EWS,EWS,Fresh Allotment
31,1,1667,1,INSTITUTE OF POST GRADUATE MEDICAL EDUCATION AND RESEARCH KOLKATA,M.D. (RADIO- DIAGNOSIS),Open Quota,OBC-A (Non- Creamy Layer),OBC-A (Non- Creamy Layer),Fresh Allotment
32,1,1681,8,BURDWAN MEDICAL COLLEGE,M.D. (GENERAL MEDICINE),Open Quota,UR,General,Fresh Allotment
33,1,1684,6,BURDWAN MEDICAL COLLEGE,M.D. (GENERAL MEDICINE),Open Quota,UR,General,Fresh Allotment
34,1,1833,4,CALCUTTA NATIONAL MEDICAL COLLEGE KOLKATA,M.D. (GENERAL MEDICINE),Open Quota,OBC-A (Non- Creamy Layer),OBC-A (Non- Creamy Layer),Fresh Allotment
35,1,1874,4,MEDICAL COLLEGE KOLKATA,M.D. (PAEDIATRICS),Open Quota,UR,General,Fresh Allotment
36,1,1886,5,MURSHIDABAD MEDICAL COLLEGE AND HOSPITAL,M.D. (RADIO- DIAGNOSIS),Open Quota,UR,General,Fresh Allotment
37,1,1921,11,NORTH BENGAL MEDICAL COLLEGE AND HOSPITAL,M.D. (GENERAL MEDICINE),Open Quota,UR,General,Fresh Allotment
38,1,2020,7,"SCHOOL OF TROPICAL MEDICINE, KOLKATA","M.D. (DERM.,VENE. AND LEPROSY)/ (DERMATOLOGY)/ (SKIN AND VENEREAL DISEASES)/ (VENEREOLOGY)",Open Quota,UR,General,Fresh Allotment
39,1,2055,7,NORTH BENGAL MEDICAL COLLEGE AND HOSPITAL,M.D. (GENERAL MEDICINE),Open Quota,UR,General,Fresh Allotment
40,1,2061,3,R G KAR MEDICAL COLLEGE,M.S. (GENERAL SURGERY),Open Quota,UR,General,Fresh Allotment
41,1,2085,8,MIDNAPORE MEDICAL COLLEGE,M.D. (GENERAL MEDICINE),Open Quota,UR,General,Fresh Allotment
42,1,2087,13,"COMMAND HOSPITAL EC, ALIPORE, KOLKATA",M.D. (GENERAL MEDICINE),Open Quota,OBC (Non-Creamy Layer),OBC (Non-Creamy Layer),Fresh Allotment
43,1,2187,10,BANKURA SAMMILANI MEDICAL COLLEGE,M.D. (GENERAL MEDICINE),Open Quota,UR,General,Fresh Allotment
44,1,2197,13,MALDA MEDICAL COLLEGE AND HOSPITAL,M.D. (GENERAL MEDICINE),Open Quota,UR,General,Fresh Allotment
45,1,2199,4,MEDICAL COLLEGE KOLKATA,M.D. (OBST. AND GYNAE)/MS (OBSTETRICS AND GYNAECOLOGY),Open Quota,UR,General,Fresh Allotment
46,1,2244,1,INSTITUTE OF POST GRADUATE MEDICAL EDUCATION AND RESEARCH KOLKATA,M.S. (ORTHOPAEDICS),Open Quota,UR,General,Fresh Allotment
47,1,2270,3,KPC MEDICAL COLLEGE,M.D. (RADIO- DIAGNOSIS),Open Quota,UR,General,Fresh Allotment
48,1,2328,1,INSTITUTE OF POST GRADUATE MEDICAL EDUCATION AND RESEARCH KOLKATA,M.D. (PAEDIATRICS),Open Quota,UR,General,Fresh Allotment
49,1,2351,8,BURDWAN MEDICAL COLLEGE,"M.D. (DERM.,VENE. AND LEPROSY)/ (DERMATOLOGY)/ (SKIN AND VENEREAL DISEASES)/ (VENEREOLOGY)",Open Quota,UR,General,Fresh Allotment
50,1,2372,11,KPC MEDICAL COLLEGE,M.D. (GENERAL MEDICINE),Open Quota,UR,General,Fresh Allotment
51,1,2412,1,INSTITUTE OF POST GRADUATE MEDICAL EDUCATION AND RESEARCH KOLKATA,M.S. (ORTHOPAEDICS),Open Quota,UR,SC,Fresh Allotment
52,1,2495,6,INSTITUTE OF POST GRADUATE MEDICAL EDUCATION AND RESEARCH KOLKATA,M.D. (PAEDIATRICS),Open Quota,UR,General,Fresh Allotment
53,1,2504,1,INSTITUTE OF POST GRADUATE MEDICAL EDUCATION AND RESEARCH KOLKATA,M.D. (GENERAL MEDICINE),Open Quota,SC,SC,Fresh Allotment
54,1,2530,1,MEDICAL COLLEGE KOLKATA,M.D. (PAEDIATRICS),Open Quota,UR,General,Fresh Allotment
55,1,2568,16,MEDICAL COLLEGE KOLKATA,M.D. (PAEDIATRICS),Open Quota,UR,General,Fresh Allotment
56,1,2593,3,INSTITUTE OF CHILD HEALTH,M.D. (PAEDIATRICS),Open Quota,UR,General,Fresh Allotment
57,1,2665,13,R G KAR MEDICAL COLLEGE,M.S. (ORTHOPAEDICS),Open Quota,UR,General,Fresh Allotment
58,1,2669,13,R G KAR MEDICAL COLLEGE,M.S. (ORTHOPAEDICS),Open Quota,UR,General,Fresh Allotment
59,1,2692,3,MEDICAL COLLEGE KOLKATA,M.D. (OBST. AND GYNAE)/MS (OBSTETRICS AND GYNAECOLOGY),Open Quota,UR,General,Fresh Allotment
60,1,2737,25,R G KAR MEDICAL COLLEGE,M.D. (PAEDIATRICS),Open Quota,UR,General,Fresh Allotment
61,1,2749,13,R G KAR MEDICAL COLLEGE,M.D. (PAEDIATRICS),Open Quota,UR,General,Fresh Allotment
62,1,2760,8,R G KAR MEDICAL COLLEGE,M.D. (PAEDIATRICS),Open Quota,UR,General,Fresh Allotment
63,1,2764,4,INSTITUTE OF CHILD HEALTH,M.D. (PAEDIATRICS),Open Quota,UR,General,Fresh Allotment
64,1,2775,3,NIL RATAN SIRCAR MEDICAL COLLEGE,M.D. (RADIOTHERAPY/ RADIATION ONCOLOGY),Open Quota,UR,General,Fresh Allotment
65,1,2800,5,"COMMAND HOSPITAL EC, ALIPORE, KOLKATA",M.D. (RADIO- DIAGNOSIS),Open Quota,OBC (Non-Creamy Layer),OBC-B (Non- Creamy Layer),Fresh Allotment
66,1,2827,2,BURDWAN MEDICAL COLLEGE,M.D. (RADIO- DIAGNOSIS),Open Quota,OBC-A (Non- Creamy Layer),OBC-A (Non- Creamy Layer),Fresh Allotment
67,1,2851,22,NIL RATAN SIRCAR MEDICAL COLLEGE,M.D. (PAEDIATRICS),Open Quota,UR,General,Fresh Allotment
68,1,2926,1,INSTITUTE OF POST GRADUATE MEDICAL EDUCATION AND RESEARCH KOLKATA,M.D. (GENERAL MEDICINE),Open Quota,OBC-B (Non- Creamy Layer),OBC-B (Non- Creamy Layer),Fresh Allotment
69,1,2978,2,MEDICAL COLLEGE KOLKATA,M.D. (RADIO- DIAGNOSIS),Open Quota,SC,SC,Fresh Allotment
70,1,3081,7,NIL RATAN SIRCAR MEDICAL COLLEGE,M.S. (GENERAL SURGERY),Open Quota,UR,General,Fresh Allotment
71,1,3165,11,INSTITUTE OF POST GRADUATE MEDICAL EDUCATION AND RESEARCH KOLKATA,M.D. (OBST. AND GYNAE)/MS (OBSTETRICS AND GYNAECOLOGY),Open Quota,UR,General,Fresh Allotment
72,1,3179,2,MEDICAL COLLEGE KOLKATA,M.D. (GENERAL MEDICINE),Open Quota,OBC-B (Non- Creamy Layer),OBC-B (Non- Creamy Layer),Fresh Allotment
73,1,3193,3,R G KAR MEDICAL COLLEGE,M.D. (GENERAL MEDICINE),Open Quota,OBC-A (Non- Creamy Layer),OBC-A (Non- Creamy Layer),Fresh Allotment
74,1,3237,1,R G KAR MEDICAL COLLEGE,M.D. (OBST. AND GYNAE)/MS (OBSTETRICS AND GYNAECOLOGY),Open Quota,UR,General,Fresh Allotment
75,1,3247,15,NIL RATAN SIRCAR MEDICAL COLLEGE,M.D. (TUBERCULOSIS AND RESPIRATORY DISEASES)/PULMONA RY MEDICINE /M.D. (RESPIRATORY MEDICINE),Open Quota,UR,General,Fresh Allotment
76,1,3262,19,R G KAR MEDICAL COLLEGE,M.D. (OBST. AND GYNAE)/MS (OBSTETRICS AND GYNAECOLOGY),Open Quota,UR,General,Fresh Allotment
77,1,3378,23,MEDICAL COLLEGE KOLKATA,M.D. (TUBERCULOSIS AND RESPIRATORY DISEASES)/PULMONA RY MEDICINE /M.D. (RESPIRATORY MEDICINE),Open Quota,UR,General,Fresh Allotment
78,1,3391,5,CALCUTTA NATIONAL MEDICAL COLLEGE KOLKATA,M.D. (GENERAL MEDICINE),Open Quota,EWS,EWS,Fresh Allotment
79,1,3400,1,INSTITUTE OF POST GRADUATE MEDICAL EDUCATION AND RESEARCH KOLKATA,M.S. (GENERAL SURGERY),Open Quota,SC,SC,Fresh Allotment
80,1,3616,3,CALCUTTA NATIONAL MEDICAL COLLEGE KOLKATA,M.S. (ORTHOPAEDICS),Open Quota,UR,General,Fresh Allotment
81,1,3671,9,MIDNAPORE MEDICAL COLLEGE,M.D. (GENERAL MEDICINE),Open Quota,OBC-A (Non- Creamy Layer),OBC-A (Non- Creamy Layer),Fresh Allotment
82,1,3703,4,BURDWAN MEDICAL COLLEGE,M.S. (ORTHOPAEDICS),Open Quota,UR,General,Fresh Allotment
83,1,3710,14,DR. B C ROY POST GRADUATE INSTITUTE OF PAEDIATRIC SCIENCES,M.D. (PAEDIATRICS),Open Quota,UR,General,Fresh Allotment
84,1,3747,5,"RAMAKRISHNA MISSION SEVA PRATISHTHAN VIVEKANANDA INSTITUTE OF MEDICAL SCIENCES, KOLKATA",M.D. (PAEDIATRICS),Open Quota,UR,General,Fresh Allotment
85,1,3762,2,NORTH BENGAL MEDICAL COLLEGE AND HOSPITAL,M.D. (RADIO- DIAGNOSIS),Open Quota,OBC-A (Non- Creamy Layer),OBC-A (Non- Creamy Layer),Fresh Allotment
86,1,3813,21,"CHITTARANJAN SEVA SADAN COLLEGE OF OBS. GYNAE AND CHILD HEALTH,KOLKATA",M.D. (PAEDIATRICS),Open Quota,UR,General,Fresh Allotment
87,1,3872,6,R G KAR MEDICAL COLLEGE,M.D. (OBST. AND GYNAE)/MS (OBSTETRICS AND GYNAECOLOGY),Open Quota,UR,General,Fresh Allotment
88,1,3890,21,MEDICAL COLLEGE KOLKATA,M.D. (PAEDIATRICS),Open Quota,OBC-A (Non- Creamy Layer),OBC-A (Non- Creamy Layer),Fresh Allotment
89,1,3958,24,MEDICAL COLLEGE KOLKATA,M.D. (OBST. AND GYNAE)/MS (OBSTETRICS AND GYNAECOLOGY),Open Quota,UR,General,Fresh Allotment
90,1,3976,5,R G KAR MEDICAL COLLEGE,M.S. (GENERAL SURGERY),Open Quota,UR,General,Fresh Allotment
91,1,4105,10,COLLEGE OF MEDICINE AND SAGORE DUTTA HOSPITAL,M.D. (PAEDIATRICS),Open Quota,UR,General,Fresh Allotment
92,1,4115,12,NIL RATAN SIRCAR MEDICAL COLLEGE,M.D. (OBST. AND GYNAE)/MS (OBSTETRICS AND GYNAECOLOGY),Open Quota,UR,OBC-A (Non- Creamy Layer),Fresh Allotment
93,1,4119,3,BURDWAN MEDICAL COLLEGE,M.D. (TUBERCULOSIS AND RESPIRATORY DISEASES)/PULMONA RY MEDICINE /M.D. (RESPIRATORY MEDICINE),Open Quota,UR,General,Fresh Allotment
94,1,4149,28,BURDWAN MEDICAL COLLEGE,M.D. (PAEDIATRICS),Open Quota,UR,General,Fresh Allotment
95,1,4187,17,BURDWAN MEDICAL COLLEGE,M.D. (PAEDIATRICS),Open Quota,UR,General,Fresh Allotment
96,1,4283,25,BANKURA SAMMILANI MEDICAL COLLEGE,M.D. (PAEDIATRICS),Open Quota,UR,General,Fresh Allotment
97,1,4417,2,MEDICAL COLLEGE KOLKATA,M.D. (GENERAL MEDICINE),Open Quota,SC,SC,Fresh Allotment
98,1,4550,22,MALDA MEDICAL COLLEGE AND HOSPITAL,M.D. (PAEDIATRICS),Open Quota,UR,General,Fresh Allotment
99,1,4625,3,NIL RATAN SIRCAR MEDICAL COLLEGE,M.D. (RADIO- DIAGNOSIS),Open Quota,OBC-B (Non- Creamy Layer),OBC-B (Non- Creamy Layer),Fresh Allotment
100,1,4659,29,NORTH BENGAL MEDICAL COLLEGE AND HOSPITAL,M.D. (PAEDIATRICS),Open Quota,UR,General,Fresh Allotment
101,1,4661,19,COLLEGE OF MEDICINE AND SAGORE DUTTA HOSPITAL,M.D. (TUBERCULOSIS AND RESPIRATORY DISEASES)/PULMONA RY MEDICINE /M.D. (RESPIRATORY MEDICINE),Open Quota,UR,General,Fresh Allotment
102,1,4668,20,CALCUTTA NATIONAL MEDICAL COLLEGE KOLKATA,M.D. (OBST. AND GYNAE)/MS (OBSTETRICS AND GYNAECOLOGY),Open Quota,UR,General,Fresh Allotment
103,1,4765,11,CALCUTTA NATIONAL MEDICAL COLLEGE KOLKATA,M.D. (OBST. AND GYNAE)/MS (OBSTETRICS AND GYNAECOLOGY),Open Quota,UR,General,Fresh Allotment
104,1,4787,7,INSTITUTE OF POST GRADUATE MEDICAL EDUCATION AND RESEARCH KOLKATA,M.D. (OBST. AND GYNAE)/MS (OBSTETRICS AND GYNAECOLOGY),Open Quota,OBC-A (Non- Creamy Layer),OBC-A (Non- Creamy Layer),Fresh Allotment
105,1,4856,10,BURDWAN MEDICAL COLLEGE,M.D. (OBST. AND GYNAE)/MS (OBSTETRICS AND GYNAECOLOGY),Open Quota,UR,General,Fresh Allotment
106,1,4933,20,BANKURA SAMMILANI MEDICAL COLLEGE,M.D. (OBST. AND GYNAE)/MS (OBSTETRICS AND GYNAECOLOGY),Open Quota,UR,General,Fresh Allotment
107,1,4943,10,"CHITTARANJAN SEVA SADAN COLLEGE OF OBS. GYNAE AND CHILD HEALTH,KOLKATA",M.D. (OBST. AND GYNAE)/MS (OBSTETRICS AND GYNAECOLOGY),Open Quota,UR,General,Fresh Allotment
108,1,5026,4,CALCUTTA NATIONAL MEDICAL COLLEGE KOLKATA,M.D. (PAEDIATRICS),Open Quota,OBC-A (Non- Creamy Layer),OBC-A (Non- Creamy Layer),Fresh Allotment
109,1,5062,16,MEDICAL COLLEGE KOLKATA,M.S. (OPHTHALMOLOGY),Open Quota,UR,General,Fresh Allotment
110,1,5075,13,COLLEGE OF MEDICINE AND SAGORE DUTTA HOSPITAL,M.D. (OBST. AND GYNAE)/MS (OBSTETRICS AND GYNAECOLOGY),Open Quota,UR,General,Fresh Allotment
111,1,5132,20,BANKURA SAMMILANI MEDICAL COLLEGE,M.D. (TUBERCULOSIS AND RESPIRATORY DISEASES)/PULMONA RY MEDICINE /M.D. (RESPIRATORY MEDICINE),Open Quota,UR,General,Fresh Allotment
112,1,5290,5,BANKURA SAMMILANI MEDICAL COLLEGE,M.S. (ORTHOPAEDICS),Open Quota,UR,General,Fresh Allotment
113,1,5297,4,NORTH BENGAL MEDICAL COLLEGE AND HOSPITAL,M.D. (RADIO- DIAGNOSIS),Open Quota,SC,SC,Fresh Allotment
114,1,5325,5,"RAMAKRISHNA MISSION SEVA PRATISHTHAN VIVEKANANDA INSTITUTE OF MEDICAL SCIENCES, KOLKATA",M.S. (ORTHOPAEDICS),Open Quota,UR,General,Fresh Allotment
115,1,5330,6,CALCUTTA NATIONAL MEDICAL COLLEGE KOLKATA,M.S. (GENERAL SURGERY),Open Quota,UR,General,Fresh Allotment
116,1,5473,6,BANKURA SAMMILANI MEDICAL COLLEGE,M.D. (RADIO- DIAGNOSIS),Open Quota,SC,SC,Fresh Allotment
117,1,5475,16,CALCUTTA NATIONAL MEDICAL COLLEGE KOLKATA,M.S. (GENERAL SURGERY),Open Quota,UR,General,Fresh Allotment
118,1,5484,1,MEDICAL COLLEGE KOLKATA,M.S. (OPHTHALMOLOGY),Open Quota,UR,General,Fresh Allotment
119,1,5515,28,MEDICAL COLLEGE KOLKATA,M.S. (OPHTHALMOLOGY),Open Quota,UR,General,Fresh Allotment
120,1,5582,2,MURSHIDABAD MEDICAL COLLEGE AND HOSPITAL,M.S. (ORTHOPAEDICS),Open Quota,UR,General,Fresh Allotment
121,1,5656,15,BANKURA SAMMILANI MEDICAL COLLEGE,M.D. (OBST. AND GYNAE)/MS (OBSTETRICS AND GYNAECOLOGY),Open Quota,UR,General,Fresh Allotment
122,1,5664,2,MEDICAL COLLEGE KOLKATA,M.D. (GENERAL MEDICINE),Open Quota,SC,SC,Fresh Allotment
123,1,5683,20,INSTITUTE OF CHILD HEALTH,M.D. (PAEDIATRICS),Open Quota,OBC-A (Non- Creamy Layer),OBC-A (Non- Creamy Layer),Fresh Allotment
124,1,5730,16,CALCUTTA NATIONAL MEDICAL COLLEGE KOLKATA,M.S. (GENERAL SURGERY),Open Quota,UR,General,Fresh Allotment
125,1,5774,4,R G KAR MEDICAL COLLEGE,"M.D. (DERM.,VENE. AND LEPROSY)/ (DERMATOLOGY)/ (SKIN AND VENEREAL DISEASES)/ (VENEREOLOGY)",Open Quota,EWS,EWS,Fresh Allotment
126,1,5782,29,INSTITUTE OF POST GRADUATE MEDICAL EDUCATION AND RESEARCH KOLKATA,M.D. (PSYCHIATRY),Open Quota,UR,General,Fresh Allotment
127,1,5788,5,BURDWAN MEDICAL COLLEGE,M.S. (GENERAL SURGERY),Open Quota,UR,General,Fresh Allotment
128,1,5795,5,ESI PGIMSR AND ESIC MEDICAL COLLEGE JOKA KOLKATA,M.D. (OBST. AND GYNAE)/MS (OBSTETRICS AND GYNAECOLOGY),Open Quota,UR,General,Fresh Allotment
129,1,5868,4,CALCUTTA NATIONAL MEDICAL COLLEGE KOLKATA,M.S. (GENERAL SURGERY),Open Quota,UR,General,Fresh Allotment
130,1,5945,2,INSTITUTE OF POST GRADUATE MEDICAL EDUCATION AND RESEARCH KOLKATA,M.D. (PSYCHIATRY),Open Quota,UR,General,Fresh Allotment
131,1,5997,8,BANKURA SAMMILANI MEDICAL COLLEGE,M.D. (OBST. AND GYNAE)/MS (OBSTETRICS AND GYNAECOLOGY),Open Quota,UR,General,Fresh Allotment
132,1,6034,12,BURDWAN MEDICAL COLLEGE,M.S. (GENERAL SURGERY),Open Quota,UR,General,Fresh Allotment
133,1,6124,11,"RAMAKRISHNA MISSION SEVA PRATISHTHAN VIVEKANANDA INSTITUTE OF MEDICAL SCIENCES, KOLKATA",M.S. (GENERAL SURGERY),Open Quota,UR,General,Fresh Allotment
134,1,6135,30,MIDNAPORE MEDICAL COLLEGE,M.S. (GENERAL SURGERY),Open Quota,UR,General,Fresh Allotment
135,1,6166,1,R G KAR MEDICAL COLLEGE,M.S. (ORTHOPAEDICS),Open Quota,SC,SC,Fresh Allotment
136,1,6177,7,BANKURA SAMMILANI MEDICAL COLLEGE,M.S. (GENERAL SURGERY),Open Quota,UR,General,Fresh Allotment
137,1,6224,26,"RAMAKRISHNA MISSION SEVA PRATISHTHAN VIVEKANANDA INSTITUTE OF MEDICAL SCIENCES, KOLKATA",M.D. (OBST. AND GYNAE)/MS (OBSTETRICS AND GYNAECOLOGY),Open Quota,UR,General,Fresh Allotment
138,1,6298,31,INSTITUTE OF POST GRADUATE MEDICAL EDUCATION AND RESEARCH KOLKATA,M.S. (ORTHOPAEDICS),Open Quota,OBC-A (Non- Creamy Layer),OBC-A (Non- Creamy Layer),Fresh Allotment
139,1,6416,13,NORTH BENGAL MEDICAL COLLEGE AND HOSPITAL,M.D. (GENERAL MEDICINE),Open Quota,OBC-B (Non- Creamy Layer),OBC-B (Non- Creamy Layer),Fresh Allotment
140,1,6423,4,GOURI DEVI INSTITUTE OF MEDICAL SCIENCES AND HOSPITAL,"M.D. (DERM.,VENE. AND LEPROSY)/ (DERMATOLOGY)/ (SKIN AND VENEREAL DISEASES)/ (VENEREOLOGY)",Open Quota,UR,General,Fresh Allotment
141,1,6431,8,MIDNAPORE MEDICAL COLLEGE,M.D. (OBST. AND GYNAE)/MS (OBSTETRICS AND GYNAECOLOGY),Open Quota,UR,General,Fresh Allotment
142,1,6521,15,ICARE INSTITUTE OF MEDICAL SCIENCES AND RESEARCH HALDIA,M.D. (GENERAL MEDICINE),Open Quota,UR,General,Fresh Allotment
143,1,6547,22,ESI PGIMSR AND ESIC MEDICAL COLLEGE JOKA KOLKATA,M.S. (ORTHOPAEDICS),Open Quota,UR,General,Fresh Allotment
144,1,6590,46,NORTH BENGAL MEDICAL COLLEGE AND HOSPITAL,M.D. (OBST. AND GYNAE)/MS (OBSTETRICS AND GYNAECOLOGY),Open Quota,UR,General,Fresh Allotment
145,1,6596,24,MIDNAPORE MEDICAL COLLEGE,M.D. (PAEDIATRICS),Open Quota,OBC-B (Non- Creamy Layer),OBC-B (Non- Creamy Layer),Fresh Allotment
146,1,6630,12,BANKURA SAMMILANI MEDICAL COLLEGE,M.S. (GENERAL SURGERY),Open Quota,UR,General,Fresh Allotment
147,1,6641,34,MIDNAPORE MEDICAL COLLEGE,M.S. (GENERAL SURGERY),Open Quota,UR,General,Fresh Allotment
148,1,6913,3,"RAMAKRISHNA MISSION SEVA PRATISHTHAN VIVEKANANDA INSTITUTE OF MEDICAL SCIENCES, KOLKATA",M.D. (GENERAL MEDICINE),Open Quota,SC,SC,Fresh Allotment
149,1,6962,11,MEDICAL COLLEGE KOLKATA,M.S. (E.N.T.),Open Quota,UR,General,Fresh Allotment
150,1,7097,37,R G KAR MEDICAL COLLEGE,M.D. (TUBERCULOSIS AND RESPIRATORY DISEASES)/PULMONA RY MEDICINE /M.D. (RESPIRATORY MEDICINE),Open Quota,OBC-B (Non- Creamy Layer),OBC-B (Non- Creamy Layer),Fresh Allotment
151,1,7113,9,INSTITUTE OF POST GRADUATE MEDICAL EDUCATION AND RESEARCH KOLKATA,M.S. (E.N.T.),Open Quota,UR,General,Fresh Allotment
152,1,7121,8,MIDNAPORE MEDICAL COLLEGE,M.S. (GENERAL SURGERY),Open Quota,UR,General,Fresh Allotment
153,1,7181,1,INSTITUTE OF POST GRADUATE MEDICAL EDUCATION AND RESEARCH KOLKATA,M.D. (OBST. AND GYNAE)/MS (OBSTETRICS AND GYNAECOLOGY),Open Quota,SC,SC,Fresh Allotment
154,1,7257,31,NIL RATAN SIRCAR MEDICAL COLLEGE,M.S. (OPHTHALMOLOGY),Open Quota,UR,General,Fresh Allotment
155,1,7318,4,BURDWAN MEDICAL COLLEGE,M.S. (ORTHOPAEDICS),Open Quota,OBC-A (Non- Creamy Layer),OBC-A (Non- Creamy Layer),Fresh Allotment
156,1,7335,31,KPC MEDICAL COLLEGE,M.D. (RADIO- DIAGNOSIS),Private Management Quota,UR,General,Fresh Allotment
157,1,7377,18,MEDICAL COLLEGE KOLKATA,M.D. GERIATRICS,Open Quota,UR,General,Fresh Allotment
158,1,7488,22,MIDNAPORE MEDICAL COLLEGE,M.D. (OBST. AND GYNAE)/MS (OBSTETRICS AND GYNAECOLOGY),Open Quota,UR,General,Fresh Allotment
159,1,7521,6,GOURI DEVI INSTITUTE OF MEDICAL SCIENCES AND HOSPITAL,M.D. (TUBERCULOSIS AND RESPIRATORY DISEASES)/PULMONA RY MEDICINE /M.D. (RESPIRATORY MEDICINE),Open Quota,UR,General,Fresh Allotment
160,1,7655,9,NORTH BENGAL MEDICAL COLLEGE AND HOSPITAL,M.D. (GENERAL MEDICINE),Open Quota,EWS,EWS,Fresh Allotment
161,1,7696,10,"COMMAND HOSPITAL EC, ALIPORE, KOLKATA",M.D. (OBST. AND GYNAE)/MS (OBSTETRICS AND GYNAECOLOGY),Open Quota,UR,General,Fresh Allotment
162,1,7789,10,R G KAR MEDICAL COLLEGE,M.D. (OBST. AND GYNAE)/MS (OBSTETRICS AND GYNAECOLOGY),Open Quota,OBC-A (Non- Creamy Layer),OBC-A (Non- Creamy Layer),Fresh Allotment
163,1,7928,45,MIDNAPORE MEDICAL COLLEGE,M.D. (OBST. AND GYNAE)/MS (OBSTETRICS AND GYNAECOLOGY),Open Quota,UR,General,Fresh Allotment
164,1,7932,11,MURSHIDABAD MEDICAL COLLEGE AND HOSPITAL,M.D. (OBST. AND GYNAE)/MS (OBSTETRICS AND GYNAECOLOGY),Open Quota,UR,General,Fresh Allotment
165,1,8012,31,MALDA MEDICAL COLLEGE AND HOSPITAL,M.D. (OBST. AND GYNAE)/MS (OBSTETRICS AND GYNAECOLOGY),Open Quota,UR,General,Fresh Allotment
166,1,8233,2,ESI PGIMSR AND ESIC MEDICAL COLLEGE JOKA KOLKATA,M.D. (PAEDIATRICS),Open Quota,SC,SC,Fresh Allotment
167,1,8476,4,BURDWAN MEDICAL COLLEGE,M.S. (OPHTHALMOLOGY),Open Quota,UR,General,Fresh Allotment
168,1,8496,31,BURDWAN MEDICAL COLLEGE,M.S. (GENERAL SURGERY),Open Quota,OBC-B (Non- Creamy Layer),OBC-B (Non- Creamy Layer),Fresh Allotment
169,1,8615,10,BANKURA SAMMILANI MEDICAL COLLEGE,"M.D. (DERM.,VENE. AND LEPROSY)/ (DERMATOLOGY)/ (SKIN AND VENEREAL DISEASES)/ (VENEREOLOGY)",Open Quota,SC,SC,Fresh Allotment
170,1,8687,2,MEDICAL COLLEGE KOLKATA,M.D. (OBST. AND GYNAE)/MS (OBSTETRICS AND GYNAECOLOGY),Open Quota,SC,SC,Fresh Allotment
171,1,8893,9,"RAMAKRISHNA MISSION SEVA PRATISHTHAN VIVEKANANDA INSTITUTE OF MEDICAL SCIENCES, KOLKATA",M.D. (GENERAL MEDICINE),Open Quota,EWS,EWS,Fresh Allotment
172,1,8908,3,MEDICAL COLLEGE KOLKATA,M.S. (ORTHOPAEDICS),Open Quota,OBC-B (Non- Creamy Layer),OBC-B (Non- Creamy Layer),Fresh Allotment
173,1,8915,41,R G KAR MEDICAL COLLEGE,M.S. (E.N.T.),Open Quota,UR,General,Fresh Allotment
174,1,8942,2,NIL RATAN SIRCAR MEDICAL COLLEGE,M.D. (OBST. AND GYNAE)/MS (OBSTETRICS AND GYNAECOLOGY),Open Quota,EWS,EWS,Fresh Allotment
175,1,8990,28,CALCUTTA NATIONAL MEDICAL COLLEGE KOLKATA,M.S. (ORTHOPAEDICS),Open Quota,OBC-B (Non- Creamy Layer),OBC-B (Non- Creamy Layer),Fresh Allotment
176,1,8993,6,KPC MEDICAL COLLEGE,M.S. (ORTHOPAEDICS),Open Quota,UR,OBC-A (Non- Creamy Layer),Fresh Allotment
177,1,9009,40,INSTITUTE OF POST GRADUATE MEDICAL EDUCATION AND RESEARCH KOLKATA,M.D. (ANAESTHESIOLOGY),Open Quota,UR,General,Fresh Allotment
178,1,9017,3,NIL RATAN SIRCAR MEDICAL COLLEGE,M.D. (GENERAL MEDICINE),Open Quota,SC,SC,Fresh Allotment
179,1,9114,21,DR. B C ROY POST GRADUATE INSTITUTE OF PAEDIATRIC SCIENCES,M.D. (PAEDIATRICS),Open Quota,OBC-A (Non- Creamy Layer),OBC-A (Non- Creamy Layer),Fresh Allotment
180,1,9211,39,"RAMAKRISHNA MISSION SEVA PRATISHTHAN VIVEKANANDA INSTITUTE OF MEDICAL SCIENCES, KOLKATA",M.D. (PAEDIATRICS),Open Quota,OBC-A (Non- Creamy Layer),OBC-A (Non- Creamy Layer),Fresh Allotment
181,1,9229,3,NIL RATAN SIRCAR MEDICAL COLLEGE,M.D. (OBST. AND GYNAE)/MS (OBSTETRICS AND GYNAECOLOGY),Open Quota,OBC-A (Non- Creamy Layer),OBC-A (Non- Creamy Layer),Fresh Allotment
182,1,9288,34,CALCUTTA NATIONAL MEDICAL COLLEGE KOLKATA,M.S. (E.N.T.),Open Quota,UR,General,Fresh Allotment
183,1,9349,5,BANKURA SAMMILANI MEDICAL COLLEGE,M.S. (E.N.T.),Open Quota,UR,General,Fresh Allotment
184,1,9386,3,CALCUTTA NATIONAL MEDICAL COLLEGE KOLKATA,M.D. (GENERAL MEDICINE),Open Quota,SC,SC,Fresh Allotment
185,1,9453,23,DIAMOND HARBOUR GOVERNMENT MEDICAL COLLEGE AND HOSPITAL,M.S. (E.N.T.),Open Quota,UR,General,Fresh Allotment
186,1,9496,6,MEDICAL COLLEGE KOLKATA,M.D. (PAEDIATRICS),Open Quota,EWS,EWS,Fresh Allotment
187,1,9540,16,MEDICAL COLLEGE KOLKATA,M.D. (RADIOTHERAPY/ RADIATION ONCOLOGY),Open Quota,UR,General,Fresh Allotment
188,1,9603,5,BURDWAN MEDICAL COLLEGE,M.D. (GENERAL MEDICINE),Open Quota,SC,SC,Fresh Allotment
189,1,9610,9,MIDNAPORE MEDICAL COLLEGE,M.D. (GENERAL MEDICINE),Open Quota,SC,SC,Fresh Allotment
190,1,9635,7,NORTH BENGAL MEDICAL COLLEGE AND HOSPITAL,M.D. (GENERAL MEDICINE),Open Quota,SC,SC,Fresh Allotment
191,1,9714,26,MEDICAL COLLEGE KOLKATA,M.D. (PSYCHIATRY),Open Quota,UR,General,Fresh Allotment
192,1,9718,53,INSTITUTE OF POST GRADUATE MEDICAL EDUCATION AND RESEARCH KOLKATA,M.S. (OPHTHALMOLOGY),Open Quota,UR,General,Fresh Allotment
193,1,9726,9,INSTITUTE OF POST GRADUATE MEDICAL EDUCATION AND RESEARCH KOLKATA,M.D. (PAEDIATRICS),Open Quota,SC,SC,Fresh Allotment
194,1,9780,59,R G KAR MEDICAL COLLEGE,M.D. (PSYCHIATRY),Open Quota,UR,General,Fresh Allotment
195,1,9844,3,ESI PGIMSR AND ESIC MEDICAL COLLEGE JOKA KOLKATA,M.S. (GENERAL SURGERY),Open Quota,OBC (Non-Creamy Layer),OBC-B (Non- Creamy Layer),Fresh Allotment
196,1,9850,57,MIDNAPORE MEDICAL COLLEGE,M.S. (E.N.T.),Open Quota,UR,General,Fresh Allotment
197,1,10001,3,CALCUTTA NATIONAL MEDICAL COLLEGE KOLKATA,M.D. (OBST. AND GYNAE)/MS (OBSTETRICS AND GYNAECOLOGY),Open Quota,OBC-A (Non- Creamy Layer),OBC-A (Non- Creamy Layer),Fresh Allotment
198,1,10011,4,CALCUTTA NATIONAL MEDICAL COLLEGE KOLKATA,M.D. (PSYCHIATRY),Open Quota,UR,General,Fresh Allotment
199,1,10076,9,NIL RATAN SIRCAR MEDICAL COLLEGE,M.D. (PAEDIATRICS),Open Quota,SC,SC,Fresh Allotment
200,1,10093,53,NORTH BENGAL MEDICAL COLLEGE AND HOSPITAL,M.S. (E.N.T.),Open Quota,UR,General,Fresh Allotment
201,1,10230,5,BANKURA SAMMILANI MEDICAL COLLEGE,M.S. (OPHTHALMOLOGY),Open Quota,UR,General,Fresh Allotment
202,1,10247,17,"IQ CITY MEDICAL COLLEGE, DURGAPUR",M.D. (OBST. AND GYNAE)/MS (OBSTETRICS AND GYNAECOLOGY),Open Quota,UR,General,Fresh Allotment
203,1,10331,16,DR. B C ROY POST GRADUATE INSTITUTE OF PAEDIATRIC SCIENCES,M.D. (PAEDIATRICS),Open Quota,SC,SC,Fresh Allotment
204,1,10420,25,"COMMAND HOSPITAL EC, ALIPORE, KOLKATA",M.D. (PAEDIATRICS),Open Quota,OBC (Non-Creamy Layer),OBC-A (Non- Creamy Layer),Fresh Allotment
205,1,10501,62,MEDICAL COLLEGE KOLKATA,M.D. (ANAESTHESIOLOGY),Open Quota,UR,General,Fresh Allotment
206,1,10604,34,SHRI RAMKRISHNA INSTITUTE OF MEDICAL SCIENCES & SANAKA HOSPITALS,M.S. (GENERAL SURGERY),Open Quota,UR,General,Fresh Allotment
207,1,10772,24,NIL RATAN SIRCAR MEDICAL COLLEGE,M.D. (ANAESTHESIOLOGY),Open Quota,UR,General,Fresh Allotment
208,1,10792,12,MALDA MEDICAL COLLEGE AND HOSPITAL,M.D. (OBST. AND GYNAE)/MS (OBSTETRICS AND GYNAECOLOGY),Open Quota,OBC-A (Non- Creamy Layer),OBC-A (Non- Creamy Layer),Fresh Allotment
209,1,10811,10,MEDICAL COLLEGE KOLKATA,M.D. (OBST. AND GYNAE)/MS (OBSTETRICS AND GYNAECOLOGY),Open Quota,OBC-B (Non- Creamy Layer),OBC-B (Non- Creamy Layer),Fresh Allotment
210,1,10903,7,CALCUTTA NATIONAL MEDICAL COLLEGE KOLKATA,M.S. (OPHTHALMOLOGY),Open Quota,SC,SC,Fresh Allotment
211,1,11048,28,R G KAR MEDICAL COLLEGE,M.D. (OBST. AND GYNAE)/MS (OBSTETRICS AND GYNAECOLOGY),Open Quota,OBC-B (Non- Creamy Layer),OBC-B (Non- Creamy Layer),Fresh Allotment
212,1,11139,21,COLLEGE OF MEDICINE AND SAGORE DUTTA HOSPITAL,M.D. (PSYCHIATRY),Open Quota,UR,General,Fresh Allotment
213,1,11205,49,BURDWAN MEDICAL COLLEGE,M.D. (OBST. AND GYNAE)/MS (OBSTETRICS AND GYNAECOLOGY),Open Quota,OBC-B (Non- Creamy Layer),OBC-B (Non- Creamy Layer),Fresh Allotment
214,1,11552,46,MEDICAL COLLEGE KOLKATA,M.D. (ANAESTHESIOLOGY),Open Quota,UR,General,Fresh Allotment
215,1,11743,10,CALCUTTA NATIONAL MEDICAL COLLEGE KOLKATA,M.D. (PAEDIATRICS),Open Quota,EWS,EWS,Fresh Allotment
216,1,11745,3,MEDICAL COLLEGE KOLKATA,M.D. (ANAESTHESIOLOGY),Open Quota,UR,General,Fresh Allotment
217,1,11750,32,"RAMAKRISHNA MISSION SEVA PRATISHTHAN VIVEKANANDA INSTITUTE OF MEDICAL SCIENCES, KOLKATA",M.S. (GENERAL SURGERY),Open Quota,OBC-B (Non- Creamy Layer),OBC-B (Non- Creamy Layer),Fresh Allotment
218,1,11790,23,COLLEGE OF MEDICINE AND SAGORE DUTTA HOSPITAL,M.S. (OPHTHALMOLOGY),Open Quota,UR,General,Fresh Allotment
219,1,12033,33,MEDICAL COLLEGE KOLKATA,M.S. (GENERAL SURGERY),Open Quota,OBC-A (Non- Creamy Layer),OBC-A (Non- Creamy Layer),Fresh Allotment
220,1,12044,38,NORTH BENGAL MEDICAL COLLEGE AND HOSPITAL,M.S. (ORTHOPAEDICS),Open Quota,OBC-A (Non- Creamy Layer),OBC-A (Non- Creamy Layer),Fresh Allotment
221,1,12126,55,"RAMAKRISHNA MISSION SEVA PRATISHTHAN VIVEKANANDA INSTITUTE OF MEDICAL SCIENCES, KOLKATA",M.S. (OPHTHALMOLOGY),Open Quota,UR,General,Fresh Allotment
222,1,12365,29,R G KAR MEDICAL COLLEGE,M.D. (PAEDIATRICS),Open Quota,SC,SC,Fresh Allotment
223,1,12386,24,R G KAR MEDICAL COLLEGE,M.S. (GENERAL SURGERY),Open Quota,OBC-A (Non- Creamy Layer),OBC-A (Non- Creamy Layer),Fresh Allotment
224,1,12439,17,BURDWAN MEDICAL COLLEGE,M.D. (PAEDIATRICS),Open Quota,SC,SC,Fresh Allotment
225,1,12639,4,R G KAR MEDICAL COLLEGE,M.D. (ANAESTHESIOLOGY),Open Quota,UR,General,Fresh Allotment
226,1,12789,51,CALCUTTA NATIONAL MEDICAL COLLEGE KOLKATA,M.D. (ANAESTHESIOLOGY),Open Quota,UR,General,Fresh Allotment
227,1,13182,11,"RAMAKRISHNA MISSION SEVA PRATISHTHAN VIVEKANANDA INSTITUTE OF MEDICAL SCIENCES, KOLKATA",M.D. (OBST. AND GYNAE)/MS (OBSTETRICS AND GYNAECOLOGY),Open Quota,OBC-A (Non- Creamy Layer),OBC-A (Non- Creamy Layer),Fresh Allotment
228,1,13371,26,"CHITTARANJAN SEVA SADAN COLLEGE OF OBS. GYNAE AND CHILD HEALTH,KOLKATA",M.D. (PAEDIATRICS),Open Quota,SC,SC,Fresh Allotment
229,1,13375,35,NORTH BENGAL MEDICAL COLLEGE AND HOSPITAL,M.D. (ANAESTHESIOLOGY),Open Quota,UR,General,Fresh Allotment
230,1,13419,14,ESI PGIMSR AND ESIC MEDICAL COLLEGE JOKA KOLKATA,M.D. (OBST. AND GYNAE)/MS (OBSTETRICS AND GYNAECOLOGY),Open Quota,OBC (Non-Creamy Layer),OBC-A (Non- Creamy Layer),Fresh Allotment
231,1,13615,2,MEDICAL COLLEGE KOLKATA,M.S. (GENERAL SURGERY),Open Quota,SC,SC,Fresh Allotment
232,1,13619,57,SHRI RAMKRISHNA INSTITUTE OF MEDICAL SCIENCES & SANAKA HOSPITALS,M.S. (E.N.T.),Open Quota,UR,General,Fresh Allotment
233,1,13699,6,NIL RATAN SIRCAR MEDICAL COLLEGE,M.S. (OPHTHALMOLOGY),Open Quota,OBC-A (Non- Creamy Layer),OBC-A (Non- Creamy Layer),Fresh Allotment
234,1,13892,41,MALDA MEDICAL COLLEGE AND HOSPITAL,M.S. (OPHTHALMOLOGY),Open Quota,UR,General,Fresh Allotment
235,1,13908,34,R G KAR MEDICAL COLLEGE,M.D. (RADIOTHERAPY/ RADIATION ONCOLOGY),Open Quota,UR,General,Fresh Allotment
236,1,13931,44,NORTH BENGAL MEDICAL COLLEGE AND HOSPITAL,M.S. (OPHTHALMOLOGY),Open Quota,UR,General,Fresh Allotment
237,1,13964,9,MEDICAL COLLEGE KOLKATA,M.D. (OBST. AND GYNAE)/MS (OBSTETRICS AND GYNAECOLOGY),Open Quota,EWS,EWS,Fresh Allotment
238,1,14114,17,ICARE INSTITUTE OF MEDICAL SCIENCES AND RESEARCH HALDIA,M.D. (OBST. AND GYNAE)/MS (OBSTETRICS AND GYNAECOLOGY),Open Quota,UR,General,Fresh Allotment
239,1,14164,45,COLLEGE OF MEDICINE AND JNM HOSPITAL KALYANI,M.D. (PSYCHIATRY),Open Quota,OBC-A (Non- Creamy Layer),OBC-A (Non- Creamy Layer),Fresh Allotment
240,1,14212,33,MIDNAPORE MEDICAL COLLEGE,M.S. (OPHTHALMOLOGY),Open Quota,UR,General,Fresh Allotment
241,1,14305,69,MIDNAPORE MEDICAL COLLEGE,M.D. (ANAESTHESIOLOGY),Open Quota,UR,General,Fresh Allotment
242,1,14751,78,INSTITUTE OF POST GRADUATE MEDICAL EDUCATION AND RESEARCH KOLKATA,M.D. (RADIOTHERAPY/ RADIATION ONCOLOGY),Open Quota,UR,General,Fresh Allotment
243,1,14785,72,COLLEGE OF MEDICINE AND SAGORE DUTTA HOSPITAL,M.D. (ANAESTHESIOLOGY),Open Quota,UR,General,Fresh Allotment
244,1,14887,26,KPC MEDICAL COLLEGE,M.D. (GENERAL MEDICINE),Private Management Quota,UR,General,Fresh Allotment
245,1,14983,52,BURDWAN MEDICAL COLLEGE,M.D. (RADIOTHERAPY/ RADIATION ONCOLOGY),Open Quota,UR,General,Fresh Allotment
246,1,15124,1,NIL RATAN SIRCAR MEDICAL COLLEGE,M.S. (ORTHOPAEDICS),Open Quota,SC,SC,Fresh Allotment
247,1,15131,14,MIDNAPORE MEDICAL COLLEGE,M.D. (PAEDIATRICS),Open Quota,SC,SC,Fresh Allotment
248,1,15204,39,MEDICAL COLLEGE KOLKATA,M.S. (E.N.T.),Open Quota,OBC-A (Non- Creamy Layer),OBC-A (Non- Creamy Layer),Fresh Allotment
249,1,15243,33,KPC MEDICAL COLLEGE,M.S. (GENERAL SURGERY),Open Quota,UR,General,Fresh Allotment
250,1,15269,20,ICARE INSTITUTE OF MEDICAL SCIENCES AND RESEARCH HALDIA,M.S. (OPHTHALMOLOGY),Open Quota,UR,General,Fresh Allotment
251,1,15369,6,KPC MEDICAL COLLEGE,M.D. (PSYCHIATRY),Private Management Quota,UR,General,Fresh Allotment
252,1,15458,39,"COMMAND HOSPITAL EC, ALIPORE, KOLKATA",M.D. (ANAESTHESIOLOGY),Open Quota,UR,General,Fresh Allotment
253,1,15464,22,INSTITUTE OF POST GRADUATE MEDICAL EDUCATION AND RESEARCH KOLKATA,M.D. (PHYSICAL MED. AND REHABILITATION),Open Quota,UR,General,Fresh Allotment
254,1,15485,90,NORTH BENGAL MEDICAL COLLEGE AND HOSPITAL,M.D. (ANAESTHESIOLOGY),Open Quota,UR,General,Fresh Allotment
255,1,15506,12,INSTITUTE OF CHILD HEALTH,M.D. (PAEDIATRICS),Open Quota,EWS,EWS,Fresh Allotment
256,1,15679,72,NIL RATAN SIRCAR MEDICAL COLLEGE,M.D. (ANAESTHESIOLOGY),Open Quota,OBC-A (Non- Creamy Layer),OBC-A (Non- Creamy Layer),Fresh Allotment
257,1,15725,60,BURDWAN MEDICAL COLLEGE,M.D. (ANAESTHESIOLOGY),Open Quota,UR,General,Fresh Allotment
258,1,15752,5,BURDWAN MEDICAL COLLEGE,M.S. (ORTHOPAEDICS),Open Quota,SC,SC,Fresh Allotment
259,1,15786,22,MEDICAL COLLEGE KOLKATA,DIP.IN GYNAE. AND OBST.,Open Quota,UR,General,Fresh Allotment
260,1,15936,2,R G KAR MEDICAL COLLEGE,M.D. (OBST. AND GYNAE)/MS (OBSTETRICS AND GYNAECOLOGY),Open Quota,SC,SC,Fresh Allotment
261,1,16169,38,GOURI DEVI INSTITUTE OF MEDICAL SCIENCES AND HOSPITAL,M.D. (PAEDIATRICS),Open Quota,UR,General,Fresh Allotment
262,1,16181,92,BANKURA SAMMILANI MEDICAL COLLEGE,M.D. (ANAESTHESIOLOGY),Open Quota,UR,General,Fresh Allotment
263,1,16318,30,INSTITUTE OF CHILD HEALTH,M.D. (PAEDIATRICS),Open Quota,SC,SC,Fresh Allotment
264,1,16453,56,BANKURA SAMMILANI MEDICAL COLLEGE,M.D. (ANAESTHESIOLOGY),Open Quota,UR,General,Fresh Allotment
265,1,16464,16,MEDICAL COLLEGE KOLKATA,M.D. (OBST. AND GYNAE)/MS (OBSTETRICS AND GYNAECOLOGY),Open Quota,SC,SC,Fresh Allotment
266,1,16509,35,MURSHIDABAD MEDICAL COLLEGE AND HOSPITAL,M.D. (ANAESTHESIOLOGY),Open Quota,UR,General,Fresh Allotment
267,1,16615,20,NIL RATAN SIRCAR MEDICAL COLLEGE,M.D. (PAEDIATRICS),Open Quota,EWS,EWS,Fresh Allotment
268,1,16826,10,BURDWAN MEDICAL COLLEGE,M.D. (OBST. AND GYNAE)/MS (OBSTETRICS AND GYNAECOLOGY),Open Quota,EWS,EWS,Fresh Allotment
269,1,16912,44,MEDICAL COLLEGE KOLKATA,M.D. (PATHOLOGY),Open Quota,UR,General,Fresh Allotment
270,1,16954,38,MALDA MEDICAL COLLEGE AND HOSPITAL,M.S. (GENERAL SURGERY),Open Quota,OBC-B (Non- Creamy Layer),OBC-B (Non- Creamy Layer),Fresh Allotment
271,1,17002,14,"RAMAKRISHNA MISSION SEVA PRATISHTHAN VIVEKANANDA INSTITUTE OF MEDICAL SCIENCES, KOLKATA",DIPLOMA IN CHILD HEALTH/ PAEDIATRICS,Open Quota,UR,General,Fresh Allotment
272,1,17097,19,MEDICAL COLLEGE KOLKATA,DIP.IN GYNAE. AND OBST.,Open Quota,UR,General,Fresh Allotment
273,1,17473,39,"RAMAKRISHNA MISSION SEVA PRATISHTHAN VIVEKANANDA INSTITUTE OF MEDICAL SCIENCES, KOLKATA",M.D. (ANAESTHESIOLOGY),Open Quota,UR,General,Fresh Allotment
274,1,17480,25,NIL RATAN SIRCAR MEDICAL COLLEGE,M.S. (ORTHOPAEDICS),Open Quota,EWS,EWS,Fresh Allotment
275,1,17779,35,GOURI DEVI INSTITUTE OF MEDICAL SCIENCES AND HOSPITAL,M.S. (GENERAL SURGERY),Open Quota,UR,General,Fresh Allotment
276,1,17863,54,MEDICAL COLLEGE KOLKATA,M.D. IN TRANSFUSION MEDICINE/ IMMUNO- HAEMATOLOGY AND BLOOD TRANSFUSION,Open Quota,UR,General,Fresh Allotment
277,1,17917,37,"RAMAKRISHNA MISSION SEVA PRATISHTHAN VIVEKANANDA INSTITUTE OF MEDICAL SCIENCES, KOLKATA",M.D. (PAEDIATRICS),Open Quota,SC,SC,Fresh Allotment
278,1,17968,99,"RAMAKRISHNA MISSION SEVA PRATISHTHAN VIVEKANANDA INSTITUTE OF MEDICAL SCIENCES, KOLKATA",M.D. (ANAESTHESIOLOGY),Open Quota,UR,General,Fresh Allotment
279,1,18014,29,INSTITUTE OF POST GRADUATE MEDICAL EDUCATION AND RESEARCH KOLKATA,M.D. (ANAESTHESIOLOGY),Open Quota,OBC-B (Non- Creamy Layer),OBC-B (Non- Creamy Layer),Fresh Allotment
280,1,18021,23,MEDICAL COLLEGE KOLKATA,DIPLOMA IN ANAESTHESIOLOGY,Open Quota,UR,General,Fresh Allotment
281,1,18033,31,INSTITUTE OF POST GRADUATE MEDICAL EDUCATION AND RESEARCH KOLKATA,M.D. (ANAESTHESIOLOGY),Open Quota,EWS,EWS,Fresh Allotment
282,1,18062,6,NIL RATAN SIRCAR MEDICAL COLLEGE,M.D. (OBST. AND GYNAE)/MS (OBSTETRICS AND GYNAECOLOGY),Open Quota,SC,SC,Fresh Allotment
283,1,18154,5,R G KAR MEDICAL COLLEGE,M.D. (GENERAL MEDICINE),Open Quota,ST,ST,Fresh Allotment
284,1,18161,23,JAGANNATH GUPTA INSTITUTE OF MEDICAL SCIENCES AND HOSPITAL,M.D. (GENERAL MEDICINE),Open Quota,OBC-A (Non- Creamy Layer),OBC-A (Non- Creamy Layer),Fresh Allotment
285,1,18260,61,CALCUTTA NATIONAL MEDICAL COLLEGE KOLKATA,M.D. (ANAESTHESIOLOGY),Open Quota,OBC-B (Non- Creamy Layer),OBC-B (Non- Creamy Layer),Fresh Allotment
286,1,18262,37,INSTITUTE OF POST GRADUATE MEDICAL EDUCATION AND RESEARCH KOLKATA,M.D. (PATHOLOGY),Open Quota,UR,General,Fresh Allotment
287,1,18491,62,MEDICAL COLLEGE KOLKATA,DIPLOMA IN OPHTHALMOLOGY/DO MS,Open Quota,UR,General,Fresh Allotment
288,1,18528,45,R G KAR MEDICAL COLLEGE,M.D. (ANAESTHESIOLOGY),Open Quota,OBC-A (Non- Creamy Layer),OBC-A (Non- Creamy Layer),Fresh Allotment
289,1,18661,13,MEDICAL COLLEGE KOLKATA,M.D. (TUBERCULOSIS AND RESPIRATORY DISEASES)/PULMONA RY MEDICINE /M.D. (RESPIRATORY MEDICINE),Open Quota,SC,SC,Fresh Allotment
290,1,18858,56,BURDWAN MEDICAL COLLEGE,M.D. (ANAESTHESIOLOGY),Open Quota,OBC-A (Non- Creamy Layer),OBC-A (Non- Creamy Layer),Fresh Allotment
291,1,18969,14,SHRI RAMKRISHNA INSTITUTE OF MEDICAL SCIENCES & SANAKA HOSPITALS,M.D. (GENERAL MEDICINE),Private Management Quota,UR,EWS,Fresh Allotment
292,1,19039,1,INSTITUTE OF POST GRADUATE MEDICAL EDUCATION AND RESEARCH KOLKATA,M.D. (RADIO- DIAGNOSIS),Open Quota,ST,ST,Fresh Allotment
293,1,19047,58,MURSHIDABAD MEDICAL COLLEGE AND HOSPITAL,M.S. (GENERAL SURGERY),Open Quota,OBC-B (Non- Creamy Layer),OBC-B (Non- Creamy Layer),Fresh Allotment
294,1,19315,23,ALL INDIA INSTITUTE OF HYGIENE AND PUBLIC HEALTH,M.D. (PREVENTIVE AND SOCIAL MEDICINE)/ COMMUNITY MEDICINE,Open Quota,UR,General,Fresh Allotment
295,1,19502,21,INSTITUTE OF POST GRADUATE MEDICAL EDUCATION AND RESEARCH KOLKATA,M.D. (PATHOLOGY),Open Quota,UR,General,Fresh Allotment
296,1,19549,34,MALDA MEDICAL COLLEGE AND HOSPITAL,M.D. (PAEDIATRICS),Open Quota,SC,SC,Fresh Allotment
297,1,19576,44,"IQ CITY MEDICAL COLLEGE, DURGAPUR",M.S. (GENERAL SURGERY),Open Quota,UR,OBC-A (Non- Creamy Layer),Fresh Allotment
298,1,19718,5,R G KAR MEDICAL COLLEGE,M.S. (GENERAL SURGERY),Open Quota,SC,SC,Fresh Allotment
299,1,19733,21,ESI PGIMSR AND ESIC MEDICAL COLLEGE JOKA KOLKATA,M.D. (BIOCHEMISTRY),Open Quota,UR,General,Fresh Allotment
300,1,19898,8,CALCUTTA NATIONAL MEDICAL COLLEGE KOLKATA,M.D. (TUBERCULOSIS AND RESPIRATORY DISEASES)/PULMONA RY MEDICINE /M.D. (RESPIRATORY MEDICINE),Open Quota,SC,SC,Fresh Allotment
301,1,20088,34,SHRI RAMKRISHNA INSTITUTE OF MEDICAL SCIENCES & SANAKA HOSPITALS,M.D. (OBST. AND GYNAE)/MS (OBSTETRICS AND GYNAECOLOGY),Private Management Quota,UR,General,Fresh Allotment
302,1,20284,2,KPC MEDICAL COLLEGE,M.D. (GENERAL MEDICINE),Private Management Quota,UR,General,Fresh Allotment
303,1,20359,103,R G KAR MEDICAL COLLEGE,M.D. (PATHOLOGY),Open Quota,UR,General,Fresh Allotment
304,1,20373,59,ALL INDIA INSTITUTE OF HYGIENE AND PUBLIC HEALTH,M.D. (PREVENTIVE AND SOCIAL MEDICINE)/ COMMUNITY MEDICINE,Open Quota,UR,OBC-A (Non- Creamy Layer),Fresh Allotment
305,1,20592,25,MEDICAL COLLEGE KOLKATA,DIPLOMA IN OPHTHALMOLOGY/DO MS,Open Quota,UR,General,Fresh Allotment
306,1,20607,59,KPC MEDICAL COLLEGE,"M.D. (DERM.,VENE. AND LEPROSY)/ (DERMATOLOGY)/ (SKIN AND VENEREAL DISEASES)/ (VENEREOLOGY)",Open Quota,OBC-B (Non- Creamy Layer),OBC-B (Non- Creamy Layer),Fresh Allotment
307,1,20863,14,KPC MEDICAL COLLEGE,M.D. (ANAESTHESIOLOGY),Open Quota,UR,General,Fresh Allotment
308,1,20897,12,GOURI DEVI INSTITUTE OF MEDICAL SCIENCES AND HOSPITAL,M.D. (GENERAL MEDICINE),Open Quota,OBC-A (Non- Creamy Layer),OBC-A (Non- Creamy Layer),Fresh Allotment
309,1,20912,10,NIL RATAN SIRCAR MEDICAL COLLEGE,M.S. (GENERAL SURGERY),Open Quota,SC,SC,Fresh Allotment
310,1,20971,20,CALCUTTA NATIONAL MEDICAL COLLEGE KOLKATA,M.D. (OBST. AND GYNAE)/MS (OBSTETRICS AND GYNAECOLOGY),Open Quota,SC,SC,Fresh Allotment
311,1,21104,15,KPC MEDICAL COLLEGE,M.D. (GENERAL MEDICINE),Private Management Quota,UR,General,Fresh Allotment
312,1,21267,29,"IQ CITY MEDICAL COLLEGE, DURGAPUR",M.S. (E.N.T.),Open Quota,UR,General,Fresh Allotment
313,1,21369,24,MEDICAL COLLEGE KOLKATA,M.S. (OPHTHALMOLOGY),Open Quota,OBC-B (Non- Creamy Layer),OBC-B (Non- Creamy Layer),Fresh Allotment
314,1,21386,68,CALCUTTA NATIONAL MEDICAL COLLEGE KOLKATA,M.D. (PATHOLOGY),Open Quota,UR,General,Fresh Allotment
315,1,21569,40,INSTITUTE OF POST GRADUATE MEDICAL EDUCATION AND RESEARCH KOLKATA,M.S. (GENERAL SURGERY),Open Quota,EWS,EWS,Fresh Allotment
316,1,21630,71,"RAMAKRISHNA MISSION SEVA PRATISHTHAN VIVEKANANDA INSTITUTE OF MEDICAL SCIENCES, KOLKATA",M.D. (PATHOLOGY),Open Quota,UR,General,Fresh Allotment
317,1,21671,44,MEDICAL COLLEGE KOLKATA,M.D. (ANAESTHESIOLOGY),Open Quota,SC,SC,Fresh Allotment
318,1,21926,91,BURDWAN MEDICAL COLLEGE,M.D. (RADIOTHERAPY/ RADIATION ONCOLOGY),Open Quota,OBC-A (Non- Creamy Layer),OBC-A (Non- Creamy Layer),Fresh Allotment
319,1,21942,112,MURSHIDABAD MEDICAL COLLEGE AND HOSPITAL,M.D. (ANAESTHESIOLOGY),Open Quota,OBC-A (Non- Creamy Layer),OBC-A (Non- Creamy Layer),Fresh Allotment
320,1,22199,13,MEDICAL COLLEGE KOLKATA,DIPLOMA IN ANAESTHESIOLOGY,Open Quota,UR,General,Fresh Allotment
321,1,22206,119,BANKURA SAMMILANI MEDICAL COLLEGE,M.D. (PATHOLOGY),Open Quota,UR,General,Fresh Allotment
322,1,22533,10,"RAMAKRISHNA MISSION SEVA PRATISHTHAN VIVEKANANDA INSTITUTE OF MEDICAL SCIENCES, KOLKATA",DIP.IN GYNAE. AND OBST.,Open Quota,OBC-A (Non- Creamy Layer),OBC-A (Non- Creamy Layer),Fresh Allotment
323,1,22554,7,MEDICAL COLLEGE KOLKATA,M.S. (OPHTHALMOLOGY),Open Quota,SC,SC,Fresh Allotment
324,1,22679,1,TAMRALIPTO GOVERNMENT MEDICAL COLLEGE,(NBEMS) GENERAL MEDICINE,In-service DNB Quota,UR,OBC-B (Non- Creamy Layer),Fresh Allotment
325,1,22702,13,INSTITUTE OF POST GRADUATE MEDICAL EDUCATION AND RESEARCH KOLKATA,M.D. (PSYCHIATRY),Open Quota,SC,SC,Fresh Allotment
326,1,23191,31,COLLEGE OF MEDICINE AND JNM HOSPITAL KALYANI,M.D. (OBST. AND GYNAE)/MS (OBSTETRICS AND GYNAECOLOGY),Open Quota,EWS,EWS,Fresh Allotment
327,1,23210,1,INSTITUTE OF POST GRADUATE MEDICAL EDUCATION AND RESEARCH KOLKATA,M.S. (GENERAL SURGERY),Open Quota,ST,ST,Fresh Allotment
328,1,23375,4,"IQ CITY MEDICAL COLLEGE, DURGAPUR",M.D. (RADIO- DIAGNOSIS),Private Management Quota,UR,General,Fresh Allotment
329,1,23444,5,ESI PGIMSR AND ESIC MEDICAL COLLEGE JOKA KOLKATA,M.S. (E.N.T.),Open Quota,EWS,EWS,Fresh Allotment
330,1,23628,6,BURDWAN MEDICAL COLLEGE,M.S. (GENERAL SURGERY),Open Quota,SC,SC,Fresh Allotment
331,1,23860,15,CALCUTTA NATIONAL MEDICAL COLLEGE KOLKATA,M.D. (PREVENTIVE AND SOCIAL MEDICINE)/ COMMUNITY MEDICINE,Open Quota,UR,General,Fresh Allotment
332,1,23917,46,ICARE INSTITUTE OF MEDICAL SCIENCES AND RESEARCH HALDIA,M.S. (E.N.T.),Open Quota,UR,General,Fresh Allotment
333,1,24025,8,"RAMAKRISHNA MISSION SEVA PRATISHTHAN VIVEKANANDA INSTITUTE OF MEDICAL SCIENCES, KOLKATA",M.S. (ORTHOPAEDICS),Open Quota,SC,SC,Fresh Allotment
334,1,24152,41,R G KAR MEDICAL COLLEGE,M.S. (E.N.T.),Open Quota,OBC-B (Non- Creamy Layer),OBC-B (Non- Creamy Layer),Fresh Allotment
335,1,24439,5,"CHITTARANJAN SEVA SADAN COLLEGE OF OBS. GYNAE AND CHILD HEALTH,KOLKATA",M.D. (OBST. AND GYNAE)/MS (OBSTETRICS AND GYNAECOLOGY),Open Quota,SC,SC,Fresh Allotment
336,1,24448,23,"RAMAKRISHNA MISSION SEVA PRATISHTHAN VIVEKANANDA INSTITUTE OF MEDICAL SCIENCES, KOLKATA",M.D. (OBST. AND GYNAE)/MS (OBSTETRICS AND GYNAECOLOGY),Open Quota,SC,SC,Fresh Allotment
337,1,24576,1,INSTITUTE OF POST GRADUATE MEDICAL EDUCATION AND RESEARCH KOLKATA,M.D. (GENERAL MEDICINE),In-service Quota,UR,OBC-A (Non- Creamy Layer),Fresh Allotment
338,1,24697,3,COLLEGE OF MEDICINE AND SAGORE DUTTA HOSPITAL,M.D. (GENERAL MEDICINE),Open Quota,ST,ST,Fresh Allotment
339,1,24804,37,SHRI RAMKRISHNA INSTITUTE OF MEDICAL SCIENCES & SANAKA HOSPITALS,M.D. (ANAESTHESIOLOGY),Open Quota,UR,General,Fresh Allotment
340,1,25070,16,"COMMAND HOSPITAL EC, ALIPORE, KOLKATA",M.S. (GENERAL SURGERY),Open Quota,EWS,EWS,Fresh Allotment
341,1,25087,2,KPC MEDICAL COLLEGE,M.D. (GENERAL MEDICINE),Private Management Quota,UR,General,Fresh Allotment
342,1,25219,33,BURDWAN MEDICAL COLLEGE,M.D. (OBST. AND GYNAE)/MS (OBSTETRICS AND GYNAECOLOGY),Open Quota,SC,SC,Fresh Allotment
343,1,25664,28,NORTH BENGAL MEDICAL COLLEGE AND HOSPITAL,M.D. (PATHOLOGY),Open Quota,UR,General,Fresh Allotment
344,1,25688,15,MURSHIDABAD MEDICAL COLLEGE AND HOSPITAL,M.S. (GENERAL SURGERY),Open Quota,SC,SC,Fresh Allotment
345,1,25705,26,JAGANNATH GUPTA INSTITUTE OF MEDICAL SCIENCES AND HOSPITAL,M.D. (PAEDIATRICS),Open Quota,OBC-B (Non- Creamy Layer),OBC-B (Non- Creamy Layer),Fresh Allotment
346,1,25786,1,INSTITUTE OF POST GRADUATE MEDICAL EDUCATION AND RESEARCH KOLKATA,M.D. (RADIO- DIAGNOSIS),In-service Quota,UR,OBC-B (Non- Creamy Layer),Fresh Allotment
347,1,25806,29,COLLEGE OF MEDICINE AND JNM HOSPITAL KALYANI,M.S. (GENERAL SURGERY),Open Quota,SC,SC,Fresh Allotment
348,1,25808,2,MEDICAL COLLEGE KOLKATA,M.D. (PAEDIATRICS),Open Quota,ST,ST,Fresh Allotment
349,1,25885,54,KPC MEDICAL COLLEGE,M.D. (GENERAL MEDICINE),Private Management Quota,UR,General,Fresh Allotment
350,1,26073,28,MIDNAPORE MEDICAL COLLEGE,M.S. (GENERAL SURGERY),Open Quota,SC,SC,Fresh Allotment
351,1,26133,65,CALCUTTA NATIONAL MEDICAL COLLEGE KOLKATA,M.D. (PREVENTIVE AND SOCIAL MEDICINE)/ COMMUNITY MEDICINE,Open Quota,UR,General,Fresh Allotment
352,1,26206,83,R G KAR MEDICAL COLLEGE,M.D. (ANAESTHESIOLOGY),Open Quota,OBC-B (Non- Creamy Layer),OBC-B (Non- Creamy Layer),Fresh Allotment
353,1,26432,13,NORTH BENGAL MEDICAL COLLEGE AND HOSPITAL,M.D. (OBST. AND GYNAE)/MS (OBSTETRICS AND GYNAECOLOGY),Open Quota,SC,SC,Fresh Allotment
354,1,26714,18,"CHITTARANJAN SEVA SADAN COLLEGE OF OBS. GYNAE AND CHILD HEALTH,KOLKATA",M.D. (OBST. AND GYNAE)/MS (OBSTETRICS AND GYNAECOLOGY),Open Quota,SC,SC,Fresh Allotment
355,1,26911,52,INSTITUTE OF POST GRADUATE MEDICAL EDUCATION AND RESEARCH KOLKATA,M.D. (PATHOLOGY),Open Quota,OBC-A (Non- Creamy Layer),OBC-A (Non- Creamy Layer),Fresh Allotment
356,1,27134,8,KPC MEDICAL COLLEGE,M.S. (ORTHOPAEDICS),Private Management Quota,UR,General,Fresh Allotment
357,1,27259,118,"RAMAKRISHNA MISSION SEVA PRATISHTHAN VIVEKANANDA INSTITUTE OF MEDICAL SCIENCES, KOLKATA",DIPLOMA IN OPHTHALMOLOGY/DO MS,Open Quota,UR,General,Fresh Allotment
358,1,27384,81,COLLEGE OF MEDICINE AND SAGORE DUTTA HOSPITAL,M.D. (PREVENTIVE AND SOCIAL MEDICINE)/ COMMUNITY MEDICINE,Open Quota,UR,General,Fresh Allotment
359,1,27617,15,INSTITUTE OF POST GRADUATE MEDICAL EDUCATION AND RESEARCH KOLKATA,M.D. (TUBERCULOSIS AND RESPIRATORY DISEASES)/PULMONA RY MEDICINE /M.D. (RESPIRATORY MEDICINE),Open Quota,EWS,EWS,Fresh Allotment
360,1,27675,27,"IQ CITY MEDICAL COLLEGE, DURGAPUR",M.D. (GENERAL MEDICINE),Private Management Quota,UR,General,Fresh Allotment
361,1,27807,62,ICARE INSTITUTE OF MEDICAL SCIENCES AND RESEARCH HALDIA,M.D. (ANAESTHESIOLOGY),Open Quota,UR,General,Fresh Allotment
362,1,28193,81,KPC MEDICAL COLLEGE,M.D. (GENERAL MEDICINE),Private Management Quota,UR,General,Fresh Allotment
363,1,28309,51,INSTITUTE OF POST GRADUATE MEDICAL EDUCATION AND RESEARCH KOLKATA,M.D. (RADIOTHERAPY/ RADIATION ONCOLOGY),Open Quota,OBC-B (Non- Creamy Layer),OBC-B (Non- Creamy Layer),Fresh Allotment
364,1,28807,41,INSTITUTE OF POST GRADUATE MEDICAL EDUCATION AND RESEARCH KOLKATA,M.D. (RADIOTHERAPY/ RADIATION ONCOLOGY),Open Quota,SC,SC,Fresh Allotment
365,1,28852,29,KPC MEDICAL COLLEGE,"M.D. (DERM.,VENE. AND LEPROSY)/ (DERMATOLOGY)/ (SKIN AND VENEREAL DISEASES)/ (VENEREOLOGY)",Private Management Quota,UR,OBC (Non-Creamy Layer),Fresh Allotment
366,1,28924,14,KPC MEDICAL COLLEGE,M.S. (GENERAL SURGERY),Private Management Quota,UR,General,Fresh Allotment
367,1,29002,70,ICARE INSTITUTE OF MEDICAL SCIENCES AND RESEARCH HALDIA,M.D. (PAEDIATRICS),Open Quota,OBC-B (Non- Creamy Layer),OBC-B (Non- Creamy Layer),Fresh Allotment
368,1,29357,96,"IQ CITY MEDICAL COLLEGE, DURGAPUR",M.D. (ANAESTHESIOLOGY),Open Quota,UR,General,Fresh Allotment
369,1,29478,15,"RAMAKRISHNA MISSION SEVA PRATISHTHAN VIVEKANANDA INSTITUTE OF MEDICAL SCIENCES, KOLKATA",M.D. (OBST. AND GYNAE)/MS (OBSTETRICS AND GYNAECOLOGY),Open Quota,EWS,EWS,Fresh Allotment
370,1,29664,47,INSTITUTE OF POST GRADUATE MEDICAL EDUCATION AND RESEARCH KOLKATA,M.D. (ANAESTHESIOLOGY),Open Quota,SC,SC,Fresh Allotment
371,1,29746,46,BANKURA SAMMILANI MEDICAL COLLEGE,M.D. (OBST. AND GYNAE)/MS (OBSTETRICS AND GYNAECOLOGY),Open Quota,SC,SC,Fresh Allotment
372,1,29865,40,R G KAR MEDICAL COLLEGE,M.D. (ANAESTHESIOLOGY),Open Quota,SC,SC,Fresh Allotment
373,1,29876,91,MURSHIDABAD MEDICAL COLLEGE AND HOSPITAL,M.D. (PATHOLOGY),Open Quota,UR,General,Fresh Allotment
374,1,30020,88,BURDWAN MEDICAL COLLEGE,M.D. (PREVENTIVE AND SOCIAL MEDICINE)/ COMMUNITY MEDICINE,Open Quota,UR,General,Fresh Allotment
375,1,30328,44,BURDWAN MEDICAL COLLEGE,M.D. (PATHOLOGY),Open Quota,OBC-A (Non- Creamy Layer),OBC-A (Non- Creamy Layer),Fresh Allotment
376,1,30358,51,MEDICAL COLLEGE KOLKATA,DIP.IN GYNAE. AND OBST.,Open Quota,OBC-B (Non- Creamy Layer),OBC-B (Non- Creamy Layer),Fresh Allotment
377,1,30365,2,MEDICAL COLLEGE KOLKATA,M.D. (GENERAL MEDICINE),In-service Quota,UR,General,Fresh Allotment
378,1,30455,33,KPC MEDICAL COLLEGE,M.D. (ANAESTHESIOLOGY),Open Quota,OBC-B (Non- Creamy Layer),OBC-B (Non- Creamy Layer),Fresh Allotment
379,1,30836,20,"RAMAKRISHNA MISSION SEVA PRATISHTHAN VIVEKANANDA INSTITUTE OF MEDICAL SCIENCES, KOLKATA",M.S. (GENERAL SURGERY),Open Quota,SC,SC,Fresh Allotment
380,1,30968,21,JAGANNATH GUPTA INSTITUTE OF MEDICAL SCIENCES AND HOSPITAL,M.S. (GENERAL SURGERY),Open Quota,OBC-A (Non- Creamy Layer),OBC-A (Non- Creamy Layer),Fresh Allotment
381,1,31280,37,MEDICAL COLLEGE KOLKATA,M.D. (MICROBIOLOGY),Open Quota,UR,General,Fresh Allotment
382,1,31568,61,ICARE INSTITUTE OF MEDICAL SCIENCES AND RESEARCH HALDIA,M.D. (ANAESTHESIOLOGY),Open Quota,UR,General,Fresh Allotment
383,1,31649,16,BURDWAN MEDICAL COLLEGE,M.D. (PSYCHIATRY),Open Quota,EWS,EWS,Fresh Allotment
384,1,31660,2,CALCUTTA NATIONAL MEDICAL COLLEGE KOLKATA,M.D. (PSYCHIATRY),Open Quota,SC,SC,Fresh Allotment
385,1,31703,1,MEDICAL COLLEGE KOLKATA,M.S. (GENERAL SURGERY),Open Quota,EWS,EWS,Fresh Allotment
386,1,32603,32,NORTH BENGAL MEDICAL COLLEGE AND HOSPITAL,M.D. (PREVENTIVE AND SOCIAL MEDICINE)/ COMMUNITY MEDICINE,Open Quota,UR,General,Fresh Allotment
387,1,32833,58,NIL RATAN SIRCAR MEDICAL COLLEGE,M.S. (E.N.T.),Open Quota,SC,SC,Fresh Allotment
388,1,32857,13,INSTITUTE OF POST GRADUATE MEDICAL EDUCATION AND RESEARCH KOLKATA,M.D. (PATHOLOGY),Open Quota,SC,SC,Fresh Allotment
389,1,33126,17,JAGANNATH GUPTA INSTITUTE OF MEDICAL SCIENCES AND HOSPITAL,M.D. (GENERAL MEDICINE),Private Management Quota,UR,General,Fresh Allotment
390,1,33162,8,MEDICAL COLLEGE KOLKATA,M.S. (OPHTHALMOLOGY),Open Quota,SC,SC,Fresh Allotment
391,1,33351,33,BURDWAN MEDICAL COLLEGE,M.S. (E.N.T.),Open Quota,SC,SC,Fresh Allotment
392,1,33412,71,R G KAR MEDICAL COLLEGE,M.S. (OPHTHALMOLOGY),Open Quota,SC,SC,Fresh Allotment
393,1,33579,1,MEDICAL COLLEGE KOLKATA,M.D. (GENERAL MEDICINE),In-service Quota,UR,General,Fresh Allotment
394,1,33748,28,ICARE INSTITUTE OF MEDICAL SCIENCES AND RESEARCH HALDIA,M.D. (ANAESTHESIOLOGY),Open Quota,UR,General,Fresh Allotment
395,1,33786,76,"RAMAKRISHNA MISSION SEVA PRATISHTHAN VIVEKANANDA INSTITUTE OF MEDICAL SCIENCES, KOLKATA",M.S. (E.N.T.),Open Quota,SC,SC,Fresh Allotment
396,1,33797,24,NIL RATAN SIRCAR MEDICAL COLLEGE,M.S. (GENERAL SURGERY),Open Quota,EWS,EWS,Fresh Allotment
397,1,33809,13,INSTITUTE OF POST GRADUATE MEDICAL EDUCATION AND RESEARCH KOLKATA,M.D. (MICROBIOLOGY),Open Quota,UR,General,Fresh Allotment
398,1,33944,23,JAGANNATH GUPTA INSTITUTE OF MEDICAL SCIENCES AND HOSPITAL,M.D. (ANAESTHESIOLOGY),Open Quota,UR,General,Fresh Allotment
399,1,33995,24,INSTITUTE OF POST GRADUATE MEDICAL EDUCATION AND RESEARCH KOLKATA,M.D. (ANAESTHESIOLOGY),Open Quota,SC,SC,Fresh Allotment
400,1,34069,2,KPC MEDICAL COLLEGE,M.S. (ORTHOPAEDICS),Private Management Quota,UR,General,Fresh Allotment
401,1,34251,22,DIAMOND HARBOUR GOVERNMENT MEDICAL COLLEGE AND HOSPITAL,M.S. (OPHTHALMOLOGY),Open Quota,SC,SC,Fresh Allotment
402,1,34261,16,JAGANNATH GUPTA INSTITUTE OF MEDICAL SCIENCES AND HOSPITAL,M.D. (PAEDIATRICS),Private Management Quota,UR,General,Fresh Allotment
403,1,34335,9,NIL RATAN SIRCAR MEDICAL COLLEGE,M.D. (PSYCHIATRY),Open Quota,SC,SC,Fresh Allotment
404,1,34659,42,"IQ CITY MEDICAL COLLEGE, DURGAPUR",M.D. (GENERAL MEDICINE),Private Management Quota,UR,General,Fresh Allotment
405,1,34673,9,GOURI DEVI INSTITUTE OF MEDICAL SCIENCES AND HOSPITAL,M.D. (RADIO- DIAGNOSIS),Open Quota,SC,SC,Fresh Allotment
406,1,34831,20,"RAMAKRISHNA MISSION SEVA PRATISHTHAN VIVEKANANDA INSTITUTE OF MEDICAL SCIENCES, KOLKATA",M.S. (GENERAL SURGERY),Open Quota,EWS,EWS,Fresh Allotment
407,1,34844,1,MEDICAL COLLEGE KOLKATA,M.D. (RADIO- DIAGNOSIS),In-service Quota,UR,General,Fresh Allotment
408,1,34921,16,MEDICAL COLLEGE KOLKATA,DIP.IN GYNAE. AND OBST.,Open Quota,SC,SC,Fresh Allotment
409,1,35255,9,INSTITUTE OF POST GRADUATE MEDICAL EDUCATION AND RESEARCH KOLKATA,M.D. (BIOCHEMISTRY),Open Quota,UR,General,Fresh Allotment
410,1,35407,31,GOURI DEVI INSTITUTE OF MEDICAL SCIENCES AND HOSPITAL,M.S. (ORTHOPAEDICS),Private Management Quota,UR,General,Fresh Allotment
411,1,35511,68,ESI PGIMSR AND ESIC MEDICAL COLLEGE JOKA KOLKATA,M.D. (ANAESTHESIOLOGY),Open Quota,SC,SC,Fresh Allotment
412,1,35818,6,MEDICAL COLLEGE KOLKATA,M.D. (PHARMACOLOGY),Open Quota,UR,General,Fresh Allotment
413,1,35828,39,CALCUTTA NATIONAL MEDICAL COLLEGE KOLKATA,M.S. (OPHTHALMOLOGY),Open Quota,OBC-B (Non- Creamy Layer),OBC-B (Non- Creamy Layer),Fresh Allotment
414,1,35914,15,"IQ CITY MEDICAL COLLEGE, DURGAPUR",M.D. (GENERAL MEDICINE),Open Quota,SC,SC,Fresh Allotment
415,1,35973,23,BANKURA SAMMILANI MEDICAL COLLEGE,M.D. (PREVENTIVE AND SOCIAL MEDICINE)/ COMMUNITY MEDICINE,Open Quota,UR,General,Fresh Allotment
416,1,35980,25,BURDWAN MEDICAL COLLEGE,DIPLOMA IN OPHTHALMOLOGY/DO MS,Open Quota,UR,General,Fresh Allotment
417,1,36009,12,KPC MEDICAL COLLEGE,M.S. (GENERAL SURGERY),Private Management Quota,UR,General,Fresh Allotment
418,1,36112,2,NIL RATAN SIRCAR MEDICAL COLLEGE,M.D. (RADIO- DIAGNOSIS),In-service Quota,UR,General,Fresh Allotment
419,1,36609,61,NORTH BENGAL MEDICAL COLLEGE AND HOSPITAL,M.D. (PATHOLOGY),Open Quota,OBC-A (Non- Creamy Layer),OBC-A (Non- Creamy Layer),Fresh Allotment
420,1,36657,43,JAGANNATH GUPTA INSTITUTE OF MEDICAL SCIENCES AND HOSPITAL,M.D. (ANAESTHESIOLOGY),Open Quota,UR,OBC (Non-Creamy Layer),Fresh Allotment
421,1,36680,1,"IQ CITY MEDICAL COLLEGE, DURGAPUR","M.D. (DERM.,VENE. AND LEPROSY)/ (DERMATOLOGY)/ (SKIN AND VENEREAL DISEASES)/ (VENEREOLOGY)",Private Management Quota,UR,General,Fresh Allotment
422,1,36774,33,NIL RATAN SIRCAR MEDICAL COLLEGE,M.D. (ANAESTHESIOLOGY),Open Quota,SC,SC,Fresh Allotment
423,1,36795,11,"SCHOOL OF TROPICAL MEDICINE, KOLKATA",M.D. (TROPICAL MEDICINE),Open Quota,SC,SC,Fresh Allotment
424,1,36954,18,MEDICAL COLLEGE KOLKATA,DIP.IN GYNAE. AND OBST.,Open Quota,EWS,EWS,Fresh Allotment
425,1,37185,50,JAGANNATH GUPTA INSTITUTE OF MEDICAL SCIENCES AND HOSPITAL,M.D. (GENERAL MEDICINE),Private Management Quota,UR,General,Fresh Allotment
426,1,37319,66,MURSHIDABAD MEDICAL COLLEGE AND HOSPITAL,M.S. (OPHTHALMOLOGY),Open Quota,SC,SC,Fresh Allotment
427,1,37326,30,CALCUTTA NATIONAL MEDICAL COLLEGE KOLKATA,M.D. (ANAESTHESIOLOGY),Open Quota,SC,SC,Fresh Allotment
428,1,37647,5,"IQ CITY MEDICAL COLLEGE, DURGAPUR",M.D. (OBST. AND GYNAE)/MS (OBSTETRICS AND GYNAECOLOGY),Private Management Quota,UR,General,Fresh Allotment
429,1,37867,22,ICARE INSTITUTE OF MEDICAL SCIENCES AND RESEARCH HALDIA,M.S. (ORTHOPAEDICS),Open Quota,SC,SC,Fresh Allotment
430,1,38100,53,BANKURA SAMMILANI MEDICAL COLLEGE,M.D. (ANAESTHESIOLOGY),Open Quota,SC,SC,Fresh Allotment
431,1,38116,1,BARASAT GOVERNMENT MEDICAL COLLEGE AND HOSPITAL,(NBEMS) OBSTETRICS AND GYNAECOLOGY,In-service DNB Quota,UR,General,Fresh Allotment
432,1,38276,7,ICARE INSTITUTE OF MEDICAL SCIENCES AND RESEARCH HALDIA,"M.D. (DERM.,VENE. AND LEPROSY)/ (DERMATOLOGY)/ (SKIN AND VENEREAL DISEASES)/ (VENEREOLOGY)",Private Management Quota,UR,General,Fresh Allotment
433,1,38453,85,NIL RATAN SIRCAR MEDICAL COLLEGE,M.D. (RADIOTHERAPY/ RADIATION ONCOLOGY),Open Quota,SC,SC,Fresh Allotment
434,1,38463,1,MEDICAL COLLEGE KOLKATA,M.D. (GENERAL MEDICINE),In-service Quota,UR,General,Fresh Allotment
435,1,39273,48,NIL RATAN SIRCAR MEDICAL COLLEGE,M.D. (PHYSICAL MED. AND REHABILITATION),Open Quota,OBC-B (Non- Creamy Layer),OBC-B (Non- Creamy Layer),Fresh Allotment
436,1,39499,2,"IQ CITY MEDICAL COLLEGE, DURGAPUR",M.D. (RADIO- DIAGNOSIS),Private Management Quota,UR,General,Fresh Allotment
437,1,39816,33,MEDICAL COLLEGE KOLKATA,DIPLOMA IN ORTHOPAEDICS,Open Quota,SC,SC,Fresh Allotment
438,1,39960,15,GOURI DEVI INSTITUTE OF MEDICAL SCIENCES AND HOSPITAL,M.D. (PAEDIATRICS),Private Management Quota,UR,General,Fresh Allotment
439,1,40201,41,KPC MEDICAL COLLEGE,M.S. (GENERAL SURGERY),Private Management Quota,UR,General,Fresh Allotment
440,1,40307,45,"IQ CITY MEDICAL COLLEGE, DURGAPUR",M.D. (PSYCHIATRY),Private Management Quota,UR,General,Fresh Allotment
441,1,40345,88,KPC MEDICAL COLLEGE,M.S. (GENERAL SURGERY),Private Management Quota,UR,General,Fresh Allotment
442,1,40674,52,COLLEGE OF MEDICINE AND JNM HOSPITAL KALYANI,M.D. (ANAESTHESIOLOGY),Open Quota,SC,SC,Fresh Allotment
443,1,41181,43,"SCHOOL OF TROPICAL MEDICINE, KOLKATA",M.D. (MICROBIOLOGY),Open Quota,UR,General,Fresh Allotment
444,1,41447,61,"IQ CITY MEDICAL COLLEGE, DURGAPUR",M.D. (GENERAL MEDICINE),Private Management Quota,UR,OBC-A (Non- Creamy Layer),Fresh Allotment
445,1,41535,15,SHRI RAMKRISHNA INSTITUTE OF MEDICAL SCIENCES & SANAKA HOSPITALS,M.D. (GENERAL MEDICINE),Open Quota,SC,SC,Fresh Allotment
446,1,41661,73,MIDNAPORE MEDICAL COLLEGE,M.D. (ANAESTHESIOLOGY),Open Quota,SC,SC,Fresh Allotment
447,1,41667,106,NORTH BENGAL MEDICAL COLLEGE AND HOSPITAL,M.D. (ANAESTHESIOLOGY),Open Quota,SC,SC,Fresh Allotment
448,1,41948,82,INSTITUTE OF POST GRADUATE MEDICAL EDUCATION AND RESEARCH KOLKATA,M.D. (PHARMACOLOGY),Open Quota,UR,General,Fresh Allotment
449,1,41994,4,NIL RATAN SIRCAR MEDICAL COLLEGE,M.D. (ANAESTHESIOLOGY),Open Quota,EWS,EWS,Fresh Allotment
450,1,42478,14,NORTH BENGAL MEDICAL COLLEGE AND HOSPITAL,M.D. (PSYCHIATRY),Open Quota,EWS,EWS,Fresh Allotment
451,1,42669,65,COLLEGE OF MEDICINE AND JNM HOSPITAL KALYANI,M.D. (MICROBIOLOGY),Open Quota,UR,General,Fresh Allotment
452,1,43011,11,R G KAR MEDICAL COLLEGE,M.D. (ANAESTHESIOLOGY),Open Quota,ST,ST,Fresh Allotment
453,1,43766,1,MALDA MEDICAL COLLEGE AND HOSPITAL,M.D. (GENERAL MEDICINE),In-service Quota,UR,SC,Fresh Allotment
454,1,43955,4,KPC MEDICAL COLLEGE,M.S. (GENERAL SURGERY),Private Management Quota,UR,General,Fresh Allotment
455,1,44077,3,MEDICAL COLLEGE KOLKATA,M.D. (RADIOTHERAPY/ RADIATION ONCOLOGY),Open Quota,EWS,EWS,Fresh Allotment
456,1,44791,1,NORTH BENGAL MEDICAL COLLEGE AND HOSPITAL,M.D. (RADIO- DIAGNOSIS),In-service Quota,UR,General,Fresh Allotment
457,1,46060,4,"IQ CITY MEDICAL COLLEGE, DURGAPUR",M.D. (TUBERCULOSIS AND RESPIRATORY DISEASES)/PULMONA RY MEDICINE /M.D. (RESPIRATORY MEDICINE),Private Management Quota,UR,General,Fresh Allotment
458,1,46112,37,BURDWAN MEDICAL COLLEGE,M.D. (MICROBIOLOGY),Open Quota,UR,General,Fresh Allotment
459,1,46113,49,"IQ CITY MEDICAL COLLEGE, DURGAPUR",M.D. (TUBERCULOSIS AND RESPIRATORY DISEASES)/PULMONA RY MEDICINE /M.D. (RESPIRATORY MEDICINE),Private Management Quota,UR,General,Fresh Allotment
460,1,46611,93,INSTITUTE OF POST GRADUATE MEDICAL EDUCATION AND RESEARCH KOLKATA,M.D. (PHYSICAL MED. AND REHABILITATION),Open Quota,SC,SC,Fresh Allotment
461,1,46645,108,SHRI RAMKRISHNA INSTITUTE OF MEDICAL SCIENCES & SANAKA HOSPITALS,M.S. (ORTHOPAEDICS),Open Quota,OBC-B (Non- Creamy Layer),OBC-B (Non- Creamy Layer),Fresh Allotment
462,1,46647,58,JAGANNATH GUPTA INSTITUTE OF MEDICAL SCIENCES AND HOSPITAL,M.D. (OBST. AND GYNAE)/MS (OBSTETRICS AND GYNAECOLOGY),Private Management Quota,UR,General,Fresh Allotment
463,1,46881,40,SHRI RAMKRISHNA INSTITUTE OF MEDICAL SCIENCES & SANAKA HOSPITALS,M.D. (GENERAL MEDICINE),Private Management Quota,UR,General,Fresh Allotment
464,1,47330,6,KPC MEDICAL COLLEGE,M.S. (GENERAL SURGERY),Open Quota,SC,SC,Fresh Allotment
465,1,47700,3,NIL RATAN SIRCAR MEDICAL COLLEGE,M.D. (GENERAL MEDICINE),In-service Quota,UR,General,Fresh Allotment
466,1,47903,18,SHRI RAMKRISHNA INSTITUTE OF MEDICAL SCIENCES & SANAKA HOSPITALS,M.D. (OBST. AND GYNAE)/MS (OBSTETRICS AND GYNAECOLOGY),Open Quota,SC,SC,Fresh Allotment
467,1,48425,14,ICARE INSTITUTE OF MEDICAL SCIENCES AND RESEARCH HALDIA,M.S. (GENERAL SURGERY),Open Quota,OBC-A (Non- Creamy Layer),OBC-A (Non- Creamy Layer),Fresh Allotment
468,1,48576,2,JAGANNATH GUPTA INSTITUTE OF MEDICAL SCIENCES AND HOSPITAL,M.S. (ORTHOPAEDICS),Private Management Quota,UR,General,Fresh Allotment
469,1,48670,65,JAGANNATH GUPTA INSTITUTE OF MEDICAL SCIENCES AND HOSPITAL,M.D. (TUBERCULOSIS AND RESPIRATORY DISEASES)/PULMONA RY MEDICINE /M.D. (RESPIRATORY MEDICINE),Private Management Quota,UR,General,Fresh Allotment
470,1,49129,43,BURDWAN MEDICAL COLLEGE,DIP.IN GYNAE. AND OBST.,Open Quota,SC,SC,Fresh Allotment
471,1,49198,99,"IQ CITY MEDICAL COLLEGE, DURGAPUR",M.S. (OPHTHALMOLOGY),Open Quota,OBC-A (Non- Creamy Layer),OBC-A (Non- Creamy Layer),Fresh Allotment
472,1,49609,39,CALCUTTA NATIONAL MEDICAL COLLEGE KOLKATA,M.D. (PHARMACOLOGY),Open Quota,UR,General,Fresh Allotment
473,1,49906,6,KPC MEDICAL COLLEGE,M.S. (GENERAL SURGERY),Private Management Quota,UR,General,Fresh Allotment
474,1,50020,4,INSTITUTE OF POST GRADUATE MEDICAL EDUCATION AND RESEARCH KOLKATA,M.S. (ORTHOPAEDICS),Open Quota,ST,ST,Fresh Allotment
475,1,50223,68,MEDICAL COLLEGE KOLKATA,M.D. (PATHOLOGY),Open Quota,OBC-B (Non- Creamy Layer),OBC-B (Non- Creamy Layer),Fresh Allotment
476,1,50317,1,R G KAR MEDICAL COLLEGE,M.D. (OBST. AND GYNAE)/MS (OBSTETRICS AND GYNAECOLOGY),Open Quota,ST,ST,Fresh Allotment
477,1,50406,3,DR. B C ROY POST GRADUATE INSTITUTE OF PAEDIATRIC SCIENCES,M.D. (PAEDIATRICS),Open Quota,ST,ST,Fresh Allotment
478,1,50560,48,"IQ CITY MEDICAL COLLEGE, DURGAPUR",M.D. (PAEDIATRICS),Open Quota,SC,SC,Fresh Allotment
479,1,50708,1,"IQ CITY MEDICAL COLLEGE, DURGAPUR",M.D. (OBST. AND GYNAE)/MS (OBSTETRICS AND GYNAECOLOGY),Private Management Quota,UR,General,Fresh Allotment
480,1,51421,45,ALL INDIA INSTITUTE OF HYGIENE AND PUBLIC HEALTH,M.D. (PREVENTIVE AND SOCIAL MEDICINE)/ COMMUNITY MEDICINE,Open Quota,OBC (Non-Creamy Layer),OBC-A (Non- Creamy Layer),Fresh Allotment
481,1,51595,22,JAGANNATH GUPTA INSTITUTE OF MEDICAL SCIENCES AND HOSPITAL,M.D. (TUBERCULOSIS AND RESPIRATORY DISEASES)/PULMONA RY MEDICINE /M.D. (RESPIRATORY MEDICINE),Private Management Quota,UR,General,Fresh Allotment
482,1,52058,10,"IQ CITY MEDICAL COLLEGE, DURGAPUR",M.D. (PAEDIATRICS),Private Management Quota,UR,General,Fresh Allotment
483,1,52173,16,ICARE INSTITUTE OF MEDICAL SCIENCES AND RESEARCH HALDIA,M.D. (RADIO- DIAGNOSIS),Open Quota,EWS,EWS,Fresh Allotment
484,1,52181,66,CALCUTTA NATIONAL MEDICAL COLLEGE KOLKATA,M.S. (E.N.T.),Open Quota,EWS,EWS,Fresh Allotment
485,1,52350,19,"RAMAKRISHNA MISSION SEVA PRATISHTHAN VIVEKANANDA INSTITUTE OF MEDICAL SCIENCES, KOLKATA",M.S. (E.N.T.),Open Quota,EWS,EWS,Fresh Allotment
486,1,52512,33,"IQ CITY MEDICAL COLLEGE, DURGAPUR",M.D. (PATHOLOGY),Open Quota,UR,General,Fresh Allotment
487,1,52755,9,MEDICAL COLLEGE KOLKATA,M.S. (OPHTHALMOLOGY),Open Quota,EWS,EWS,Fresh Allotment
488,1,52792,49,NIL RATAN SIRCAR MEDICAL COLLEGE,M.D. (PHARMACOLOGY),Open Quota,UR,General,Fresh Allotment
489,1,53098,23,KPC MEDICAL COLLEGE,M.D. (PSYCHIATRY),Open Quota,OBC-B (Non- Creamy Layer),OBC-B (Non- Creamy Layer),Fresh Allotment
490,1,53191,75,MURSHIDABAD MEDICAL COLLEGE AND HOSPITAL,M.D. (PREVENTIVE AND SOCIAL MEDICINE)/ COMMUNITY MEDICINE,Open Quota,UR,General,Fresh Allotment
491,1,53693,3,GOURI DEVI INSTITUTE OF MEDICAL SCIENCES AND HOSPITAL,M.S. (GENERAL SURGERY),Private Management Quota,UR,General,Fresh Allotment
492,1,54058,59,KPC MEDICAL COLLEGE,M.D. (ANAESTHESIOLOGY),Open Quota,SC,SC,Fresh Allotment
493,1,54382,17,JAGANNATH GUPTA INSTITUTE OF MEDICAL SCIENCES AND HOSPITAL,M.D. (PAEDIATRICS),Private Management Quota,UR,General,Fresh Allotment
494,1,54477,137,R G KAR MEDICAL COLLEGE,M.D. (PHYSICAL MED. AND REHABILITATION),Open Quota,SC,SC,Fresh Allotment
495,1,54503,54,R G KAR MEDICAL COLLEGE,M.S. (OPHTHALMOLOGY),Open Quota,EWS,EWS,Fresh Allotment
496,1,54605,15,ALL INDIA INSTITUTE OF HYGIENE AND PUBLIC HEALTH,M.D. (PREVENTIVE AND SOCIAL MEDICINE)/ COMMUNITY MEDICINE,Open Quota,SC,SC,Fresh Allotment
497,1,54717,122,"SCHOOL OF TROPICAL MEDICINE, KOLKATA",M.D. (PHARMACOLOGY),Open Quota,UR,General,Fresh Allotment
498,1,54957,1,DISTRICT HOSPITAL HOWRAH,(NBEMS) PAEDIATRICS,In-service DNB Quota,UR,General,Fresh Allotment
499,1,54984,41,NIL RATAN SIRCAR MEDICAL COLLEGE,M.D. (PATHOLOGY),Open Quota,SC,SC,Fresh Allotment
500,1,55045,151,KPC MEDICAL COLLEGE,M.S. (E.N.T.),Private Management Quota,UR,General,Fresh Allotment
501,1,55275,1,BURDWAN MEDICAL COLLEGE,M.D. (RADIO- DIAGNOSIS),In-service Quota,UR,SC,Fresh Allotment
502,1,55470,14,MEDICAL COLLEGE KOLKATA,M.D. (ANAESTHESIOLOGY),Open Quota,EWS,EWS,Fresh Allotment
503,1,56274,27,"IQ CITY MEDICAL COLLEGE, DURGAPUR",M.S. (GENERAL SURGERY),Private Management Quota,UR,General,Fresh Allotment
504,1,56310,42,ICARE INSTITUTE OF MEDICAL SCIENCES AND RESEARCH HALDIA,M.D. (TUBERCULOSIS AND RESPIRATORY DISEASES)/PULMONA RY MEDICINE /M.D. (RESPIRATORY MEDICINE),Open Quota,SC,SC,Fresh Allotment
505,1,56815,3,NIL RATAN SIRCAR MEDICAL COLLEGE,M.D. (RADIO- DIAGNOSIS),In-service Quota,UR,SC,Fresh Allotment
506,1,57482,1,NIL RATAN SIRCAR MEDICAL COLLEGE,M.D. (PREVENTIVE AND SOCIAL MEDICINE)/ COMMUNITY MEDICINE,Open Quota,OBC-A (Non- Creamy Layer),OBC-A (Non- Creamy Layer),Fresh Allotment
507,1,57524,33,KPC MEDICAL COLLEGE,M.S. (E.N.T.),Open Quota,SC,SC,Fresh Allotment
508,1,57615,46,GOURI DEVI INSTITUTE OF MEDICAL SCIENCES AND HOSPITAL,"M.D. (DERM.,VENE. AND LEPROSY)/ (DERMATOLOGY)/ (SKIN AND VENEREAL DISEASES)/ (VENEREOLOGY)",Private Management Quota,UR,General,Fresh Allotment
509,1,57691,1,DISTRICT HOSPITAL NADIA,(NBEMS-DIPLOMA) RADIO-DIAGNOSIS,In-service DNB Quota,UR,OBC-A (Non- Creamy Layer),Fresh Allotment
510,1,57732,9,R G KAR MEDICAL COLLEGE,M.D. (PATHOLOGY),Open Quota,SC,SC,Fresh Allotment
511,1,58543,2,CALCUTTA NATIONAL MEDICAL COLLEGE KOLKATA,DIPLOMA IN ANAESTHESIOLOGY,Open Quota,SC,SC,Fresh Allotment
512,1,58581,3,"IQ CITY MEDICAL COLLEGE, DURGAPUR",M.S. (ORTHOPAEDICS),Private Management Quota,UR,General,Fresh Allotment
513,1,58888,119,MEDICAL COLLEGE KOLKATA,DIPLOMA IN OPHTHALMOLOGY/DO MS,Open Quota,SC,SC,Fresh Allotment
514,1,58951,48,MEDICAL COLLEGE KOLKATA,MD/MS (ANATOMY),Open Quota,SC,SC,Fresh Allotment
515,1,59199,3,CALCUTTA NATIONAL MEDICAL COLLEGE KOLKATA,M.D. (GENERAL MEDICINE),In-service Quota,UR,General,Fresh Allotment
516,1,59436,1,KPC MEDICAL COLLEGE,M.D. (ANAESTHESIOLOGY),Private Management Quota,UR,General,Fresh Allotment
517,1,59646,69,MEDICAL COLLEGE KOLKATA,DIPLOMA IN OPHTHALMOLOGY/DO MS,Open Quota,OBC-B (Non- Creamy Layer),OBC-B (Non- Creamy Layer),Fresh Allotment
518,1,59685,4,SHRI RAMKRISHNA INSTITUTE OF MEDICAL SCIENCES & SANAKA HOSPITALS,M.D. (OBST. AND GYNAE)/MS (OBSTETRICS AND GYNAECOLOGY),Private Management Quota,UR,General,Fresh Allotment
519,1,60439,14,KPC MEDICAL COLLEGE,M.D. (GENERAL MEDICINE),Open Quota,ST,ST,Fresh Allotment
520,1,60502,22,GOURI DEVI INSTITUTE OF MEDICAL SCIENCES AND HOSPITAL,M.D. (OBST. AND GYNAE)/MS (OBSTETRICS AND GYNAECOLOGY),Private Management Quota,UR,General,Fresh Allotment
521,1,60571,2,MEDICAL COLLEGE KOLKATA,M.D. (BIOCHEMISTRY),Open Quota,UR,General,Fresh Allotment
522,1,60711,1,"SCHOOL OF TROPICAL MEDICINE, KOLKATA","M.D. (DERM.,VENE. AND LEPROSY)/ (DERMATOLOGY)/ (SKIN AND VENEREAL DISEASES)/ (VENEREOLOGY)",In-service Quota,UR,SC,Fresh Allotment
523,1,60766,5,NIL RATAN SIRCAR MEDICAL COLLEGE,"M.D. (DERM.,VENE. AND LEPROSY)/ (DERMATOLOGY)/ (SKIN AND VENEREAL DISEASES)/ (VENEREOLOGY)",In-service Quota,UR,General,Fresh Allotment
524,1,60804,20,ALL INDIA INSTITUTE OF HYGIENE AND PUBLIC HEALTH,M.D. (PREVENTIVE AND SOCIAL MEDICINE)/ COMMUNITY MEDICINE,Open Quota,OBC (Non-Creamy Layer),OBC-B (Non- Creamy Layer),Fresh Allotment
525,1,60816,14,COLLEGE OF MEDICINE AND SAGORE DUTTA HOSPITAL,M.D. (PATHOLOGY),Open Quota,SC,SC,Fresh Allotment
526,1,60925,5,BANKURA SAMMILANI MEDICAL COLLEGE,M.D. (RADIO- DIAGNOSIS),In-service Quota,OBC-A (Non- Creamy Layer),OBC-A (Non- Creamy Layer),Fresh Allotment
527,1,61102,77,MEDICAL COLLEGE KOLKATA,DIPLOMA IN OTO- RHINO- LARYNGOLOGY,Open Quota,EWS,EWS,Fresh Allotment
528,1,61183,19,GOURI DEVI INSTITUTE OF MEDICAL SCIENCES AND HOSPITAL,M.D. (TUBERCULOSIS AND RESPIRATORY DISEASES)/PULMONA RY MEDICINE /M.D. (RESPIRATORY MEDICINE),Private Management Quota,UR,General,Fresh Allotment
529,1,61782,2,GOURI DEVI INSTITUTE OF MEDICAL SCIENCES AND HOSPITAL,M.D. (OBST. AND GYNAE)/MS (OBSTETRICS AND GYNAECOLOGY),Private Management Quota,UR,OBC (Non-Creamy Layer),Fresh Allotment
530,1,61830,21,GOURI DEVI INSTITUTE OF MEDICAL SCIENCES AND HOSPITAL,M.D. (OBST. AND GYNAE)/MS (OBSTETRICS AND GYNAECOLOGY),Private Management Quota,UR,General,Fresh Allotment
531,1,61886,5,MURSHIDABAD MEDICAL COLLEGE AND HOSPITAL,M.D. (RADIO- DIAGNOSIS),In-service Quota,SC,SC,Fresh Allotment
532,1,62415,117,NIL RATAN SIRCAR MEDICAL COLLEGE,M.D. (PREVENTIVE AND SOCIAL MEDICINE)/ COMMUNITY MEDICINE,Open Quota,SC,SC,Fresh Allotment
533,1,62692,7,CALCUTTA NATIONAL MEDICAL COLLEGE KOLKATA,"M.D. (DERM.,VENE. AND LEPROSY)/ (DERMATOLOGY)/ (SKIN AND VENEREAL DISEASES)/ (VENEREOLOGY)",In-service Quota,UR,OBC-A (Non- Creamy Layer),Fresh Allotment
534,1,62724,4,R G KAR MEDICAL COLLEGE,M.D. (GENERAL MEDICINE),In-service Quota,UR,General,Fresh Allotment
535,1,62824,8,CALCUTTA NATIONAL MEDICAL COLLEGE KOLKATA,M.S. (GENERAL SURGERY),Open Quota,ST,ST,Fresh Allotment
536,1,62958,4,R G KAR MEDICAL COLLEGE,M.D. (GENERAL MEDICINE),In-service Quota,UR,General,Fresh Allotment
537,1,63572,29,R G KAR MEDICAL COLLEGE,M.D. (ANAESTHESIOLOGY),Open Quota,EWS,EWS,Fresh Allotment
538,1,63582,125,MEDICAL COLLEGE KOLKATA,DIPLOMA IN OPHTHALMOLOGY/DO MS,Open Quota,SC,SC,Fresh Allotment
539,1,63692,33,ICARE INSTITUTE OF MEDICAL SCIENCES AND RESEARCH HALDIA,"M.D. (DERM.,VENE. AND LEPROSY)/ (DERMATOLOGY)/ (SKIN AND VENEREAL DISEASES)/ (VENEREOLOGY)",Open Quota,SC,SC,Fresh Allotment
540,1,64935,84,COLLEGE OF MEDICINE AND JNM HOSPITAL KALYANI,M.D. (PREVENTIVE AND SOCIAL MEDICINE)/ COMMUNITY MEDICINE,Open Quota,SC,SC,Fresh Allotment
541,1,65473,11,NIL RATAN SIRCAR MEDICAL COLLEGE,MD/MS (ANATOMY),Open Quota,UR,General,Fresh Allotment
542,1,65782,167,MEDICAL COLLEGE KOLKATA,M.D. (FORENSIC MEDICINE),Open Quota,SC,SC,Fresh Allotment
543,1,65887,7,"RAMAKRISHNA MISSION SEVA PRATISHTHAN VIVEKANANDA INSTITUTE OF MEDICAL SCIENCES, KOLKATA",M.D. (RADIO- DIAGNOSIS),In-service Quota,SC,SC,Fresh Allotment
544,1,65935,7,JAGANNATH GUPTA INSTITUTE OF MEDICAL SCIENCES AND HOSPITAL,"M.D. (DERM.,VENE. AND LEPROSY)/ (DERMATOLOGY)/ (SKIN AND VENEREAL DISEASES)/ (VENEREOLOGY)",Open Quota,SC,SC,Fresh Allotment
545,1,66202,4,JAGANNATH GUPTA INSTITUTE OF MEDICAL SCIENCES AND HOSPITAL,M.S. (GENERAL SURGERY),Private Management Quota,UR,SC,Fresh Allotment
546,1,66377,42,BANKURA SAMMILANI MEDICAL COLLEGE,M.D. (PHARMACOLOGY),Open Quota,SC,SC,Fresh Allotment
547,1,66413,9,"IQ CITY MEDICAL COLLEGE, DURGAPUR",M.D. (PAEDIATRICS),Private Management Quota,UR,General,Fresh Allotment
548,1,66418,5,JAGANNATH GUPTA INSTITUTE OF MEDICAL SCIENCES AND HOSPITAL,M.D. (ANAESTHESIOLOGY),Private Management Quota,UR,General,Fresh Allotment
549,1,66465,4,KPC MEDICAL COLLEGE,M.S. (E.N.T.),Private Management Quota,UR,General,Fresh Allotment
550,1,66528,86,GOURI DEVI INSTITUTE OF MEDICAL SCIENCES AND HOSPITAL,M.D. (PATHOLOGY),Open Quota,UR,General,Fresh Allotment
551,1,66574,6,COLLEGE OF MEDICINE AND JNM HOSPITAL KALYANI,M.S. (E.N.T.),Open Quota,ST,ST,Fresh Allotment
552,1,66597,4,JAGANNATH GUPTA INSTITUTE OF MEDICAL SCIENCES AND HOSPITAL,M.D. (PAEDIATRICS),Private Management Quota,UR,General,Fresh Allotment
553,1,66766,113,BURDWAN MEDICAL COLLEGE,M.D. (BIOCHEMISTRY),Open Quota,UR,General,Fresh Allotment
554,1,66829,3,JAGANNATH GUPTA INSTITUTE OF MEDICAL SCIENCES AND HOSPITAL,M.D. (PAEDIATRICS),Private Management Quota,UR,General,Fresh Allotment
555,1,67005,7,JAGANNATH GUPTA INSTITUTE OF MEDICAL SCIENCES AND HOSPITAL,M.S. (GENERAL SURGERY),Private Management Quota,UR,General,Fresh Allotment
556,1,67092,60,INSTITUTE OF POST GRADUATE MEDICAL EDUCATION AND RESEARCH KOLKATA,M.D. (PHYSIOLOGY),Open Quota,UR,General,Fresh Allotment
557,1,67109,1,NORTH BENGAL MEDICAL COLLEGE AND HOSPITAL,M.D. (GENERAL MEDICINE),In-service Quota,UR,General,Fresh Allotment
558,1,67525,21,NIL RATAN SIRCAR MEDICAL COLLEGE,M.D. (FORENSIC MEDICINE),Open Quota,UR,General,Fresh Allotment
559,1,67869,2,BANKURA SAMMILANI MEDICAL COLLEGE,M.D. (OBST. AND GYNAE)/MS (OBSTETRICS AND GYNAECOLOGY),Open Quota,ST,ST,Fresh Allotment
560,1,68423,7,"IQ CITY MEDICAL COLLEGE, DURGAPUR",M.S. (OPHTHALMOLOGY),Private Management Quota,UR,General,Fresh Allotment
561,1,68549,9,NORTH BENGAL MEDICAL COLLEGE AND HOSPITAL,M.S. (GENERAL SURGERY),Open Quota,ST,ST,Fresh Allotment
562,1,68702,13,CALCUTTA NATIONAL MEDICAL COLLEGE KOLKATA,M.D. (GENERAL MEDICINE),In-service Quota,UR,General,Fresh Allotment
563,1,68790,1,"RAMAKRISHNA MISSION SEVA PRATISHTHAN VIVEKANANDA INSTITUTE OF MEDICAL SCIENCES, KOLKATA",M.D. (GENERAL MEDICINE),In-service Quota,UR,General,Fresh Allotment
564,1,68803,17,GOURI DEVI INSTITUTE OF MEDICAL SCIENCES AND HOSPITAL,M.D. (TUBERCULOSIS AND RESPIRATORY DISEASES)/PULMONA RY MEDICINE /M.D. (RESPIRATORY MEDICINE),Private Management Quota,UR,General,Fresh Allotment
565,1,68806,6,MIDNAPORE MEDICAL COLLEGE,M.D. (OBST. AND GYNAE)/MS (OBSTETRICS AND GYNAECOLOGY),Open Quota,ST,ST,Fresh Allotment
566,1,69062,128,KPC MEDICAL COLLEGE,M.D. (PREVENTIVE AND SOCIAL MEDICINE)/ COMMUNITY MEDICINE,Open Quota,UR,General,Fresh Allotment
567,1,69317,4,NIL RATAN SIRCAR MEDICAL COLLEGE,M.D. (ANAESTHESIOLOGY),Open Quota,ST,ST,Fresh Allotment
568,1,69600,12,"IQ CITY MEDICAL COLLEGE, DURGAPUR",M.D. (PATHOLOGY),Private Management Quota,UR,General,Fresh Allotment
569,1,69759,125,COLLEGE OF MEDICINE AND SAGORE DUTTA HOSPITAL,M.D. (BIOCHEMISTRY),Open Quota,UR,General,Fresh Allotment
570,1,70879,16,GOURI DEVI INSTITUTE OF MEDICAL SCIENCES AND HOSPITAL,M.D. (PAEDIATRICS),Private Management Quota,UR,General,Fresh Allotment
571,1,71339,8,BURDWAN MEDICAL COLLEGE,M.D. (GENERAL MEDICINE),In-service Quota,UR,General,Fresh Allotment
572,1,71402,3,BURDWAN MEDICAL COLLEGE,M.D. (ANAESTHESIOLOGY),Open Quota,ST,ST,Fresh Allotment
573,1,72458,72,"SCHOOL OF TROPICAL MEDICINE, KOLKATA",DIPLOMA IN CLINICAL PATHOLOGY,Open Quota,OBC-A (Non- Creamy Layer),OBC-A (Non- Creamy Layer),Fresh Allotment
574,1,72724,15,JAGANNATH GUPTA INSTITUTE OF MEDICAL SCIENCES AND HOSPITAL,M.S. (GENERAL SURGERY),Private Management Quota,UR,General,Fresh Allotment
575,1,73052,17,ICARE INSTITUTE OF MEDICAL SCIENCES AND RESEARCH HALDIA,M.D. (ANAESTHESIOLOGY),Open Quota,SC,SC,Fresh Allotment
576,1,73254,23,SHRI RAMKRISHNA INSTITUTE OF MEDICAL SCIENCES & SANAKA HOSPITALS,M.D. (ANAESTHESIOLOGY),Open Quota,SC,SC,Fresh Allotment
577,1,73274,4,BANKURA SAMMILANI MEDICAL COLLEGE,M.S. (OPHTHALMOLOGY),In-service Quota,UR,General,Fresh Allotment
578,1,73599,32,"IQ CITY MEDICAL COLLEGE, DURGAPUR",M.D. (PREVENTIVE AND SOCIAL MEDICINE)/ COMMUNITY MEDICINE,Open Quota,UR,General,Fresh Allotment
579,1,73692,55,DIAMOND HARBOUR GOVERNMENT MEDICAL COLLEGE AND HOSPITAL,M.D. (BIOCHEMISTRY),Open Quota,UR,General,Fresh Allotment
580,1,74324,8,INSTITUTE OF CHILD HEALTH,M.D. (PAEDIATRICS),In-service Quota,UR,General,Fresh Allotment
581,1,74493,5,CALCUTTA NATIONAL MEDICAL COLLEGE KOLKATA,M.D. (MICROBIOLOGY),Open Quota,OBC-A (Non- Creamy Layer),OBC-A (Non- Creamy Layer),Fresh Allotment
582,1,74551,12,ICARE INSTITUTE OF MEDICAL SCIENCES AND RESEARCH HALDIA,M.D. (PATHOLOGY),Private Management Quota,UR,General,Fresh Allotment
583,1,74677,7,GOURI DEVI INSTITUTE OF MEDICAL SCIENCES AND HOSPITAL,M.D. (PAEDIATRICS),Private Management Quota,UR,EWS,Fresh Allotment
584,1,74971,69,ICARE INSTITUTE OF MEDICAL SCIENCES AND RESEARCH HALDIA,M.D. (PSYCHIATRY),Open Quota,SC,SC,Fresh Allotment
585,1,75359,4,MEDICAL COLLEGE KOLKATA,M.D. (PHYSIOLOGY),Open Quota,UR,General,Fresh Allotment
586,1,75642,104,R G KAR MEDICAL COLLEGE,M.D. (PREVENTIVE AND SOCIAL MEDICINE)/ COMMUNITY MEDICINE,Open Quota,OBC-B (Non- Creamy Layer),OBC-B (Non- Creamy Layer),Fresh Allotment
587,1,76098,1,R G KAR MEDICAL COLLEGE,M.S. (ORTHOPAEDICS),In-service Quota,UR,General,Fresh Allotment
588,1,76588,38,ICARE INSTITUTE OF MEDICAL SCIENCES AND RESEARCH HALDIA,M.D. (PAEDIATRICS),Private Management Quota,UR,General,Fresh Allotment
589,1,77052,6,INSTITUTE OF POST GRADUATE MEDICAL EDUCATION AND RESEARCH KOLKATA,M.D. (EMERGENCY AND CRITICAL CARE)/M.D. (EMERGENCY MEDICINE),Open Quota,ST,ST,Fresh Allotment
590,1,77571,42,ICARE INSTITUTE OF MEDICAL SCIENCES AND RESEARCH HALDIA,M.D. (PAEDIATRICS),Private Management Quota,UR,General,Fresh Allotment
591,1,78312,17,SHRI RAMKRISHNA INSTITUTE OF MEDICAL SCIENCES & SANAKA HOSPITALS,M.D. (PAEDIATRICS),Private Management Quota,UR,General,Fresh Allotment
592,1,78752,6,COLLEGE OF MEDICINE AND SAGORE DUTTA HOSPITAL,M.D. (GENERAL MEDICINE),In-service Quota,UR,General,Fresh Allotment
593,1,79102,6,NIL RATAN SIRCAR MEDICAL COLLEGE,M.S. (ORTHOPAEDICS),In-service Quota,OBC-B (Non- Creamy Layer),OBC-B (Non- Creamy Layer),Fresh Allotment
594,1,79253,26,JAGANNATH GUPTA INSTITUTE OF MEDICAL SCIENCES AND HOSPITAL,M.S. (ORTHOPAEDICS),Open Quota,SC,SC,Fresh Allotment
595,1,79795,8,COLLEGE OF MEDICINE AND JNM HOSPITAL KALYANI,M.D. (PHYSIOLOGY),Open Quota,UR,SC,Fresh Allotment
596,1,79958,2,MEDICAL COLLEGE KOLKATA,M.D. (GENERAL MEDICINE),In-service Quota,OBC-A (Non- Creamy Layer),OBC-A (Non- Creamy Layer),Fresh Allotment
597,1,80601,88,JAGANNATH GUPTA INSTITUTE OF MEDICAL SCIENCES AND HOSPITAL,M.S. (GENERAL SURGERY),Private Management Quota,UR,SC,Fresh Allotment
598,1,81106,6,ICARE INSTITUTE OF MEDICAL SCIENCES AND RESEARCH HALDIA,M.D. (TUBERCULOSIS AND RESPIRATORY DISEASES)/PULMONA RY MEDICINE /M.D. (RESPIRATORY MEDICINE),Private Management Quota,UR,OBC (Non-Creamy Layer),Fresh Allotment
599,1,82578,2,SHRI RAMKRISHNA INSTITUTE OF MEDICAL SCIENCES & SANAKA HOSPITALS,M.S. (GENERAL SURGERY),Private Management Quota,UR,General,Fresh Allotment
600,1,82607,101,SHRI RAMKRISHNA INSTITUTE OF MEDICAL SCIENCES & SANAKA HOSPITALS,M.D. (PSYCHIATRY),Private Management Quota,UR,SC,Fresh Allotment
601,1,82863,1,BANKURA SAMMILANI MEDICAL COLLEGE,M.D. (GENERAL MEDICINE),In-service Quota,UR,General,Fresh Allotment
602,1,83029,6,SHRI RAMKRISHNA INSTITUTE OF MEDICAL SCIENCES & SANAKA HOSPITALS,M.S. (GENERAL SURGERY),Private Management Quota,UR,General,Fresh Allotment
603,1,83135,1,M R BANGUR HOSPITAL,(NBEMS) ORTHOPAEDICS,In-service DNB Quota,UR,OBC-A (Non- Creamy Layer),Fresh Allotment
604,1,83356,24,COLLEGE OF MEDICINE AND JNM HOSPITAL KALYANI,M.D. (FORENSIC MEDICINE),Open Quota,UR,General,Fresh Allotment
605,1,83506,104,CALCUTTA NATIONAL MEDICAL COLLEGE KOLKATA,M.D. (ANAESTHESIOLOGY),Open Quota,EWS,EWS,Fresh Allotment
606,1,83753,1,"CHITTARANJAN SEVA SADAN COLLEGE OF OBS. GYNAE AND CHILD HEALTH,KOLKATA",M.D. (PAEDIATRICS),In-service Quota,UR,General,Fresh Allotment
607,1,83803,6,INSTITUTE OF POST GRADUATE MEDICAL EDUCATION AND RESEARCH KOLKATA,M.S. (ORTHOPAEDICS),In-service Quota,UR,General,Fresh Allotment
608,1,83902,4,GOURI DEVI INSTITUTE OF MEDICAL SCIENCES AND HOSPITAL,M.S. (ORTHOPAEDICS),Private Management Quota,UR,General,Fresh Allotment
609,1,84208,1,INSTITUTE OF POST GRADUATE MEDICAL EDUCATION AND RESEARCH KOLKATA,"M.D. (DERM.,VENE. AND LEPROSY)/ (DERMATOLOGY)/ (SKIN AND VENEREAL DISEASES)/ (VENEREOLOGY)",In-service Quota,SC,SC,Fresh Allotment
610,1,84476,10,INSTITUTE OF POST GRADUATE MEDICAL EDUCATION AND RESEARCH KOLKATA,M.S. (ORTHOPAEDICS),In-service Quota,UR,General,Fresh Allotment
611,1,84559,3,CALCUTTA NATIONAL MEDICAL COLLEGE KOLKATA,M.S. (ORTHOPAEDICS),In-service Quota,UR,General,Fresh Allotment
612,1,84687,136,BANKURA SAMMILANI MEDICAL COLLEGE,M.D. (FORENSIC MEDICINE),Open Quota,UR,General,Fresh Allotment
613,1,84961,12,BURDWAN MEDICAL COLLEGE,M.D. (GENERAL MEDICINE),In-service Quota,UR,General,Fresh Allotment
614,1,85633,9,BURDWAN MEDICAL COLLEGE,M.S. (ORTHOPAEDICS),In-service Quota,UR,OBC-A (Non- Creamy Layer),Fresh Allotment
615,1,85850,147,"IQ CITY MEDICAL COLLEGE, DURGAPUR",M.S. (GENERAL SURGERY),Private Management Quota,UR,General,Fresh Allotment
616,1,86062,141,R G KAR MEDICAL COLLEGE,M.D. (MICROBIOLOGY),Open Quota,SC,SC,Fresh Allotment
617,1,86268,6,"IQ CITY MEDICAL COLLEGE, DURGAPUR",M.S. (GENERAL SURGERY),Private Management Quota,UR,General,Fresh Allotment
618,1,86287,1,MIDNAPORE MEDICAL COLLEGE,M.D. (GENERAL MEDICINE),In-service Quota,UR,General,Fresh Allotment
619,1,86572,1,INSTITUTE OF POST GRADUATE MEDICAL EDUCATION AND RESEARCH KOLKATA,M.S. (GENERAL SURGERY),In-service Quota,UR,SC,Fresh Allotment
620,1,86666,9,SHRI RAMKRISHNA INSTITUTE OF MEDICAL SCIENCES & SANAKA HOSPITALS,M.S. (ORTHOPAEDICS),Private Management Quota,UR,General,Fresh Allotment
621,1,87051,26,MALDA MEDICAL COLLEGE AND HOSPITAL,M.D. (MICROBIOLOGY),Open Quota,SC,SC,Fresh Allotment
622,1,87276,1,DIAMOND HARBOUR GOVERNMENT MEDICAL COLLEGE AND HOSPITAL,(NBEMS) PAEDIATRICS,In-service DNB Quota,UR,SC,Fresh Allotment
623,1,87680,61,COLLEGE OF MEDICINE AND SAGORE DUTTA HOSPITAL,M.D. (MICROBIOLOGY),Open Quota,SC,SC,Fresh Allotment
624,1,87967,2,SHRI RAMKRISHNA INSTITUTE OF MEDICAL SCIENCES & SANAKA HOSPITALS,M.S. (GENERAL SURGERY),Private Management Quota,UR,General,Fresh Allotment
625,1,88092,161,BANKURA SAMMILANI MEDICAL COLLEGE,M.D. (MICROBIOLOGY),Open Quota,SC,SC,Fresh Allotment
626,1,88373,3,CALCUTTA NATIONAL MEDICAL COLLEGE KOLKATA,M.S. (ORTHOPAEDICS),In-service Quota,OBC-A (Non- Creamy Layer),OBC-A (Non- Creamy Layer),Fresh Allotment
627,1,88676,14,INSTITUTE OF POST GRADUATE MEDICAL EDUCATION AND RESEARCH KOLKATA,M.D. (TUBERCULOSIS AND RESPIRATORY DISEASES)/PULMONA RY MEDICINE /M.D. (RESPIRATORY MEDICINE),In-service Quota,UR,General,Fresh Allotment
628,1,89151,15,SHRI RAMKRISHNA INSTITUTE OF MEDICAL SCIENCES & SANAKA HOSPITALS,M.S. (ORTHOPAEDICS),Private Management Quota,UR,General,Fresh Allotment
629,1,90051,8,"IQ CITY MEDICAL COLLEGE, DURGAPUR",M.S. (OPHTHALMOLOGY),Private Management Quota,UR,General,Fresh Allotment
630,1,90377,23,"IQ CITY MEDICAL COLLEGE, DURGAPUR",M.S. (E.N.T.),Private Management Quota,UR,General,Fresh Allotment
631,1,90544,13,JAGANNATH GUPTA INSTITUTE OF MEDICAL SCIENCES AND HOSPITAL,M.S. (E.N.T.),Private Management Quota,UR,General,Fresh Allotment
632,1,90825,2,"IQ CITY MEDICAL COLLEGE, DURGAPUR",M.S. (GENERAL SURGERY),Private Management Quota,UR,General,Fresh Allotment
633,1,91149,5,INSTITUTE OF POST GRADUATE MEDICAL EDUCATION AND RESEARCH KOLKATA,M.D. (GENERAL MEDICINE),In-service Quota,SC,SC,Fresh Allotment
634,1,91707,20,GOURI DEVI INSTITUTE OF MEDICAL SCIENCES AND HOSPITAL,M.S. (GENERAL SURGERY),Private Management Quota,UR,General,Fresh Allotment
635,1,92057,6,"IQ CITY MEDICAL COLLEGE, DURGAPUR",M.S. (GENERAL SURGERY),Private Management Quota,UR,General,Fresh Allotment
636,1,92462,1,INSTITUTE OF POST GRADUATE MEDICAL EDUCATION AND RESEARCH KOLKATA,M.D. (PSYCHIATRY),In-service Quota,UR,OBC-A (Non- Creamy Layer),Fresh Allotment
637,1,92574,17,R G KAR MEDICAL COLLEGE,M.D. (PHYSIOLOGY),Open Quota,UR,General,Fresh Allotment
638,1,92723,1,MEDICAL COLLEGE KOLKATA,M.D. (PREVENTIVE AND SOCIAL MEDICINE)/ COMMUNITY MEDICINE,Open Quota,ST,ST,Fresh Allotment
639,1,92768,15,"RAMAKRISHNA MISSION SEVA PRATISHTHAN VIVEKANANDA INSTITUTE OF MEDICAL SCIENCES, KOLKATA",M.S. (OPHTHALMOLOGY),Open Quota,ST,ST,Fresh Allotment
640,1,92972,6,R G KAR MEDICAL COLLEGE,"M.D. (DERM.,VENE. AND LEPROSY)/ (DERMATOLOGY)/ (SKIN AND VENEREAL DISEASES)/ (VENEREOLOGY)",In-service Quota,ST,ST,Fresh Allotment
641,1,93582,2,INFECTIOUS DISEASES AND BELIAGHATA GENERAL HOSPITAL,(NBEMS) GENERAL MEDICINE,In-service DNB Quota,UR,OBC-B (Non- Creamy Layer),Fresh Allotment
642,1,93660,72,"IQ CITY MEDICAL COLLEGE, DURGAPUR",M.D. (ANAESTHESIOLOGY),Private Management Quota,UR,EWS,Fresh Allotment
643,1,94406,17,CALCUTTA NATIONAL MEDICAL COLLEGE KOLKATA,M.D. (PHYSIOLOGY),Open Quota,UR,General,Fresh Allotment
644,1,94944,26,BURDWAN MEDICAL COLLEGE,M.D. (PHYSIOLOGY),Open Quota,UR,General,Fresh Allotment
645,1,95805,5,"RAMAKRISHNA MISSION SEVA PRATISHTHAN VIVEKANANDA INSTITUTE OF MEDICAL SCIENCES, KOLKATA",M.S. (ORTHOPAEDICS),In-service Quota,UR,General,Fresh Allotment
646,1,95914,8,ICARE INSTITUTE OF MEDICAL SCIENCES AND RESEARCH HALDIA,M.S. (ORTHOPAEDICS),Private Management Quota,UR,General,Fresh Allotment
647,1,96495,10,INSTITUTE OF POST GRADUATE MEDICAL EDUCATION AND RESEARCH KOLKATA,M.D. (PATHOLOGY),Open Quota,ST,ST,Fresh Allotment
648,1,96566,2,MEDICAL COLLEGE KOLKATA,M.D. (TUBERCULOSIS AND RESPIRATORY DISEASES)/PULMONA RY MEDICINE /M.D. (RESPIRATORY MEDICINE),In-service Quota,UR,SC,Fresh Allotment
649,1,96576,26,ICARE INSTITUTE OF MEDICAL SCIENCES AND RESEARCH HALDIA,M.S. (GENERAL SURGERY),Private Management Quota,UR,OBC (Non-Creamy Layer),Fresh Allotment
650,1,97012,41,BURDWAN MEDICAL COLLEGE,M.D. (PREVENTIVE AND SOCIAL MEDICINE)/ COMMUNITY MEDICINE,Open Quota,ST,ST,Fresh Allotment
651,1,97032,1,INSTITUTE OF POST GRADUATE MEDICAL EDUCATION AND RESEARCH KOLKATA,M.D. (OBST. AND GYNAE)/MS (OBSTETRICS AND GYNAECOLOGY),In-service Quota,UR,General,Fresh Allotment
652,1,98265,1,R G KAR MEDICAL COLLEGE,M.D. (OBST. AND GYNAE)/MS (OBSTETRICS AND GYNAECOLOGY),In-service Quota,UR,General,Fresh Allotment
653,1,98516,13,"IQ CITY MEDICAL COLLEGE, DURGAPUR",M.D. (ANAESTHESIOLOGY),Private Management Quota,UR,General,Fresh Allotment
654,1,98584,9,INSTITUTE OF POST GRADUATE MEDICAL EDUCATION AND RESEARCH KOLKATA,M.D. (PAEDIATRICS),In-service Quota,UR,General,Fresh Allotment
655,1,98685,4,ALL INDIA INSTITUTE OF HYGIENE AND PUBLIC HEALTH,M.P.H. (EPIDEMIOLOGY),Open Quota,SC,SC,Fresh Allotment
656,1,98704,1,DISTRICT HOSPITAL HOWRAH,(NBEMS) GENERAL MEDICINE,In-service DNB Quota,UR,General,Fresh Allotment
657,1,98813,12,ESI PGIMSR AND ESIC MEDICAL COLLEGE JOKA KOLKATA,M.D. (GENERAL MEDICINE),In-service Quota,UR,General,Fresh Allotment
658,1,99688,21,MEDICAL COLLEGE KOLKATA,M.D. (PAEDIATRICS),In-service Quota,UR,General,Fresh Allotment
659,1,99718,9,INSTITUTE OF CHILD HEALTH,M.D. (PAEDIATRICS),In-service Quota,OBC-B (Non- Creamy Layer),OBC-B (Non- Creamy Layer),Fresh Allotment
660,1,100093,1,KPC MEDICAL COLLEGE,M.D. (RADIO- DIAGNOSIS),NRI Quota,UR,General,Fresh Allotment
661,1,100144,23,R G KAR MEDICAL COLLEGE,M.D. (FORENSIC MEDICINE),Open Quota,SC,SC,Fresh Allotment
662,1,100736,16,GOURI DEVI INSTITUTE OF MEDICAL SCIENCES AND HOSPITAL,M.D. (ANAESTHESIOLOGY),Private Management Quota,UR,General,Fresh Allotment
663,1,101198,17,DIAMOND HARBOUR GOVERNMENT MEDICAL COLLEGE AND HOSPITAL,(NBEMS) GENERAL MEDICINE,In-service DNB Quota,UR,General,Fresh Allotment
664,1,101429,1,NORTH BENGAL MEDICAL COLLEGE AND HOSPITAL,M.D. (OBST. AND GYNAE)/MS (OBSTETRICS AND GYNAECOLOGY),In-service Quota,UR,General,Fresh Allotment
665,1,101993,85,GOURI DEVI INSTITUTE OF MEDICAL SCIENCES AND HOSPITAL,M.D. (MICROBIOLOGY),Open Quota,UR,General,Fresh Allotment
666,1,102079,7,INSTITUTE OF POST GRADUATE MEDICAL EDUCATION AND RESEARCH KOLKATA,M.S. (ORTHOPAEDICS),In-service Quota,SC,SC,Fresh Allotment
667,1,102185,22,MEDICAL COLLEGE KOLKATA,M.D. (PAEDIATRICS),In-service Quota,UR,General,Fresh Allotment
668,1,102219,1,BURDWAN MEDICAL COLLEGE,M.D. (PAEDIATRICS),In-service Quota,UR,General,Fresh Allotment
669,1,102484,18,ICARE INSTITUTE OF MEDICAL SCIENCES AND RESEARCH HALDIA,M.S. (GENERAL SURGERY),Private Management Quota,UR,General,Fresh Allotment
670,1,102793,1,M R BANGUR HOSPITAL,(NBEMS) OBSTETRICS AND GYNAECOLOGY,In-service DNB Quota,SC,SC,Fresh Allotment
671,1,102888,8,MIDNAPORE MEDICAL COLLEGE,M.D. (PHARMACOLOGY),Open Quota,SC,SC,Fresh Allotment
672,1,103106,5,MURSHIDABAD MEDICAL COLLEGE AND HOSPITAL,M.S. (GENERAL SURGERY),In-service Quota,UR,OBC-A (Non- Creamy Layer),Fresh Allotment
673,1,103608,9,BURDWAN MEDICAL COLLEGE,M.D. (OBST. AND GYNAE)/MS (OBSTETRICS AND GYNAECOLOGY),In-service Quota,UR,OBC-B (Non- Creamy Layer),Fresh Allotment
674,1,103791,6,GOURI DEVI INSTITUTE OF MEDICAL SCIENCES AND HOSPITAL,M.S. (OPHTHALMOLOGY),Private Management Quota,UR,SC,Fresh Allotment
675,1,104095,37,GOURI DEVI INSTITUTE OF MEDICAL SCIENCES AND HOSPITAL,M.S. (E.N.T.),Private Management Quota,UR,General,Fresh Allotment
676,1,104157,1,DR. B C ROY POST GRADUATE INSTITUTE OF PAEDIATRIC SCIENCES,M.D. (PAEDIATRICS),In-service Quota,UR,General,Fresh Allotment
677,1,104572,17,R G KAR MEDICAL COLLEGE,M.D. (PAEDIATRICS),In-service Quota,UR,General,Fresh Allotment
678,1,104643,9,CALCUTTA NATIONAL MEDICAL COLLEGE KOLKATA,M.D. (PAEDIATRICS),In-service Quota,UR,General,Fresh Allotment
679,1,104651,8,INSTITUTE OF POST GRADUATE MEDICAL EDUCATION AND RESEARCH KOLKATA,M.D. (OBST. AND GYNAE)/MS (OBSTETRICS AND GYNAECOLOGY),In-service Quota,UR,General,Fresh Allotment
680,1,104991,33,JAGANNATH GUPTA INSTITUTE OF MEDICAL SCIENCES AND HOSPITAL,M.D. (ANAESTHESIOLOGY),Private Management Quota,UR,General,Fresh Allotment
681,1,105024,8,ICARE INSTITUTE OF MEDICAL SCIENCES AND RESEARCH HALDIA,M.S. (OPHTHALMOLOGY),Private Management Quota,UR,SC,Fresh Allotment
682,1,105195,14,KPC MEDICAL COLLEGE,M.D. (GENERAL MEDICINE),In-service Quota,UR,General,Fresh Allotment
683,1,105719,10,CALCUTTA NATIONAL MEDICAL COLLEGE KOLKATA,M.D. (GENERAL MEDICINE),In-service Quota,OBC-A (Non- Creamy Layer),OBC-A (Non- Creamy Layer),Fresh Allotment
684,1,106174,4,ASANSOL DISTRICT HOSPITAL,(NBEMS) PAEDIATRICS,In-service DNB Quota,SC,SC,Fresh Allotment
685,1,106471,2,GOURI DEVI INSTITUTE OF MEDICAL SCIENCES AND HOSPITAL,M.D. (PATHOLOGY),Private Management Quota,UR,SC,Fresh Allotment
686,1,106528,3,BANKURA SAMMILANI MEDICAL COLLEGE,M.D. (TUBERCULOSIS AND RESPIRATORY DISEASES)/PULMONA RY MEDICINE /M.D. (RESPIRATORY MEDICINE),In-service Quota,UR,General,Fresh Allotment
687,1,106534,170,MIDNAPORE MEDICAL COLLEGE,M.D. (FORENSIC MEDICINE),Open Quota,OBC-B (Non- Creamy Layer),OBC-B (Non- Creamy Layer),Fresh Allotment
688,1,106535,32,MALDA MEDICAL COLLEGE AND HOSPITAL,M.D. (PAEDIATRICS),In-service Quota,UR,General,Fresh Allotment
689,1,107451,12,ALL INDIA INSTITUTE OF HYGIENE AND PUBLIC HEALTH,M.D. (PREVENTIVE AND SOCIAL MEDICINE)/ COMMUNITY MEDICINE,In-service Quota,UR,SC,Fresh Allotment
690,1,107593,16,CALCUTTA NATIONAL MEDICAL COLLEGE KOLKATA,MD/MS (ANATOMY),Open Quota,SC,SC,Fresh Allotment
691,1,107900,6,ICARE INSTITUTE OF MEDICAL SCIENCES AND RESEARCH HALDIA,M.D. (PSYCHIATRY),Private Management Quota,UR,General,Fresh Allotment
692,1,108085,2,MEDICAL COLLEGE KOLKATA,M.D. (GENERAL MEDICINE),In-service Quota,SC,SC,Fresh Allotment
693,1,108261,1,MEDICAL COLLEGE KOLKATA,M.S. (OPHTHALMOLOGY),In-service Quota,UR,SC,Fresh Allotment
694,1,108703,16,R G KAR MEDICAL COLLEGE,M.D. (TUBERCULOSIS AND RESPIRATORY DISEASES)/PULMONA RY MEDICINE /M.D. (RESPIRATORY MEDICINE),In-service Quota,UR,General,Fresh Allotment
695,1,109327,1,KPC MEDICAL COLLEGE,M.D. (RADIO- DIAGNOSIS),NRI Quota,UR,General,Fresh Allotment
696,1,109520,35,NIL RATAN SIRCAR MEDICAL COLLEGE,M.D. (PAEDIATRICS),In-service Quota,UR,General,Fresh Allotment
697,1,109783,27,BURDWAN MEDICAL COLLEGE,M.S. (GENERAL SURGERY),In-service Quota,UR,General,Fresh Allotment
698,1,110045,32,ICARE INSTITUTE OF MEDICAL SCIENCES AND RESEARCH HALDIA,M.S. (E.N.T.),Private Management Quota,UR,General,Fresh Allotment
699,1,110225,24,MIDNAPORE MEDICAL COLLEGE,M.D. (PAEDIATRICS),In-service Quota,UR,General,Fresh Allotment
700,1,110337,11,NORTH BENGAL MEDICAL COLLEGE AND HOSPITAL,M.D. (GENERAL MEDICINE),In-service Quota,OBC-A (Non- Creamy Layer),OBC-A (Non- Creamy Layer),Fresh Allotment
701,1,110502,13,CALCUTTA NATIONAL MEDICAL COLLEGE KOLKATA,M.D. (PSYCHIATRY),In-service Quota,SC,SC,Fresh Allotment
702,1,110575,126,R G KAR MEDICAL COLLEGE,M.D. (PHARMACOLOGY),Open Quota,OBC-A (Non- Creamy Layer),OBC-A (Non- Creamy Layer),Fresh Allotment
703,1,111049,1,CALCUTTA NATIONAL MEDICAL COLLEGE KOLKATA,M.D. (PAEDIATRICS),In-service Quota,SC,SC,Fresh Allotment
704,1,111066,20,MEDICAL COLLEGE KOLKATA,M.S. (OPHTHALMOLOGY),In-service Quota,UR,General,Fresh Allotment
705,1,111068,12,CALCUTTA NATIONAL MEDICAL COLLEGE KOLKATA,M.D. (GENERAL MEDICINE),In-service Quota,SC,SC,Fresh Allotment
706,1,111886,2,RAMPURHAT GOVT. MEDICAL COLLEGE AND HOSPITAL,(NBEMS) OBSTETRICS AND GYNAECOLOGY,In-service DNB Quota,UR,General,Fresh Allotment
707,1,112026,1,NORTH BENGAL MEDICAL COLLEGE AND HOSPITAL,M.D. (PAEDIATRICS),In-service Quota,SC,SC,Fresh Allotment
708,1,112617,19,"RAMAKRISHNA MISSION SEVA PRATISHTHAN VIVEKANANDA INSTITUTE OF MEDICAL SCIENCES, KOLKATA",M.D. (GENERAL MEDICINE),In-service Quota,OBC-A (Non- Creamy Layer),OBC-A (Non- Creamy Layer),Fresh Allotment
709,1,113497,2,BANKURA SAMMILANI MEDICAL COLLEGE,M.D. (OBST. AND GYNAE)/MS (OBSTETRICS AND GYNAECOLOGY),In-service Quota,UR,General,Fresh Allotment
710,1,113640,46,KPC MEDICAL COLLEGE,M.D. (MICROBIOLOGY),Open Quota,UR,General,Fresh Allotment
711,1,114112,14,INSTITUTE OF POST GRADUATE MEDICAL EDUCATION AND RESEARCH KOLKATA,M.S. (GENERAL SURGERY),In-service Quota,UR,General,Fresh Allotment
712,1,114484,41,ICARE INSTITUTE OF MEDICAL SCIENCES AND RESEARCH HALDIA,M.D. (ANAESTHESIOLOGY),Private Management Quota,UR,General,Fresh Allotment
713,1,114649,28,R G KAR MEDICAL COLLEGE,M.D. (PAEDIATRICS),In-service Quota,OBC-A (Non- Creamy Layer),OBC-A (Non- Creamy Layer),Fresh Allotment
714,1,114848,7,MIDNAPORE MEDICAL COLLEGE,M.S. (E.N.T.),In-service Quota,UR,General,Fresh Allotment
715,1,114925,29,"RAMAKRISHNA MISSION SEVA PRATISHTHAN VIVEKANANDA INSTITUTE OF MEDICAL SCIENCES, KOLKATA",M.D. (PAEDIATRICS),In-service Quota,UR,General,Fresh Allotment
716,1,114968,24,BURDWAN MEDICAL COLLEGE,M.D. (OBST. AND GYNAE)/MS (OBSTETRICS AND GYNAECOLOGY),In-service Quota,OBC-A (Non- Creamy Layer),OBC-A (Non- Creamy Layer),Fresh Allotment
717,1,116414,3,R G KAR MEDICAL COLLEGE,M.D. (OBST. AND GYNAE)/MS (OBSTETRICS AND GYNAECOLOGY),In-service Quota,SC,SC,Fresh Allotment
718,1,116761,6,MIDNAPORE MEDICAL COLLEGE,M.D. (GENERAL MEDICINE),In-service Quota,SC,SC,Fresh Allotment
719,1,116875,1,R G KAR MEDICAL COLLEGE,M.S. (ORTHOPAEDICS),In-service Quota,SC,SC,Fresh Allotment
720,1,117066,1,DR. B C ROY POST GRADUATE INSTITUTE OF PAEDIATRIC SCIENCES,M.D. (PAEDIATRICS),In-service Quota,OBC-A (Non- Creamy Layer),OBC-A (Non- Creamy Layer),Fresh Allotment
721,1,117328,80,NORTH BENGAL MEDICAL COLLEGE AND HOSPITAL,M.D. (PHYSIOLOGY),Open Quota,SC,SC,Fresh Allotment
722,1,117428,7,"RAMAKRISHNA MISSION SEVA PRATISHTHAN VIVEKANANDA INSTITUTE OF MEDICAL SCIENCES, KOLKATA",M.D. (GENERAL MEDICINE),In-service Quota,SC,SC,Fresh Allotment
723,1,119813,10,BURDWAN MEDICAL COLLEGE,M.D. (PATHOLOGY),Open Quota,ST,ST,Fresh Allotment
724,1,119946,1,CALCUTTA NATIONAL MEDICAL COLLEGE KOLKATA,M.D. (OBST. AND GYNAE)/MS (OBSTETRICS AND GYNAECOLOGY),In-service Quota,SC,SC,Fresh Allotment
725,1,120139,3,GOURI DEVI INSTITUTE OF MEDICAL SCIENCES AND HOSPITAL,M.D. (RADIO- DIAGNOSIS),In-service Quota,SC,SC,Fresh Allotment
726,1,120349,6,NORTH BENGAL MEDICAL COLLEGE AND HOSPITAL,M.D. (GENERAL MEDICINE),In-service Quota,SC,SC,Fresh Allotment
727,1,120352,1,MEDICAL COLLEGE KOLKATA,M.D. (OBST. AND GYNAE)/MS (OBSTETRICS AND GYNAECOLOGY),In-service Quota,SC,SC,Fresh Allotment
728,1,122581,33,KPC MEDICAL COLLEGE,M.D. (PATHOLOGY),Open Quota,SC,SC,Fresh Allotment
729,1,123555,79,INSTITUTE OF POST GRADUATE MEDICAL EDUCATION AND RESEARCH KOLKATA,M.D. (BIOCHEMISTRY),Open Quota,SC,SC,Fresh Allotment
730,1,123607,4,MEDICAL COLLEGE KOLKATA,M.S. (ORTHOPAEDICS),In-service Quota,SC,SC,Fresh Allotment
731,1,123701,1,INSTITUTE OF POST GRADUATE MEDICAL EDUCATION AND RESEARCH KOLKATA,M.D. (GENERAL MEDICINE),In-service Quota,OBC-B (Non- Creamy Layer),OBC-B (Non- Creamy Layer),Fresh Allotment
732,1,124080,4,INSTITUTE OF POST GRADUATE MEDICAL EDUCATION AND RESEARCH KOLKATA,M.D. (PAEDIATRICS),In-service Quota,SC,SC,Fresh Allotment
733,1,124879,14,ESI PGIMSR AND ESIC MEDICAL COLLEGE JOKA KOLKATA,M.D. (PATHOLOGY),Open Quota,ST,ST,Fresh Allotment
734,1,124889,1,MEDICAL COLLEGE KOLKATA,M.S. (GENERAL SURGERY),In-service Quota,SC,SC,Fresh Allotment
735,1,125335,2,R G KAR MEDICAL COLLEGE,M.D. (GENERAL MEDICINE),In-service Quota,OBC-B (Non- Creamy Layer),OBC-B (Non- Creamy Layer),Fresh Allotment
736,1,125349,2,MAHARAJA JITENDRA NARAYAN MEDICAL COLLEGE AND HOSPITAL,(NBEMS) GENERAL MEDICINE,In-service DNB Quota,SC,SC,Fresh Allotment
737,1,126316,10,CALCUTTA NATIONAL MEDICAL COLLEGE KOLKATA,M.D. (BIOCHEMISTRY),Open Quota,SC,SC,Fresh Allotment
738,1,126459,2,NORTH BENGAL MEDICAL COLLEGE AND HOSPITAL,M.D. (OBST. AND GYNAE)/MS (OBSTETRICS AND GYNAECOLOGY),In-service Quota,SC,SC,Fresh Allotment
739,1,127623,1,NIL RATAN SIRCAR MEDICAL COLLEGE,M.D. (PAEDIATRICS),In-service Quota,OBC-B (Non- Creamy Layer),OBC-B (Non- Creamy Layer),Fresh Allotment
740,1,127809,7,BANKURA SAMMILANI MEDICAL COLLEGE,M.D. (PAEDIATRICS),In-service Quota,SC,SC,Fresh Allotment
741,1,128209,14,R G KAR MEDICAL COLLEGE,DIPLOMA IN ANAESTHESIOLOGY,Open Quota,ST,ST,Fresh Allotment
742,1,128714,19,INSTITUTE OF POST GRADUATE MEDICAL EDUCATION AND RESEARCH KOLKATA,M.D. (PHYSIOLOGY),Open Quota,SC,SC,Fresh Allotment
743,1,129486,2,BARASAT GOVERNMENT MEDICAL COLLEGE AND HOSPITAL,(NBEMS) GENERAL MEDICINE,In-service DNB Quota,SC,SC,Fresh Allotment
744,1,129948,4,R G KAR MEDICAL COLLEGE,M.D. (OBST. AND GYNAE)/MS (OBSTETRICS AND GYNAECOLOGY),In-service Quota,OBC-B (Non- Creamy Layer),OBC-B (Non- Creamy Layer),Fresh Allotment
745,1,131074,1,ICARE INSTITUTE OF MEDICAL SCIENCES AND RESEARCH HALDIA,M.D. (RADIO- DIAGNOSIS),NRI Quota,UR,OBC (Non-Creamy Layer),Fresh Allotment
746,1,131206,9,MALDA MEDICAL COLLEGE AND HOSPITAL,M.D. (BIOCHEMISTRY),Open Quota,SC,SC,Fresh Allotment
747,1,131782,8,SHRI RAMKRISHNA INSTITUTE OF MEDICAL SCIENCES & SANAKA HOSPITALS,M.S. (E.N.T.),Open Quota,ST,ST,Fresh Allotment
748,1,132065,9,"SCHOOL OF TROPICAL MEDICINE, KOLKATA",M.D. (TROPICAL MEDICINE),In-service Quota,SC,SC,Fresh Allotment
749,1,133379,7,INSTITUTE OF CHILD HEALTH,M.D. (PAEDIATRICS),In-service Quota,SC,SC,Fresh Allotment
750,1,134154,5,DISTRICT HOSPITAL ALIPURDUAR,(NBEMS) GENERAL MEDICINE,In-service DNB Quota,OBC-B (Non- Creamy Layer),OBC-B (Non- Creamy Layer),Fresh Allotment
751,1,134421,1,INSTITUTE OF POST GRADUATE MEDICAL EDUCATION AND RESEARCH KOLKATA,M.D. (RADIOTHERAPY/ RADIATION ONCOLOGY),In-service Quota,SC,SC,Fresh Allotment
752,1,135058,5,MEDICAL COLLEGE KOLKATA,M.D. (PSYCHIATRY),In-service Quota,SC,SC,Fresh Allotment
753,1,135152,18,ESI PGIMSR AND ESIC MEDICAL COLLEGE JOKA KOLKATA,M.D. (PREVENTIVE AND SOCIAL MEDICINE)/ COMMUNITY MEDICINE,Open Quota,ST,ST,Fresh Allotment
754,1,135358,9,INSTITUTE OF POST GRADUATE MEDICAL EDUCATION AND RESEARCH KOLKATA,M.D. (ANAESTHESIOLOGY),In-service Quota,SC,SC,Fresh Allotment
755,1,136099,106,"IQ CITY MEDICAL COLLEGE, DURGAPUR",M.D. (PREVENTIVE AND SOCIAL MEDICINE)/ COMMUNITY MEDICINE,Open Quota,SC,SC,Fresh Allotment
756,1,136695,2,KALNA SD AND SS HOSPITAL,(NBEMS-DIPLOMA) PAEDIATRICS,In-service DNB Quota,SC,SC,Fresh Allotment
757,1,136801,15,"RAMAKRISHNA MISSION SEVA PRATISHTHAN VIVEKANANDA INSTITUTE OF MEDICAL SCIENCES, KOLKATA",M.D. (PAEDIATRICS),In-service Quota,SC,SC,Fresh Allotment
758,1,136850,2,DISTRICT HOSPITAL HOWRAH,(NBEMS) GENERAL MEDICINE,In-service DNB Quota,SC,SC,Fresh Allotment
759,1,137827,5,CALCUTTA NATIONAL MEDICAL COLLEGE KOLKATA,M.D. (TUBERCULOSIS AND RESPIRATORY DISEASES)/PULMONA RY MEDICINE /M.D. (RESPIRATORY MEDICINE),In-service Quota,OBC-A (Non- Creamy Layer),OBC-A (Non- Creamy Layer),Fresh Allotment
