,ROUND,ALL INDIA RANK,CHOICE NO.,INSTITUTE,COURSE,ALLOTTED QUOTA,ALLOTTED CATEGORY,CANDIDATE CATEGORY,STATUS
0,1,277,-,INSTITUTE OF POST GRADUATE MEDICAL EDUCATION AND RESEARCH KOLKATA,M.D. (GENERAL MEDICINE),Open Quota,UR,General,Retained
1,1,590,-,MEDICAL COLLEGE KOLKATA,M.D. (GENERAL MEDICINE),Open Quota,UR,General,Retained
2,1,591,-,INSTITUTE OF POST GRADUATE MEDICAL EDUCATION AND RESEARCH KOLKATA,M.D. (RADIO- DIAGNOSIS),Open Quota,UR,General,Retained
3,2,654,1,INSTITUTE OF POST GRADUATE MEDICAL EDUCATION AND RESEARCH KOLKATA,M.D. (RADIO- DIAGNOSIS),Open Quota,UR,General,Fresh Allotment
4,1,690,-,MEDICAL COLLEGE KOLKATA,M.D. (GENERAL MEDICINE),Open Quota,UR,General,Retained
5,2,724,2,"RAMAKRISHNA MISSION SEVA PRATISHTHAN VIVEKANANDA INSTITUTE OF MEDICAL SCIENCES, KOLKATA",M.D. (RADIO- DIAGNOSIS),Open Quota,UR,General,Fresh Allotment
6,2,806,1,MEDICAL COLLEGE KOLKATA,M.D. (GENERAL MEDICINE),Open Quota,UR,General,Fresh Allotment
7,1,816,-,NIL RATAN SIRCAR MEDICAL COLLEGE,M.D. (GENERAL MEDICINE),Open Quota,UR,General,Not Upgraded
8,2,858,2,INSTITUTE OF POST GRADUATE MEDICAL EDUCATION AND RESEARCH KOLKATA,M.S. (GENERAL SURGERY),Open Quota,UR,General,Fresh Allotment
9,2,867,2,R G KAR MEDICAL COLLEGE,M.D. (GENERAL MEDICINE),Open Quota,UR,General,Fresh Allotment
10,2,915,2,NIL RATAN SIRCAR MEDICAL COLLEGE,M.D. (GENERAL MEDICINE),Open Quota,UR,General,Fresh Allotment
11,2,922,2,MEDICAL COLLEGE KOLKATA,"M.D. (DERM.,VENE. AND LEPROSY)/ (DERMATOLOGY)/ (SKIN AND VENEREAL DISEASES)/ (VENEREOLOGY)",Open Quota,UR,General,Fresh Allotment
12,2,1043,4,R G KAR MEDICAL COLLEGE,M.D. (GENERAL MEDICINE),Open Quota,UR,General,Fresh Allotment
13,2,1093,4,BURDWAN MEDICAL COLLEGE,M.D. (RADIO- DIAGNOSIS),Open Quota,UR,General,Fresh Allotment
14,2,1130,5,INSTITUTE OF POST GRADUATE MEDICAL EDUCATION AND RESEARCH KOLKATA,"M.D. (DERM.,VENE. AND LEPROSY)/ (DERMATOLOGY)/ (SKIN AND VENEREAL DISEASES)/ (VENEREOLOGY)",Open Quota,UR,General,Fresh Allotment
15,2,1282,4,CALCUTTA NATIONAL MEDICAL COLLEGE KOLKATA,M.D. (GENERAL MEDICINE),Open Quota,UR,General,Fresh Allotment
16,2,1379,4,INSTITUTE OF POST GRADUATE MEDICAL EDUCATION AND RESEARCH KOLKATA,"M.D. (DERM.,VENE. AND LEPROSY)/ (DERMATOLOGY)/ (SKIN AND VENEREAL DISEASES)/ (VENEREOLOGY)",Open Quota,UR,OBC (Non-Creamy Layer),Fresh Allotment
17,2,1425,4,CALCUTTA NATIONAL MEDICAL COLLEGE KOLKATA,M.D. (GENERAL MEDICINE),Open Quota,UR,General,Fresh Allotment
18,2,1479,5,COLLEGE OF MEDICINE AND SAGORE DUTTA HOSPITAL,M.D. (GENERAL MEDICINE),Open Quota,UR,General,Fresh Allotment
19,2,1556,5,ESI PGIMSR AND ESIC MEDICAL COLLEGE JOKA KOLKATA,M.D. (GENERAL MEDICINE),Open Quota,UR,General,Upgraded
20,1,1626,-,INSTITUTE OF POST GRADUATE MEDICAL EDUCATION AND RESEARCH KOLKATA,M.D. (GENERAL MEDICINE),Open Quota,EWS,EWS,Retained
21,1,1667,-,INSTITUTE OF POST GRADUATE MEDICAL EDUCATION AND RESEARCH KOLKATA,M.D. (RADIO- DIAGNOSIS),Open Quota,OBC-A (Non- Creamy Layer),OBC-A (Non- Creamy Layer),Retained
22,2,1681,5,"RAMAKRISHNA MISSION SEVA PRATISHTHAN VIVEKANANDA INSTITUTE OF MEDICAL SCIENCES, KOLKATA",M.D. (GENERAL MEDICINE),Open Quota,UR,General,Upgraded
23,1,1684,-,BURDWAN MEDICAL COLLEGE,M.D. (GENERAL MEDICINE),Open Quota,UR,General,Not Upgraded
24,2,1796,5,ESI PGIMSR AND ESIC MEDICAL COLLEGE JOKA KOLKATA,M.D. (GENERAL MEDICINE),Open Quota,UR,General,Fresh Allotment
25,1,1833,-,CALCUTTA NATIONAL MEDICAL COLLEGE KOLKATA,M.D. (GENERAL MEDICINE),Open Quota,OBC-A (Non- Creamy Layer),OBC-A (Non- Creamy Layer),Not Upgraded
26,2,1874,2,INSTITUTE OF POST GRADUATE MEDICAL EDUCATION AND RESEARCH KOLKATA,M.D. (PAEDIATRICS),Open Quota,UR,General,Fresh Allotment
27,2,1912,1,"SCHOOL OF TROPICAL MEDICINE, KOLKATA","M.D. (DERM.,VENE. AND LEPROSY)/ (DERMATOLOGY)/ (SKIN AND VENEREAL DISEASES)/ (VENEREOLOGY)",Open Quota,UR,General,Fresh Allotment
28,2,2036,4,MEDICAL COLLEGE KOLKATA,M.S. (GENERAL SURGERY),Open Quota,UR,General,Fresh Allotment
29,2,2055,6,BURDWAN MEDICAL COLLEGE,M.D. (GENERAL MEDICINE),Open Quota,UR,General,Upgraded
30,2,2085,8,MIDNAPORE MEDICAL COLLEGE,M.D. (GENERAL MEDICINE),Open Quota,UR,General,Fresh Allotment
31,2,2197,7,NORTH BENGAL MEDICAL COLLEGE AND HOSPITAL,M.D. (GENERAL MEDICINE),Open Quota,UR,General,Upgraded
32,2,2244,1,INSTITUTE OF POST GRADUATE MEDICAL EDUCATION AND RESEARCH KOLKATA,M.S. (ORTHOPAEDICS),Open Quota,UR,General,Fresh Allotment
33,2,2351,4,BANKURA SAMMILANI MEDICAL COLLEGE,M.D. (RADIO- DIAGNOSIS),Open Quota,UR,General,Upgraded
34,1,2412,-,INSTITUTE OF POST GRADUATE MEDICAL EDUCATION AND RESEARCH KOLKATA,M.S. (ORTHOPAEDICS),Open Quota,UR,SC,Retained
35,1,2495,-,INSTITUTE OF POST GRADUATE MEDICAL EDUCATION AND RESEARCH KOLKATA,M.D. (PAEDIATRICS),Open Quota,UR,General,Not Upgraded
36,2,2504,1,INSTITUTE OF POST GRADUATE MEDICAL EDUCATION AND RESEARCH KOLKATA,M.D. (GENERAL MEDICINE),Open Quota,SC,SC,Fresh Allotment
37,2,2625,1,BANKURA SAMMILANI MEDICAL COLLEGE,M.D. (GENERAL MEDICINE),Open Quota,UR,General,Fresh Allotment
38,2,2657,6,NORTH BENGAL MEDICAL COLLEGE AND HOSPITAL,M.D. (GENERAL MEDICINE),Open Quota,UR,General,Fresh Allotment
39,2,2669,5,MALDA MEDICAL COLLEGE AND HOSPITAL,M.D. (GENERAL MEDICINE),Open Quota,UR,General,Fresh Allotment
40,2,2692,1,NIL RATAN SIRCAR MEDICAL COLLEGE,M.D. (OBST. AND GYNAE)/MS (OBSTETRICS AND GYNAECOLOGY),Open Quota,UR,General,Fresh Allotment
41,2,2749,12,BURDWAN MEDICAL COLLEGE,"M.D. (DERM.,VENE. AND LEPROSY)/ (DERMATOLOGY)/ (SKIN AND VENEREAL DISEASES)/ (VENEREOLOGY)",Open Quota,UR,General,Upgraded
42,2,2775,3,MEDICAL COLLEGE KOLKATA,M.D. (PATHOLOGY),Open Quota,UR,General,Fresh Allotment
43,1,2827,-,BURDWAN MEDICAL COLLEGE,M.D. (RADIO- DIAGNOSIS),Open Quota,OBC-A (Non- Creamy Layer),OBC-A (Non- Creamy Layer),Retained
44,1,2926,-,INSTITUTE OF POST GRADUATE MEDICAL EDUCATION AND RESEARCH KOLKATA,M.D. (GENERAL MEDICINE),Open Quota,OBC-B (Non- Creamy Layer),OBC-B (Non- Creamy Layer),Retained
45,1,2978,-,MEDICAL COLLEGE KOLKATA,M.D. (RADIO- DIAGNOSIS),Open Quota,SC,SC,Not Upgraded
46,2,3011,18,MEDICAL COLLEGE KOLKATA,M.D. (PAEDIATRICS),Open Quota,UR,General,Fresh Allotment
47,1,3165,-,INSTITUTE OF POST GRADUATE MEDICAL EDUCATION AND RESEARCH KOLKATA,M.D. (OBST. AND GYNAE)/MS (OBSTETRICS AND GYNAECOLOGY),Open Quota,UR,General,Not Upgraded
48,1,3179,-,MEDICAL COLLEGE KOLKATA,M.D. (GENERAL MEDICINE),Open Quota,OBC-B (Non- Creamy Layer),OBC-B (Non- Creamy Layer),Retained
49,1,3193,-,R G KAR MEDICAL COLLEGE,M.D. (GENERAL MEDICINE),Open Quota,OBC-A (Non- Creamy Layer),OBC-A (Non- Creamy Layer),Not Upgraded
50,2,3242,2,"COMMAND HOSPITAL EC, ALIPORE, KOLKATA",M.D. (RADIO- DIAGNOSIS),Open Quota,OBC (Non-Creamy Layer),OBC-B (Non- Creamy Layer),Fresh Allotment
51,2,3247,5,R G KAR MEDICAL COLLEGE,M.D. (OBST. AND GYNAE)/MS (OBSTETRICS AND GYNAECOLOGY),Open Quota,UR,General,Fresh Allotment
52,2,3262,13,MEDICAL COLLEGE KOLKATA,M.D. (OBST. AND GYNAE)/MS (OBSTETRICS AND GYNAECOLOGY),Open Quota,UR,General,Fresh Allotment
53,2,3315,4,KPC MEDICAL COLLEGE,M.D. (RADIO- DIAGNOSIS),Open Quota,UR,General,Fresh Allotment
54,2,3378,16,MURSHIDABAD MEDICAL COLLEGE AND HOSPITAL,M.D. (RADIO- DIAGNOSIS),Open Quota,UR,General,Fresh Allotment
55,2,3394,1,INSTITUTE OF POST GRADUATE MEDICAL EDUCATION AND RESEARCH KOLKATA,M.S. (GENERAL SURGERY),Open Quota,UR,General,Fresh Allotment
56,2,3581,6,NIL RATAN SIRCAR MEDICAL COLLEGE,M.S. (GENERAL SURGERY),Open Quota,UR,General,Fresh Allotment
57,2,3612,8,INSTITUTE OF POST GRADUATE MEDICAL EDUCATION AND RESEARCH KOLKATA,M.D. (TUBERCULOSIS AND RESPIRATORY DISEASES)/PULMONA RY MEDICINE /M.D. (RESPIRATORY MEDICINE),Open Quota,EWS,EWS,Fresh Allotment
58,2,3616,2,R G KAR MEDICAL COLLEGE,M.S. (ORTHOPAEDICS),Open Quota,UR,General,Fresh Allotment
59,1,3671,-,MIDNAPORE MEDICAL COLLEGE,M.D. (GENERAL MEDICINE),Open Quota,OBC-A (Non- Creamy Layer),OBC-A (Non- Creamy Layer),Not Upgraded
60,2,3703,1,R G KAR MEDICAL COLLEGE,M.S. (ORTHOPAEDICS),Open Quota,UR,General,Fresh Allotment
61,2,3747,1,MEDICAL COLLEGE KOLKATA,M.D. (PAEDIATRICS),Open Quota,UR,General,Upgraded
62,1,3762,-,NORTH BENGAL MEDICAL COLLEGE AND HOSPITAL,M.D. (RADIO- DIAGNOSIS),Open Quota,OBC-A (Non- Creamy Layer),OBC-A (Non- Creamy Layer),Not Upgraded
63,2,3813,17,MEDICAL COLLEGE KOLKATA,M.D. (PAEDIATRICS),Open Quota,UR,General,Fresh Allotment
64,2,3873,9,NIL RATAN SIRCAR MEDICAL COLLEGE,M.D. (TUBERCULOSIS AND RESPIRATORY DISEASES)/PULMONA RY MEDICINE /M.D. (RESPIRATORY MEDICINE),Open Quota,UR,General,Fresh Allotment
65,2,3890,3,CALCUTTA NATIONAL MEDICAL COLLEGE KOLKATA,"M.D. (DERM.,VENE. AND LEPROSY)/ (DERMATOLOGY)/ (SKIN AND VENEREAL DISEASES)/ (VENEREOLOGY)",Open Quota,OBC-A (Non- Creamy Layer),OBC-A (Non- Creamy Layer),Fresh Allotment
66,2,3900,11,R G KAR MEDICAL COLLEGE,M.D. (PAEDIATRICS),Open Quota,UR,General,Fresh Allotment
67,2,3958,16,KPC MEDICAL COLLEGE,M.D. (GENERAL MEDICINE),Open Quota,UR,General,Fresh Allotment
68,2,3963,14,R G KAR MEDICAL COLLEGE,M.D. (PAEDIATRICS),Open Quota,UR,General,Fresh Allotment
69,2,4092,3,NIL RATAN SIRCAR MEDICAL COLLEGE,M.D. (PAEDIATRICS),Open Quota,UR,General,Fresh Allotment
70,2,4105,6,R G KAR MEDICAL COLLEGE,M.D. (PAEDIATRICS),Open Quota,UR,General,Fresh Allotment
71,2,4119,2,MEDICAL COLLEGE KOLKATA,M.D. (TUBERCULOSIS AND RESPIRATORY DISEASES)/PULMONA RY MEDICINE /M.D. (RESPIRATORY MEDICINE),Open Quota,UR,General,Fresh Allotment
72,2,4187,15,INSTITUTE OF CHILD HEALTH,M.D. (PAEDIATRICS),Open Quota,UR,General,Fresh Allotment
73,2,4259,13,R G KAR MEDICAL COLLEGE,M.D. (OBST. AND GYNAE)/MS (OBSTETRICS AND GYNAECOLOGY),Open Quota,UR,General,Fresh Allotment
74,2,4283,17,INSTITUTE OF CHILD HEALTH,M.D. (PAEDIATRICS),Open Quota,UR,General,Fresh Allotment
75,2,4474,22,"RAMAKRISHNA MISSION SEVA PRATISHTHAN VIVEKANANDA INSTITUTE OF MEDICAL SCIENCES, KOLKATA",M.D. (PAEDIATRICS),Open Quota,UR,General,Fresh Allotment
76,2,4593,26,DR. B C ROY POST GRADUATE INSTITUTE OF PAEDIATRIC SCIENCES,M.D. (PAEDIATRICS),Open Quota,UR,General,Fresh Allotment
77,1,4625,-,NIL RATAN SIRCAR MEDICAL COLLEGE,M.D. (RADIO- DIAGNOSIS),Open Quota,OBC-B (Non- Creamy Layer),OBC-B (Non- Creamy Layer),Not Upgraded
78,2,4659,23,"CHITTARANJAN SEVA SADAN COLLEGE OF OBS. GYNAE AND CHILD HEALTH,KOLKATA",M.D. (PAEDIATRICS),Open Quota,UR,General,Upgraded
79,2,4668,5,R G KAR MEDICAL COLLEGE,M.D. (OBST. AND GYNAE)/MS (OBSTETRICS AND GYNAECOLOGY),Open Quota,UR,General,Upgraded
80,1,4787,-,INSTITUTE OF POST GRADUATE MEDICAL EDUCATION AND RESEARCH KOLKATA,M.D. (OBST. AND GYNAE)/MS (OBSTETRICS AND GYNAECOLOGY),Open Quota,OBC-A (Non- Creamy Layer),OBC-A (Non- Creamy Layer),Not Upgraded
81,2,4856,8,BURDWAN MEDICAL COLLEGE,M.D. (PAEDIATRICS),Open Quota,UR,General,Fresh Allotment
82,2,5009,3,CALCUTTA NATIONAL MEDICAL COLLEGE KOLKATA,M.S. (GENERAL SURGERY),Open Quota,UR,General,Fresh Allotment
83,2,5026,1,MEDICAL COLLEGE KOLKATA,M.D. (PAEDIATRICS),Open Quota,OBC-A (Non- Creamy Layer),OBC-A (Non- Creamy Layer),Upgraded
84,2,5075,7,MEDICAL COLLEGE KOLKATA,M.D. (OBST. AND GYNAE)/MS (OBSTETRICS AND GYNAECOLOGY),Open Quota,UR,General,Fresh Allotment
85,2,5095,25,BURDWAN MEDICAL COLLEGE,M.D. (PAEDIATRICS),Open Quota,UR,General,Fresh Allotment
86,2,5132,17,COLLEGE OF MEDICINE AND SAGORE DUTTA HOSPITAL,M.D. (TUBERCULOSIS AND RESPIRATORY DISEASES)/PULMONA RY MEDICINE /M.D. (RESPIRATORY MEDICINE),Open Quota,UR,General,Upgraded
87,2,5175,8,COLLEGE OF MEDICINE AND SAGORE DUTTA HOSPITAL,M.D. (PAEDIATRICS),Open Quota,UR,General,Fresh Allotment
88,2,5206,15,BURDWAN MEDICAL COLLEGE,M.D. (TUBERCULOSIS AND RESPIRATORY DISEASES)/PULMONA RY MEDICINE /M.D. (RESPIRATORY MEDICINE),Open Quota,UR,General,Fresh Allotment
89,2,5290,7,BURDWAN MEDICAL COLLEGE,M.S. (ORTHOPAEDICS),Open Quota,UR,General,Upgraded
90,1,5297,-,NORTH BENGAL MEDICAL COLLEGE AND HOSPITAL,M.D. (RADIO- DIAGNOSIS),Open Quota,SC,SC,Not Upgraded
91,1,5473,-,BANKURA SAMMILANI MEDICAL COLLEGE,M.D. (RADIO- DIAGNOSIS),Open Quota,SC,SC,Not Upgraded
92,2,5475,4,R G KAR MEDICAL COLLEGE,M.S. (GENERAL SURGERY),Open Quota,UR,General,Fresh Allotment
93,2,5479,7,BANKURA SAMMILANI MEDICAL COLLEGE,M.D. (PAEDIATRICS),Open Quota,UR,General,Fresh Allotment
94,2,5515,9,NORTH BENGAL MEDICAL COLLEGE AND HOSPITAL,M.D. (PAEDIATRICS),Open Quota,UR,General,Fresh Allotment
95,1,5582,-,MURSHIDABAD MEDICAL COLLEGE AND HOSPITAL,M.S. (ORTHOPAEDICS),Open Quota,UR,General,Retained
96,2,5656,9,MEDICAL COLLEGE KOLKATA,M.D. (OBST. AND GYNAE)/MS (OBSTETRICS AND GYNAECOLOGY),Open Quota,UR,General,Fresh Allotment
97,1,5664,-,MEDICAL COLLEGE KOLKATA,M.D. (GENERAL MEDICINE),Open Quota,SC,SC,Not Upgraded
98,2,5730,7,INSTITUTE OF POST GRADUATE MEDICAL EDUCATION AND RESEARCH KOLKATA,M.D. (OBST. AND GYNAE)/MS (OBSTETRICS AND GYNAECOLOGY),Open Quota,UR,General,Fresh Allotment
99,2,5774,2,MEDICAL COLLEGE KOLKATA,M.D. (GENERAL MEDICINE),Open Quota,EWS,EWS,Fresh Allotment
100,2,5788,3,R G KAR MEDICAL COLLEGE,M.S. (GENERAL SURGERY),Open Quota,UR,General,Fresh Allotment
101,1,5868,-,CALCUTTA NATIONAL MEDICAL COLLEGE KOLKATA,M.S. (GENERAL SURGERY),Open Quota,UR,General,Not Upgraded
102,1,5945,-,INSTITUTE OF POST GRADUATE MEDICAL EDUCATION AND RESEARCH KOLKATA,M.D. (PSYCHIATRY),Open Quota,UR,General,Retained
103,2,5951,3,CALCUTTA NATIONAL MEDICAL COLLEGE KOLKATA,M.S. (ORTHOPAEDICS),Open Quota,UR,General,Fresh Allotment
104,2,5997,1,CALCUTTA NATIONAL MEDICAL COLLEGE KOLKATA,M.D. (OBST. AND GYNAE)/MS (OBSTETRICS AND GYNAECOLOGY),Open Quota,UR,General,Upgraded
105,2,6034,6,CALCUTTA NATIONAL MEDICAL COLLEGE KOLKATA,M.S. (GENERAL SURGERY),Open Quota,UR,General,Upgraded
106,2,6103,5,CALCUTTA NATIONAL MEDICAL COLLEGE KOLKATA,M.D. (OBST. AND GYNAE)/MS (OBSTETRICS AND GYNAECOLOGY),Open Quota,UR,General,Fresh Allotment
107,2,6121,3,CALCUTTA NATIONAL MEDICAL COLLEGE KOLKATA,M.S. (GENERAL SURGERY),Open Quota,UR,General,Fresh Allotment
108,2,6124,10,"RAMAKRISHNA MISSION SEVA PRATISHTHAN VIVEKANANDA INSTITUTE OF MEDICAL SCIENCES, KOLKATA",M.S. (ORTHOPAEDICS),Open Quota,UR,General,Fresh Allotment
109,2,6135,27,MALDA MEDICAL COLLEGE AND HOSPITAL,M.D. (PAEDIATRICS),Open Quota,UR,General,Fresh Allotment
110,2,6177,9,BURDWAN MEDICAL COLLEGE,M.S. (GENERAL SURGERY),Open Quota,UR,General,Upgraded
111,2,6298,8,"COMMAND HOSPITAL EC, ALIPORE, KOLKATA",M.D. (GENERAL MEDICINE),Open Quota,OBC (Non-Creamy Layer),OBC-A (Non- Creamy Layer),Upgraded
112,2,6414,6,"CHITTARANJAN SEVA SADAN COLLEGE OF OBS. GYNAE AND CHILD HEALTH,KOLKATA",M.D. (OBST. AND GYNAE)/MS (OBSTETRICS AND GYNAECOLOGY),Open Quota,UR,General,Fresh Allotment
113,2,6431,6,BURDWAN MEDICAL COLLEGE,M.D. (OBST. AND GYNAE)/MS (OBSTETRICS AND GYNAECOLOGY),Open Quota,UR,General,Fresh Allotment
114,1,6547,-,ESI PGIMSR AND ESIC MEDICAL COLLEGE JOKA KOLKATA,M.S. (ORTHOPAEDICS),Open Quota,UR,General,Not Upgraded
115,2,6590,38,ESI PGIMSR AND ESIC MEDICAL COLLEGE JOKA KOLKATA,M.D. (OBST. AND GYNAE)/MS (OBSTETRICS AND GYNAECOLOGY),Open Quota,UR,General,Upgraded
116,2,6596,9,NORTH BENGAL MEDICAL COLLEGE AND HOSPITAL,M.D. (GENERAL MEDICINE),Open Quota,OBC-B (Non- Creamy Layer),OBC-B (Non- Creamy Layer),Fresh Allotment
117,2,6630,10,"RAMAKRISHNA MISSION SEVA PRATISHTHAN VIVEKANANDA INSTITUTE OF MEDICAL SCIENCES, KOLKATA",M.S. (GENERAL SURGERY),Open Quota,UR,General,Fresh Allotment
118,2,6683,6,BURDWAN MEDICAL COLLEGE,M.S. (GENERAL SURGERY),Open Quota,UR,General,Fresh Allotment
119,2,6793,9,CALCUTTA NATIONAL MEDICAL COLLEGE KOLKATA,M.D. (OBST. AND GYNAE)/MS (OBSTETRICS AND GYNAECOLOGY),Open Quota,OBC-A (Non- Creamy Layer),OBC-A (Non- Creamy Layer),Fresh Allotment
120,2,6906,14,JAGANNATH GUPTA INSTITUTE OF MEDICAL SCIENCES AND HOSPITAL,M.D. (GENERAL MEDICINE),Open Quota,UR,General,Fresh Allotment
121,2,6913,2,MEDICAL COLLEGE KOLKATA,M.D. (GENERAL MEDICINE),Open Quota,SC,SC,Upgraded
122,2,6962,6,BANKURA SAMMILANI MEDICAL COLLEGE,M.S. (GENERAL SURGERY),Open Quota,UR,General,Upgraded
123,2,7121,7,BANKURA SAMMILANI MEDICAL COLLEGE,M.S. (GENERAL SURGERY),Open Quota,UR,General,Upgraded
124,2,7257,22,MEDICAL COLLEGE KOLKATA,M.S. (OPHTHALMOLOGY),Open Quota,UR,General,Fresh Allotment
125,2,7318,2,INSTITUTE OF POST GRADUATE MEDICAL EDUCATION AND RESEARCH KOLKATA,M.S. (ORTHOPAEDICS),Open Quota,OBC-A (Non- Creamy Layer),OBC-A (Non- Creamy Layer),Upgraded
126,2,7335,19,KPC MEDICAL COLLEGE,M.D. (RADIO- DIAGNOSIS),Private Management Quota,UR,General,Fresh Allotment
127,1,7488,-,MIDNAPORE MEDICAL COLLEGE,M.D. (OBST. AND GYNAE)/MS (OBSTETRICS AND GYNAECOLOGY),Open Quota,UR,General,Not Upgraded
128,2,7507,8,MIDNAPORE MEDICAL COLLEGE,M.S. (GENERAL SURGERY),Open Quota,UR,General,Fresh Allotment
129,2,7655,3,CALCUTTA NATIONAL MEDICAL COLLEGE KOLKATA,M.D. (GENERAL MEDICINE),Open Quota,EWS,EWS,Upgraded
130,2,7696,27,BANKURA SAMMILANI MEDICAL COLLEGE,M.D. (TUBERCULOSIS AND RESPIRATORY DISEASES)/PULMONA RY MEDICINE /M.D. (RESPIRATORY MEDICINE),Open Quota,UR,General,Fresh Allotment
131,2,7748,5,BANKURA SAMMILANI MEDICAL COLLEGE,M.S. (ORTHOPAEDICS),Open Quota,UR,General,Fresh Allotment
132,1,7789,-,R G KAR MEDICAL COLLEGE,M.D. (OBST. AND GYNAE)/MS (OBSTETRICS AND GYNAECOLOGY),Open Quota,OBC-A (Non- Creamy Layer),OBC-A (Non- Creamy Layer),Retained
133,2,7928,38,"RAMAKRISHNA MISSION SEVA PRATISHTHAN VIVEKANANDA INSTITUTE OF MEDICAL SCIENCES, KOLKATA",M.D. (OBST. AND GYNAE)/MS (OBSTETRICS AND GYNAECOLOGY),Open Quota,UR,General,Fresh Allotment
134,2,7930,13,MIDNAPORE MEDICAL COLLEGE,M.S. (GENERAL SURGERY),Open Quota,UR,General,Fresh Allotment
135,2,8012,11,MIDNAPORE MEDICAL COLLEGE,M.S. (GENERAL SURGERY),Open Quota,UR,General,Fresh Allotment
136,2,8225,13,ICARE INSTITUTE OF MEDICAL SCIENCES AND RESEARCH HALDIA,M.D. (GENERAL MEDICINE),Open Quota,UR,General,Fresh Allotment
137,1,8233,-,ESI PGIMSR AND ESIC MEDICAL COLLEGE JOKA KOLKATA,M.D. (PAEDIATRICS),Open Quota,SC,SC,Not Upgraded
138,2,8258,26,GOURI DEVI INSTITUTE OF MEDICAL SCIENCES AND HOSPITAL,"M.D. (DERM.,VENE. AND LEPROSY)/ (DERMATOLOGY)/ (SKIN AND VENEREAL DISEASES)/ (VENEREOLOGY)",Open Quota,UR,General,Fresh Allotment
139,2,8371,2,NIL RATAN SIRCAR MEDICAL COLLEGE,M.D. (RADIO- DIAGNOSIS),Open Quota,EWS,EWS,Fresh Allotment
140,2,8394,23,"COMMAND HOSPITAL EC, ALIPORE, KOLKATA",M.D. (OBST. AND GYNAE)/MS (OBSTETRICS AND GYNAECOLOGY),Open Quota,UR,General,Fresh Allotment
141,2,8405,10,COLLEGE OF MEDICINE AND SAGORE DUTTA HOSPITAL,M.D. (OBST. AND GYNAE)/MS (OBSTETRICS AND GYNAECOLOGY),Open Quota,UR,General,Fresh Allotment
142,1,8476,-,BURDWAN MEDICAL COLLEGE,M.S. (OPHTHALMOLOGY),Open Quota,UR,General,Not Upgraded
143,2,8496,20,"COMMAND HOSPITAL EC, ALIPORE, KOLKATA",M.D. (PAEDIATRICS),Open Quota,OBC (Non-Creamy Layer),OBC-B (Non- Creamy Layer),Fresh Allotment
144,2,8615,1,NIL RATAN SIRCAR MEDICAL COLLEGE,"M.D. (DERM.,VENE. AND LEPROSY)/ (DERMATOLOGY)/ (SKIN AND VENEREAL DISEASES)/ (VENEREOLOGY)",Open Quota,SC,SC,Upgraded
145,2,8621,28,MEDICAL COLLEGE KOLKATA,M.S. (E.N.T.),Open Quota,UR,General,Fresh Allotment
146,2,8703,43,INSTITUTE OF POST GRADUATE MEDICAL EDUCATION AND RESEARCH KOLKATA,M.S. (E.N.T.),Open Quota,UR,General,Fresh Allotment
147,2,8811,30,MEDICAL COLLEGE KOLKATA,M.D. GERIATRICS,Open Quota,UR,General,Fresh Allotment
148,2,8872,42,BANKURA SAMMILANI MEDICAL COLLEGE,M.D. (OBST. AND GYNAE)/MS (OBSTETRICS AND GYNAECOLOGY),Open Quota,UR,General,Fresh Allotment
149,2,8893,1,NORTH BENGAL MEDICAL COLLEGE AND HOSPITAL,M.D. (GENERAL MEDICINE),Open Quota,EWS,EWS,Upgraded
150,2,8901,23,BANKURA SAMMILANI MEDICAL COLLEGE,M.D. (OBST. AND GYNAE)/MS (OBSTETRICS AND GYNAECOLOGY),Open Quota,UR,General,Fresh Allotment
151,1,8908,-,MEDICAL COLLEGE KOLKATA,M.S. (ORTHOPAEDICS),Open Quota,OBC-B (Non- Creamy Layer),OBC-B (Non- Creamy Layer),Not Upgraded
152,1,8915,-,R G KAR MEDICAL COLLEGE,M.S. (E.N.T.),Open Quota,UR,General,Not Upgraded
153,2,8993,6,BURDWAN MEDICAL COLLEGE,M.S. (ORTHOPAEDICS),Open Quota,OBC-A (Non- Creamy Layer),OBC-A (Non- Creamy Layer),Fresh Allotment
154,2,9009,19,INSTITUTE OF POST GRADUATE MEDICAL EDUCATION AND RESEARCH KOLKATA,M.D. (ANAESTHESIOLOGY),Open Quota,UR,General,Fresh Allotment
155,1,9017,-,NIL RATAN SIRCAR MEDICAL COLLEGE,M.D. (GENERAL MEDICINE),Open Quota,SC,SC,Not Upgraded
156,2,9114,26,INSTITUTE OF CHILD HEALTH,M.D. (PAEDIATRICS),Open Quota,OBC-A (Non- Creamy Layer),OBC-A (Non- Creamy Layer),Fresh Allotment
157,2,9175,50,BANKURA SAMMILANI MEDICAL COLLEGE,M.D. (OBST. AND GYNAE)/MS (OBSTETRICS AND GYNAECOLOGY),Open Quota,UR,General,Fresh Allotment
158,2,9211,29,CALCUTTA NATIONAL MEDICAL COLLEGE KOLKATA,M.D. (PAEDIATRICS),Open Quota,OBC-A (Non- Creamy Layer),OBC-A (Non- Creamy Layer),Fresh Allotment
159,1,9229,-,NIL RATAN SIRCAR MEDICAL COLLEGE,M.D. (OBST. AND GYNAE)/MS (OBSTETRICS AND GYNAECOLOGY),Open Quota,OBC-A (Non- Creamy Layer),OBC-A (Non- Creamy Layer),Not Upgraded
160,1,9288,-,CALCUTTA NATIONAL MEDICAL COLLEGE KOLKATA,M.S. (E.N.T.),Open Quota,UR,General,Not Upgraded
161,1,9386,-,CALCUTTA NATIONAL MEDICAL COLLEGE KOLKATA,M.D. (GENERAL MEDICINE),Open Quota,SC,SC,Not Upgraded
162,2,9442,7,MIDNAPORE MEDICAL COLLEGE,M.D. (OBST. AND GYNAE)/MS (OBSTETRICS AND GYNAECOLOGY),Open Quota,UR,General,Fresh Allotment
163,2,9453,22,DIAMOND HARBOUR GOVERNMENT MEDICAL COLLEGE AND HOSPITAL,M.S. (E.N.T.),Open Quota,UR,General,Fresh Allotment
164,2,9466,15,MEDICAL COLLEGE KOLKATA,M.S. (OPHTHALMOLOGY),Open Quota,UR,General,Fresh Allotment
165,2,9470,12,NORTH BENGAL MEDICAL COLLEGE AND HOSPITAL,M.D. (OBST. AND GYNAE)/MS (OBSTETRICS AND GYNAECOLOGY),Open Quota,UR,General,Fresh Allotment
166,1,9496,-,MEDICAL COLLEGE KOLKATA,M.D. (PAEDIATRICS),Open Quota,EWS,EWS,Not Upgraded
167,2,9540,14,BANKURA SAMMILANI MEDICAL COLLEGE,M.S. (E.N.T.),Open Quota,UR,General,Fresh Allotment
168,2,9610,5,BURDWAN MEDICAL COLLEGE,M.D. (GENERAL MEDICINE),Open Quota,SC,SC,Upgraded
169,2,9635,6,INSTITUTE OF POST GRADUATE MEDICAL EDUCATION AND RESEARCH KOLKATA,M.D. (PAEDIATRICS),Open Quota,SC,SC,Fresh Allotment
170,2,9714,11,MIDNAPORE MEDICAL COLLEGE,M.D. (OBST. AND GYNAE)/MS (OBSTETRICS AND GYNAECOLOGY),Open Quota,UR,General,Upgraded
171,2,9718,18,MALDA MEDICAL COLLEGE AND HOSPITAL,M.D. (OBST. AND GYNAE)/MS (OBSTETRICS AND GYNAECOLOGY),Open Quota,UR,General,Fresh Allotment
172,2,9726,3,"RAMAKRISHNA MISSION SEVA PRATISHTHAN VIVEKANANDA INSTITUTE OF MEDICAL SCIENCES, KOLKATA",M.D. (GENERAL MEDICINE),Open Quota,SC,SC,Upgraded
173,2,9824,39,INSTITUTE OF POST GRADUATE MEDICAL EDUCATION AND RESEARCH KOLKATA,M.D. (PSYCHIATRY),Open Quota,UR,General,Fresh Allotment
174,2,9950,6,MEDICAL COLLEGE KOLKATA,M.S. (OPHTHALMOLOGY),Open Quota,UR,General,Fresh Allotment
175,2,10011,1,MEDICAL COLLEGE KOLKATA,M.D. (PSYCHIATRY),Open Quota,UR,General,Fresh Allotment
176,2,10049,32,R G KAR MEDICAL COLLEGE,M.D. (TUBERCULOSIS AND RESPIRATORY DISEASES)/PULMONA RY MEDICINE /M.D. (RESPIRATORY MEDICINE),Open Quota,OBC-B (Non- Creamy Layer),OBC-B (Non- Creamy Layer),Fresh Allotment
177,2,10089,11,MURSHIDABAD MEDICAL COLLEGE AND HOSPITAL,M.D. (OBST. AND GYNAE)/MS (OBSTETRICS AND GYNAECOLOGY),Open Quota,UR,General,Fresh Allotment
178,2,10093,51,NORTH BENGAL MEDICAL COLLEGE AND HOSPITAL,M.S. (E.N.T.),Open Quota,UR,General,Fresh Allotment
179,2,10135,26,MIDNAPORE MEDICAL COLLEGE,M.S. (E.N.T.),Open Quota,UR,General,Fresh Allotment
180,2,10247,17,KPC MEDICAL COLLEGE,M.D. (OBST. AND GYNAE)/MS (OBSTETRICS AND GYNAECOLOGY),Open Quota,UR,General,Fresh Allotment
181,2,10318,28,DR. B C ROY POST GRADUATE INSTITUTE OF PAEDIATRIC SCIENCES,M.D. (PAEDIATRICS),Open Quota,OBC-A (Non- Creamy Layer),OBC-A (Non- Creamy Layer),Fresh Allotment
182,2,10420,20,"RAMAKRISHNA MISSION SEVA PRATISHTHAN VIVEKANANDA INSTITUTE OF MEDICAL SCIENCES, KOLKATA",M.D. (PAEDIATRICS),Open Quota,OBC-A (Non- Creamy Layer),OBC-A (Non- Creamy Layer),Upgraded
183,2,10501,35,CALCUTTA NATIONAL MEDICAL COLLEGE KOLKATA,M.D. (PSYCHIATRY),Open Quota,UR,General,Fresh Allotment
184,2,10560,25,SHRI RAMKRISHNA INSTITUTE OF MEDICAL SCIENCES & SANAKA HOSPITALS,"M.D. (DERM.,VENE. AND LEPROSY)/ (DERMATOLOGY)/ (SKIN AND VENEREAL DISEASES)/ (VENEREOLOGY)",Open Quota,UR,General,Fresh Allotment
185,2,10604,8,NIL RATAN SIRCAR MEDICAL COLLEGE,M.D. (RADIOTHERAPY/ RADIATION ONCOLOGY),Open Quota,UR,General,Fresh Allotment
186,1,10792,-,MALDA MEDICAL COLLEGE AND HOSPITAL,M.D. (OBST. AND GYNAE)/MS (OBSTETRICS AND GYNAECOLOGY),Open Quota,OBC-A (Non- Creamy Layer),OBC-A (Non- Creamy Layer),Not Upgraded
187,1,10811,-,MEDICAL COLLEGE KOLKATA,M.D. (OBST. AND GYNAE)/MS (OBSTETRICS AND GYNAECOLOGY),Open Quota,OBC-B (Non- Creamy Layer),OBC-B (Non- Creamy Layer),Not Upgraded
188,2,10890,52,MEDICAL COLLEGE KOLKATA,M.D. (ANAESTHESIOLOGY),Open Quota,UR,General,Fresh Allotment
189,2,10903,7,BANKURA SAMMILANI MEDICAL COLLEGE,"M.D. (DERM.,VENE. AND LEPROSY)/ (DERMATOLOGY)/ (SKIN AND VENEREAL DISEASES)/ (VENEREOLOGY)",Open Quota,SC,SC,Upgraded
190,2,11048,23,MIDNAPORE MEDICAL COLLEGE,M.D. (PAEDIATRICS),Open Quota,OBC-B (Non- Creamy Layer),OBC-B (Non- Creamy Layer),Fresh Allotment
191,2,11085,19,INSTITUTE OF POST GRADUATE MEDICAL EDUCATION AND RESEARCH KOLKATA,M.S. (OPHTHALMOLOGY),Open Quota,UR,General,Fresh Allotment
192,2,11139,20,R G KAR MEDICAL COLLEGE,M.D. (PSYCHIATRY),Open Quota,UR,General,Fresh Allotment
193,2,11357,27,COLLEGE OF MEDICINE AND SAGORE DUTTA HOSPITAL,M.D. (PSYCHIATRY),Open Quota,UR,General,Fresh Allotment
194,2,11503,12,MEDICAL COLLEGE KOLKATA,M.D. (RADIOTHERAPY/ RADIATION ONCOLOGY),Open Quota,UR,General,Fresh Allotment
195,2,11552,47,MEDICAL COLLEGE KOLKATA,M.D. (ANAESTHESIOLOGY),Open Quota,UR,General,Fresh Allotment
196,1,11743,-,CALCUTTA NATIONAL MEDICAL COLLEGE KOLKATA,M.D. (PAEDIATRICS),Open Quota,EWS,EWS,Not Upgraded
197,2,11745,2,NIL RATAN SIRCAR MEDICAL COLLEGE,M.D. (ANAESTHESIOLOGY),Open Quota,UR,General,Fresh Allotment
198,2,11790,22,NIL RATAN SIRCAR MEDICAL COLLEGE,M.S. (OPHTHALMOLOGY),Open Quota,UR,General,Upgraded
199,2,11862,49,COLLEGE OF MEDICINE AND SAGORE DUTTA HOSPITAL,M.S. (OPHTHALMOLOGY),Open Quota,UR,General,Fresh Allotment
200,1,12044,-,NORTH BENGAL MEDICAL COLLEGE AND HOSPITAL,M.S. (ORTHOPAEDICS),Open Quota,OBC-A (Non- Creamy Layer),OBC-A (Non- Creamy Layer),Not Upgraded
201,2,12146,79,INSTITUTE OF POST GRADUATE MEDICAL EDUCATION AND RESEARCH KOLKATA,M.D. (RADIOTHERAPY/ RADIATION ONCOLOGY),Open Quota,UR,General,Fresh Allotment
202,2,12328,63,"RAMAKRISHNA MISSION SEVA PRATISHTHAN VIVEKANANDA INSTITUTE OF MEDICAL SCIENCES, KOLKATA",M.S. (OPHTHALMOLOGY),Open Quota,UR,General,Fresh Allotment
203,2,12365,7,NORTH BENGAL MEDICAL COLLEGE AND HOSPITAL,M.D. (GENERAL MEDICINE),Open Quota,SC,SC,Fresh Allotment
204,2,12386,34,MEDICAL COLLEGE KOLKATA,M.S. (GENERAL SURGERY),Open Quota,OBC-A (Non- Creamy Layer),OBC-A (Non- Creamy Layer),Upgraded
205,2,12439,8,MIDNAPORE MEDICAL COLLEGE,M.D. (GENERAL MEDICINE),Open Quota,SC,SC,Fresh Allotment
206,2,12519,61,MEDICAL COLLEGE KOLKATA,M.D. (ANAESTHESIOLOGY),Open Quota,UR,General,Fresh Allotment
207,2,12639,11,R G KAR MEDICAL COLLEGE,M.D. (ANAESTHESIOLOGY),Open Quota,UR,General,Fresh Allotment
208,1,12789,-,CALCUTTA NATIONAL MEDICAL COLLEGE KOLKATA,M.D. (ANAESTHESIOLOGY),Open Quota,UR,General,Not Upgraded
209,2,12991,6,R G KAR MEDICAL COLLEGE,M.S. (GENERAL SURGERY),Open Quota,OBC-A (Non- Creamy Layer),OBC-A (Non- Creamy Layer),Fresh Allotment
210,1,13182,-,"RAMAKRISHNA MISSION SEVA PRATISHTHAN VIVEKANANDA INSTITUTE OF MEDICAL SCIENCES, KOLKATA",M.D. (OBST. AND GYNAE)/MS (OBSTETRICS AND GYNAECOLOGY),Open Quota,OBC-A (Non- Creamy Layer),OBC-A (Non- Creamy Layer),Not Upgraded
211,2,13375,21,NIL RATAN SIRCAR MEDICAL COLLEGE,MD/MS (ANATOMY),Open Quota,UR,General,Fresh Allotment
212,1,13419,-,ESI PGIMSR AND ESIC MEDICAL COLLEGE JOKA KOLKATA,M.D. (OBST. AND GYNAE)/MS (OBSTETRICS AND GYNAECOLOGY),Open Quota,OBC (Non-Creamy Layer),OBC-A (Non- Creamy Layer),Not Upgraded
213,2,13466,3,CALCUTTA NATIONAL MEDICAL COLLEGE KOLKATA,M.S. (ORTHOPAEDICS),Open Quota,OBC-B (Non- Creamy Layer),OBC-B (Non- Creamy Layer),Fresh Allotment
214,2,13699,22,NIL RATAN SIRCAR MEDICAL COLLEGE,M.S. (OPHTHALMOLOGY),Open Quota,OBC-A (Non- Creamy Layer),OBC-A (Non- Creamy Layer),Fresh Allotment
215,2,13892,39,BANKURA SAMMILANI MEDICAL COLLEGE,M.S. (OPHTHALMOLOGY),Open Quota,UR,General,Fresh Allotment
216,1,13908,-,R G KAR MEDICAL COLLEGE,M.D. (RADIOTHERAPY/ RADIATION ONCOLOGY),Open Quota,UR,General,Not Upgraded
217,1,13931,-,NORTH BENGAL MEDICAL COLLEGE AND HOSPITAL,M.S. (OPHTHALMOLOGY),Open Quota,UR,General,Not Upgraded
218,1,13964,-,MEDICAL COLLEGE KOLKATA,M.D. (OBST. AND GYNAE)/MS (OBSTETRICS AND GYNAECOLOGY),Open Quota,EWS,EWS,Not Upgraded
219,2,13996,61,MIDNAPORE MEDICAL COLLEGE,M.S. (OPHTHALMOLOGY),Open Quota,UR,General,Fresh Allotment
220,2,14164,26,R G KAR MEDICAL COLLEGE,M.D. (ANAESTHESIOLOGY),Open Quota,OBC-A (Non- Creamy Layer),OBC-A (Non- Creamy Layer),Upgraded
221,2,14234,25,R G KAR MEDICAL COLLEGE,M.D. (PAEDIATRICS),Open Quota,SC,SC,Fresh Allotment
222,2,14379,1,R G KAR MEDICAL COLLEGE,M.D. (OBST. AND GYNAE)/MS (OBSTETRICS AND GYNAECOLOGY),Open Quota,OBC-B (Non- Creamy Layer),OBC-B (Non- Creamy Layer),Fresh Allotment
223,1,14887,-,KPC MEDICAL COLLEGE,M.D. (GENERAL MEDICINE),Private Management Quota,UR,General,Not Upgraded
224,2,15131,1,DR. B C ROY POST GRADUATE INSTITUTE OF PAEDIATRIC SCIENCES,M.D. (PAEDIATRICS),Open Quota,SC,SC,Upgraded
225,2,15204,7,ESI PGIMSR AND ESIC MEDICAL COLLEGE JOKA KOLKATA,M.S. (GENERAL SURGERY),Open Quota,OBC (Non-Creamy Layer),OBC-A (Non- Creamy Layer),Upgraded
226,1,15243,-,KPC MEDICAL COLLEGE,M.S. (GENERAL SURGERY),Open Quota,UR,General,Not Upgraded
227,2,15253,52,MALDA MEDICAL COLLEGE AND HOSPITAL,M.S. (OPHTHALMOLOGY),Open Quota,UR,General,Fresh Allotment
228,2,15258,34,BANKURA SAMMILANI MEDICAL COLLEGE,M.S. (GENERAL SURGERY),Open Quota,OBC-B (Non- Creamy Layer),OBC-B (Non- Creamy Layer),Fresh Allotment
229,2,15269,8,KPC MEDICAL COLLEGE,M.S. (ORTHOPAEDICS),Open Quota,UR,General,Fresh Allotment
230,2,15303,41,GOURI DEVI INSTITUTE OF MEDICAL SCIENCES AND HOSPITAL,M.D. (TUBERCULOSIS AND RESPIRATORY DISEASES)/PULMONA RY MEDICINE /M.D. (RESPIRATORY MEDICINE),Open Quota,UR,General,Fresh Allotment
231,2,15458,41,COLLEGE OF MEDICINE AND SAGORE DUTTA HOSPITAL,M.D. (ANAESTHESIOLOGY),Open Quota,UR,General,Upgraded
232,2,15464,9,INSTITUTE OF POST GRADUATE MEDICAL EDUCATION AND RESEARCH KOLKATA,M.D. (PHYSICAL MED. AND REHABILITATION),Open Quota,UR,General,Fresh Allotment
233,2,15506,2,"RAMAKRISHNA MISSION SEVA PRATISHTHAN VIVEKANANDA INSTITUTE OF MEDICAL SCIENCES, KOLKATA",M.D. (GENERAL MEDICINE),Open Quota,EWS,EWS,Upgraded
234,2,15679,47,MEDICAL COLLEGE KOLKATA,DIP.IN GYNAE. AND OBST.,Open Quota,UR,OBC-A (Non- Creamy Layer),Fresh Allotment
235,2,15725,37,BURDWAN MEDICAL COLLEGE,M.D. (ANAESTHESIOLOGY),Open Quota,UR,General,Fresh Allotment
236,2,15752,8,NIL RATAN SIRCAR MEDICAL COLLEGE,M.S. (ORTHOPAEDICS),Open Quota,SC,SC,Fresh Allotment
237,2,15766,1,"IQ CITY MEDICAL COLLEGE, DURGAPUR",M.D. (RADIO- DIAGNOSIS),Private Management Quota,UR,General,Fresh Allotment
238,2,15917,28,MIDNAPORE MEDICAL COLLEGE,M.D. (ANAESTHESIOLOGY),Open Quota,UR,General,Fresh Allotment
239,2,15936,1,INSTITUTE OF POST GRADUATE MEDICAL EDUCATION AND RESEARCH KOLKATA,M.D. (OBST. AND GYNAE)/MS (OBSTETRICS AND GYNAECOLOGY),Open Quota,SC,SC,Upgraded
240,2,15982,1,"IQ CITY MEDICAL COLLEGE, DURGAPUR",M.D. (RADIO- DIAGNOSIS),Private Management Quota,UR,General,Fresh Allotment
241,2,16045,15,INSTITUTE OF POST GRADUATE MEDICAL EDUCATION AND RESEARCH KOLKATA,M.D. (PATHOLOGY),Open Quota,UR,General,Fresh Allotment
242,1,16169,-,GOURI DEVI INSTITUTE OF MEDICAL SCIENCES AND HOSPITAL,M.D. (PAEDIATRICS),Open Quota,UR,General,Not Upgraded
243,2,16181,79,BURDWAN MEDICAL COLLEGE,M.D. (RADIOTHERAPY/ RADIATION ONCOLOGY),Open Quota,UR,General,Fresh Allotment
244,1,16318,-,INSTITUTE OF CHILD HEALTH,M.D. (PAEDIATRICS),Open Quota,SC,SC,Not Upgraded
245,2,16333,57,JAGANNATH GUPTA INSTITUTE OF MEDICAL SCIENCES AND HOSPITAL,M.S. (ORTHOPAEDICS),Open Quota,UR,General,Fresh Allotment
246,2,16464,10,MEDICAL COLLEGE KOLKATA,M.D. (OBST. AND GYNAE)/MS (OBSTETRICS AND GYNAECOLOGY),Open Quota,SC,SC,Fresh Allotment
247,2,16509,21,"IQ CITY MEDICAL COLLEGE, DURGAPUR",M.D. (OBST. AND GYNAE)/MS (OBSTETRICS AND GYNAECOLOGY),Open Quota,UR,General,Fresh Allotment
248,2,16615,8,INSTITUTE OF CHILD HEALTH,M.D. (PAEDIATRICS),Open Quota,EWS,EWS,Upgraded
249,2,16634,17,KPC MEDICAL COLLEGE,M.D. (GENERAL MEDICINE),Private Management Quota,UR,General,Fresh Allotment
250,2,16826,7,NIL RATAN SIRCAR MEDICAL COLLEGE,M.D. (OBST. AND GYNAE)/MS (OBSTETRICS AND GYNAECOLOGY),Open Quota,EWS,EWS,Fresh Allotment
251,2,16912,46,BANKURA SAMMILANI MEDICAL COLLEGE,M.D. (ANAESTHESIOLOGY),Open Quota,UR,General,Fresh Allotment
252,2,16954,36,BURDWAN MEDICAL COLLEGE,M.S. (GENERAL SURGERY),Open Quota,OBC-B (Non- Creamy Layer),OBC-B (Non- Creamy Layer),Upgraded
253,2,16987,16,"RAMAKRISHNA MISSION SEVA PRATISHTHAN VIVEKANANDA INSTITUTE OF MEDICAL SCIENCES, KOLKATA",M.D. (ANAESTHESIOLOGY),Open Quota,UR,General,Fresh Allotment
254,2,16992,81,"RAMAKRISHNA MISSION SEVA PRATISHTHAN VIVEKANANDA INSTITUTE OF MEDICAL SCIENCES, KOLKATA",M.D. (ANAESTHESIOLOGY),Open Quota,UR,General,Fresh Allotment
255,1,17002,-,"RAMAKRISHNA MISSION SEVA PRATISHTHAN VIVEKANANDA INSTITUTE OF MEDICAL SCIENCES, KOLKATA",DIPLOMA IN CHILD HEALTH/ PAEDIATRICS,Open Quota,UR,General,Not Upgraded
256,1,17097,-,MEDICAL COLLEGE KOLKATA,DIP.IN GYNAE. AND OBST.,Open Quota,UR,General,Not Upgraded
257,2,17473,37,BANKURA SAMMILANI MEDICAL COLLEGE,M.D. (ANAESTHESIOLOGY),Open Quota,UR,General,Fresh Allotment
258,1,17480,-,NIL RATAN SIRCAR MEDICAL COLLEGE,M.S. (ORTHOPAEDICS),Open Quota,EWS,EWS,Retained
259,2,17779,34,JAGANNATH GUPTA INSTITUTE OF MEDICAL SCIENCES AND HOSPITAL,M.S. (GENERAL SURGERY),Open Quota,UR,General,Fresh Allotment
260,2,17917,28,NIL RATAN SIRCAR MEDICAL COLLEGE,M.D. (PAEDIATRICS),Open Quota,SC,SC,Fresh Allotment
261,2,17943,11,KPC MEDICAL COLLEGE,M.S. (OPHTHALMOLOGY),Open Quota,UR,General,Fresh Allotment
262,2,17968,84,BANKURA SAMMILANI MEDICAL COLLEGE,M.D. (ANAESTHESIOLOGY),Open Quota,UR,General,Fresh Allotment
263,1,18014,-,INSTITUTE OF POST GRADUATE MEDICAL EDUCATION AND RESEARCH KOLKATA,M.D. (ANAESTHESIOLOGY),Open Quota,OBC-B (Non- Creamy Layer),OBC-B (Non- Creamy Layer),Not Upgraded
264,2,18033,9,R G KAR MEDICAL COLLEGE,"M.D. (DERM.,VENE. AND LEPROSY)/ (DERMATOLOGY)/ (SKIN AND VENEREAL DISEASES)/ (VENEREOLOGY)",Open Quota,EWS,EWS,Upgraded
265,2,18062,5,R G KAR MEDICAL COLLEGE,M.D. (OBST. AND GYNAE)/MS (OBSTETRICS AND GYNAECOLOGY),Open Quota,SC,SC,Upgraded
266,1,18154,-,R G KAR MEDICAL COLLEGE,M.D. (GENERAL MEDICINE),Open Quota,ST,ST,Not Upgraded
267,1,18161,-,JAGANNATH GUPTA INSTITUTE OF MEDICAL SCIENCES AND HOSPITAL,M.D. (GENERAL MEDICINE),Open Quota,OBC-A (Non- Creamy Layer),OBC-A (Non- Creamy Layer),Not Upgraded
268,2,18260,58,BURDWAN MEDICAL COLLEGE,M.D. (OBST. AND GYNAE)/MS (OBSTETRICS AND GYNAECOLOGY),Open Quota,OBC-B (Non- Creamy Layer),OBC-B (Non- Creamy Layer),Upgraded
269,2,18491,82,NORTH BENGAL MEDICAL COLLEGE AND HOSPITAL,M.D. (ANAESTHESIOLOGY),Open Quota,UR,General,Fresh Allotment
270,2,18579,11,ALL INDIA INSTITUTE OF HYGIENE AND PUBLIC HEALTH,M.D. (PREVENTIVE AND SOCIAL MEDICINE)/ COMMUNITY MEDICINE,Open Quota,UR,OBC-A (Non- Creamy Layer),Fresh Allotment
271,2,18661,10,MEDICAL COLLEGE KOLKATA,M.D. (TUBERCULOSIS AND RESPIRATORY DISEASES)/PULMONA RY MEDICINE /M.D. (RESPIRATORY MEDICINE),Open Quota,SC,SC,Fresh Allotment
272,2,18754,19,JIS SCHOOL OF MEDICAL SCIENCE & RESEARCH,M.D. (OBST. AND GYNAE)/MS (OBSTETRICS AND GYNAECOLOGY),Open Quota,UR,General,Fresh Allotment
273,2,18792,38,"COMMAND HOSPITAL EC, ALIPORE, KOLKATA",M.D. (ANAESTHESIOLOGY),Open Quota,UR,General,Fresh Allotment
274,2,18858,42,COLLEGE OF MEDICINE AND JNM HOSPITAL KALYANI,M.D. (PSYCHIATRY),Open Quota,OBC-A (Non- Creamy Layer),OBC-A (Non- Creamy Layer),Upgraded
275,1,19039,-,INSTITUTE OF POST GRADUATE MEDICAL EDUCATION AND RESEARCH KOLKATA,M.D. (RADIO- DIAGNOSIS),Open Quota,ST,ST,Retained
276,1,19047,-,MURSHIDABAD MEDICAL COLLEGE AND HOSPITAL,M.S. (GENERAL SURGERY),Open Quota,OBC-B (Non- Creamy Layer),OBC-B (Non- Creamy Layer),Not Upgraded
277,2,19051,21,NORTH BENGAL MEDICAL COLLEGE AND HOSPITAL,M.D. (ANAESTHESIOLOGY),Open Quota,UR,General,Fresh Allotment
278,2,19112,11,MALDA MEDICAL COLLEGE AND HOSPITAL,M.S. (GENERAL SURGERY),Open Quota,OBC-B (Non- Creamy Layer),OBC-B (Non- Creamy Layer),Fresh Allotment
279,2,19253,56,MURSHIDABAD MEDICAL COLLEGE AND HOSPITAL,M.D. (ANAESTHESIOLOGY),Open Quota,UR,General,Fresh Allotment
280,1,19502,-,INSTITUTE OF POST GRADUATE MEDICAL EDUCATION AND RESEARCH KOLKATA,M.D. (PATHOLOGY),Open Quota,UR,General,Not Upgraded
281,2,19627,10,MEDICAL COLLEGE KOLKATA,M.S. (E.N.T.),Open Quota,OBC-A (Non- Creamy Layer),OBC-A (Non- Creamy Layer),Fresh Allotment
282,2,19683,72,NIL RATAN SIRCAR MEDICAL COLLEGE,M.D. (ANAESTHESIOLOGY),Open Quota,OBC-A (Non- Creamy Layer),OBC-A (Non- Creamy Layer),Fresh Allotment
283,2,19718,2,R G KAR MEDICAL COLLEGE,M.S. (ORTHOPAEDICS),Open Quota,SC,SC,Fresh Allotment
284,1,19898,-,CALCUTTA NATIONAL MEDICAL COLLEGE KOLKATA,M.D. (TUBERCULOSIS AND RESPIRATORY DISEASES)/PULMONA RY MEDICINE /M.D. (RESPIRATORY MEDICINE),Open Quota,SC,SC,Not Upgraded
285,2,20213,26,BURDWAN MEDICAL COLLEGE,M.D. (OBST. AND GYNAE)/MS (OBSTETRICS AND GYNAECOLOGY),Open Quota,EWS,EWS,Fresh Allotment
286,1,20284,-,KPC MEDICAL COLLEGE,M.D. (GENERAL MEDICINE),Private Management Quota,UR,General,Not Upgraded
287,1,20373,-,ALL INDIA INSTITUTE OF HYGIENE AND PUBLIC HEALTH,M.D. (PREVENTIVE AND SOCIAL MEDICINE)/ COMMUNITY MEDICINE,Open Quota,UR,OBC-A (Non- Creamy Layer),Not Upgraded
288,2,20511,81,SHRI RAMKRISHNA INSTITUTE OF MEDICAL SCIENCES & SANAKA HOSPITALS,M.S. (GENERAL SURGERY),Open Quota,UR,OBC-A (Non- Creamy Layer),Fresh Allotment
289,2,20592,33,MEDICAL COLLEGE KOLKATA,DIPLOMA IN OPHTHALMOLOGY/DO MS,Open Quota,UR,General,Fresh Allotment
290,2,20818,87,MEDICAL COLLEGE KOLKATA,DIPLOMA IN OPHTHALMOLOGY/DO MS,Open Quota,UR,General,Fresh Allotment
291,2,20863,22,KPC MEDICAL COLLEGE,M.D. (ANAESTHESIOLOGY),Open Quota,UR,General,Fresh Allotment
292,2,20874,5,BURDWAN MEDICAL COLLEGE,M.S. (ORTHOPAEDICS),Open Quota,SC,SC,Fresh Allotment
293,2,20897,11,KPC MEDICAL COLLEGE,M.D. (GENERAL MEDICINE),Private Management Quota,UR,OBC-A (Non- Creamy Layer),Upgraded
294,2,20912,6,INSTITUTE OF POST GRADUATE MEDICAL EDUCATION AND RESEARCH KOLKATA,M.S. (GENERAL SURGERY),Open Quota,SC,SC,Upgraded
295,2,20971,9,"RAMAKRISHNA MISSION SEVA PRATISHTHAN VIVEKANANDA INSTITUTE OF MEDICAL SCIENCES, KOLKATA",M.S. (ORTHOPAEDICS),Open Quota,SC,SC,Fresh Allotment
296,1,21104,-,KPC MEDICAL COLLEGE,M.D. (GENERAL MEDICINE),Private Management Quota,UR,General,Not Upgraded
297,2,21211,1,"IQ CITY MEDICAL COLLEGE, DURGAPUR","M.D. (DERM.,VENE. AND LEPROSY)/ (DERMATOLOGY)/ (SKIN AND VENEREAL DISEASES)/ (VENEREOLOGY)",Private Management Quota,UR,OBC (Non-Creamy Layer),Fresh Allotment
298,1,21369,-,MEDICAL COLLEGE KOLKATA,M.S. (OPHTHALMOLOGY),Open Quota,OBC-B (Non- Creamy Layer),OBC-B (Non- Creamy Layer),Not Upgraded
299,1,21569,-,INSTITUTE OF POST GRADUATE MEDICAL EDUCATION AND RESEARCH KOLKATA,M.S. (GENERAL SURGERY),Open Quota,EWS,EWS,Retained
300,2,21630,75,R G KAR MEDICAL COLLEGE,M.D. (PATHOLOGY),Open Quota,UR,General,Fresh Allotment
301,2,21671,17,BURDWAN MEDICAL COLLEGE,M.D. (PAEDIATRICS),Open Quota,SC,SC,Fresh Allotment
302,2,21926,50,BURDWAN MEDICAL COLLEGE,M.D. (RADIOTHERAPY/ RADIATION ONCOLOGY),Open Quota,OBC-A (Non- Creamy Layer),OBC-A (Non- Creamy Layer),Fresh Allotment
303,2,21942,72,JAGANNATH GUPTA INSTITUTE OF MEDICAL SCIENCES AND HOSPITAL,M.S. (GENERAL SURGERY),Open Quota,OBC-A (Non- Creamy Layer),OBC-A (Non- Creamy Layer),Fresh Allotment
304,1,22533,-,"RAMAKRISHNA MISSION SEVA PRATISHTHAN VIVEKANANDA INSTITUTE OF MEDICAL SCIENCES, KOLKATA",DIP.IN GYNAE. AND OBST.,Open Quota,OBC-A (Non- Creamy Layer),OBC-A (Non- Creamy Layer),Not Upgraded
305,1,22554,-,MEDICAL COLLEGE KOLKATA,M.S. (OPHTHALMOLOGY),Open Quota,SC,SC,Retained
306,1,22679,-,TAMRALIPTO GOVERNMENT MEDICAL COLLEGE,(NBEMS) GENERAL MEDICINE,In-Service DNB,UR,OBC-B (Non- Creamy Layer),Retained
307,1,22702,-,INSTITUTE OF POST GRADUATE MEDICAL EDUCATION AND RESEARCH KOLKATA,M.D. (PSYCHIATRY),Open Quota,SC,SC,Not Upgraded
308,1,23191,-,COLLEGE OF MEDICINE AND JNM HOSPITAL KALYANI,M.D. (OBST. AND GYNAE)/MS (OBSTETRICS AND GYNAECOLOGY),Open Quota,EWS,EWS,Not Upgraded
309,1,23210,-,INSTITUTE OF POST GRADUATE MEDICAL EDUCATION AND RESEARCH KOLKATA,M.S. (GENERAL SURGERY),Open Quota,ST,ST,Retained
310,2,23308,1,"IQ CITY MEDICAL COLLEGE, DURGAPUR",M.D. (GENERAL MEDICINE),Private Management Quota,UR,General,Fresh Allotment
311,2,23375,3,SHRI RAMKRISHNA INSTITUTE OF MEDICAL SCIENCES & SANAKA HOSPITALS,M.D. (RADIO- DIAGNOSIS),Private Management Quota,UR,General,Upgraded
312,2,23383,48,"RAMAKRISHNA MISSION SEVA PRATISHTHAN VIVEKANANDA INSTITUTE OF MEDICAL SCIENCES, KOLKATA",M.S. (GENERAL SURGERY),Open Quota,OBC-B (Non- Creamy Layer),OBC-B (Non- Creamy Layer),Fresh Allotment
313,2,23628,1,MEDICAL COLLEGE KOLKATA,M.S. (GENERAL SURGERY),Open Quota,SC,SC,Upgraded
314,2,23802,2,R G KAR MEDICAL COLLEGE,M.S. (GENERAL SURGERY),Open Quota,SC,SC,Fresh Allotment
315,2,23860,6,CALCUTTA NATIONAL MEDICAL COLLEGE KOLKATA,M.D. (PREVENTIVE AND SOCIAL MEDICINE)/ COMMUNITY MEDICINE,Open Quota,UR,General,Fresh Allotment
316,2,24025,9,NIL RATAN SIRCAR MEDICAL COLLEGE,M.S. (GENERAL SURGERY),Open Quota,SC,SC,Fresh Allotment
317,2,24152,68,ICARE INSTITUTE OF MEDICAL SCIENCES AND RESEARCH HALDIA,M.D. (PAEDIATRICS),Open Quota,OBC-B (Non- Creamy Layer),OBC-B (Non- Creamy Layer),Upgraded
318,2,24402,14,MEDICAL COLLEGE KOLKATA,M.D. (ANAESTHESIOLOGY),Open Quota,SC,SC,Fresh Allotment
319,2,24448,15,"RAMAKRISHNA MISSION SEVA PRATISHTHAN VIVEKANANDA INSTITUTE OF MEDICAL SCIENCES, KOLKATA",M.D. (PAEDIATRICS),Open Quota,SC,SC,Fresh Allotment
320,1,24576,-,INSTITUTE OF POST GRADUATE MEDICAL EDUCATION AND RESEARCH KOLKATA,M.D. (GENERAL MEDICINE),In-Service,UR,OBC-A (Non- Creamy Layer),Retained
321,2,24697,1,COLLEGE OF MEDICINE AND SAGORE DUTTA HOSPITAL,M.D. (GENERAL MEDICINE),Open Quota,ST,ST,Fresh Allotment
322,2,25087,3,"IQ CITY MEDICAL COLLEGE, DURGAPUR",M.D. (RADIO- DIAGNOSIS),Private Management Quota,UR,General,Fresh Allotment
323,2,25205,1,"IQ CITY MEDICAL COLLEGE, DURGAPUR",M.D. (GENERAL MEDICINE),Private Management Quota,UR,OBC (Non-Creamy Layer),Fresh Allotment
324,2,25569,1,NIL RATAN SIRCAR MEDICAL COLLEGE,M.D. (OBST. AND GYNAE)/MS (OBSTETRICS AND GYNAECOLOGY),Open Quota,SC,SC,Fresh Allotment
325,2,25664,17,CALCUTTA NATIONAL MEDICAL COLLEGE KOLKATA,M.D. (PATHOLOGY),Open Quota,UR,General,Fresh Allotment
326,2,25688,10,"CHITTARANJAN SEVA SADAN COLLEGE OF OBS. GYNAE AND CHILD HEALTH,KOLKATA",M.D. (PAEDIATRICS),Open Quota,SC,SC,Fresh Allotment
327,1,25705,-,JAGANNATH GUPTA INSTITUTE OF MEDICAL SCIENCES AND HOSPITAL,M.D. (PAEDIATRICS),Open Quota,OBC-B (Non- Creamy Layer),OBC-B (Non- Creamy Layer),Not Upgraded
328,1,25786,-,INSTITUTE OF POST GRADUATE MEDICAL EDUCATION AND RESEARCH KOLKATA,M.D. (RADIO- DIAGNOSIS),In-Service,UR,OBC-B (Non- Creamy Layer),Retained
329,1,25885,-,KPC MEDICAL COLLEGE,M.D. (GENERAL MEDICINE),Private Management Quota,UR,General,Not Upgraded
330,2,26073,17,MIDNAPORE MEDICAL COLLEGE,M.D. (PAEDIATRICS),Open Quota,SC,SC,Fresh Allotment
331,2,26206,75,R G KAR MEDICAL COLLEGE,M.D. (ANAESTHESIOLOGY),Open Quota,OBC-B (Non- Creamy Layer),OBC-B (Non- Creamy Layer),Fresh Allotment
332,2,26496,40,"IQ CITY MEDICAL COLLEGE, DURGAPUR",M.S. (GENERAL SURGERY),Open Quota,UR,General,Fresh Allotment
333,2,26564,83,ICARE INSTITUTE OF MEDICAL SCIENCES AND RESEARCH HALDIA,M.D. (OBST. AND GYNAE)/MS (OBSTETRICS AND GYNAECOLOGY),Open Quota,UR,General,Fresh Allotment
334,2,26651,82,CALCUTTA NATIONAL MEDICAL COLLEGE KOLKATA,M.D. (ANAESTHESIOLOGY),Open Quota,OBC-B (Non- Creamy Layer),OBC-B (Non- Creamy Layer),Fresh Allotment
335,2,27008,21,BURDWAN MEDICAL COLLEGE,M.S. (GENERAL SURGERY),Open Quota,SC,SC,Fresh Allotment
336,2,27067,36,MALDA MEDICAL COLLEGE AND HOSPITAL,M.D. (PAEDIATRICS),Open Quota,SC,SC,Fresh Allotment
337,2,27617,40,"COMMAND HOSPITAL EC, ALIPORE, KOLKATA",M.S. (GENERAL SURGERY),Open Quota,EWS,EWS,Upgraded
338,2,27675,9,"IQ CITY MEDICAL COLLEGE, DURGAPUR",M.S. (E.N.T.),Open Quota,UR,General,Fresh Allotment
339,2,27745,99,NORTH BENGAL MEDICAL COLLEGE AND HOSPITAL,M.D. (PATHOLOGY),Open Quota,UR,General,Fresh Allotment
340,2,27807,30,MEDICAL COLLEGE KOLKATA,M.D. IN TRANSFUSION MEDICINE/ IMMUNO- HAEMATOLOGY AND BLOOD TRANSFUSION,Open Quota,UR,General,Fresh Allotment
341,2,28135,96,SHRI RAMKRISHNA INSTITUTE OF MEDICAL SCIENCES & SANAKA HOSPITALS,M.D. (RADIOTHERAPY/ RADIATION ONCOLOGY),Open Quota,UR,General,Fresh Allotment
342,2,28592,12,COLLEGE OF MEDICINE AND JNM HOSPITAL KALYANI,M.S. (GENERAL SURGERY),Open Quota,SC,SC,Fresh Allotment
343,2,28924,12,GOURI DEVI INSTITUTE OF MEDICAL SCIENCES AND HOSPITAL,M.S. (GENERAL SURGERY),Open Quota,UR,General,Fresh Allotment
344,2,29002,54,KPC MEDICAL COLLEGE,"M.D. (DERM.,VENE. AND LEPROSY)/ (DERMATOLOGY)/ (SKIN AND VENEREAL DISEASES)/ (VENEREOLOGY)",Open Quota,OBC-B (Non- Creamy Layer),OBC-B (Non- Creamy Layer),Upgraded
345,2,29105,65,GOURI DEVI INSTITUTE OF MEDICAL SCIENCES AND HOSPITAL,M.D. (GENERAL MEDICINE),Open Quota,OBC-A (Non- Creamy Layer),OBC-A (Non- Creamy Layer),Fresh Allotment
346,2,29318,41,JAGANNATH GUPTA INSTITUTE OF MEDICAL SCIENCES AND HOSPITAL,M.D. (ANAESTHESIOLOGY),Open Quota,UR,General,Fresh Allotment
347,2,29372,80,"IQ CITY MEDICAL COLLEGE, DURGAPUR","M.D. (DERM.,VENE. AND LEPROSY)/ (DERMATOLOGY)/ (SKIN AND VENEREAL DISEASES)/ (VENEREOLOGY)",Open Quota,OBC-A (Non- Creamy Layer),OBC-A (Non- Creamy Layer),Fresh Allotment
348,1,29478,-,"RAMAKRISHNA MISSION SEVA PRATISHTHAN VIVEKANANDA INSTITUTE OF MEDICAL SCIENCES, KOLKATA",M.D. (OBST. AND GYNAE)/MS (OBSTETRICS AND GYNAECOLOGY),Open Quota,EWS,EWS,Not Upgraded
349,2,29517,41,BURDWAN MEDICAL COLLEGE,M.D. (ANAESTHESIOLOGY),Open Quota,OBC-A (Non- Creamy Layer),OBC-A (Non- Creamy Layer),Fresh Allotment
350,1,29664,-,INSTITUTE OF POST GRADUATE MEDICAL EDUCATION AND RESEARCH KOLKATA,M.D. (ANAESTHESIOLOGY),Open Quota,SC,SC,Not Upgraded
351,2,29746,43,MEDICAL COLLEGE KOLKATA,M.D. (OBST. AND GYNAE)/MS (OBSTETRICS AND GYNAECOLOGY),Open Quota,SC,SC,Upgraded
352,2,29865,20,MIDNAPORE MEDICAL COLLEGE,M.S. (GENERAL SURGERY),Open Quota,SC,SC,Fresh Allotment
353,2,29913,27,"IQ CITY MEDICAL COLLEGE, DURGAPUR",M.S. (GENERAL SURGERY),Open Quota,UR,General,Fresh Allotment
354,2,30219,1,"IQ CITY MEDICAL COLLEGE, DURGAPUR",M.D. (GENERAL MEDICINE),Private Management Quota,UR,OBC (Non-Creamy Layer),Fresh Allotment
355,2,30229,9,MURSHIDABAD MEDICAL COLLEGE AND HOSPITAL,M.S. (GENERAL SURGERY),Open Quota,SC,SC,Fresh Allotment
356,2,30328,96,INSTITUTE OF POST GRADUATE MEDICAL EDUCATION AND RESEARCH KOLKATA,M.D. (PATHOLOGY),Open Quota,OBC-A (Non- Creamy Layer),OBC-A (Non- Creamy Layer),Upgraded
357,1,30358,-,MEDICAL COLLEGE KOLKATA,DIP.IN GYNAE. AND OBST.,Open Quota,OBC-B (Non- Creamy Layer),OBC-B (Non- Creamy Layer),Not Upgraded
358,1,30365,-,MEDICAL COLLEGE KOLKATA,M.D. (GENERAL MEDICINE),In-Service,UR,General,Retained
359,2,30836,20,"RAMAKRISHNA MISSION SEVA PRATISHTHAN VIVEKANANDA INSTITUTE OF MEDICAL SCIENCES, KOLKATA",M.S. (GENERAL SURGERY),Open Quota,SC,SC,Fresh Allotment
360,2,31243,59,BANKURA SAMMILANI MEDICAL COLLEGE,M.D. (PATHOLOGY),Open Quota,UR,General,Fresh Allotment
361,2,31451,43,MURSHIDABAD MEDICAL COLLEGE AND HOSPITAL,M.D. (ANAESTHESIOLOGY),Open Quota,OBC-A (Non- Creamy Layer),OBC-A (Non- Creamy Layer),Fresh Allotment
362,2,31649,3,NIL RATAN SIRCAR MEDICAL COLLEGE,M.D. (PAEDIATRICS),Open Quota,EWS,EWS,Upgraded
363,1,31660,-,CALCUTTA NATIONAL MEDICAL COLLEGE KOLKATA,M.D. (PSYCHIATRY),Open Quota,SC,SC,Not Upgraded
364,1,31703,-,MEDICAL COLLEGE KOLKATA,M.S. (GENERAL SURGERY),Open Quota,EWS,EWS,Retained
365,2,31730,39,"IQ CITY MEDICAL COLLEGE, DURGAPUR",M.D. (PSYCHIATRY),Open Quota,UR,General,Fresh Allotment
366,2,32456,85,JIS SCHOOL OF MEDICAL SCIENCE & RESEARCH,M.D. (PAEDIATRICS),Open Quota,OBC-A (Non- Creamy Layer),OBC-A (Non- Creamy Layer),Fresh Allotment
367,2,32828,36,JAGANNATH GUPTA INSTITUTE OF MEDICAL SCIENCES AND HOSPITAL,M.D. (GENERAL MEDICINE),Private Management Quota,UR,General,Fresh Allotment
368,2,32833,48,NIL RATAN SIRCAR MEDICAL COLLEGE,M.S. (E.N.T.),Open Quota,SC,SC,Fresh Allotment
369,1,32857,-,INSTITUTE OF POST GRADUATE MEDICAL EDUCATION AND RESEARCH KOLKATA,M.D. (PATHOLOGY),Open Quota,SC,SC,Not Upgraded
370,1,33126,-,JAGANNATH GUPTA INSTITUTE OF MEDICAL SCIENCES AND HOSPITAL,M.D. (GENERAL MEDICINE),Private Management Quota,UR,General,Not Upgraded
371,1,33162,-,MEDICAL COLLEGE KOLKATA,M.S. (OPHTHALMOLOGY),Open Quota,SC,SC,Retained
372,2,33335,115,JAGANNATH GUPTA INSTITUTE OF MEDICAL SCIENCES AND HOSPITAL,M.S. (OPHTHALMOLOGY),Open Quota,UR,General,Fresh Allotment
373,2,33351,5,CALCUTTA NATIONAL MEDICAL COLLEGE KOLKATA,M.D. (OBST. AND GYNAE)/MS (OBSTETRICS AND GYNAECOLOGY),Open Quota,SC,SC,Upgraded
374,2,33412,19,"CHITTARANJAN SEVA SADAN COLLEGE OF OBS. GYNAE AND CHILD HEALTH,KOLKATA",M.D. (OBST. AND GYNAE)/MS (OBSTETRICS AND GYNAECOLOGY),Open Quota,SC,SC,Fresh Allotment
375,2,33484,2,CALCUTTA NATIONAL MEDICAL COLLEGE KOLKATA,M.D. (PREVENTIVE AND SOCIAL MEDICINE)/ COMMUNITY MEDICINE,Open Quota,UR,General,Fresh Allotment
376,1,33579,-,MEDICAL COLLEGE KOLKATA,M.D. (GENERAL MEDICINE),In-Service,UR,General,Retained
377,2,33610,5,"CHITTARANJAN SEVA SADAN COLLEGE OF OBS. GYNAE AND CHILD HEALTH,KOLKATA",M.D. (OBST. AND GYNAE)/MS (OBSTETRICS AND GYNAECOLOGY),Open Quota,SC,SC,Fresh Allotment
378,2,33748,63,MURSHIDABAD MEDICAL COLLEGE AND HOSPITAL,M.D. (PATHOLOGY),Open Quota,UR,General,Fresh Allotment
379,1,33797,-,NIL RATAN SIRCAR MEDICAL COLLEGE,M.S. (GENERAL SURGERY),Open Quota,EWS,EWS,Not Upgraded
380,2,33845,21,KPC MEDICAL COLLEGE,M.D. (PAEDIATRICS),Private Management Quota,UR,General,Fresh Allotment
381,2,33944,16,GOURI DEVI INSTITUTE OF MEDICAL SCIENCES AND HOSPITAL,M.S. (E.N.T.),Open Quota,UR,General,Fresh Allotment
382,1,34069,-,KPC MEDICAL COLLEGE,M.S. (ORTHOPAEDICS),Private Management Quota,UR,General,Not Upgraded
383,1,34335,-,NIL RATAN SIRCAR MEDICAL COLLEGE,M.D. (PSYCHIATRY),Open Quota,SC,SC,Not Upgraded
384,2,34387,25,"IQ CITY MEDICAL COLLEGE, DURGAPUR",M.D. (RADIO- DIAGNOSIS),Open Quota,EWS,EWS,Fresh Allotment
385,2,34462,20,BURDWAN MEDICAL COLLEGE,M.S. (E.N.T.),Open Quota,SC,SC,Fresh Allotment
386,1,34673,-,GOURI DEVI INSTITUTE OF MEDICAL SCIENCES AND HOSPITAL,M.D. (RADIO- DIAGNOSIS),Open Quota,SC,SC,Not Upgraded
387,2,34779,55,"RAMAKRISHNA MISSION SEVA PRATISHTHAN VIVEKANANDA INSTITUTE OF MEDICAL SCIENCES, KOLKATA",M.D. (PATHOLOGY),Open Quota,UR,General,Fresh Allotment
388,1,34831,-,"RAMAKRISHNA MISSION SEVA PRATISHTHAN VIVEKANANDA INSTITUTE OF MEDICAL SCIENCES, KOLKATA",M.S. (GENERAL SURGERY),Open Quota,EWS,EWS,Not Upgraded
389,1,34844,-,MEDICAL COLLEGE KOLKATA,M.D. (RADIO- DIAGNOSIS),In-Service,UR,General,Retained
390,2,34912,5,NORTH BENGAL MEDICAL COLLEGE AND HOSPITAL,M.D. (OBST. AND GYNAE)/MS (OBSTETRICS AND GYNAECOLOGY),Open Quota,SC,SC,Fresh Allotment
391,2,34921,7,"RAMAKRISHNA MISSION SEVA PRATISHTHAN VIVEKANANDA INSTITUTE OF MEDICAL SCIENCES, KOLKATA",M.D. (OBST. AND GYNAE)/MS (OBSTETRICS AND GYNAECOLOGY),Open Quota,SC,SC,Fresh Allotment
392,2,35255,6,INSTITUTE OF POST GRADUATE MEDICAL EDUCATION AND RESEARCH KOLKATA,M.D. (MICROBIOLOGY),Open Quota,UR,General,Upgraded
393,2,35348,11,INSTITUTE OF POST GRADUATE MEDICAL EDUCATION AND RESEARCH KOLKATA,M.D. (ANAESTHESIOLOGY),Open Quota,SC,SC,Fresh Allotment
394,1,35407,-,GOURI DEVI INSTITUTE OF MEDICAL SCIENCES AND HOSPITAL,M.S. (ORTHOPAEDICS),Private Management Quota,UR,General,Retained
395,2,35796,69,NIL RATAN SIRCAR MEDICAL COLLEGE,M.D. (ANAESTHESIOLOGY),Open Quota,SC,SC,Fresh Allotment
396,1,35828,-,CALCUTTA NATIONAL MEDICAL COLLEGE KOLKATA,M.S. (OPHTHALMOLOGY),Open Quota,OBC-B (Non- Creamy Layer),OBC-B (Non- Creamy Layer),Not Upgraded
397,2,35914,47,R G KAR MEDICAL COLLEGE,M.S. (OPHTHALMOLOGY),Open Quota,SC,SC,Upgraded
398,2,35980,3,COLLEGE OF MEDICINE AND SAGORE DUTTA HOSPITAL,M.D. (PREVENTIVE AND SOCIAL MEDICINE)/ COMMUNITY MEDICINE,Open Quota,UR,General,Fresh Allotment
399,1,36112,-,NIL RATAN SIRCAR MEDICAL COLLEGE,M.D. (RADIO- DIAGNOSIS),In-Service,UR,General,Retained
400,2,36680,1,"IQ CITY MEDICAL COLLEGE, DURGAPUR","M.D. (DERM.,VENE. AND LEPROSY)/ (DERMATOLOGY)/ (SKIN AND VENEREAL DISEASES)/ (VENEREOLOGY)",Private Management Quota,UR,General,Fresh Allotment
401,2,36774,20,BURDWAN MEDICAL COLLEGE,M.D. (OBST. AND GYNAE)/MS (OBSTETRICS AND GYNAECOLOGY),Open Quota,SC,SC,Fresh Allotment
402,1,36795,-,"SCHOOL OF TROPICAL MEDICINE, KOLKATA",M.D. (TROPICAL MEDICINE),Open Quota,SC,SC,Not Upgraded
403,2,36850,12,"IQ CITY MEDICAL COLLEGE, DURGAPUR",M.D. (GENERAL MEDICINE),Private Management Quota,UR,General,Fresh Allotment
404,1,36954,-,MEDICAL COLLEGE KOLKATA,DIP.IN GYNAE. AND OBST.,Open Quota,EWS,EWS,Not Upgraded
405,2,37104,103,ICARE INSTITUTE OF MEDICAL SCIENCES AND RESEARCH HALDIA,M.S. (E.N.T.),Open Quota,UR,General,Fresh Allotment
406,2,37169,122,SHRI RAMKRISHNA INSTITUTE OF MEDICAL SCIENCES & SANAKA HOSPITALS,M.S. (E.N.T.),Open Quota,UR,General,Fresh Allotment
407,1,37185,-,JAGANNATH GUPTA INSTITUTE OF MEDICAL SCIENCES AND HOSPITAL,M.D. (GENERAL MEDICINE),Private Management Quota,UR,General,Not Upgraded
408,2,37319,26,"RAMAKRISHNA MISSION SEVA PRATISHTHAN VIVEKANANDA INSTITUTE OF MEDICAL SCIENCES, KOLKATA",M.S. (E.N.T.),Open Quota,SC,SC,Upgraded
409,2,37356,12,BANKURA SAMMILANI MEDICAL COLLEGE,M.D. (OBST. AND GYNAE)/MS (OBSTETRICS AND GYNAECOLOGY),Open Quota,SC,SC,Fresh Allotment
410,2,37368,33,MEDICAL COLLEGE KOLKATA,M.D. (MICROBIOLOGY),Open Quota,UR,General,Fresh Allotment
411,2,37448,7,KPC MEDICAL COLLEGE,M.S. (ORTHOPAEDICS),Private Management Quota,UR,General,Fresh Allotment
412,2,37647,1,"IQ CITY MEDICAL COLLEGE, DURGAPUR",M.D. (OBST. AND GYNAE)/MS (OBSTETRICS AND GYNAECOLOGY),Private Management Quota,UR,General,Fresh Allotment
413,2,37763,29,ICARE INSTITUTE OF MEDICAL SCIENCES AND RESEARCH HALDIA,M.S. (OPHTHALMOLOGY),Open Quota,UR,General,Fresh Allotment
414,2,37867,11,KPC MEDICAL COLLEGE,M.S. (ORTHOPAEDICS),Private Management Quota,UR,SC,Fresh Allotment
415,2,38086,12,CALCUTTA NATIONAL MEDICAL COLLEGE KOLKATA,M.S. (OPHTHALMOLOGY),Open Quota,SC,SC,Fresh Allotment
416,1,38100,-,BANKURA SAMMILANI MEDICAL COLLEGE,M.D. (ANAESTHESIOLOGY),Open Quota,SC,SC,Not Upgraded
417,1,38116,-,BARASAT GOVERNMENT MEDICAL COLLEGE AND HOSPITAL,(NBEMS) OBSTETRICS AND GYNAECOLOGY,In-Service DNB,UR,General,Retained
418,2,38276,5,KPC MEDICAL COLLEGE,"M.D. (DERM.,VENE. AND LEPROSY)/ (DERMATOLOGY)/ (SKIN AND VENEREAL DISEASES)/ (VENEREOLOGY)",Private Management Quota,UR,General,Fresh Allotment
419,2,38403,99,SHRI RAMKRISHNA INSTITUTE OF MEDICAL SCIENCES & SANAKA HOSPITALS,M.S. (E.N.T.),Open Quota,UR,General,Fresh Allotment
420,1,38453,-,NIL RATAN SIRCAR MEDICAL COLLEGE,M.D. (RADIOTHERAPY/ RADIATION ONCOLOGY),Open Quota,SC,SC,Not Upgraded
421,1,38463,-,MEDICAL COLLEGE KOLKATA,M.D. (GENERAL MEDICINE),In-Service,UR,General,Retained
422,2,38642,16,ICARE INSTITUTE OF MEDICAL SCIENCES AND RESEARCH HALDIA,M.S. (GENERAL SURGERY),Open Quota,OBC-A (Non- Creamy Layer),OBC-A (Non- Creamy Layer),Fresh Allotment
423,2,38958,60,JIS SCHOOL OF MEDICAL SCIENCE & RESEARCH,M.D. (ANAESTHESIOLOGY),Open Quota,UR,General,Fresh Allotment
424,2,38997,68,MEDICAL COLLEGE KOLKATA,DIPLOMA IN ANAESTHESIOLOGY,Open Quota,UR,General,Fresh Allotment
425,2,39043,8,ESI PGIMSR AND ESIC MEDICAL COLLEGE JOKA KOLKATA,M.S. (E.N.T.),Open Quota,EWS,EWS,Fresh Allotment
426,2,39248,13,INSTITUTE OF POST GRADUATE MEDICAL EDUCATION AND RESEARCH KOLKATA,M.D. (RADIOTHERAPY/ RADIATION ONCOLOGY),Open Quota,OBC-B (Non- Creamy Layer),OBC-B (Non- Creamy Layer),Fresh Allotment
427,2,39464,23,"SCHOOL OF TROPICAL MEDICINE, KOLKATA",M.D. (MICROBIOLOGY),Open Quota,UR,General,Fresh Allotment
428,1,39499,-,"IQ CITY MEDICAL COLLEGE, DURGAPUR",M.D. (RADIO- DIAGNOSIS),Private Management Quota,UR,General,Not Upgraded
429,2,39640,57,MEDICAL COLLEGE KOLKATA,DIPLOMA IN ANAESTHESIOLOGY,Open Quota,UR,General,Fresh Allotment
430,2,39656,33,R G KAR MEDICAL COLLEGE,M.S. (E.N.T.),Open Quota,OBC-B (Non- Creamy Layer),OBC-B (Non- Creamy Layer),Fresh Allotment
431,2,39800,11,MURSHIDABAD MEDICAL COLLEGE AND HOSPITAL,M.S. (OPHTHALMOLOGY),Open Quota,SC,SC,Fresh Allotment
432,2,39816,10,JAGANNATH GUPTA INSTITUTE OF MEDICAL SCIENCES AND HOSPITAL,M.D. (RADIO- DIAGNOSIS),Open Quota,SC,SC,Fresh Allotment
433,2,39960,15,GOURI DEVI INSTITUTE OF MEDICAL SCIENCES AND HOSPITAL,M.D. (PAEDIATRICS),Private Management Quota,UR,General,Fresh Allotment
434,2,40162,32,KPC MEDICAL COLLEGE,M.S. (E.N.T.),Private Management Quota,UR,General,Fresh Allotment
435,2,40201,10,KPC MEDICAL COLLEGE,M.D. (OBST. AND GYNAE)/MS (OBSTETRICS AND GYNAECOLOGY),Private Management Quota,UR,General,Upgraded
436,1,40345,-,KPC MEDICAL COLLEGE,M.S. (GENERAL SURGERY),Private Management Quota,UR,General,Retained
437,2,40674,32,MEDICAL COLLEGE KOLKATA,DIP.IN GYNAE. AND OBST.,Open Quota,SC,SC,Upgraded
438,2,40822,90,KPC MEDICAL COLLEGE,M.D. (OBST. AND GYNAE)/MS (OBSTETRICS AND GYNAECOLOGY),Private Management Quota,UR,OBC-B (Non- Creamy Layer),Fresh Allotment
439,2,41030,26,ICARE INSTITUTE OF MEDICAL SCIENCES AND RESEARCH HALDIA,M.D. (RADIO- DIAGNOSIS),Open Quota,EWS,EWS,Fresh Allotment
440,2,41447,43,JAGANNATH GUPTA INSTITUTE OF MEDICAL SCIENCES AND HOSPITAL,"M.D. (DERM.,VENE. AND LEPROSY)/ (DERMATOLOGY)/ (SKIN AND VENEREAL DISEASES)/ (VENEREOLOGY)",Private Management Quota,UR,OBC-A (Non- Creamy Layer),Fresh Allotment
441,2,41535,49,MEDICAL COLLEGE KOLKATA,DIPLOMA IN ORTHOPAEDICS,Open Quota,SC,SC,Fresh Allotment
442,2,41667,64,DIAMOND HARBOUR GOVERNMENT MEDICAL COLLEGE AND HOSPITAL,M.S. (OPHTHALMOLOGY),Open Quota,SC,SC,Fresh Allotment
443,2,41948,75,"IQ CITY MEDICAL COLLEGE, DURGAPUR",M.D. (ANAESTHESIOLOGY),Open Quota,UR,General,Fresh Allotment
444,2,41955,136,SHRI RAMKRISHNA INSTITUTE OF MEDICAL SCIENCES & SANAKA HOSPITALS,M.S. (OPHTHALMOLOGY),Open Quota,UR,General,Fresh Allotment
445,1,41994,-,NIL RATAN SIRCAR MEDICAL COLLEGE,M.D. (ANAESTHESIOLOGY),Open Quota,EWS,EWS,Retained
446,2,42139,58,JAGANNATH GUPTA INSTITUTE OF MEDICAL SCIENCES AND HOSPITAL,M.D. (ANAESTHESIOLOGY),Open Quota,UR,General,Fresh Allotment
447,2,42169,24,INSTITUTE OF POST GRADUATE MEDICAL EDUCATION AND RESEARCH KOLKATA,M.D. (RADIOTHERAPY/ RADIATION ONCOLOGY),Open Quota,SC,SC,Fresh Allotment
448,2,42299,50,CALCUTTA NATIONAL MEDICAL COLLEGE KOLKATA,M.D. (ANAESTHESIOLOGY),Open Quota,SC,SC,Fresh Allotment
449,2,43011,1,MEDICAL COLLEGE KOLKATA,M.D. (PAEDIATRICS),Open Quota,ST,ST,Fresh Allotment
450,2,43029,77,COLLEGE OF MEDICINE AND JNM HOSPITAL KALYANI,M.D. (ANAESTHESIOLOGY),Open Quota,SC,SC,Fresh Allotment
451,2,43052,88,BURDWAN MEDICAL COLLEGE,M.D. (PREVENTIVE AND SOCIAL MEDICINE)/ COMMUNITY MEDICINE,Open Quota,UR,General,Fresh Allotment
452,2,43129,23,SHRI RAMKRISHNA INSTITUTE OF MEDICAL SCIENCES & SANAKA HOSPITALS,M.D. (ANAESTHESIOLOGY),Open Quota,UR,General,Fresh Allotment
453,2,43584,94,ICARE INSTITUTE OF MEDICAL SCIENCES AND RESEARCH HALDIA,M.D. (ANAESTHESIOLOGY),Open Quota,UR,General,Fresh Allotment
454,1,43766,-,MALDA MEDICAL COLLEGE AND HOSPITAL,M.D. (GENERAL MEDICINE),In-Service,UR,SC,Retained
455,2,43908,5,KPC MEDICAL COLLEGE,M.D. (PAEDIATRICS),Private Management Quota,UR,General,Fresh Allotment
456,1,43955,-,KPC MEDICAL COLLEGE,M.S. (GENERAL SURGERY),Private Management Quota,UR,General,Not Upgraded
457,2,43959,100,ALL INDIA INSTITUTE OF HYGIENE AND PUBLIC HEALTH,M.D. (PREVENTIVE AND SOCIAL MEDICINE)/ COMMUNITY MEDICINE,Open Quota,OBC (Non-Creamy Layer),OBC-A (Non- Creamy Layer),Fresh Allotment
458,1,44077,-,MEDICAL COLLEGE KOLKATA,M.D. (RADIOTHERAPY/ RADIATION ONCOLOGY),Open Quota,EWS,EWS,Not Upgraded
459,2,44208,26,BURDWAN MEDICAL COLLEGE,DIPLOMA IN OPHTHALMOLOGY/DO MS,Open Quota,UR,General,Fresh Allotment
460,1,44791,-,NORTH BENGAL MEDICAL COLLEGE AND HOSPITAL,M.D. (RADIO- DIAGNOSIS),In-Service,UR,General,Retained
461,2,44957,73,R G KAR MEDICAL COLLEGE,M.D. (ANAESTHESIOLOGY),Open Quota,SC,SC,Fresh Allotment
462,2,45216,5,JAGANNATH GUPTA INSTITUTE OF MEDICAL SCIENCES AND HOSPITAL,M.D. (RADIO- DIAGNOSIS),Private Management Quota,UR,OBC (Non-Creamy Layer),Fresh Allotment
463,2,45334,20,GOURI DEVI INSTITUTE OF MEDICAL SCIENCES AND HOSPITAL,M.S. (ORTHOPAEDICS),Open Quota,EWS,EWS,Fresh Allotment
464,2,45678,94,KPC MEDICAL COLLEGE,M.D. (PSYCHIATRY),Open Quota,OBC-A (Non- Creamy Layer),OBC-A (Non- Creamy Layer),Fresh Allotment
465,2,45729,96,ICARE INSTITUTE OF MEDICAL SCIENCES AND RESEARCH HALDIA,M.D. (ANAESTHESIOLOGY),Open Quota,UR,General,Fresh Allotment
466,2,46090,59,"RAMAKRISHNA MISSION SEVA PRATISHTHAN VIVEKANANDA INSTITUTE OF MEDICAL SCIENCES, KOLKATA",DIPLOMA IN OPHTHALMOLOGY/DO MS,Open Quota,UR,General,Fresh Allotment
467,2,46225,8,GOURI DEVI INSTITUTE OF MEDICAL SCIENCES AND HOSPITAL,M.D. (ANAESTHESIOLOGY),Open Quota,UR,General,Fresh Allotment
468,2,46611,31,ESI PGIMSR AND ESIC MEDICAL COLLEGE JOKA KOLKATA,M.D. (ANAESTHESIOLOGY),Open Quota,SC,SC,Upgraded
469,1,46645,-,SHRI RAMKRISHNA INSTITUTE OF MEDICAL SCIENCES & SANAKA HOSPITALS,M.S. (ORTHOPAEDICS),Open Quota,OBC-B (Non- Creamy Layer),OBC-B (Non- Creamy Layer),Not Upgraded
470,2,46647,6,JAGANNATH GUPTA INSTITUTE OF MEDICAL SCIENCES AND HOSPITAL,M.S. (ORTHOPAEDICS),Private Management Quota,UR,General,Upgraded
471,1,47330,-,KPC MEDICAL COLLEGE,M.S. (GENERAL SURGERY),Open Quota,SC,SC,Not Upgraded
472,2,47390,22,ICARE INSTITUTE OF MEDICAL SCIENCES AND RESEARCH HALDIA,M.D. (ANAESTHESIOLOGY),Open Quota,UR,General,Fresh Allotment
473,1,47700,-,NIL RATAN SIRCAR MEDICAL COLLEGE,M.D. (GENERAL MEDICINE),In-Service,UR,General,Retained
474,2,47747,80,NIL RATAN SIRCAR MEDICAL COLLEGE,M.D. (PATHOLOGY),Open Quota,SC,SC,Fresh Allotment
475,2,47759,63,"SCHOOL OF TROPICAL MEDICINE, KOLKATA",M.D. (PHARMACOLOGY),Open Quota,UR,General,Fresh Allotment
476,1,47903,-,SHRI RAMKRISHNA INSTITUTE OF MEDICAL SCIENCES & SANAKA HOSPITALS,M.D. (OBST. AND GYNAE)/MS (OBSTETRICS AND GYNAECOLOGY),Open Quota,SC,SC,Not Upgraded
477,2,48072,33,NORTH BENGAL MEDICAL COLLEGE AND HOSPITAL,M.D. (ANAESTHESIOLOGY),Open Quota,SC,SC,Fresh Allotment
478,2,48670,30,SHRI RAMKRISHNA INSTITUTE OF MEDICAL SCIENCES & SANAKA HOSPITALS,M.D. (GENERAL MEDICINE),Private Management Quota,UR,General,Fresh Allotment
479,2,48980,1,"IQ CITY MEDICAL COLLEGE, DURGAPUR",M.D. (OBST. AND GYNAE)/MS (OBSTETRICS AND GYNAECOLOGY),Private Management Quota,UR,OBC (Non-Creamy Layer),Fresh Allotment
480,2,49107,46,BURDWAN MEDICAL COLLEGE,M.D. (PSYCHIATRY),Open Quota,EWS,EWS,Fresh Allotment
481,2,49170,1,"IQ CITY MEDICAL COLLEGE, DURGAPUR",M.D. (TUBERCULOSIS AND RESPIRATORY DISEASES)/PULMONA RY MEDICINE /M.D. (RESPIRATORY MEDICINE),Private Management Quota,UR,OBC (Non-Creamy Layer),Fresh Allotment
482,2,49198,106,GOURI DEVI INSTITUTE OF MEDICAL SCIENCES AND HOSPITAL,M.D. (ANAESTHESIOLOGY),Open Quota,OBC-A (Non- Creamy Layer),OBC-A (Non- Creamy Layer),Fresh Allotment
483,2,49308,34,GOURI DEVI INSTITUTE OF MEDICAL SCIENCES AND HOSPITAL,M.D. (ANAESTHESIOLOGY),Private Management Quota,UR,General,Fresh Allotment
484,2,49441,27,KPC MEDICAL COLLEGE,M.D. (PSYCHIATRY),Private Management Quota,UR,General,Fresh Allotment
485,2,49609,25,INSTITUTE OF POST GRADUATE MEDICAL EDUCATION AND RESEARCH KOLKATA,M.D. (PHARMACOLOGY),Open Quota,UR,General,Upgraded
486,2,49906,2,JAGANNATH GUPTA INSTITUTE OF MEDICAL SCIENCES AND HOSPITAL,M.D. (GENERAL MEDICINE),Private Management Quota,UR,General,Fresh Allotment
487,2,49933,77,"IQ CITY MEDICAL COLLEGE, DURGAPUR",M.D. (GENERAL MEDICINE),Open Quota,SC,SC,Fresh Allotment
488,2,50073,11,MIDNAPORE MEDICAL COLLEGE,M.D. (ANAESTHESIOLOGY),Open Quota,SC,SC,Fresh Allotment
489,1,50223,-,MEDICAL COLLEGE KOLKATA,M.D. (PATHOLOGY),Open Quota,OBC-B (Non- Creamy Layer),OBC-B (Non- Creamy Layer),Not Upgraded
490,1,50317,-,R G KAR MEDICAL COLLEGE,M.D. (OBST. AND GYNAE)/MS (OBSTETRICS AND GYNAECOLOGY),Open Quota,ST,ST,Retained
491,2,50406,2,DR. B C ROY POST GRADUATE INSTITUTE OF PAEDIATRIC SCIENCES,M.D. (PAEDIATRICS),Open Quota,ST,ST,Fresh Allotment
492,2,50530,18,BURDWAN MEDICAL COLLEGE,DIP.IN GYNAE. AND OBST.,Open Quota,SC,SC,Fresh Allotment
493,1,50560,-,"IQ CITY MEDICAL COLLEGE, DURGAPUR",M.D. (PAEDIATRICS),Open Quota,SC,SC,Not Upgraded
494,2,50708,119,JAGANNATH GUPTA INSTITUTE OF MEDICAL SCIENCES AND HOSPITAL,M.D. (OBST. AND GYNAE)/MS (OBSTETRICS AND GYNAECOLOGY),Private Management Quota,UR,General,Fresh Allotment
495,2,51003,2,BANKURA SAMMILANI MEDICAL COLLEGE,M.D. (PREVENTIVE AND SOCIAL MEDICINE)/ COMMUNITY MEDICINE,Open Quota,UR,OBC-B (Non- Creamy Layer),Fresh Allotment
496,1,51421,-,ALL INDIA INSTITUTE OF HYGIENE AND PUBLIC HEALTH,M.D. (PREVENTIVE AND SOCIAL MEDICINE)/ COMMUNITY MEDICINE,Open Quota,OBC (Non-Creamy Layer),OBC-A (Non- Creamy Layer),Retained
497,2,51595,8,JAGANNATH GUPTA INSTITUTE OF MEDICAL SCIENCES AND HOSPITAL,M.D. (TUBERCULOSIS AND RESPIRATORY DISEASES)/PULMONA RY MEDICINE /M.D. (RESPIRATORY MEDICINE),Private Management Quota,UR,General,Fresh Allotment
498,2,51945,7,"IQ CITY MEDICAL COLLEGE, DURGAPUR",M.D. (GENERAL MEDICINE),Private Management Quota,UR,General,Fresh Allotment
499,2,52173,33,INSTITUTE OF POST GRADUATE MEDICAL EDUCATION AND RESEARCH KOLKATA,M.D. (ANAESTHESIOLOGY),Open Quota,EWS,EWS,Fresh Allotment
500,1,52181,-,CALCUTTA NATIONAL MEDICAL COLLEGE KOLKATA,M.S. (E.N.T.),Open Quota,EWS,EWS,Not Upgraded
501,2,52201,3,"IQ CITY MEDICAL COLLEGE, DURGAPUR",M.D. (GENERAL MEDICINE),Private Management Quota,UR,OBC (Non-Creamy Layer),Fresh Allotment
502,1,52350,-,"RAMAKRISHNA MISSION SEVA PRATISHTHAN VIVEKANANDA INSTITUTE OF MEDICAL SCIENCES, KOLKATA",M.S. (E.N.T.),Open Quota,EWS,EWS,Not Upgraded
503,2,52542,51,NORTH BENGAL MEDICAL COLLEGE AND HOSPITAL,M.D. (PSYCHIATRY),Open Quota,EWS,EWS,Fresh Allotment
504,1,52755,-,MEDICAL COLLEGE KOLKATA,M.S. (OPHTHALMOLOGY),Open Quota,EWS,EWS,Not Upgraded
505,2,52792,50,MEDICAL COLLEGE KOLKATA,M.D. (PHARMACOLOGY),Open Quota,UR,General,Upgraded
506,2,52983,2,JAGANNATH GUPTA INSTITUTE OF MEDICAL SCIENCES AND HOSPITAL,M.D. (RADIO- DIAGNOSIS),Private Management Quota,UR,General,Fresh Allotment
507,1,53098,-,KPC MEDICAL COLLEGE,M.D. (PSYCHIATRY),Open Quota,OBC-B (Non- Creamy Layer),OBC-B (Non- Creamy Layer),Not Upgraded
508,2,53282,113,"IQ CITY MEDICAL COLLEGE, DURGAPUR",M.S. (ORTHOPAEDICS),Open Quota,SC,SC,Fresh Allotment
509,2,53418,4,NORTH BENGAL MEDICAL COLLEGE AND HOSPITAL,M.D. (PREVENTIVE AND SOCIAL MEDICINE)/ COMMUNITY MEDICINE,Open Quota,UR,General,Fresh Allotment
510,2,53693,2,KPC MEDICAL COLLEGE,M.S. (GENERAL SURGERY),Private Management Quota,UR,General,Fresh Allotment
511,1,54058,-,KPC MEDICAL COLLEGE,M.D. (ANAESTHESIOLOGY),Open Quota,SC,SC,Not Upgraded
512,1,54382,-,JAGANNATH GUPTA INSTITUTE OF MEDICAL SCIENCES AND HOSPITAL,M.D. (PAEDIATRICS),Private Management Quota,UR,General,Not Upgraded
513,2,54477,131,INSTITUTE OF POST GRADUATE MEDICAL EDUCATION AND RESEARCH KOLKATA,M.D. (PHYSICAL MED. AND REHABILITATION),Open Quota,SC,SC,Upgraded
514,1,54503,-,R G KAR MEDICAL COLLEGE,M.S. (OPHTHALMOLOGY),Open Quota,EWS,EWS,Not Upgraded
515,1,54957,-,DISTRICT HOSPITAL HOWRAH,(NBEMS) PAEDIATRICS,In-Service DNB,UR,General,Retained
516,2,55045,134,KPC MEDICAL COLLEGE,M.D. (PSYCHIATRY),Private Management Quota,UR,General,Upgraded
517,1,55275,-,BURDWAN MEDICAL COLLEGE,M.D. (RADIO- DIAGNOSIS),In-Service,UR,SC,Retained
518,2,55317,14,R G KAR MEDICAL COLLEGE,M.D. (PHYSICAL MED. AND REHABILITATION),Open Quota,SC,SC,Fresh Allotment
519,1,55470,-,MEDICAL COLLEGE KOLKATA,M.D. (ANAESTHESIOLOGY),Open Quota,EWS,EWS,Retained
520,2,55668,2,COLLEGE OF MEDICINE AND SAGORE DUTTA HOSPITAL,M.D. (PATHOLOGY),Open Quota,SC,SC,Fresh Allotment
521,2,55725,78,NIL RATAN SIRCAR MEDICAL COLLEGE,M.D. (PHYSICAL MED. AND REHABILITATION),Open Quota,OBC-B (Non- Creamy Layer),OBC-B (Non- Creamy Layer),Fresh Allotment
522,2,56274,13,KPC MEDICAL COLLEGE,M.S. (GENERAL SURGERY),Private Management Quota,UR,General,Upgraded
523,2,56310,37,"IQ CITY MEDICAL COLLEGE, DURGAPUR",M.D. (GENERAL MEDICINE),Open Quota,SC,SC,Upgraded
524,2,56675,19,SHRI RAMKRISHNA INSTITUTE OF MEDICAL SCIENCES & SANAKA HOSPITALS,M.D. (GENERAL MEDICINE),Private Management Quota,UR,General,Fresh Allotment
525,1,56815,-,NIL RATAN SIRCAR MEDICAL COLLEGE,M.D. (RADIO- DIAGNOSIS),In-Service,UR,SC,Retained
526,2,56986,8,SHRI RAMKRISHNA INSTITUTE OF MEDICAL SCIENCES & SANAKA HOSPITALS,M.D. (GENERAL MEDICINE),Private Management Quota,UR,General,Fresh Allotment
527,2,56991,3,SHRI RAMKRISHNA INSTITUTE OF MEDICAL SCIENCES & SANAKA HOSPITALS,"M.D. (DERM.,VENE. AND LEPROSY)/ (DERMATOLOGY)/ (SKIN AND VENEREAL DISEASES)/ (VENEREOLOGY)",Private Management Quota,UR,General,Fresh Allotment
528,2,57457,52,ICARE INSTITUTE OF MEDICAL SCIENCES AND RESEARCH HALDIA,"M.D. (DERM.,VENE. AND LEPROSY)/ (DERMATOLOGY)/ (SKIN AND VENEREAL DISEASES)/ (VENEREOLOGY)",Open Quota,SC,SC,Fresh Allotment
529,2,57482,4,NIL RATAN SIRCAR MEDICAL COLLEGE,M.D. (PREVENTIVE AND SOCIAL MEDICINE)/ COMMUNITY MEDICINE,Open Quota,OBC-A (Non- Creamy Layer),OBC-A (Non- Creamy Layer),Fresh Allotment
530,1,57524,-,KPC MEDICAL COLLEGE,M.S. (E.N.T.),Open Quota,SC,SC,Not Upgraded
531,2,57594,29,KPC MEDICAL COLLEGE,M.D. (ANAESTHESIOLOGY),Open Quota,OBC-B (Non- Creamy Layer),OBC-B (Non- Creamy Layer),Fresh Allotment
532,2,57610,21,GOURI DEVI INSTITUTE OF MEDICAL SCIENCES AND HOSPITAL,M.D. (PSYCHIATRY),Open Quota,OBC-A (Non- Creamy Layer),OBC-A (Non- Creamy Layer),Fresh Allotment
533,2,57615,7,JAGANNATH GUPTA INSTITUTE OF MEDICAL SCIENCES AND HOSPITAL,"M.D. (DERM.,VENE. AND LEPROSY)/ (DERMATOLOGY)/ (SKIN AND VENEREAL DISEASES)/ (VENEREOLOGY)",Private Management Quota,UR,General,Upgraded
534,1,57691,-,DISTRICT HOSPITAL NADIA,(NBEMS-DIPLOMA) RADIO-DIAGNOSIS,In-Service DNB,UR,OBC-A (Non- Creamy Layer),Retained
535,1,57732,-,R G KAR MEDICAL COLLEGE,M.D. (PATHOLOGY),Open Quota,SC,SC,Retained
536,2,58339,22,ICARE INSTITUTE OF MEDICAL SCIENCES AND RESEARCH HALDIA,M.D. (TUBERCULOSIS AND RESPIRATORY DISEASES)/PULMONA RY MEDICINE /M.D. (RESPIRATORY MEDICINE),Private Management Quota,UR,General,Fresh Allotment
537,1,58543,-,CALCUTTA NATIONAL MEDICAL COLLEGE KOLKATA,DIPLOMA IN ANAESTHESIOLOGY,Open Quota,SC,SC,Not Upgraded
538,2,58581,5,JAGANNATH GUPTA INSTITUTE OF MEDICAL SCIENCES AND HOSPITAL,M.S. (ORTHOPAEDICS),Private Management Quota,UR,General,Upgraded
539,1,59199,-,CALCUTTA NATIONAL MEDICAL COLLEGE KOLKATA,M.D. (GENERAL MEDICINE),In-Service,UR,General,Retained
540,1,59436,-,KPC MEDICAL COLLEGE,M.D. (ANAESTHESIOLOGY),Private Management Quota,UR,General,Retained
541,1,59646,-,MEDICAL COLLEGE KOLKATA,DIPLOMA IN OPHTHALMOLOGY/DO MS,Open Quota,OBC-B (Non- Creamy Layer),OBC-B (Non- Creamy Layer),Not Upgraded
542,2,59671,40,"IQ CITY MEDICAL COLLEGE, DURGAPUR",M.D. (PATHOLOGY),Open Quota,UR,General,Fresh Allotment
543,1,59685,-,SHRI RAMKRISHNA INSTITUTE OF MEDICAL SCIENCES & SANAKA HOSPITALS,M.D. (OBST. AND GYNAE)/MS (OBSTETRICS AND GYNAECOLOGY),Private Management Quota,UR,General,Not Upgraded
544,2,59983,8,ICARE INSTITUTE OF MEDICAL SCIENCES AND RESEARCH HALDIA,"M.D. (DERM.,VENE. AND LEPROSY)/ (DERMATOLOGY)/ (SKIN AND VENEREAL DISEASES)/ (VENEREOLOGY)",Private Management Quota,UR,General,Fresh Allotment
545,1,60711,-,"SCHOOL OF TROPICAL MEDICINE, KOLKATA","M.D. (DERM.,VENE. AND LEPROSY)/ (DERMATOLOGY)/ (SKIN AND VENEREAL DISEASES)/ (VENEREOLOGY)",In-Service,UR,SC,Retained
546,2,60752,9,"IQ CITY MEDICAL COLLEGE, DURGAPUR",M.D. (TUBERCULOSIS AND RESPIRATORY DISEASES)/PULMONA RY MEDICINE /M.D. (RESPIRATORY MEDICINE),Private Management Quota,UR,General,Fresh Allotment
547,1,60766,-,NIL RATAN SIRCAR MEDICAL COLLEGE,"M.D. (DERM.,VENE. AND LEPROSY)/ (DERMATOLOGY)/ (SKIN AND VENEREAL DISEASES)/ (VENEREOLOGY)",In-Service,UR,General,Retained
548,2,60816,20,ALL INDIA INSTITUTE OF HYGIENE AND PUBLIC HEALTH,M.D. (PREVENTIVE AND SOCIAL MEDICINE)/ COMMUNITY MEDICINE,Open Quota,SC,SC,Fresh Allotment
549,1,60925,-,BANKURA SAMMILANI MEDICAL COLLEGE,M.D. (RADIO- DIAGNOSIS),In-Service,OBC-A (Non- Creamy Layer),OBC-A (Non- Creamy Layer),Retained
550,1,61102,-,MEDICAL COLLEGE KOLKATA,DIPLOMA IN OTO- RHINO- LARYNGOLOGY,Open Quota,EWS,EWS,Not Upgraded
551,1,61183,-,GOURI DEVI INSTITUTE OF MEDICAL SCIENCES AND HOSPITAL,M.D. (TUBERCULOSIS AND RESPIRATORY DISEASES)/PULMONA RY MEDICINE /M.D. (RESPIRATORY MEDICINE),Private Management Quota,UR,General,Not Upgraded
552,1,61782,-,GOURI DEVI INSTITUTE OF MEDICAL SCIENCES AND HOSPITAL,M.D. (OBST. AND GYNAE)/MS (OBSTETRICS AND GYNAECOLOGY),Private Management Quota,UR,OBC (Non-Creamy Layer),Retained
553,1,61830,-,GOURI DEVI INSTITUTE OF MEDICAL SCIENCES AND HOSPITAL,M.D. (OBST. AND GYNAE)/MS (OBSTETRICS AND GYNAECOLOGY),Private Management Quota,UR,General,Not Upgraded
554,1,61886,-,MURSHIDABAD MEDICAL COLLEGE AND HOSPITAL,M.D. (RADIO- DIAGNOSIS),In-Service,SC,SC,Retained
555,2,62128,5,GOURI DEVI INSTITUTE OF MEDICAL SCIENCES AND HOSPITAL,"M.D. (DERM.,VENE. AND LEPROSY)/ (DERMATOLOGY)/ (SKIN AND VENEREAL DISEASES)/ (VENEREOLOGY)",Private Management Quota,UR,General,Fresh Allotment
556,2,62532,49,GOURI DEVI INSTITUTE OF MEDICAL SCIENCES AND HOSPITAL,M.D. (PAEDIATRICS),Private Management Quota,UR,General,Fresh Allotment
557,2,62668,133,"IQ CITY MEDICAL COLLEGE, DURGAPUR",M.D. (TUBERCULOSIS AND RESPIRATORY DISEASES)/PULMONA RY MEDICINE /M.D. (RESPIRATORY MEDICINE),Open Quota,OBC-B (Non- Creamy Layer),OBC-B (Non- Creamy Layer),Fresh Allotment
558,1,62692,-,CALCUTTA NATIONAL MEDICAL COLLEGE KOLKATA,"M.D. (DERM.,VENE. AND LEPROSY)/ (DERMATOLOGY)/ (SKIN AND VENEREAL DISEASES)/ (VENEREOLOGY)",In-Service,UR,OBC-A (Non- Creamy Layer),Not Upgraded
559,1,62724,-,R G KAR MEDICAL COLLEGE,M.D. (GENERAL MEDICINE),In-Service,UR,General,Not Upgraded
560,2,62824,2,BANKURA SAMMILANI MEDICAL COLLEGE,M.D. (OBST. AND GYNAE)/MS (OBSTETRICS AND GYNAECOLOGY),Open Quota,ST,ST,Fresh Allotment
561,1,62958,-,R G KAR MEDICAL COLLEGE,M.D. (GENERAL MEDICINE),In-Service,UR,General,Retained
562,2,63196,5,GOURI DEVI INSTITUTE OF MEDICAL SCIENCES AND HOSPITAL,"M.D. (DERM.,VENE. AND LEPROSY)/ (DERMATOLOGY)/ (SKIN AND VENEREAL DISEASES)/ (VENEREOLOGY)",Private Management Quota,UR,General,Fresh Allotment
563,2,63492,20,JIS SCHOOL OF MEDICAL SCIENCE & RESEARCH,M.D. (ANAESTHESIOLOGY),Private Management Quota,UR,OBC-A (Non- Creamy Layer),Fresh Allotment
564,2,63572,25,KPC MEDICAL COLLEGE,M.D. (PAEDIATRICS),Open Quota,EWS,EWS,Upgraded
565,1,63582,-,MEDICAL COLLEGE KOLKATA,DIPLOMA IN OPHTHALMOLOGY/DO MS,Open Quota,SC,SC,Not Upgraded
566,2,63980,97,MURSHIDABAD MEDICAL COLLEGE AND HOSPITAL,M.D. (PREVENTIVE AND SOCIAL MEDICINE)/ COMMUNITY MEDICINE,Open Quota,UR,General,Fresh Allotment
567,2,64696,15,KPC MEDICAL COLLEGE,M.S. (GENERAL SURGERY),Private Management Quota,UR,General,Fresh Allotment
568,2,64935,89,NIL RATAN SIRCAR MEDICAL COLLEGE,M.D. (PREVENTIVE AND SOCIAL MEDICINE)/ COMMUNITY MEDICINE,Open Quota,SC,SC,Fresh Allotment
569,2,65473,93,COLLEGE OF MEDICINE AND JNM HOSPITAL KALYANI,M.D. (MICROBIOLOGY),Open Quota,UR,General,Upgraded
570,1,65887,-,"RAMAKRISHNA MISSION SEVA PRATISHTHAN VIVEKANANDA INSTITUTE OF MEDICAL SCIENCES, KOLKATA",M.D. (RADIO- DIAGNOSIS),In-Service,SC,SC,Retained
571,1,65935,-,JAGANNATH GUPTA INSTITUTE OF MEDICAL SCIENCES AND HOSPITAL,"M.D. (DERM.,VENE. AND LEPROSY)/ (DERMATOLOGY)/ (SKIN AND VENEREAL DISEASES)/ (VENEREOLOGY)",Open Quota,SC,SC,Not Upgraded
572,2,66248,6,JAGANNATH GUPTA INSTITUTE OF MEDICAL SCIENCES AND HOSPITAL,M.D. (PAEDIATRICS),Private Management Quota,UR,EWS,Fresh Allotment
573,1,66418,-,JAGANNATH GUPTA INSTITUTE OF MEDICAL SCIENCES AND HOSPITAL,M.D. (ANAESTHESIOLOGY),Private Management Quota,UR,General,Not Upgraded
574,1,66465,-,KPC MEDICAL COLLEGE,M.S. (E.N.T.),Private Management Quota,UR,General,Not Upgraded
575,2,66528,55,SHRI RAMKRISHNA INSTITUTE OF MEDICAL SCIENCES & SANAKA HOSPITALS,M.D. (GENERAL MEDICINE),Private Management Quota,UR,General,Fresh Allotment
576,2,66597,3,GOURI DEVI INSTITUTE OF MEDICAL SCIENCES AND HOSPITAL,M.D. (OBST. AND GYNAE)/MS (OBSTETRICS AND GYNAECOLOGY),Private Management Quota,UR,General,Fresh Allotment
577,2,66766,107,BURDWAN MEDICAL COLLEGE,M.D. (MICROBIOLOGY),Open Quota,UR,General,Upgraded
578,2,67005,5,KPC MEDICAL COLLEGE,M.S. (GENERAL SURGERY),Private Management Quota,UR,General,Fresh Allotment
579,1,67092,-,INSTITUTE OF POST GRADUATE MEDICAL EDUCATION AND RESEARCH KOLKATA,M.D. (PHYSIOLOGY),Open Quota,UR,General,Not Upgraded
580,1,67109,-,NORTH BENGAL MEDICAL COLLEGE AND HOSPITAL,M.D. (GENERAL MEDICINE),In-Service,UR,General,Retained
581,2,67410,2,"IQ CITY MEDICAL COLLEGE, DURGAPUR",M.D. (PATHOLOGY),Private Management Quota,UR,General,Fresh Allotment
582,2,67464,29,JIS SCHOOL OF MEDICAL SCIENCE & RESEARCH,M.D. (PAEDIATRICS),Private Management Quota,UR,General,Fresh Allotment
583,2,67501,130,BURDWAN MEDICAL COLLEGE,M.D. (PATHOLOGY),Open Quota,OBC-A (Non- Creamy Layer),OBC-A (Non- Creamy Layer),Fresh Allotment
584,2,67525,3,NIL RATAN SIRCAR MEDICAL COLLEGE,M.D. (PHARMACOLOGY),Open Quota,UR,General,Fresh Allotment
585,2,68419,3,CALCUTTA NATIONAL MEDICAL COLLEGE KOLKATA,M.D. (PHARMACOLOGY),Open Quota,UR,General,Fresh Allotment
586,2,68423,3,GOURI DEVI INSTITUTE OF MEDICAL SCIENCES AND HOSPITAL,M.D. (PAEDIATRICS),Private Management Quota,UR,General,Fresh Allotment
587,2,68549,1,INSTITUTE OF POST GRADUATE MEDICAL EDUCATION AND RESEARCH KOLKATA,M.S. (ORTHOPAEDICS),Open Quota,ST,ST,Upgraded
588,1,68702,-,CALCUTTA NATIONAL MEDICAL COLLEGE KOLKATA,M.D. (GENERAL MEDICINE),In-Service,UR,General,Not Upgraded
589,1,68790,-,"RAMAKRISHNA MISSION SEVA PRATISHTHAN VIVEKANANDA INSTITUTE OF MEDICAL SCIENCES, KOLKATA",M.D. (GENERAL MEDICINE),In-Service,UR,General,Retained
590,1,68803,-,GOURI DEVI INSTITUTE OF MEDICAL SCIENCES AND HOSPITAL,M.D. (TUBERCULOSIS AND RESPIRATORY DISEASES)/PULMONA RY MEDICINE /M.D. (RESPIRATORY MEDICINE),Private Management Quota,UR,General,Not Upgraded
591,1,68806,-,MIDNAPORE MEDICAL COLLEGE,M.D. (OBST. AND GYNAE)/MS (OBSTETRICS AND GYNAECOLOGY),Open Quota,ST,ST,Not Upgraded
592,2,69285,17,SHRI RAMKRISHNA INSTITUTE OF MEDICAL SCIENCES & SANAKA HOSPITALS,M.D. (GENERAL MEDICINE),Open Quota,SC,SC,Fresh Allotment
593,1,69317,-,NIL RATAN SIRCAR MEDICAL COLLEGE,M.D. (ANAESTHESIOLOGY),Open Quota,ST,ST,Retained
594,2,69525,46,SHRI RAMKRISHNA INSTITUTE OF MEDICAL SCIENCES & SANAKA HOSPITALS,M.D. (PAEDIATRICS),Open Quota,SC,SC,Fresh Allotment
595,2,69554,53,MEDICAL COLLEGE KOLKATA,DIPLOMA IN OPHTHALMOLOGY/DO MS,Open Quota,SC,SC,Fresh Allotment
596,2,69570,1,ICARE INSTITUTE OF MEDICAL SCIENCES AND RESEARCH HALDIA,M.D. (PAEDIATRICS),Private Management Quota,UR,OBC (Non-Creamy Layer),Fresh Allotment
597,2,69600,143,MEDICAL COLLEGE KOLKATA,M.D. (BIOCHEMISTRY),Open Quota,UR,General,Upgraded
598,2,69759,101,GOURI DEVI INSTITUTE OF MEDICAL SCIENCES AND HOSPITAL,M.D. (PATHOLOGY),Open Quota,UR,General,Fresh Allotment
599,2,69901,79,NORTH BENGAL MEDICAL COLLEGE AND HOSPITAL,M.D. (PATHOLOGY),Open Quota,OBC-A (Non- Creamy Layer),OBC-A (Non- Creamy Layer),Fresh Allotment
600,2,69962,90,KPC MEDICAL COLLEGE,M.D. (PREVENTIVE AND SOCIAL MEDICINE)/ COMMUNITY MEDICINE,Open Quota,UR,General,Fresh Allotment
601,2,70012,82,ICARE INSTITUTE OF MEDICAL SCIENCES AND RESEARCH HALDIA,M.S. (ORTHOPAEDICS),Open Quota,SC,SC,Fresh Allotment
602,2,70879,10,SHRI RAMKRISHNA INSTITUTE OF MEDICAL SCIENCES & SANAKA HOSPITALS,M.D. (OBST. AND GYNAE)/MS (OBSTETRICS AND GYNAECOLOGY),Private Management Quota,UR,General,Fresh Allotment
603,1,71339,-,BURDWAN MEDICAL COLLEGE,M.D. (GENERAL MEDICINE),In-Service,UR,General,Retained
604,2,71715,17,INSTITUTE OF POST GRADUATE MEDICAL EDUCATION AND RESEARCH KOLKATA,M.D. (BIOCHEMISTRY),Open Quota,UR,General,Fresh Allotment
605,2,72724,23,SHRI RAMKRISHNA INSTITUTE OF MEDICAL SCIENCES & SANAKA HOSPITALS,M.S. (GENERAL SURGERY),Private Management Quota,UR,General,Fresh Allotment
606,1,73052,-,ICARE INSTITUTE OF MEDICAL SCIENCES AND RESEARCH HALDIA,M.D. (ANAESTHESIOLOGY),Open Quota,SC,SC,Not Upgraded
607,1,73274,-,BANKURA SAMMILANI MEDICAL COLLEGE,M.S. (OPHTHALMOLOGY),In-Service,UR,General,Not Upgraded
608,2,73325,54,JAGANNATH GUPTA INSTITUTE OF MEDICAL SCIENCES AND HOSPITAL,M.D. (PAEDIATRICS),Private Management Quota,UR,General,Fresh Allotment
609,2,73530,6,JAGANNATH GUPTA INSTITUTE OF MEDICAL SCIENCES AND HOSPITAL,M.D. (PAEDIATRICS),Private Management Quota,UR,General,Fresh Allotment
610,2,73553,77,ICARE INSTITUTE OF MEDICAL SCIENCES AND RESEARCH HALDIA,M.D. (TUBERCULOSIS AND RESPIRATORY DISEASES)/PULMONA RY MEDICINE /M.D. (RESPIRATORY MEDICINE),Open Quota,SC,SC,Fresh Allotment
611,1,73599,-,"IQ CITY MEDICAL COLLEGE, DURGAPUR",M.D. (PREVENTIVE AND SOCIAL MEDICINE)/ COMMUNITY MEDICINE,Open Quota,UR,General,Retained
612,2,73677,93,GOURI DEVI INSTITUTE OF MEDICAL SCIENCES AND HOSPITAL,M.S. (GENERAL SURGERY),Open Quota,SC,SC,Fresh Allotment
613,2,73692,59,ESI PGIMSR AND ESIC MEDICAL COLLEGE JOKA KOLKATA,M.D. (BIOCHEMISTRY),Open Quota,UR,General,Upgraded
614,1,74324,-,INSTITUTE OF CHILD HEALTH,M.D. (PAEDIATRICS),In-Service,UR,General,Not Upgraded
615,2,74493,33,DIAMOND HARBOUR GOVERNMENT MEDICAL COLLEGE AND HOSPITAL,M.D. (PREVENTIVE AND SOCIAL MEDICINE)/ COMMUNITY MEDICINE,Open Quota,OBC-A (Non- Creamy Layer),OBC-A (Non- Creamy Layer),Upgraded
616,2,74551,7,"IQ CITY MEDICAL COLLEGE, DURGAPUR",M.D. (PATHOLOGY),Private Management Quota,UR,General,Fresh Allotment
617,2,74677,5,"IQ CITY MEDICAL COLLEGE, DURGAPUR",M.D. (PAEDIATRICS),Private Management Quota,UR,EWS,Fresh Allotment
618,1,74971,-,ICARE INSTITUTE OF MEDICAL SCIENCES AND RESEARCH HALDIA,M.D. (PSYCHIATRY),Open Quota,SC,SC,Not Upgraded
619,1,75359,-,MEDICAL COLLEGE KOLKATA,M.D. (PHYSIOLOGY),Open Quota,UR,General,Not Upgraded
620,1,75642,-,R G KAR MEDICAL COLLEGE,M.D. (PREVENTIVE AND SOCIAL MEDICINE)/ COMMUNITY MEDICINE,Open Quota,OBC-B (Non- Creamy Layer),OBC-B (Non- Creamy Layer),Not Upgraded
621,1,76098,-,R G KAR MEDICAL COLLEGE,M.S. (ORTHOPAEDICS),In-Service,UR,General,Retained
622,1,76588,-,ICARE INSTITUTE OF MEDICAL SCIENCES AND RESEARCH HALDIA,M.D. (PAEDIATRICS),Private Management Quota,UR,General,Not Upgraded
623,2,77052,3,CALCUTTA NATIONAL MEDICAL COLLEGE KOLKATA,M.S. (GENERAL SURGERY),Open Quota,ST,ST,Fresh Allotment
624,2,77175,76,"IQ CITY MEDICAL COLLEGE, DURGAPUR",M.S. (OPHTHALMOLOGY),Open Quota,SC,SC,Fresh Allotment
625,2,77565,2,INSTITUTE OF POST GRADUATE MEDICAL EDUCATION AND RESEARCH KOLKATA,M.D. (EMERGENCY AND CRITICAL CARE)/M.D. (EMERGENCY MEDICINE),Open Quota,ST,ST,Fresh Allotment
626,2,77571,51,"IQ CITY MEDICAL COLLEGE, DURGAPUR",M.D. (PAEDIATRICS),Private Management Quota,UR,General,Fresh Allotment
627,2,78421,15,SHRI RAMKRISHNA INSTITUTE OF MEDICAL SCIENCES & SANAKA HOSPITALS,M.D. (ANAESTHESIOLOGY),Open Quota,SC,SC,Fresh Allotment
628,1,78752,-,COLLEGE OF MEDICINE AND SAGORE DUTTA HOSPITAL,M.D. (GENERAL MEDICINE),In-Service,UR,General,Retained
629,1,79102,-,NIL RATAN SIRCAR MEDICAL COLLEGE,M.S. (ORTHOPAEDICS),In-Service,OBC-B (Non- Creamy Layer),OBC-B (Non- Creamy Layer),Retained
630,1,79253,-,JAGANNATH GUPTA INSTITUTE OF MEDICAL SCIENCES AND HOSPITAL,M.S. (ORTHOPAEDICS),Open Quota,SC,SC,Not Upgraded
631,1,79958,-,MEDICAL COLLEGE KOLKATA,M.D. (GENERAL MEDICINE),In-Service,OBC-A (Non- Creamy Layer),OBC-A (Non- Creamy Layer),Retained
632,2,80397,1,COLLEGE OF MEDICINE AND JNM HOSPITAL KALYANI,M.S. (E.N.T.),Open Quota,ST,ST,Fresh Allotment
633,2,80601,92,COLLEGE OF MEDICINE AND JNM HOSPITAL KALYANI,M.D. (PREVENTIVE AND SOCIAL MEDICINE)/ COMMUNITY MEDICINE,Open Quota,SC,SC,Fresh Allotment
634,2,80853,18,KPC MEDICAL COLLEGE,M.D. (GENERAL MEDICINE),Open Quota,ST,ST,Fresh Allotment
635,2,81106,7,JAGANNATH GUPTA INSTITUTE OF MEDICAL SCIENCES AND HOSPITAL,M.D. (TUBERCULOSIS AND RESPIRATORY DISEASES)/PULMONA RY MEDICINE /M.D. (RESPIRATORY MEDICINE),Private Management Quota,UR,OBC (Non-Creamy Layer),Fresh Allotment
636,2,81763,32,JAGANNATH GUPTA INSTITUTE OF MEDICAL SCIENCES AND HOSPITAL,M.D. (PSYCHIATRY),Open Quota,SC,SC,Fresh Allotment
637,2,81946,162,"IQ CITY MEDICAL COLLEGE, DURGAPUR",M.D. (PATHOLOGY),Private Management Quota,UR,General,Fresh Allotment
638,2,82040,18,SHRI RAMKRISHNA INSTITUTE OF MEDICAL SCIENCES & SANAKA HOSPITALS,M.D. (PAEDIATRICS),Private Management Quota,UR,General,Fresh Allotment
639,1,82863,-,BANKURA SAMMILANI MEDICAL COLLEGE,M.D. (GENERAL MEDICINE),In-Service,UR,General,Retained
640,1,83135,-,M R BANGUR HOSPITAL,(NBEMS) ORTHOPAEDICS,In-Service DNB,UR,OBC-A (Non- Creamy Layer),Retained
641,2,83213,20,SHRI RAMKRISHNA INSTITUTE OF MEDICAL SCIENCES & SANAKA HOSPITALS,M.D. (PAEDIATRICS),Private Management Quota,UR,General,Fresh Allotment
642,2,83356,27,COLLEGE OF MEDICINE AND SAGORE DUTTA HOSPITAL,M.D. (BIOCHEMISTRY),Open Quota,UR,General,Upgraded
643,1,83506,-,CALCUTTA NATIONAL MEDICAL COLLEGE KOLKATA,M.D. (ANAESTHESIOLOGY),Open Quota,EWS,EWS,Not Upgraded
644,2,83591,52,KPC MEDICAL COLLEGE,M.D. (PHARMACOLOGY),Open Quota,UR,General,Fresh Allotment
645,1,83753,-,"CHITTARANJAN SEVA SADAN COLLEGE OF OBS. GYNAE AND CHILD HEALTH,KOLKATA",M.D. (PAEDIATRICS),In-Service,UR,General,Retained
646,1,83803,-,INSTITUTE OF POST GRADUATE MEDICAL EDUCATION AND RESEARCH KOLKATA,M.S. (ORTHOPAEDICS),In-Service,UR,General,Retained
647,2,83821,8,KPC MEDICAL COLLEGE,M.S. (ORTHOPAEDICS),Open Quota,ST,ST,Fresh Allotment
648,2,83902,3,"IQ CITY MEDICAL COLLEGE, DURGAPUR",M.S. (ORTHOPAEDICS),Private Management Quota,UR,General,Upgraded
649,2,84068,4,SHRI RAMKRISHNA INSTITUTE OF MEDICAL SCIENCES & SANAKA HOSPITALS,M.D. (PAEDIATRICS),Private Management Quota,UR,General,Fresh Allotment
650,1,84208,-,INSTITUTE OF POST GRADUATE MEDICAL EDUCATION AND RESEARCH KOLKATA,"M.D. (DERM.,VENE. AND LEPROSY)/ (DERMATOLOGY)/ (SKIN AND VENEREAL DISEASES)/ (VENEREOLOGY)",In-Service,SC,SC,Retained
651,1,84476,-,INSTITUTE OF POST GRADUATE MEDICAL EDUCATION AND RESEARCH KOLKATA,M.S. (ORTHOPAEDICS),In-Service,UR,General,Retained
652,1,84559,-,CALCUTTA NATIONAL MEDICAL COLLEGE KOLKATA,M.S. (ORTHOPAEDICS),In-Service,UR,General,Retained
653,1,84961,-,BURDWAN MEDICAL COLLEGE,M.D. (GENERAL MEDICINE),In-Service,UR,General,Retained
654,1,85633,-,BURDWAN MEDICAL COLLEGE,M.S. (ORTHOPAEDICS),In-Service,UR,OBC-A (Non- Creamy Layer),Not Upgraded
655,2,85720,6,GOURI DEVI INSTITUTE OF MEDICAL SCIENCES AND HOSPITAL,M.S. (GENERAL SURGERY),Private Management Quota,UR,General,Fresh Allotment
656,2,85734,74,GOURI DEVI INSTITUTE OF MEDICAL SCIENCES AND HOSPITAL,M.D. (PREVENTIVE AND SOCIAL MEDICINE)/ COMMUNITY MEDICINE,Open Quota,UR,General,Fresh Allotment
657,2,85850,148,KPC MEDICAL COLLEGE,M.S. (OPHTHALMOLOGY),Private Management Quota,UR,General,Upgraded
658,1,86287,-,MIDNAPORE MEDICAL COLLEGE,M.D. (GENERAL MEDICINE),In-Service,UR,General,Retained
659,2,86391,17,"IQ CITY MEDICAL COLLEGE, DURGAPUR",M.S. (ORTHOPAEDICS),Private Management Quota,UR,General,Fresh Allotment
660,1,86572,-,INSTITUTE OF POST GRADUATE MEDICAL EDUCATION AND RESEARCH KOLKATA,M.S. (GENERAL SURGERY),In-Service,UR,SC,Retained
661,1,86666,-,SHRI RAMKRISHNA INSTITUTE OF MEDICAL SCIENCES & SANAKA HOSPITALS,M.S. (ORTHOPAEDICS),Private Management Quota,UR,General,Retained
662,1,87051,-,MALDA MEDICAL COLLEGE AND HOSPITAL,M.D. (MICROBIOLOGY),Open Quota,SC,SC,Not Upgraded
663,1,87276,-,DIAMOND HARBOUR GOVERNMENT MEDICAL COLLEGE AND HOSPITAL,(NBEMS) PAEDIATRICS,In-Service DNB,UR,SC,Retained
664,2,87513,3,R G KAR MEDICAL COLLEGE,M.D. (ANAESTHESIOLOGY),Open Quota,ST,ST,Fresh Allotment
665,2,87680,86,R G KAR MEDICAL COLLEGE,M.D. (MICROBIOLOGY),Open Quota,SC,SC,Upgraded
666,1,88373,-,CALCUTTA NATIONAL MEDICAL COLLEGE KOLKATA,M.S. (ORTHOPAEDICS),In-Service,OBC-A (Non- Creamy Layer),OBC-A (Non- Creamy Layer),Retained
667,1,88676,-,INSTITUTE OF POST GRADUATE MEDICAL EDUCATION AND RESEARCH KOLKATA,M.D. (TUBERCULOSIS AND RESPIRATORY DISEASES)/PULMONA RY MEDICINE /M.D. (RESPIRATORY MEDICINE),In-Service,UR,General,Not Upgraded
668,2,89668,2,GOURI DEVI INSTITUTE OF MEDICAL SCIENCES AND HOSPITAL,M.S. (GENERAL SURGERY),Private Management Quota,UR,General,Fresh Allotment
669,2,89788,7,"IQ CITY MEDICAL COLLEGE, DURGAPUR",M.S. (ORTHOPAEDICS),Private Management Quota,UR,OBC (Non-Creamy Layer),Fresh Allotment
670,1,90051,-,"IQ CITY MEDICAL COLLEGE, DURGAPUR",M.S. (OPHTHALMOLOGY),Private Management Quota,UR,General,Not Upgraded
671,2,90377,13,"IQ CITY MEDICAL COLLEGE, DURGAPUR",M.S. (ORTHOPAEDICS),Private Management Quota,UR,General,Fresh Allotment
672,2,90676,44,NORTH BENGAL MEDICAL COLLEGE AND HOSPITAL,M.S. (GENERAL SURGERY),Open Quota,ST,ST,Fresh Allotment
673,2,90730,123,DIAMOND HARBOUR GOVERNMENT MEDICAL COLLEGE AND HOSPITAL,M.D. (BIOCHEMISTRY),Open Quota,UR,General,Fresh Allotment
674,1,91149,-,INSTITUTE OF POST GRADUATE MEDICAL EDUCATION AND RESEARCH KOLKATA,M.D. (GENERAL MEDICINE),In-Service,SC,SC,Retained
675,2,91948,14,BURDWAN MEDICAL COLLEGE,M.D. (BIOCHEMISTRY),Open Quota,UR,General,Fresh Allotment
676,1,92057,-,"IQ CITY MEDICAL COLLEGE, DURGAPUR",M.S. (GENERAL SURGERY),Private Management Quota,UR,General,Not Upgraded
677,1,92462,-,INSTITUTE OF POST GRADUATE MEDICAL EDUCATION AND RESEARCH KOLKATA,M.D. (PSYCHIATRY),In-Service,UR,OBC-A (Non- Creamy Layer),Retained
678,1,92574,-,R G KAR MEDICAL COLLEGE,M.D. (PHYSIOLOGY),Open Quota,UR,General,Not Upgraded
679,1,92723,-,MEDICAL COLLEGE KOLKATA,M.D. (PREVENTIVE AND SOCIAL MEDICINE)/ COMMUNITY MEDICINE,Open Quota,ST,ST,Not Upgraded
680,2,92768,8,BURDWAN MEDICAL COLLEGE,M.D. (ANAESTHESIOLOGY),Open Quota,ST,ST,Upgraded
681,1,92972,-,R G KAR MEDICAL COLLEGE,"M.D. (DERM.,VENE. AND LEPROSY)/ (DERMATOLOGY)/ (SKIN AND VENEREAL DISEASES)/ (VENEREOLOGY)",In-Service,ST,ST,Retained
682,2,93025,11,KPC MEDICAL COLLEGE,M.D. (PATHOLOGY),Private Management Quota,UR,General,Fresh Allotment
683,2,93057,5,JIS SCHOOL OF MEDICAL SCIENCE & RESEARCH,M.D. (ANAESTHESIOLOGY),Private Management Quota,UR,General,Fresh Allotment
684,2,93582,2,INFECTIOUS DISEASES AND BELIAGHATA GENERAL HOSPITAL,(NBEMS) GENERAL MEDICINE,In-Service DNB,UR,OBC-B (Non- Creamy Layer),Fresh Allotment
685,2,93691,69,JAGANNATH GUPTA INSTITUTE OF MEDICAL SCIENCES AND HOSPITAL,M.D. (ANAESTHESIOLOGY),Open Quota,OBC-A (Non- Creamy Layer),OBC-A (Non- Creamy Layer),Fresh Allotment
686,1,94406,-,CALCUTTA NATIONAL MEDICAL COLLEGE KOLKATA,M.D. (PHYSIOLOGY),Open Quota,UR,General,Not Upgraded
687,2,94952,3,GOURI DEVI INSTITUTE OF MEDICAL SCIENCES AND HOSPITAL,M.S. (GENERAL SURGERY),Private Management Quota,UR,General,Fresh Allotment
688,1,95805,-,"RAMAKRISHNA MISSION SEVA PRATISHTHAN VIVEKANANDA INSTITUTE OF MEDICAL SCIENCES, KOLKATA",M.S. (ORTHOPAEDICS),In-Service,UR,General,Not Upgraded
689,1,95914,-,ICARE INSTITUTE OF MEDICAL SCIENCES AND RESEARCH HALDIA,M.S. (ORTHOPAEDICS),Private Management Quota,UR,General,Not Upgraded
690,2,95980,1,SHRI RAMKRISHNA INSTITUTE OF MEDICAL SCIENCES & SANAKA HOSPITALS,M.S. (ORTHOPAEDICS),Private Management Quota,UR,General,Fresh Allotment
691,2,96115,14,"IQ CITY MEDICAL COLLEGE, DURGAPUR",M.D. (ANAESTHESIOLOGY),Private Management Quota,UR,General,Fresh Allotment
692,1,96566,-,MEDICAL COLLEGE KOLKATA,M.D. (TUBERCULOSIS AND RESPIRATORY DISEASES)/PULMONA RY MEDICINE /M.D. (RESPIRATORY MEDICINE),In-Service,UR,SC,Not Upgraded
693,2,96576,28,"IQ CITY MEDICAL COLLEGE, DURGAPUR",M.S. (GENERAL SURGERY),Private Management Quota,UR,OBC (Non-Creamy Layer),Fresh Allotment
694,1,97032,-,INSTITUTE OF POST GRADUATE MEDICAL EDUCATION AND RESEARCH KOLKATA,M.D. (OBST. AND GYNAE)/MS (OBSTETRICS AND GYNAECOLOGY),In-Service,UR,General,Retained
695,1,98265,-,R G KAR MEDICAL COLLEGE,M.D. (OBST. AND GYNAE)/MS (OBSTETRICS AND GYNAECOLOGY),In-Service,UR,General,Retained
696,1,98516,-,"IQ CITY MEDICAL COLLEGE, DURGAPUR",M.D. (ANAESTHESIOLOGY),Private Management Quota,UR,General,Not Upgraded
697,1,98584,-,INSTITUTE OF POST GRADUATE MEDICAL EDUCATION AND RESEARCH KOLKATA,M.D. (PAEDIATRICS),In-Service,UR,General,Not Upgraded
698,1,98685,-,ALL INDIA INSTITUTE OF HYGIENE AND PUBLIC HEALTH,M.P.H. (EPIDEMIOLOGY),Open Quota,SC,SC,Not Upgraded
699,1,98704,-,DISTRICT HOSPITAL HOWRAH,(NBEMS) GENERAL MEDICINE,In-Service DNB,UR,General,Retained
700,1,98813,-,ESI PGIMSR AND ESIC MEDICAL COLLEGE JOKA KOLKATA,M.D. (GENERAL MEDICINE),In-Service,UR,General,Not Upgraded
701,2,99112,156,GOURI DEVI INSTITUTE OF MEDICAL SCIENCES AND HOSPITAL,M.D. (PREVENTIVE AND SOCIAL MEDICINE)/ COMMUNITY MEDICINE,Open Quota,UR,General,Fresh Allotment
702,2,99677,17,JAGANNATH GUPTA INSTITUTE OF MEDICAL SCIENCES AND HOSPITAL,M.S. (GENERAL SURGERY),Private Management Quota,UR,General,Fresh Allotment
703,1,99688,-,MEDICAL COLLEGE KOLKATA,M.D. (PAEDIATRICS),In-Service,UR,General,Retained
704,1,99718,-,INSTITUTE OF CHILD HEALTH,M.D. (PAEDIATRICS),In-Service,OBC-B (Non- Creamy Layer),OBC-B (Non- Creamy Layer),Not Upgraded
705,1,100093,-,KPC MEDICAL COLLEGE,M.D. (RADIO- DIAGNOSIS),NRI Quota,UR,General,Retained
706,2,100686,5,"IQ CITY MEDICAL COLLEGE, DURGAPUR",M.S. (E.N.T.),Private Management Quota,UR,General,Fresh Allotment
707,2,100736,4,"IQ CITY MEDICAL COLLEGE, DURGAPUR",M.S. (GENERAL SURGERY),Private Management Quota,UR,General,Upgraded
708,2,101198,1,R G KAR MEDICAL COLLEGE,M.D. (PSYCHIATRY),In-Service,UR,General,Fresh Allotment
709,1,101429,-,NORTH BENGAL MEDICAL COLLEGE AND HOSPITAL,M.D. (OBST. AND GYNAE)/MS (OBSTETRICS AND GYNAECOLOGY),In-Service,UR,General,Retained
710,2,101993,121,KPC MEDICAL COLLEGE,M.D. (MICROBIOLOGY),Open Quota,UR,General,Fresh Allotment
711,1,102079,-,INSTITUTE OF POST GRADUATE MEDICAL EDUCATION AND RESEARCH KOLKATA,M.S. (ORTHOPAEDICS),In-Service,SC,SC,Not Upgraded
712,1,102185,-,MEDICAL COLLEGE KOLKATA,M.D. (PAEDIATRICS),In-Service,UR,General,Not Upgraded
713,1,102219,-,BURDWAN MEDICAL COLLEGE,M.D. (PAEDIATRICS),In-Service,UR,General,Retained
714,2,102484,14,SHRI RAMKRISHNA INSTITUTE OF MEDICAL SCIENCES & SANAKA HOSPITALS,M.S. (ORTHOPAEDICS),Private Management Quota,UR,General,Upgraded
715,1,102793,-,M R BANGUR HOSPITAL,(NBEMS) OBSTETRICS AND GYNAECOLOGY,In-Service DNB,SC,SC,Retained
716,2,102838,19,NIL RATAN SIRCAR MEDICAL COLLEGE,M.D. (FORENSIC MEDICINE),Open Quota,UR,General,Fresh Allotment
717,1,102888,-,MIDNAPORE MEDICAL COLLEGE,M.D. (PHARMACOLOGY),Open Quota,SC,SC,Not Upgraded
718,2,103049,61,GOURI DEVI INSTITUTE OF MEDICAL SCIENCES AND HOSPITAL,M.S. (E.N.T.),Private Management Quota,UR,General,Fresh Allotment
719,1,103106,-,MURSHIDABAD MEDICAL COLLEGE AND HOSPITAL,M.S. (GENERAL SURGERY),In-Service,UR,OBC-A (Non- Creamy Layer),Retained
720,1,103608,-,BURDWAN MEDICAL COLLEGE,M.D. (OBST. AND GYNAE)/MS (OBSTETRICS AND GYNAECOLOGY),In-Service,UR,OBC-B (Non- Creamy Layer),Not Upgraded
721,2,104095,32,GOURI DEVI INSTITUTE OF MEDICAL SCIENCES AND HOSPITAL,M.S. (ORTHOPAEDICS),Private Management Quota,UR,General,Upgraded
722,1,104157,-,DR. B C ROY POST GRADUATE INSTITUTE OF PAEDIATRIC SCIENCES,M.D. (PAEDIATRICS),In-Service,UR,General,Retained
723,1,104572,-,R G KAR MEDICAL COLLEGE,M.D. (PAEDIATRICS),In-Service,UR,General,Not Upgraded
724,1,104643,-,CALCUTTA NATIONAL MEDICAL COLLEGE KOLKATA,M.D. (PAEDIATRICS),In-Service,UR,General,Not Upgraded
725,1,104651,-,INSTITUTE OF POST GRADUATE MEDICAL EDUCATION AND RESEARCH KOLKATA,M.D. (OBST. AND GYNAE)/MS (OBSTETRICS AND GYNAECOLOGY),In-Service,UR,General,Retained
726,2,104996,80,SHRI RAMKRISHNA INSTITUTE OF MEDICAL SCIENCES & SANAKA HOSPITALS,M.S. (E.N.T.),Open Quota,ST,ST,Fresh Allotment
727,2,105024,3,KPC MEDICAL COLLEGE,M.S. (OPHTHALMOLOGY),Private Management Quota,UR,SC,Fresh Allotment
728,2,105123,32,JAGANNATH GUPTA INSTITUTE OF MEDICAL SCIENCES AND HOSPITAL,M.S. (GENERAL SURGERY),Private Management Quota,UR,General,Fresh Allotment
729,2,105195,10,BANKURA SAMMILANI MEDICAL COLLEGE,M.D. (TUBERCULOSIS AND RESPIRATORY DISEASES)/PULMONA RY MEDICINE /M.D. (RESPIRATORY MEDICINE),In-Service,UR,General,Upgraded
730,1,105719,-,CALCUTTA NATIONAL MEDICAL COLLEGE KOLKATA,M.D. (GENERAL MEDICINE),In-Service,OBC-A (Non- Creamy Layer),OBC-A (Non- Creamy Layer),Not Upgraded
731,2,105889,37,JAGANNATH GUPTA INSTITUTE OF MEDICAL SCIENCES AND HOSPITAL,M.S. (GENERAL SURGERY),Private Management Quota,UR,SC,Fresh Allotment
732,1,106174,-,ASANSOL DISTRICT HOSPITAL,(NBEMS) PAEDIATRICS,In-Service DNB,SC,SC,Retained
733,2,106293,6,SHRI RAMKRISHNA INSTITUTE OF MEDICAL SCIENCES & SANAKA HOSPITALS,M.S. (ORTHOPAEDICS),Private Management Quota,UR,OBC (Non-Creamy Layer),Fresh Allotment
734,1,106471,-,GOURI DEVI INSTITUTE OF MEDICAL SCIENCES AND HOSPITAL,M.D. (PATHOLOGY),Private Management Quota,UR,SC,Not Upgraded
735,2,106528,4,BANKURA SAMMILANI MEDICAL COLLEGE,M.S. (E.N.T.),In-Service,UR,General,Fresh Allotment
736,1,106535,-,MALDA MEDICAL COLLEGE AND HOSPITAL,M.D. (PAEDIATRICS),In-Service,UR,General,Retained
737,2,106759,18,ICARE INSTITUTE OF MEDICAL SCIENCES AND RESEARCH HALDIA,M.S. (OPHTHALMOLOGY),Private Management Quota,UR,OBC (Non-Creamy Layer),Fresh Allotment
738,1,107451,-,ALL INDIA INSTITUTE OF HYGIENE AND PUBLIC HEALTH,M.D. (PREVENTIVE AND SOCIAL MEDICINE)/ COMMUNITY MEDICINE,In-Service,UR,SC,Not Upgraded
739,2,107593,127,COLLEGE OF MEDICINE AND SAGORE DUTTA HOSPITAL,M.D. (MICROBIOLOGY),Open Quota,SC,SC,Fresh Allotment
740,2,107791,16,KPC MEDICAL COLLEGE,M.D. (BIOCHEMISTRY),Open Quota,UR,General,Fresh Allotment
741,1,107900,-,ICARE INSTITUTE OF MEDICAL SCIENCES AND RESEARCH HALDIA,M.D. (PSYCHIATRY),Private Management Quota,UR,General,Retained
742,1,108085,-,MEDICAL COLLEGE KOLKATA,M.D. (GENERAL MEDICINE),In-Service,SC,SC,Retained
743,1,108261,-,MEDICAL COLLEGE KOLKATA,M.S. (OPHTHALMOLOGY),In-Service,UR,SC,Retained
744,2,108317,138,COLLEGE OF MEDICINE AND JNM HOSPITAL KALYANI,M.D. (PHYSIOLOGY),Open Quota,UR,General,Fresh Allotment
745,2,108489,8,JAGANNATH GUPTA INSTITUTE OF MEDICAL SCIENCES AND HOSPITAL,M.S. (GENERAL SURGERY),Private Management Quota,UR,General,Fresh Allotment
746,2,108673,2,GOURI DEVI INSTITUTE OF MEDICAL SCIENCES AND HOSPITAL,M.S. (GENERAL SURGERY),Private Management Quota,UR,General,Fresh Allotment
747,1,108703,-,R G KAR MEDICAL COLLEGE,M.D. (TUBERCULOSIS AND RESPIRATORY DISEASES)/PULMONA RY MEDICINE /M.D. (RESPIRATORY MEDICINE),In-Service,UR,General,Not Upgraded
748,2,109289,15,JAGANNATH GUPTA INSTITUTE OF MEDICAL SCIENCES AND HOSPITAL,M.S. (GENERAL SURGERY),Private Management Quota,UR,General,Fresh Allotment
749,1,109327,-,KPC MEDICAL COLLEGE,M.D. (RADIO- DIAGNOSIS),NRI Quota,UR,General,Retained
750,1,109520,-,NIL RATAN SIRCAR MEDICAL COLLEGE,M.D. (PAEDIATRICS),In-Service,UR,General,Not Upgraded
751,1,109783,-,BURDWAN MEDICAL COLLEGE,M.S. (GENERAL SURGERY),In-Service,UR,General,Not Upgraded
752,2,109954,3,"IQ CITY MEDICAL COLLEGE, DURGAPUR",M.S. (GENERAL SURGERY),Private Management Quota,UR,General,Fresh Allotment
753,1,110045,-,ICARE INSTITUTE OF MEDICAL SCIENCES AND RESEARCH HALDIA,M.S. (E.N.T.),Private Management Quota,UR,General,Not Upgraded
754,1,110225,-,MIDNAPORE MEDICAL COLLEGE,M.D. (PAEDIATRICS),In-Service,UR,General,Not Upgraded
755,1,110337,-,NORTH BENGAL MEDICAL COLLEGE AND HOSPITAL,M.D. (GENERAL MEDICINE),In-Service,OBC-A (Non- Creamy Layer),OBC-A (Non- Creamy Layer),Not Upgraded
756,1,110502,-,CALCUTTA NATIONAL MEDICAL COLLEGE KOLKATA,M.D. (PSYCHIATRY),In-Service,SC,SC,Retained
757,1,110575,-,R G KAR MEDICAL COLLEGE,M.D. (PHARMACOLOGY),Open Quota,OBC-A (Non- Creamy Layer),OBC-A (Non- Creamy Layer),Not Upgraded
758,1,111049,-,CALCUTTA NATIONAL MEDICAL COLLEGE KOLKATA,M.D. (PAEDIATRICS),In-Service,SC,SC,Retained
759,1,111066,-,MEDICAL COLLEGE KOLKATA,M.S. (OPHTHALMOLOGY),In-Service,UR,General,Not Upgraded
760,1,111068,-,CALCUTTA NATIONAL MEDICAL COLLEGE KOLKATA,M.D. (GENERAL MEDICINE),In-Service,SC,SC,Retained
761,2,111110,53,R G KAR MEDICAL COLLEGE,M.D. (ANAESTHESIOLOGY),Open Quota,EWS,EWS,Fresh Allotment
762,2,111198,20,GOURI DEVI INSTITUTE OF MEDICAL SCIENCES AND HOSPITAL,M.D. (ANAESTHESIOLOGY),Private Management Quota,UR,SC,Fresh Allotment
763,2,111886,2,RAMPURHAT GOVT. MEDICAL COLLEGE AND HOSPITAL,(NBEMS) OBSTETRICS AND GYNAECOLOGY,In-Service DNB,UR,General,Fresh Allotment
764,1,112026,-,NORTH BENGAL MEDICAL COLLEGE AND HOSPITAL,M.D. (PAEDIATRICS),In-Service,SC,SC,Retained
765,1,112617,-,"RAMAKRISHNA MISSION SEVA PRATISHTHAN VIVEKANANDA INSTITUTE OF MEDICAL SCIENCES, KOLKATA",M.D. (GENERAL MEDICINE),In-Service,OBC-A (Non- Creamy Layer),OBC-A (Non- Creamy Layer),Not Upgraded
766,2,112623,4,"SCHOOL OF TROPICAL MEDICINE, KOLKATA",DIPLOMA IN CLINICAL PATHOLOGY,Open Quota,OBC-A (Non- Creamy Layer),OBC-A (Non- Creamy Layer),Fresh Allotment
767,2,112811,31,JAGANNATH GUPTA INSTITUTE OF MEDICAL SCIENCES AND HOSPITAL,M.D. (ANAESTHESIOLOGY),Private Management Quota,UR,OBC (Non-Creamy Layer),Fresh Allotment
768,2,112898,89,BANKURA SAMMILANI MEDICAL COLLEGE,M.D. (MICROBIOLOGY),Open Quota,SC,SC,Fresh Allotment
769,1,113497,-,BANKURA SAMMILANI MEDICAL COLLEGE,M.D. (OBST. AND GYNAE)/MS (OBSTETRICS AND GYNAECOLOGY),In-Service,UR,General,Not Upgraded
770,2,113640,24,KPC MEDICAL COLLEGE,M.D. (PATHOLOGY),Private Management Quota,UR,General,Upgraded
771,2,113684,5,BURDWAN MEDICAL COLLEGE,M.D. (PHYSIOLOGY),Open Quota,UR,General,Fresh Allotment
772,2,113754,23,ICARE INSTITUTE OF MEDICAL SCIENCES AND RESEARCH HALDIA,M.S. (GENERAL SURGERY),Private Management Quota,UR,General,Fresh Allotment
773,2,113800,21,"IQ CITY MEDICAL COLLEGE, DURGAPUR",M.S. (GENERAL SURGERY),Private Management Quota,UR,General,Fresh Allotment
774,2,113876,2,"IQ CITY MEDICAL COLLEGE, DURGAPUR",M.S. (GENERAL SURGERY),Private Management Quota,UR,General,Fresh Allotment
775,2,113970,1,"IQ CITY MEDICAL COLLEGE, DURGAPUR",M.S. (OPHTHALMOLOGY),Private Management Quota,UR,OBC (Non-Creamy Layer),Fresh Allotment
776,2,114112,5,Jalpaiguri Government Medical College and Hospital (Formerly DISTRICT HOSPITAL) JALPAIGURI,(NBEMS) GENERAL MEDICINE,In-Service DNB,UR,General,Upgraded
777,2,114484,28,"IQ CITY MEDICAL COLLEGE, DURGAPUR",M.S. (GENERAL SURGERY),Private Management Quota,UR,General,Upgraded
778,2,114588,5,SHRI RAMKRISHNA INSTITUTE OF MEDICAL SCIENCES & SANAKA HOSPITALS,M.S. (GENERAL SURGERY),Private Management Quota,UR,General,Fresh Allotment
779,2,114619,47,"IQ CITY MEDICAL COLLEGE, DURGAPUR",M.S. (OPHTHALMOLOGY),Private Management Quota,UR,General,Fresh Allotment
780,1,114649,-,R G KAR MEDICAL COLLEGE,M.D. (PAEDIATRICS),In-Service,OBC-A (Non- Creamy Layer),OBC-A (Non- Creamy Layer),Retained
781,1,114848,-,MIDNAPORE MEDICAL COLLEGE,M.S. (E.N.T.),In-Service,UR,General,Not Upgraded
782,1,114925,-,"RAMAKRISHNA MISSION SEVA PRATISHTHAN VIVEKANANDA INSTITUTE OF MEDICAL SCIENCES, KOLKATA",M.D. (PAEDIATRICS),In-Service,UR,General,Not Upgraded
783,2,114968,14,BURDWAN MEDICAL COLLEGE,M.D. (OBST. AND GYNAE)/MS (OBSTETRICS AND GYNAECOLOGY),In-Service,OBC-A (Non- Creamy Layer),OBC-A (Non- Creamy Layer),Fresh Allotment
784,1,116414,-,R G KAR MEDICAL COLLEGE,M.D. (OBST. AND GYNAE)/MS (OBSTETRICS AND GYNAECOLOGY),In-Service,SC,SC,Not Upgraded
785,2,116661,40,INSTITUTE OF POST GRADUATE MEDICAL EDUCATION AND RESEARCH KOLKATA,M.D. (BIOCHEMISTRY),Open Quota,SC,SC,Fresh Allotment
786,1,116761,-,MIDNAPORE MEDICAL COLLEGE,M.D. (GENERAL MEDICINE),In-Service,SC,SC,Retained
787,1,116875,-,R G KAR MEDICAL COLLEGE,M.S. (ORTHOPAEDICS),In-Service,SC,SC,Retained
788,1,117066,-,DR. B C ROY POST GRADUATE INSTITUTE OF PAEDIATRIC SCIENCES,M.D. (PAEDIATRICS),In-Service,OBC-A (Non- Creamy Layer),OBC-A (Non- Creamy Layer),Not Upgraded
789,2,117328,42,BANKURA SAMMILANI MEDICAL COLLEGE,M.D. (PHARMACOLOGY),Open Quota,SC,SC,Upgraded
790,1,117428,-,"RAMAKRISHNA MISSION SEVA PRATISHTHAN VIVEKANANDA INSTITUTE OF MEDICAL SCIENCES, KOLKATA",M.D. (GENERAL MEDICINE),In-Service,SC,SC,Retained
791,2,117509,26,GOURI DEVI INSTITUTE OF MEDICAL SCIENCES AND HOSPITAL,M.S. (OPHTHALMOLOGY),Private Management Quota,UR,OBC (Non-Creamy Layer),Fresh Allotment
792,2,117888,45,SHRI RAMKRISHNA INSTITUTE OF MEDICAL SCIENCES & SANAKA HOSPITALS,M.S. (OPHTHALMOLOGY),Open Quota,OBC-A (Non- Creamy Layer),OBC-A (Non- Creamy Layer),Fresh Allotment
793,2,119941,2,KPC MEDICAL COLLEGE,M.S. (ORTHOPAEDICS),In-Service,OBC-A (Non- Creamy Layer),OBC-A (Non- Creamy Layer),Fresh Allotment
794,1,119946,-,CALCUTTA NATIONAL MEDICAL COLLEGE KOLKATA,M.D. (OBST. AND GYNAE)/MS (OBSTETRICS AND GYNAECOLOGY),In-Service,SC,SC,Retained
795,1,120139,-,GOURI DEVI INSTITUTE OF MEDICAL SCIENCES AND HOSPITAL,M.D. (RADIO- DIAGNOSIS),In-Service,SC,SC,Not Upgraded
796,1,120349,-,NORTH BENGAL MEDICAL COLLEGE AND HOSPITAL,M.D. (GENERAL MEDICINE),In-Service,SC,SC,Not Upgraded
797,1,120352,-,MEDICAL COLLEGE KOLKATA,M.D. (OBST. AND GYNAE)/MS (OBSTETRICS AND GYNAECOLOGY),In-Service,SC,SC,Not Upgraded
798,2,123555,99,"IQ CITY MEDICAL COLLEGE, DURGAPUR",M.D. (PREVENTIVE AND SOCIAL MEDICINE)/ COMMUNITY MEDICINE,Open Quota,SC,SC,Fresh Allotment
799,1,123607,-,MEDICAL COLLEGE KOLKATA,M.S. (ORTHOPAEDICS),In-Service,SC,SC,Not Upgraded
800,1,123701,-,INSTITUTE OF POST GRADUATE MEDICAL EDUCATION AND RESEARCH KOLKATA,M.D. (GENERAL MEDICINE),In-Service,OBC-B (Non- Creamy Layer),OBC-B (Non- Creamy Layer),Retained
801,1,124080,-,INSTITUTE OF POST GRADUATE MEDICAL EDUCATION AND RESEARCH KOLKATA,M.D. (PAEDIATRICS),In-Service,SC,SC,Retained
802,2,124879,9,"RAMAKRISHNA MISSION SEVA PRATISHTHAN VIVEKANANDA INSTITUTE OF MEDICAL SCIENCES, KOLKATA",M.S. (OPHTHALMOLOGY),Open Quota,ST,ST,Fresh Allotment
803,1,124889,-,MEDICAL COLLEGE KOLKATA,M.S. (GENERAL SURGERY),In-Service,SC,SC,Retained
804,2,125011,18,GOURI DEVI INSTITUTE OF MEDICAL SCIENCES AND HOSPITAL,M.S. (OPHTHALMOLOGY),Private Management Quota,UR,OBC (Non-Creamy Layer),Fresh Allotment
805,1,125335,-,R G KAR MEDICAL COLLEGE,M.D. (GENERAL MEDICINE),In-Service,OBC-B (Non- Creamy Layer),OBC-B (Non- Creamy Layer),Not Upgraded
806,1,125349,-,MAHARAJA JITENDRA NARAYAN MEDICAL COLLEGE AND HOSPITAL,(NBEMS) GENERAL MEDICINE,In-Service DNB,SC,SC,Retained
807,2,125382,1,CALCUTTA NATIONAL MEDICAL COLLEGE KOLKATA,M.D. (OBST. AND GYNAE)/MS (OBSTETRICS AND GYNAECOLOGY),Open Quota,UR PwD,OBC (Non-Creamy Layer) PwD,Fresh Allotment
808,2,125978,2,"IQ CITY MEDICAL COLLEGE, DURGAPUR",M.D. (ANAESTHESIOLOGY),Private Management Quota,UR,SC,Fresh Allotment
809,1,126316,-,CALCUTTA NATIONAL MEDICAL COLLEGE KOLKATA,M.D. (BIOCHEMISTRY),Open Quota,SC,SC,Retained
810,2,126364,3,ICARE INSTITUTE OF MEDICAL SCIENCES AND RESEARCH HALDIA,M.S. (GENERAL SURGERY),Private Management Quota,UR,SC,Fresh Allotment
811,2,126459,1,BANKURA SAMMILANI MEDICAL COLLEGE,M.D. (OBST. AND GYNAE)/MS (OBSTETRICS AND GYNAECOLOGY),In-Service,SC,SC,Upgraded
812,1,127623,-,NIL RATAN SIRCAR MEDICAL COLLEGE,M.D. (PAEDIATRICS),In-Service,OBC-B (Non- Creamy Layer),OBC-B (Non- Creamy Layer),Not Upgraded
813,1,127809,-,BANKURA SAMMILANI MEDICAL COLLEGE,M.D. (PAEDIATRICS),In-Service,SC,SC,Not Upgraded
814,2,127843,23,SHRI RAMKRISHNA INSTITUTE OF MEDICAL SCIENCES & SANAKA HOSPITALS,M.S. (GENERAL SURGERY),Private Management Quota,UR,OBC (Non-Creamy Layer),Fresh Allotment
815,2,127998,3,GOURI DEVI INSTITUTE OF MEDICAL SCIENCES AND HOSPITAL,M.S. (OPHTHALMOLOGY),Private Management Quota,UR,OBC (Non-Creamy Layer),Fresh Allotment
816,2,128209,15,BURDWAN MEDICAL COLLEGE,M.D. (PREVENTIVE AND SOCIAL MEDICINE)/ COMMUNITY MEDICINE,Open Quota,ST,ST,Fresh Allotment
817,2,128215,16,KPC MEDICAL COLLEGE,M.D. (PATHOLOGY),Open Quota,SC,SC,Fresh Allotment
818,2,128307,19,MEDICAL COLLEGE KOLKATA,M.D. (FORENSIC MEDICINE),Open Quota,SC,SC,Fresh Allotment
819,1,128714,-,INSTITUTE OF POST GRADUATE MEDICAL EDUCATION AND RESEARCH KOLKATA,M.D. (PHYSIOLOGY),Open Quota,SC,SC,Not Upgraded
820,1,129486,-,BARASAT GOVERNMENT MEDICAL COLLEGE AND HOSPITAL,(NBEMS) GENERAL MEDICINE,In-Service DNB,SC,SC,Not Upgraded
821,1,129948,-,R G KAR MEDICAL COLLEGE,M.D. (OBST. AND GYNAE)/MS (OBSTETRICS AND GYNAECOLOGY),In-Service,OBC-B (Non- Creamy Layer),OBC-B (Non- Creamy Layer),Not Upgraded
822,1,131206,-,MALDA MEDICAL COLLEGE AND HOSPITAL,M.D. (BIOCHEMISTRY),Open Quota,SC,SC,Not Upgraded
823,2,131782,10,JAGANNATH GUPTA INSTITUTE OF MEDICAL SCIENCES AND HOSPITAL,M.S. (GENERAL SURGERY),Open Quota,ST,ST,Fresh Allotment
824,2,132065,1,"RAMAKRISHNA MISSION SEVA PRATISHTHAN VIVEKANANDA INSTITUTE OF MEDICAL SCIENCES, KOLKATA",M.D. (PAEDIATRICS),In-Service,SC,SC,Fresh Allotment
825,2,132275,1,KPC MEDICAL COLLEGE,"M.D. (DERM.,VENE. AND LEPROSY)/ (DERMATOLOGY)/ (SKIN AND VENEREAL DISEASES)/ (VENEREOLOGY)",NRI Quota,UR,OBC (Non-Creamy Layer),Fresh Allotment
826,1,133379,-,INSTITUTE OF CHILD HEALTH,M.D. (PAEDIATRICS),In-Service,SC,SC,Not Upgraded
827,2,134139,1,MEDICAL COLLEGE KOLKATA,(NBEMS) CARDIO VASCULAR AND THORACIC SURGERY (DIRECT 6 YEARS COURSE),In-Service DNB,ST,ST,Fresh Allotment
828,1,134154,-,DISTRICT HOSPITAL ALIPURDUAR,(NBEMS) GENERAL MEDICINE,In-Service DNB,OBC-B (Non- Creamy Layer),OBC-B (Non- Creamy Layer),Not Upgraded
829,1,134421,-,INSTITUTE OF POST GRADUATE MEDICAL EDUCATION AND RESEARCH KOLKATA,M.D. (RADIOTHERAPY/ RADIATION ONCOLOGY),In-Service,SC,SC,Retained
830,1,135058,-,MEDICAL COLLEGE KOLKATA,M.D. (PSYCHIATRY),In-Service,SC,SC,Not Upgraded
831,1,135152,-,ESI PGIMSR AND ESIC MEDICAL COLLEGE JOKA KOLKATA,M.D. (PREVENTIVE AND SOCIAL MEDICINE)/ COMMUNITY MEDICINE,Open Quota,ST,ST,Retained
832,1,135358,-,INSTITUTE OF POST GRADUATE MEDICAL EDUCATION AND RESEARCH KOLKATA,M.D. (ANAESTHESIOLOGY),In-Service,SC,SC,Retained
833,2,136099,114,R G KAR MEDICAL COLLEGE,M.D. (FORENSIC MEDICINE),Open Quota,SC,SC,Fresh Allotment
834,2,136678,23,ICARE INSTITUTE OF MEDICAL SCIENCES AND RESEARCH HALDIA,M.D. (ANAESTHESIOLOGY),Private Management Quota,UR,OBC (Non-Creamy Layer),Fresh Allotment
835,1,136695,-,KALNA SD AND SS HOSPITAL,(NBEMS-DIPLOMA) PAEDIATRICS,In-Service DNB,SC,SC,Not Upgraded
836,2,136801,10,Jalpaiguri Government Medical College and Hospital (Formerly DISTRICT HOSPITAL) JALPAIGURI,(NBEMS) GENERAL MEDICINE,In-Service DNB,SC,SC,Fresh Allotment
837,1,136850,-,DISTRICT HOSPITAL HOWRAH,(NBEMS) GENERAL MEDICINE,In-Service DNB,SC,SC,Retained
838,1,137827,-,CALCUTTA NATIONAL MEDICAL COLLEGE KOLKATA,M.D. (TUBERCULOSIS AND RESPIRATORY DISEASES)/PULMONA RY MEDICINE /M.D. (RESPIRATORY MEDICINE),In-Service,OBC-A (Non- Creamy Layer),OBC-A (Non- Creamy Layer),Not Upgraded
