,ROUND,ALL INDIA RANK,CHOICE NO.,INSTITUTE,COURSE,ALLOTTED QUOTA,ALLOTTED CATEGORY,CANDIDATE CATEGORY,STATUS
0,1,152,-,INSTITUTE OF POST GRADUATE MEDICAL EDUCATION AND RESEARCH KOLKATA,M.D. (RADIO- DIAGNOSIS),State Quota,UR,General,Retained
1,2,198,1,INSTITUTE OF POST GRADUATE MEDICAL EDUCATION AND RESEARCH KOLKATA,M.D. (RADIO- DIAGNOSIS),State Quota,UR,General,Upgraded
2,1,241,-,INSTITUTE OF POST GRADUATE MEDICAL EDUCATION AND RESEARCH KOLKATA,M.D. (GENERAL MEDICINE),State Quota,UR,General,Retained
3,2,277,1,INSTITUTE OF POST GRADUATE MEDICAL EDUCATION AND RESEARCH KOLKATA,M.D. (GENERAL MEDICINE),State Quota,UR,General,Fresh Allotment
4,2,344,2,NIL RATAN SIRCAR MEDICAL COLLEGE,M.D. (RADIO- DIAGNOSIS),State Quota,UR,General,Fresh Allotment
5,1,360,-,MEDICAL COLLEGE KOLKATA,M.D. (GENERAL MEDICINE),State Quota,UR,General,Retained
6,1,392,-,MEDICAL COLLEGE KOLKATA,M.D. (GENERAL MEDICINE),State Quota,UR,General,Not Upgraded
7,2,421,1,INSTITUTE OF POST GRADUATE MEDICAL EDUCATION AND RESEARCH KOLKATA,M.D. (RADIO- DIAGNOSIS),State Quota,OBC-B (Non- Creamy Layer),OBC-B (Non- Creamy Layer),Fresh Allotment
8,2,544,2,MEDICAL COLLEGE KOLKATA,M.D. (GENERAL MEDICINE),State Quota,UR,General,Fresh Allotment
9,2,545,3,INSTITUTE OF POST GRADUATE MEDICAL EDUCATION AND RESEARCH KOLKATA,"M.D. (DERM.,VENE. AND LEPROSY)/ (DERMATOLOGY)/ (SKIN AND VENEREAL DISEASES)/ (VENEREOLOGY)",State Quota,UR,General,Fresh Allotment
10,2,555,3,R G KAR MEDICAL COLLEGE,M.D. (GENERAL MEDICINE),State Quota,UR,General,Fresh Allotment
11,2,605,2,NIL RATAN SIRCAR MEDICAL COLLEGE,M.D. (RADIO- DIAGNOSIS),State Quota,UR,General,Fresh Allotment
12,2,637,3,NIL RATAN SIRCAR MEDICAL COLLEGE,M.D. (GENERAL MEDICINE),State Quota,UR,General,Fresh Allotment
13,1,771,-,INSTITUTE OF POST GRADUATE MEDICAL EDUCATION AND RESEARCH KOLKATA,M.D. (GENERAL MEDICINE),State Quota,OBC-A (Non- Creamy Layer),OBC-A (Non- Creamy Layer),Retained
14,2,955,7,CALCUTTA NATIONAL MEDICAL COLLEGE KOLKATA,M.D. (GENERAL MEDICINE),State Quota,UR,General,Fresh Allotment
15,2,1026,3,ESI PGIMSR AND ESIC MEDICAL COLLEGE JOKA KOLKATA,M.D. (GENERAL MEDICINE),State Quota,UR,General,Fresh Allotment
16,2,1093,2,NORTH BENGAL MEDICAL COLLEGE AND HOSPITAL,M.D. (RADIO- DIAGNOSIS),State Quota,UR,General,Fresh Allotment
17,1,1119,-,INSTITUTE OF POST GRADUATE MEDICAL EDUCATION AND RESEARCH KOLKATA,M.S. (GENERAL SURGERY),State Quota,UR,General,Retained
18,2,1254,6,COLLEGE OF MEDICINE AND SAGORE DUTTA HOSPITAL,M.D. (GENERAL MEDICINE),State Quota,UR,General,Fresh Allotment
19,2,1260,3,INSTITUTE OF POST GRADUATE MEDICAL EDUCATION AND RESEARCH KOLKATA,M.S. (GENERAL SURGERY),State Quota,UR,General,Fresh Allotment
20,2,1295,4,CALCUTTA NATIONAL MEDICAL COLLEGE KOLKATA,M.D. (GENERAL MEDICINE),State Quota,OBC-B (Non- Creamy Layer),OBC-B (Non- Creamy Layer),Fresh Allotment
21,2,1332,8,BURDWAN MEDICAL COLLEGE,M.D. (GENERAL MEDICINE),State Quota,UR,General,Fresh Allotment
22,1,1344,-,INSTITUTE OF POST GRADUATE MEDICAL EDUCATION AND RESEARCH KOLKATA,M.D. (PSYCHIATRY),State Quota,UR,General,Retained
23,2,1360,8,BURDWAN MEDICAL COLLEGE,M.D. (GENERAL MEDICINE),State Quota,UR,General,Upgraded
24,2,1424,8,"RAMAKRISHNA MISSION SEVA PRATISHTHAN VIVEKANANDA INSTITUTE OF MEDICAL SCIENCES, KOLKATA",M.D. (GENERAL MEDICINE),State Quota,UR,General,Fresh Allotment
25,2,1425,9,MIDNAPORE MEDICAL COLLEGE,M.D. (GENERAL MEDICINE),State Quota,UR,General,Fresh Allotment
26,2,1466,3,MEDICAL COLLEGE KOLKATA,"M.D. (DERM.,VENE. AND LEPROSY)/ (DERMATOLOGY)/ (SKIN AND VENEREAL DISEASES)/ (VENEREOLOGY)",State Quota,UR,General,Fresh Allotment
27,2,1499,8,MIDNAPORE MEDICAL COLLEGE,M.D. (GENERAL MEDICINE),State Quota,UR,General,Fresh Allotment
28,2,1544,3,BANKURA SAMMILANI MEDICAL COLLEGE,M.D. (RADIO- DIAGNOSIS),State Quota,UR,General,Fresh Allotment
29,2,1561,8,"COMMAND HOSPITAL EC, ALIPORE, KOLKATA",M.D. (GENERAL MEDICINE),State Quota,UR,General,Upgraded
30,2,1664,1,INSTITUTE OF POST GRADUATE MEDICAL EDUCATION AND RESEARCH KOLKATA,M.S. (GENERAL SURGERY),State Quota,UR,General,Upgraded
31,2,1714,10,R G KAR MEDICAL COLLEGE,"M.D. (DERM.,VENE. AND LEPROSY)/ (DERMATOLOGY)/ (SKIN AND VENEREAL DISEASES)/ (VENEREOLOGY)",State Quota,UR,General,Fresh Allotment
32,1,1807,-,MEDICAL COLLEGE KOLKATA,M.D. (GENERAL MEDICINE),State Quota,EWS,EWS,Not Upgraded
33,2,1830,12,NORTH BENGAL MEDICAL COLLEGE AND HOSPITAL,M.D. (GENERAL MEDICINE),State Quota,UR,General,Fresh Allotment
34,2,1866,8,NORTH BENGAL MEDICAL COLLEGE AND HOSPITAL,M.D. (GENERAL MEDICINE),State Quota,UR,General,Fresh Allotment
35,2,1904,11,NIL RATAN SIRCAR MEDICAL COLLEGE,M.D. (TUBERCULOSIS AND RESPIRATORY DISEASES)/PULMONA RY MEDICINE /M.D. (RESPIRATORY MEDICINE),State Quota,UR,General,Fresh Allotment
36,2,1944,2,CALCUTTA NATIONAL MEDICAL COLLEGE KOLKATA,"M.D. (DERM.,VENE. AND LEPROSY)/ (DERMATOLOGY)/ (SKIN AND VENEREAL DISEASES)/ (VENEREOLOGY)",State Quota,UR,General,Fresh Allotment
37,2,2087,17,INSTITUTE OF POST GRADUATE MEDICAL EDUCATION AND RESEARCH KOLKATA,M.D. (PAEDIATRICS),State Quota,UR,General,Upgraded
38,2,2109,1,INSTITUTE OF POST GRADUATE MEDICAL EDUCATION AND RESEARCH KOLKATA,M.S. (ORTHOPAEDICS),State Quota,UR,OBC-B (Non- Creamy Layer),Fresh Allotment
39,1,2163,-,MEDICAL COLLEGE KOLKATA,M.S. (GENERAL SURGERY),State Quota,UR,General,Retained
40,2,2212,10,R G KAR MEDICAL COLLEGE,M.S. (ORTHOPAEDICS),State Quota,UR,General,Fresh Allotment
41,2,2308,1,MEDICAL COLLEGE KOLKATA,M.D. (PAEDIATRICS),State Quota,UR,General,Fresh Allotment
42,2,2328,11,MEDICAL COLLEGE KOLKATA,M.D. (PAEDIATRICS),State Quota,UR,General,Fresh Allotment
43,2,2360,11,MEDICAL COLLEGE KOLKATA,M.D. (PAEDIATRICS),State Quota,UR,General,Fresh Allotment
44,2,2363,17,MEDICAL COLLEGE KOLKATA,M.D. (PAEDIATRICS),State Quota,UR,General,Fresh Allotment
45,2,2364,3,INSTITUTE OF CHILD HEALTH,M.D. (PAEDIATRICS),State Quota,UR,General,Upgraded
46,2,2383,7,BURDWAN MEDICAL COLLEGE,"M.D. (DERM.,VENE. AND LEPROSY)/ (DERMATOLOGY)/ (SKIN AND VENEREAL DISEASES)/ (VENEREOLOGY)",State Quota,UR,General,Fresh Allotment
47,2,2443,3,INSTITUTE OF CHILD HEALTH,M.D. (PAEDIATRICS),State Quota,UR,General,Fresh Allotment
48,1,2465,-,R G KAR MEDICAL COLLEGE,M.D. (PAEDIATRICS),State Quota,UR,General,Not Upgraded
49,2,2495,24,CALCUTTA NATIONAL MEDICAL COLLEGE KOLKATA,M.D. (PAEDIATRICS),State Quota,UR,General,Fresh Allotment
50,1,2517,-,MEDICAL COLLEGE KOLKATA,M.D. (GENERAL MEDICINE),State Quota,OBC-A (Non- Creamy Layer),OBC-A (Non- Creamy Layer),Retained
51,2,2526,12,INSTITUTE OF POST GRADUATE MEDICAL EDUCATION AND RESEARCH KOLKATA,M.D. (OBST. AND GYNAE)/MS (OBSTETRICS AND GYNAECOLOGY),State Quota,UR,General,Fresh Allotment
52,1,2545,-,MEDICAL COLLEGE KOLKATA,M.D. (TUBERCULOSIS AND RESPIRATORY DISEASES)/PULMONA RY MEDICINE /M.D. (RESPIRATORY MEDICINE),State Quota,UR,General,Not Upgraded
53,2,2598,10,NIL RATAN SIRCAR MEDICAL COLLEGE,M.D. (PAEDIATRICS),State Quota,UR,General,Fresh Allotment
54,1,2816,-,NORTH BENGAL MEDICAL COLLEGE AND HOSPITAL,M.D. (GENERAL MEDICINE),State Quota,OBC-B (Non- Creamy Layer),OBC-B (Non- Creamy Layer),Not Upgraded
55,2,2834,18,NIL RATAN SIRCAR MEDICAL COLLEGE,M.D. (PAEDIATRICS),State Quota,UR,General,Upgraded
56,1,2880,-,KPC MEDICAL COLLEGE,M.D. (GENERAL MEDICINE),State Quota,UR,General,Not Upgraded
57,1,2895,-,R G KAR MEDICAL COLLEGE,M.S. (ORTHOPAEDICS),State Quota,UR,General,Not Upgraded
58,1,2902,-,MEDICAL COLLEGE KOLKATA,M.S. (GENERAL SURGERY),State Quota,UR,General,Not Upgraded
59,1,2928,-,MEDICAL COLLEGE KOLKATA,M.D. (OBST. AND GYNAE)/MS (OBSTETRICS AND GYNAECOLOGY),State Quota,UR,OBC-A (Non- Creamy Layer),Not Upgraded
60,1,3150,-,NIL RATAN SIRCAR MEDICAL COLLEGE,M.D. (OBST. AND GYNAE)/MS (OBSTETRICS AND GYNAECOLOGY),State Quota,UR,OBC-A (Non- Creamy Layer),Not Upgraded
61,2,3185,13,"CHITTARANJAN SEVA SADAN COLLEGE OF OBS. GYNAE AND CHILD HEALTH,KOLKATA",M.D. (PAEDIATRICS),State Quota,UR,General,Fresh Allotment
62,2,3189,14,DR. B C ROY POST GRADUATE INSTITUTE OF PAEDIATRIC SCIENCES,M.D. (PAEDIATRICS),State Quota,UR,General,Fresh Allotment
63,2,3500,9,NIL RATAN SIRCAR MEDICAL COLLEGE,M.S. (GENERAL SURGERY),State Quota,UR,General,Upgraded
64,1,3577,-,CALCUTTA NATIONAL MEDICAL COLLEGE KOLKATA,M.S. (ORTHOPAEDICS),State Quota,UR,General,Not Upgraded
65,2,3815,20,"CHITTARANJAN SEVA SADAN COLLEGE OF OBS. GYNAE AND CHILD HEALTH,KOLKATA",M.D. (PAEDIATRICS),State Quota,UR,General,Fresh Allotment
66,2,3838,13,KPC MEDICAL COLLEGE,M.D. (GENERAL MEDICINE),State Quota,UR,General,Fresh Allotment
67,2,3874,9,ESI PGIMSR AND ESIC MEDICAL COLLEGE JOKA KOLKATA,M.D. (PAEDIATRICS),State Quota,UR,General,Fresh Allotment
68,2,3879,12,MEDICAL COLLEGE KOLKATA,M.S. (GENERAL SURGERY),State Quota,UR,General,Fresh Allotment
69,2,3980,9,MIDNAPORE MEDICAL COLLEGE,M.D. (PAEDIATRICS),State Quota,UR,General,Fresh Allotment
70,2,4104,3,"COMMAND HOSPITAL EC, ALIPORE, KOLKATA",M.D. (RADIO- DIAGNOSIS),State Quota,OBC (Non-Creamy Layer),OBC-A (Non- Creamy Layer),Upgraded
71,2,4115,10,BANKURA SAMMILANI MEDICAL COLLEGE,M.D. (PAEDIATRICS),State Quota,UR,General,Fresh Allotment
72,2,4157,3,MEDICAL COLLEGE KOLKATA,M.S. (ORTHOPAEDICS),State Quota,UR,General,Fresh Allotment
73,1,4185,-,NORTH BENGAL MEDICAL COLLEGE AND HOSPITAL,M.S. (GENERAL SURGERY),State Quota,UR,General,Retained
74,2,4250,1,NIL RATAN SIRCAR MEDICAL COLLEGE,M.D. (OBST. AND GYNAE)/MS (OBSTETRICS AND GYNAECOLOGY),State Quota,UR,General,Upgraded
75,2,4330,24,R G KAR MEDICAL COLLEGE,M.S. (GENERAL SURGERY),State Quota,UR,General,Fresh Allotment
76,1,4405,-,INSTITUTE OF POST GRADUATE MEDICAL EDUCATION AND RESEARCH KOLKATA,M.D. (RADIO- DIAGNOSIS),In-Service,UR,General,Retained
77,2,4445,17,R G KAR MEDICAL COLLEGE,M.D. (TUBERCULOSIS AND RESPIRATORY DISEASES)/PULMONA RY MEDICINE /M.D. (RESPIRATORY MEDICINE),State Quota,UR,General,Fresh Allotment
78,2,4520,3,NIL RATAN SIRCAR MEDICAL COLLEGE,M.S. (GENERAL SURGERY),State Quota,UR,General,Fresh Allotment
79,2,4542,1,MEDICAL COLLEGE KOLKATA,M.D. (OBST. AND GYNAE)/MS (OBSTETRICS AND GYNAECOLOGY),State Quota,UR,General,Fresh Allotment
80,1,4556,-,BURDWAN MEDICAL COLLEGE,M.D. (GENERAL MEDICINE),State Quota,OBC-A (Non- Creamy Layer),OBC-A (Non- Creamy Layer),Retained
81,2,4655,14,MEDICAL COLLEGE KOLKATA,M.D. (OBST. AND GYNAE)/MS (OBSTETRICS AND GYNAECOLOGY),State Quota,UR,General,Fresh Allotment
82,2,4726,10,NIL RATAN SIRCAR MEDICAL COLLEGE,M.D. (OBST. AND GYNAE)/MS (OBSTETRICS AND GYNAECOLOGY),State Quota,UR,General,Fresh Allotment
83,2,4729,5,MURSHIDABAD MEDICAL COLLEGE AND HOSPITAL,M.D. (RADIO- DIAGNOSIS),State Quota,OBC-A (Non- Creamy Layer),OBC-A (Non- Creamy Layer),Fresh Allotment
84,2,4734,4,CALCUTTA NATIONAL MEDICAL COLLEGE KOLKATA,M.S. (GENERAL SURGERY),State Quota,UR,General,Fresh Allotment
85,2,4735,4,CALCUTTA NATIONAL MEDICAL COLLEGE KOLKATA,M.S. (GENERAL SURGERY),State Quota,UR,General,Fresh Allotment
86,2,4782,23,BURDWAN MEDICAL COLLEGE,M.D. (TUBERCULOSIS AND RESPIRATORY DISEASES)/PULMONA RY MEDICINE /M.D. (RESPIRATORY MEDICINE),State Quota,UR,General,Fresh Allotment
87,2,4790,19,GOURI DEVI INSTITUTE OF MEDICAL SCIENCES AND HOSPITAL,M.D. (RADIO- DIAGNOSIS),State Quota,UR,General,Fresh Allotment
88,1,4802,-,INSTITUTE OF POST GRADUATE MEDICAL EDUCATION AND RESEARCH KOLKATA,M.S. (GENERAL SURGERY),State Quota,OBC-A (Non- Creamy Layer),OBC-A (Non- Creamy Layer),Retained
89,2,4951,3,NIL RATAN SIRCAR MEDICAL COLLEGE,M.D. (GENERAL MEDICINE),State Quota,EWS,EWS,Fresh Allotment
90,2,5040,2,MEDICAL COLLEGE KOLKATA,M.D. (GENERAL MEDICINE),State Quota,SC,SC,Fresh Allotment
91,1,5078,-,MEDICAL COLLEGE KOLKATA,M.D. (RADIO- DIAGNOSIS),State Quota,EWS,EWS,Retained
92,2,5142,5,KPC MEDICAL COLLEGE,M.D. (RADIO- DIAGNOSIS),Private Management Quota,UR,General,Fresh Allotment
93,2,5227,1,R G KAR MEDICAL COLLEGE,M.D. (OBST. AND GYNAE)/MS (OBSTETRICS AND GYNAECOLOGY),State Quota,UR,General,Fresh Allotment
94,2,5267,1,MEDICAL COLLEGE KOLKATA,M.D. (OBST. AND GYNAE)/MS (OBSTETRICS AND GYNAECOLOGY),State Quota,UR,General,Fresh Allotment
95,2,5282,13,BURDWAN MEDICAL COLLEGE,M.S. (ORTHOPAEDICS),State Quota,UR,General,Fresh Allotment
96,1,5290,-,NIL RATAN SIRCAR MEDICAL COLLEGE,M.D. (RADIO- DIAGNOSIS),State Quota,SC,SC,Retained
97,2,5298,20,"RAMAKRISHNA MISSION SEVA PRATISHTHAN VIVEKANANDA INSTITUTE OF MEDICAL SCIENCES, KOLKATA",M.S. (ORTHOPAEDICS),State Quota,UR,General,Upgraded
98,2,5322,2,R G KAR MEDICAL COLLEGE,M.D. (OBST. AND GYNAE)/MS (OBSTETRICS AND GYNAECOLOGY),State Quota,UR,General,Fresh Allotment
99,2,5352,1,INSTITUTE OF POST GRADUATE MEDICAL EDUCATION AND RESEARCH KOLKATA,M.D. (RADIO- DIAGNOSIS),State Quota,SC,SC,Fresh Allotment
100,2,5365,4,R G KAR MEDICAL COLLEGE,M.D. (OBST. AND GYNAE)/MS (OBSTETRICS AND GYNAECOLOGY),State Quota,UR,General,Fresh Allotment
101,2,5462,6,BURDWAN MEDICAL COLLEGE,M.S. (GENERAL SURGERY),State Quota,UR,General,Fresh Allotment
102,2,5467,6,BURDWAN MEDICAL COLLEGE,M.S. (GENERAL SURGERY),State Quota,UR,General,Fresh Allotment
103,2,5534,6,MURSHIDABAD MEDICAL COLLEGE AND HOSPITAL,M.S. (ORTHOPAEDICS),State Quota,UR,General,Fresh Allotment
104,2,5539,3,CALCUTTA NATIONAL MEDICAL COLLEGE KOLKATA,M.D. (OBST. AND GYNAE)/MS (OBSTETRICS AND GYNAECOLOGY),State Quota,UR,General,Upgraded
105,2,5558,27,MEDICAL COLLEGE KOLKATA,M.S. (OPHTHALMOLOGY),State Quota,UR,General,Fresh Allotment
106,1,5559,-,CALCUTTA NATIONAL MEDICAL COLLEGE KOLKATA,M.D. (GENERAL MEDICINE),State Quota,EWS,EWS,Not Upgraded
107,2,5594,6,"RAMAKRISHNA MISSION SEVA PRATISHTHAN VIVEKANANDA INSTITUTE OF MEDICAL SCIENCES, KOLKATA",M.D. (OBST. AND GYNAE)/MS (OBSTETRICS AND GYNAECOLOGY),State Quota,UR,General,Fresh Allotment
108,2,5733,10,R G KAR MEDICAL COLLEGE,M.D. (GENERAL MEDICINE),State Quota,OBC-A (Non- Creamy Layer),OBC-A (Non- Creamy Layer),Fresh Allotment
109,2,5816,12,BANKURA SAMMILANI MEDICAL COLLEGE,M.S. (GENERAL SURGERY),State Quota,UR,General,Fresh Allotment
110,2,5846,40,BANKURA SAMMILANI MEDICAL COLLEGE,M.S. (GENERAL SURGERY),State Quota,UR,General,Fresh Allotment
111,2,5870,4,MEDICAL COLLEGE KOLKATA,M.D. (GENERAL MEDICINE),State Quota,SC,SC,Fresh Allotment
112,2,5907,39,CALCUTTA NATIONAL MEDICAL COLLEGE KOLKATA,M.D. (PSYCHIATRY),State Quota,UR,General,Fresh Allotment
113,2,6092,10,NORTH BENGAL MEDICAL COLLEGE AND HOSPITAL,M.D. (GENERAL MEDICINE),State Quota,OBC-A (Non- Creamy Layer),OBC-A (Non- Creamy Layer),Fresh Allotment
114,2,6149,6,BURDWAN MEDICAL COLLEGE,M.D. (OBST. AND GYNAE)/MS (OBSTETRICS AND GYNAECOLOGY),State Quota,UR,General,Fresh Allotment
115,1,6187,-,NIL RATAN SIRCAR MEDICAL COLLEGE,M.D. (RADIO- DIAGNOSIS),In-Service,UR,General,Retained
116,1,6216,-,INSTITUTE OF POST GRADUATE MEDICAL EDUCATION AND RESEARCH KOLKATA,M.S. (ORTHOPAEDICS),State Quota,OBC-A (Non- Creamy Layer),OBC-A (Non- Creamy Layer),Not Upgraded
117,2,6235,13,BURDWAN MEDICAL COLLEGE,M.D. (OBST. AND GYNAE)/MS (OBSTETRICS AND GYNAECOLOGY),State Quota,UR,General,Fresh Allotment
118,2,6257,42,"CHITTARANJAN SEVA SADAN COLLEGE OF OBS. GYNAE AND CHILD HEALTH,KOLKATA",M.D. (OBST. AND GYNAE)/MS (OBSTETRICS AND GYNAECOLOGY),State Quota,UR,General,Fresh Allotment
119,2,6259,16,INSTITUTE OF POST GRADUATE MEDICAL EDUCATION AND RESEARCH KOLKATA,M.S. (ORTHOPAEDICS),State Quota,OBC-B (Non- Creamy Layer),OBC-B (Non- Creamy Layer),Fresh Allotment
120,2,6296,7,NORTH BENGAL MEDICAL COLLEGE AND HOSPITAL,M.D. (OBST. AND GYNAE)/MS (OBSTETRICS AND GYNAECOLOGY),State Quota,UR,General,Fresh Allotment
121,2,6395,5,"RAMAKRISHNA MISSION SEVA PRATISHTHAN VIVEKANANDA INSTITUTE OF MEDICAL SCIENCES, KOLKATA",M.D. (GENERAL MEDICINE),State Quota,EWS,EWS,Fresh Allotment
122,2,6402,35,COLLEGE OF MEDICINE AND SAGORE DUTTA HOSPITAL,M.D. (OBST. AND GYNAE)/MS (OBSTETRICS AND GYNAECOLOGY),State Quota,UR,General,Fresh Allotment
123,1,6601,-,NIL RATAN SIRCAR MEDICAL COLLEGE,"M.D. (DERM.,VENE. AND LEPROSY)/ (DERMATOLOGY)/ (SKIN AND VENEREAL DISEASES)/ (VENEREOLOGY)",State Quota,OBC-A (Non- Creamy Layer),OBC-A (Non- Creamy Layer),Not Upgraded
124,1,6695,-,R G KAR MEDICAL COLLEGE,M.D. (PAEDIATRICS),State Quota,OBC-A (Non- Creamy Layer),OBC-A (Non- Creamy Layer),Not Upgraded
125,2,6720,16,BANKURA SAMMILANI MEDICAL COLLEGE,M.D. (RADIO- DIAGNOSIS),State Quota,EWS,EWS,Fresh Allotment
126,2,7011,1,"CHITTARANJAN SEVA SADAN COLLEGE OF OBS. GYNAE AND CHILD HEALTH,KOLKATA",M.D. (OBST. AND GYNAE)/MS (OBSTETRICS AND GYNAECOLOGY),State Quota,UR,General,Fresh Allotment
127,2,7034,22,"RAMAKRISHNA MISSION SEVA PRATISHTHAN VIVEKANANDA INSTITUTE OF MEDICAL SCIENCES, KOLKATA",M.S. (GENERAL SURGERY),State Quota,UR,General,Fresh Allotment
128,1,7053,-,NIL RATAN SIRCAR MEDICAL COLLEGE,M.D. (PAEDIATRICS),State Quota,OBC-A (Non- Creamy Layer),OBC-A (Non- Creamy Layer),Not Upgraded
129,2,7087,14,MEDICAL COLLEGE KOLKATA,M.D. (PSYCHIATRY),State Quota,UR,General,Fresh Allotment
130,2,7132,10,INSTITUTE OF POST GRADUATE MEDICAL EDUCATION AND RESEARCH KOLKATA,M.S. (E.N.T.),State Quota,UR,General,Fresh Allotment
131,1,7175,-,CALCUTTA NATIONAL MEDICAL COLLEGE KOLKATA,M.D. (PAEDIATRICS),State Quota,OBC-B (Non- Creamy Layer),OBC-B (Non- Creamy Layer),Not Upgraded
132,2,7187,1,ICARE INSTITUTE OF MEDICAL SCIENCES AND RESEARCH HALDIA,M.D. (PAEDIATRICS),Private Management Quota,UR,General,Fresh Allotment
133,2,7188,25,R G KAR MEDICAL COLLEGE,M.D. (PSYCHIATRY),State Quota,UR,General,Fresh Allotment
134,2,7248,15,SHRI RAMKRISHNA INSTITUTE OF MEDICAL SCIENCES & SANAKA HOSPITALS,M.D. (GENERAL MEDICINE),State Quota,UR,General,Fresh Allotment
135,2,7260,6,"CHITTARANJAN SEVA SADAN COLLEGE OF OBS. GYNAE AND CHILD HEALTH,KOLKATA",M.D. (OBST. AND GYNAE)/MS (OBSTETRICS AND GYNAECOLOGY),State Quota,UR,General,Fresh Allotment
136,2,7297,9,BANKURA SAMMILANI MEDICAL COLLEGE,M.D. (OBST. AND GYNAE)/MS (OBSTETRICS AND GYNAECOLOGY),State Quota,UR,General,Fresh Allotment
137,1,7341,-,MEDICAL COLLEGE KOLKATA,M.S. (OPHTHALMOLOGY),State Quota,UR,General,Not Upgraded
138,2,7521,8,MIDNAPORE MEDICAL COLLEGE,M.S. (GENERAL SURGERY),State Quota,UR,General,Fresh Allotment
139,2,7691,7,COLLEGE OF MEDICINE AND JNM HOSPITAL KALYANI,M.S. (GENERAL SURGERY),State Quota,UR,General,Upgraded
140,2,7880,8,"RAMAKRISHNA MISSION SEVA PRATISHTHAN VIVEKANANDA INSTITUTE OF MEDICAL SCIENCES, KOLKATA",M.D. (OBST. AND GYNAE)/MS (OBSTETRICS AND GYNAECOLOGY),State Quota,UR,General,Fresh Allotment
141,2,7888,10,MIDNAPORE MEDICAL COLLEGE,M.D. (OBST. AND GYNAE)/MS (OBSTETRICS AND GYNAECOLOGY),State Quota,UR,General,Fresh Allotment
142,1,7979,-,INSTITUTE OF CHILD HEALTH,M.D. (PAEDIATRICS),State Quota,OBC-A (Non- Creamy Layer),OBC-A (Non- Creamy Layer),Not Upgraded
143,1,7990,-,MEDICAL COLLEGE KOLKATA,M.D. (ANAESTHESIOLOGY),State Quota,UR,General,Not Upgraded
144,2,8001,13,"COMMAND HOSPITAL EC, ALIPORE, KOLKATA",M.D. (OBST. AND GYNAE)/MS (OBSTETRICS AND GYNAECOLOGY),State Quota,UR,General,Fresh Allotment
145,2,8027,6,"RAMAKRISHNA MISSION SEVA PRATISHTHAN VIVEKANANDA INSTITUTE OF MEDICAL SCIENCES, KOLKATA",M.S. (GENERAL SURGERY),State Quota,UR,General,Fresh Allotment
146,2,8041,42,COLLEGE OF MEDICINE AND SAGORE DUTTA HOSPITAL,M.D. (PSYCHIATRY),State Quota,UR,General,Fresh Allotment
147,1,8087,-,KPC MEDICAL COLLEGE,M.D. (GENERAL MEDICINE),Private Management Quota,UR,General,Not Upgraded
148,2,8104,9,KPC MEDICAL COLLEGE,M.S. (GENERAL SURGERY),State Quota,UR,General,Fresh Allotment
149,2,8246,14,COLLEGE OF MEDICINE AND JNM HOSPITAL KALYANI,M.D. (PSYCHIATRY),State Quota,UR,General,Fresh Allotment
150,1,8397,-,NIL RATAN SIRCAR MEDICAL COLLEGE,M.S. (ORTHOPAEDICS),State Quota,EWS,EWS,Not Upgraded
151,2,8416,43,ICARE INSTITUTE OF MEDICAL SCIENCES AND RESEARCH HALDIA,"M.D. (DERM.,VENE. AND LEPROSY)/ (DERMATOLOGY)/ (SKIN AND VENEREAL DISEASES)/ (VENEREOLOGY)",State Quota,UR,General,Fresh Allotment
152,2,8463,12,ICARE INSTITUTE OF MEDICAL SCIENCES AND RESEARCH HALDIA,M.S. (GENERAL SURGERY),State Quota,UR,General,Fresh Allotment
153,1,8606,-,MEDICAL COLLEGE KOLKATA,M.D. (PAEDIATRICS),State Quota,EWS,EWS,Not Upgraded
154,1,8677,-,INSTITUTE OF POST GRADUATE MEDICAL EDUCATION AND RESEARCH KOLKATA,M.D. (TUBERCULOSIS AND RESPIRATORY DISEASES)/PULMONA RY MEDICINE /M.D. (RESPIRATORY MEDICINE),State Quota,SC,SC,Retained
155,2,8836,6,CALCUTTA NATIONAL MEDICAL COLLEGE KOLKATA,M.D. (GENERAL MEDICINE),State Quota,SC,SC,Upgraded
156,2,8863,1,MEDICAL COLLEGE KOLKATA,M.S. (OPHTHALMOLOGY),State Quota,UR,General,Fresh Allotment
157,2,8879,21,INSTITUTE OF POST GRADUATE MEDICAL EDUCATION AND RESEARCH KOLKATA,M.D. (ANAESTHESIOLOGY),State Quota,UR,General,Fresh Allotment
158,2,8880,63,INSTITUTE OF POST GRADUATE MEDICAL EDUCATION AND RESEARCH KOLKATA,M.D. (EMERGENCY AND CRITICAL CARE)/M.D. (EMERGENCY MEDICINE),State Quota,UR,General,Fresh Allotment
159,2,8903,7,JAGANNATH GUPTA INSTITUTE OF MEDICAL SCIENCES AND HOSPITAL,M.S. (ORTHOPAEDICS),State Quota,UR,General,Fresh Allotment
160,2,8928,12,MEDICAL COLLEGE KOLKATA,M.S. (E.N.T.),State Quota,UR,General,Fresh Allotment
161,2,8975,13,INSTITUTE OF POST GRADUATE MEDICAL EDUCATION AND RESEARCH KOLKATA,M.S. (OPHTHALMOLOGY),State Quota,UR,General,Fresh Allotment
162,2,9141,3,"RAMAKRISHNA MISSION SEVA PRATISHTHAN VIVEKANANDA INSTITUTE OF MEDICAL SCIENCES, KOLKATA",M.D. (RADIO- DIAGNOSIS),State Quota,OBC-B (Non- Creamy Layer),OBC-B (Non- Creamy Layer),Fresh Allotment
163,2,9248,2,NORTH BENGAL MEDICAL COLLEGE AND HOSPITAL,M.D. (RADIO- DIAGNOSIS),State Quota,SC,SC,Upgraded
164,2,9302,4,R G KAR MEDICAL COLLEGE,M.D. (GENERAL MEDICINE),State Quota,SC,SC,Fresh Allotment
165,2,9446,47,R G KAR MEDICAL COLLEGE,M.S. (E.N.T.),State Quota,UR,General,Fresh Allotment
166,2,9449,23,MEDICAL COLLEGE KOLKATA,M.D. GERIATRICS,State Quota,UR,General,Fresh Allotment
167,2,9451,2,CALCUTTA NATIONAL MEDICAL COLLEGE KOLKATA,M.D. (GENERAL MEDICINE),State Quota,SC,SC,Upgraded
168,2,9469,32,"RAMAKRISHNA MISSION SEVA PRATISHTHAN VIVEKANANDA INSTITUTE OF MEDICAL SCIENCES, KOLKATA",M.S. (E.N.T.),State Quota,UR,General,Fresh Allotment
169,1,9478,-,INSTITUTE OF POST GRADUATE MEDICAL EDUCATION AND RESEARCH KOLKATA,M.D. (PAEDIATRICS),State Quota,SC,SC,Not Upgraded
170,2,9485,21,NIL RATAN SIRCAR MEDICAL COLLEGE,M.S. (OPHTHALMOLOGY),State Quota,UR,General,Fresh Allotment
171,1,9509,-,"RAMAKRISHNA MISSION SEVA PRATISHTHAN VIVEKANANDA INSTITUTE OF MEDICAL SCIENCES, KOLKATA",M.S. (OPHTHALMOLOGY),State Quota,UR,General,Not Upgraded
172,2,9818,34,BURDWAN MEDICAL COLLEGE,M.S. (E.N.T.),State Quota,UR,General,Fresh Allotment
173,2,9963,6,BURDWAN MEDICAL COLLEGE,M.D. (GENERAL MEDICINE),State Quota,SC,SC,Fresh Allotment
174,1,10176,-,KPC MEDICAL COLLEGE,M.D. (GENERAL MEDICINE),Private Management Quota,UR,General,Not Upgraded
175,2,10189,1,ICARE INSTITUTE OF MEDICAL SCIENCES AND RESEARCH HALDIA,M.S. (ORTHOPAEDICS),Private Management Quota,UR,General,Fresh Allotment
176,2,10231,17,MEDICAL COLLEGE KOLKATA,M.D. (RADIOTHERAPY/ RADIATION ONCOLOGY),State Quota,UR,General,Fresh Allotment
177,2,10318,19,R G KAR MEDICAL COLLEGE,M.S. (OPHTHALMOLOGY),State Quota,UR,General,Fresh Allotment
178,2,10354,4,MEDICAL COLLEGE KOLKATA,"M.D. (DERM.,VENE. AND LEPROSY)/ (DERMATOLOGY)/ (SKIN AND VENEREAL DISEASES)/ (VENEREOLOGY)",State Quota,SC,SC,Upgraded
179,2,10401,1,ICARE INSTITUTE OF MEDICAL SCIENCES AND RESEARCH HALDIA,M.D. (PAEDIATRICS),Private Management Quota,UR,General,Fresh Allotment
180,2,10406,6,SHRI RAMKRISHNA INSTITUTE OF MEDICAL SCIENCES & SANAKA HOSPITALS,M.D. (RADIO- DIAGNOSIS),State Quota,UR,General,Fresh Allotment
181,2,10450,14,CALCUTTA NATIONAL MEDICAL COLLEGE KOLKATA,M.D. (TUBERCULOSIS AND RESPIRATORY DISEASES)/PULMONA RY MEDICINE /M.D. (RESPIRATORY MEDICINE),State Quota,EWS,EWS,Fresh Allotment
182,2,10550,6,NIL RATAN SIRCAR MEDICAL COLLEGE,M.D. (TUBERCULOSIS AND RESPIRATORY DISEASES)/PULMONA RY MEDICINE /M.D. (RESPIRATORY MEDICINE),State Quota,SC,SC,Fresh Allotment
183,1,10603,-,KPC MEDICAL COLLEGE,M.D. (OBST. AND GYNAE)/MS (OBSTETRICS AND GYNAECOLOGY),State Quota,UR,General,Not Upgraded
184,2,10614,3,ICARE INSTITUTE OF MEDICAL SCIENCES AND RESEARCH HALDIA,M.S. (GENERAL SURGERY),Private Management Quota,UR,OBC (Non-Creamy Layer),Fresh Allotment
185,1,10630,-,DR. B C ROY POST GRADUATE INSTITUTE OF PAEDIATRIC SCIENCES,M.D. (PAEDIATRICS),State Quota,OBC-A (Non- Creamy Layer),OBC-A (Non- Creamy Layer),Not Upgraded
186,2,10704,3,"SCHOOL OF TROPICAL MEDICINE, KOLKATA","M.D. (DERM.,VENE. AND LEPROSY)/ (DERMATOLOGY)/ (SKIN AND VENEREAL DISEASES)/ (VENEREOLOGY)",State Quota,SC,SC,Upgraded
187,2,10766,14,GOURI DEVI INSTITUTE OF MEDICAL SCIENCES AND HOSPITAL,M.D. (GENERAL MEDICINE),State Quota,UR,General,Fresh Allotment
188,2,10778,44,INSTITUTE OF POST GRADUATE MEDICAL EDUCATION AND RESEARCH KOLKATA,M.D. (RADIOTHERAPY/ RADIATION ONCOLOGY),State Quota,UR,General,Upgraded
189,2,10844,6,INSTITUTE OF CHILD HEALTH,M.D. (PAEDIATRICS),State Quota,SC,SC,Upgraded
190,2,10863,12,KPC MEDICAL COLLEGE,M.D. (GENERAL MEDICINE),Private Management Quota,UR,General,Fresh Allotment
191,2,10894,3,INSTITUTE OF POST GRADUATE MEDICAL EDUCATION AND RESEARCH KOLKATA,M.S. (ORTHOPAEDICS),State Quota,SC,SC,Fresh Allotment
192,2,11060,38,CALCUTTA NATIONAL MEDICAL COLLEGE KOLKATA,M.S. (OPHTHALMOLOGY),State Quota,UR,General,Fresh Allotment
193,2,11161,3,ICARE INSTITUTE OF MEDICAL SCIENCES AND RESEARCH HALDIA,M.D. (TUBERCULOSIS AND RESPIRATORY DISEASES)/PULMONA RY MEDICINE /M.D. (RESPIRATORY MEDICINE),Private Management Quota,UR,OBC (Non-Creamy Layer),Fresh Allotment
194,2,11256,24,BURDWAN MEDICAL COLLEGE,M.S. (ORTHOPAEDICS),State Quota,OBC-B (Non- Creamy Layer),OBC-B (Non- Creamy Layer),Fresh Allotment
195,1,11382,-,"RAMAKRISHNA MISSION SEVA PRATISHTHAN VIVEKANANDA INSTITUTE OF MEDICAL SCIENCES, KOLKATA",M.D. (PAEDIATRICS),State Quota,OBC-B (Non- Creamy Layer),OBC-B (Non- Creamy Layer),Not Upgraded
196,2,11409,6,BANKURA SAMMILANI MEDICAL COLLEGE,"M.D. (DERM.,VENE. AND LEPROSY)/ (DERMATOLOGY)/ (SKIN AND VENEREAL DISEASES)/ (VENEREOLOGY)",State Quota,SC,SC,Fresh Allotment
197,2,11476,16,INSTITUTE OF POST GRADUATE MEDICAL EDUCATION AND RESEARCH KOLKATA,M.D. (ANAESTHESIOLOGY),State Quota,UR,General,Fresh Allotment
198,2,11494,13,BURDWAN MEDICAL COLLEGE,M.S. (OPHTHALMOLOGY),State Quota,UR,General,Fresh Allotment
199,2,11639,17,NIL RATAN SIRCAR MEDICAL COLLEGE,M.D. (ANAESTHESIOLOGY),State Quota,UR,General,Fresh Allotment
200,2,11732,13,INSTITUTE OF POST GRADUATE MEDICAL EDUCATION AND RESEARCH KOLKATA,M.D. (ANAESTHESIOLOGY),State Quota,UR,General,Fresh Allotment
201,2,11797,27,NORTH BENGAL MEDICAL COLLEGE AND HOSPITAL,M.D. (OBST. AND GYNAE)/MS (OBSTETRICS AND GYNAECOLOGY),State Quota,OBC-A (Non- Creamy Layer),OBC-A (Non- Creamy Layer),Fresh Allotment
202,1,11948,-,KPC MEDICAL COLLEGE,M.D. (GENERAL MEDICINE),Private Management Quota,UR,General,Not Upgraded
203,2,12033,49,NIL RATAN SIRCAR MEDICAL COLLEGE,M.D. (RADIOTHERAPY/ RADIATION ONCOLOGY),State Quota,UR,General,Fresh Allotment
204,2,12362,21,"COMMAND HOSPITAL EC, ALIPORE, KOLKATA",M.D. (PAEDIATRICS),State Quota,OBC (Non-Creamy Layer),OBC-A (Non- Creamy Layer),Fresh Allotment
205,2,12789,2,INSTITUTE OF POST GRADUATE MEDICAL EDUCATION AND RESEARCH KOLKATA,M.D. (OBST. AND GYNAE)/MS (OBSTETRICS AND GYNAECOLOGY),State Quota,OBC-A (Non- Creamy Layer),OBC-A (Non- Creamy Layer),Fresh Allotment
206,2,12877,6,COLLEGE OF MEDICINE AND SAGORE DUTTA HOSPITAL,M.D. (GENERAL MEDICINE),State Quota,SC,SC,Fresh Allotment
207,2,12879,3,ICARE INSTITUTE OF MEDICAL SCIENCES AND RESEARCH HALDIA,M.D. (TUBERCULOSIS AND RESPIRATORY DISEASES)/PULMONA RY MEDICINE /M.D. (RESPIRATORY MEDICINE),Private Management Quota,UR,OBC (Non-Creamy Layer),Fresh Allotment
208,2,12940,1,NIL RATAN SIRCAR MEDICAL COLLEGE,M.D. (OBST. AND GYNAE)/MS (OBSTETRICS AND GYNAECOLOGY),State Quota,SC,SC,Upgraded
209,2,13039,9,R G KAR MEDICAL COLLEGE,M.S. (ORTHOPAEDICS),State Quota,OBC-A (Non- Creamy Layer),OBC-A (Non- Creamy Layer),Upgraded
210,2,13048,3,ICARE INSTITUTE OF MEDICAL SCIENCES AND RESEARCH HALDIA,M.S. (GENERAL SURGERY),Private Management Quota,UR,OBC (Non-Creamy Layer),Fresh Allotment
211,1,13402,-,KPC MEDICAL COLLEGE,"M.D. (DERM.,VENE. AND LEPROSY)/ (DERMATOLOGY)/ (SKIN AND VENEREAL DISEASES)/ (VENEREOLOGY)",Private Management Quota,UR,General,Retained
212,1,13536,-,KPC MEDICAL COLLEGE,M.D. (GENERAL MEDICINE),Private Management Quota,UR,General,Not Upgraded
213,1,13537,-,ESI PGIMSR AND ESIC MEDICAL COLLEGE JOKA KOLKATA,M.S. (GENERAL SURGERY),State Quota,OBC (Non-Creamy Layer),OBC-A (Non- Creamy Layer),Not Upgraded
214,2,13604,34,ESI PGIMSR AND ESIC MEDICAL COLLEGE JOKA KOLKATA,M.D. (PATHOLOGY),State Quota,UR,General,Fresh Allotment
215,2,13955,1,INSTITUTE OF POST GRADUATE MEDICAL EDUCATION AND RESEARCH KOLKATA,M.D. (OBST. AND GYNAE)/MS (OBSTETRICS AND GYNAECOLOGY),State Quota,SC,SC,Fresh Allotment
216,2,13975,5,ICARE INSTITUTE OF MEDICAL SCIENCES AND RESEARCH HALDIA,M.S. (OPHTHALMOLOGY),Private Management Quota,UR,General,Fresh Allotment
217,2,14165,7,MEDICAL COLLEGE KOLKATA,M.D. (ANAESTHESIOLOGY),State Quota,UR,General,Fresh Allotment
218,2,14349,7,NIL RATAN SIRCAR MEDICAL COLLEGE,M.D. (ANAESTHESIOLOGY),State Quota,UR,General,Fresh Allotment
219,1,14442,-,INSTITUTE OF POST GRADUATE MEDICAL EDUCATION AND RESEARCH KOLKATA,M.D. (OBST. AND GYNAE)/MS (OBSTETRICS AND GYNAECOLOGY),State Quota,OBC-B (Non- Creamy Layer),OBC-B (Non- Creamy Layer),Not Upgraded
220,1,14485,-,ICARE INSTITUTE OF MEDICAL SCIENCES AND RESEARCH HALDIA,M.D. (RADIO- DIAGNOSIS),State Quota,OBC-A (Non- Creamy Layer),OBC-A (Non- Creamy Layer),Not Upgraded
221,2,14490,21,MIDNAPORE MEDICAL COLLEGE,M.S. (E.N.T.),State Quota,UR,General,Fresh Allotment
222,1,14575,-,INSTITUTE OF POST GRADUATE MEDICAL EDUCATION AND RESEARCH KOLKATA,M.D. (PHYSICAL MED. AND REHABILITATION),State Quota,UR,General,Not Upgraded
223,2,14599,2,BURDWAN MEDICAL COLLEGE,M.D. (PAEDIATRICS),State Quota,EWS,EWS,Upgraded
224,2,14853,22,MEDICAL COLLEGE KOLKATA,M.D. (ANAESTHESIOLOGY),State Quota,UR,General,Fresh Allotment
225,2,14895,5,ICARE INSTITUTE OF MEDICAL SCIENCES AND RESEARCH HALDIA,M.D. (PSYCHIATRY),Private Management Quota,UR,OBC (Non-Creamy Layer),Fresh Allotment
226,1,14897,-,KPC MEDICAL COLLEGE,M.D. (GENERAL MEDICINE),Private Management Quota,UR,General,Not Upgraded
227,1,14910,-,INSTITUTE OF POST GRADUATE MEDICAL EDUCATION AND RESEARCH KOLKATA,M.D. (PHYSICAL MED. AND REHABILITATION),State Quota,UR,General,Not Upgraded
228,2,14959,2,R G KAR MEDICAL COLLEGE,M.D. (ANAESTHESIOLOGY),State Quota,UR,General,Fresh Allotment
229,2,15014,12,INSTITUTE OF CHILD HEALTH,M.D. (PAEDIATRICS),State Quota,EWS,EWS,Upgraded
230,2,15034,28,DR. B C ROY POST GRADUATE INSTITUTE OF PAEDIATRIC SCIENCES,M.D. (PAEDIATRICS),State Quota,EWS,EWS,Fresh Allotment
231,2,15109,56,R G KAR MEDICAL COLLEGE,M.D. (RADIOTHERAPY/ RADIATION ONCOLOGY),State Quota,UR,General,Fresh Allotment
232,2,15120,68,R G KAR MEDICAL COLLEGE,M.D. (ANAESTHESIOLOGY),State Quota,UR,General,Upgraded
233,2,15126,1,INSTITUTE OF POST GRADUATE MEDICAL EDUCATION AND RESEARCH KOLKATA,M.D. (GENERAL MEDICINE),State Quota,ST,ST,Fresh Allotment
234,2,15138,4,CALCUTTA NATIONAL MEDICAL COLLEGE KOLKATA,M.S. (ORTHOPAEDICS),State Quota,SC,SC,Fresh Allotment
235,1,15157,-,R G KAR MEDICAL COLLEGE,M.S. (GENERAL SURGERY),State Quota,EWS,EWS,Not Upgraded
236,2,15231,24,NORTH BENGAL MEDICAL COLLEGE AND HOSPITAL,M.D. (PAEDIATRICS),State Quota,EWS,EWS,Fresh Allotment
237,2,15339,39,"IQ CITY MEDICAL COLLEGE, DURGAPUR",M.D. (PAEDIATRICS),State Quota,UR,General,Fresh Allotment
238,2,15378,3,R G KAR MEDICAL COLLEGE,M.D. (ANAESTHESIOLOGY),State Quota,UR,General,Fresh Allotment
239,2,15387,37,CALCUTTA NATIONAL MEDICAL COLLEGE KOLKATA,M.D. (OBST. AND GYNAE)/MS (OBSTETRICS AND GYNAECOLOGY),State Quota,OBC-A (Non- Creamy Layer),OBC-A (Non- Creamy Layer),Upgraded
240,2,15489,31,R G KAR MEDICAL COLLEGE,M.D. (ANAESTHESIOLOGY),State Quota,UR,General,Fresh Allotment
241,1,15552,-,CALCUTTA NATIONAL MEDICAL COLLEGE KOLKATA,M.S. (GENERAL SURGERY),State Quota,OBC-B (Non- Creamy Layer),OBC-B (Non- Creamy Layer),Not Upgraded
242,2,15692,34,R G KAR MEDICAL COLLEGE,M.D. (OBST. AND GYNAE)/MS (OBSTETRICS AND GYNAECOLOGY),State Quota,EWS,EWS,Fresh Allotment
243,2,15776,1,NORTH BENGAL MEDICAL COLLEGE AND HOSPITAL,M.D. (GENERAL MEDICINE),State Quota,SC,SC,Upgraded
244,2,15789,35,INSTITUTE OF POST GRADUATE MEDICAL EDUCATION AND RESEARCH KOLKATA,M.D. (PSYCHIATRY),State Quota,OBC-A (Non- Creamy Layer),OBC-A (Non- Creamy Layer),Fresh Allotment
245,2,15804,6,ICARE INSTITUTE OF MEDICAL SCIENCES AND RESEARCH HALDIA,M.S. (E.N.T.),Private Management Quota,UR,OBC (Non-Creamy Layer),Fresh Allotment
246,2,15994,16,R G KAR MEDICAL COLLEGE,M.S. (GENERAL SURGERY),State Quota,OBC-A (Non- Creamy Layer),OBC-A (Non- Creamy Layer),Upgraded
247,2,16069,47,MURSHIDABAD MEDICAL COLLEGE AND HOSPITAL,M.S. (OPHTHALMOLOGY),State Quota,UR,General,Fresh Allotment
248,2,16215,26,CALCUTTA NATIONAL MEDICAL COLLEGE KOLKATA,M.D. (ANAESTHESIOLOGY),State Quota,UR,General,Fresh Allotment
249,2,16297,19,COLLEGE OF MEDICINE AND SAGORE DUTTA HOSPITAL,M.S. (OPHTHALMOLOGY),State Quota,UR,General,Fresh Allotment
250,2,16307,30,COLLEGE OF MEDICINE AND JNM HOSPITAL KALYANI,M.D. (OBST. AND GYNAE)/MS (OBSTETRICS AND GYNAECOLOGY),State Quota,OBC-A (Non- Creamy Layer),OBC-A (Non- Creamy Layer),Upgraded
251,2,16401,26,SHRI RAMKRISHNA INSTITUTE OF MEDICAL SCIENCES & SANAKA HOSPITALS,M.D. (PAEDIATRICS),State Quota,UR,EWS,Fresh Allotment
252,2,16470,8,GOURI DEVI INSTITUTE OF MEDICAL SCIENCES AND HOSPITAL,M.S. (ORTHOPAEDICS),State Quota,UR,General,Upgraded
253,2,16525,72,"RAMAKRISHNA MISSION SEVA PRATISHTHAN VIVEKANANDA INSTITUTE OF MEDICAL SCIENCES, KOLKATA",DIP.IN GYNAE. AND OBST.,State Quota,UR,General,Fresh Allotment
254,2,16570,72,GOURI DEVI INSTITUTE OF MEDICAL SCIENCES AND HOSPITAL,M.D. (PAEDIATRICS),State Quota,UR,General,Fresh Allotment
255,2,16671,29,CALCUTTA NATIONAL MEDICAL COLLEGE KOLKATA,M.D. (ANAESTHESIOLOGY),State Quota,UR,General,Fresh Allotment
256,2,16699,29,MEDICAL COLLEGE KOLKATA,M.D. (OBST. AND GYNAE)/MS (OBSTETRICS AND GYNAECOLOGY),State Quota,OBC-A (Non- Creamy Layer),OBC-A (Non- Creamy Layer),Fresh Allotment
257,2,16731,55,"RAMAKRISHNA MISSION SEVA PRATISHTHAN VIVEKANANDA INSTITUTE OF MEDICAL SCIENCES, KOLKATA",M.D. (OBST. AND GYNAE)/MS (OBSTETRICS AND GYNAECOLOGY),State Quota,OBC-A (Non- Creamy Layer),OBC-A (Non- Creamy Layer),Upgraded
258,2,16785,50,ESI PGIMSR AND ESIC MEDICAL COLLEGE JOKA KOLKATA,M.D. (OBST. AND GYNAE)/MS (OBSTETRICS AND GYNAECOLOGY),State Quota,OBC (Non-Creamy Layer),OBC-A (Non- Creamy Layer),Fresh Allotment
259,2,17042,6,BURDWAN MEDICAL COLLEGE,M.D. (ANAESTHESIOLOGY),State Quota,UR,General,Fresh Allotment
260,2,17086,42,INSTITUTE OF POST GRADUATE MEDICAL EDUCATION AND RESEARCH KOLKATA,M.S. (ORTHOPAEDICS),State Quota,EWS,EWS,Fresh Allotment
261,2,17144,49,ESI PGIMSR AND ESIC MEDICAL COLLEGE JOKA KOLKATA,M.D. (ANAESTHESIOLOGY),State Quota,UR,General,Fresh Allotment
262,2,17202,1,BURDWAN MEDICAL COLLEGE,M.D. (PAEDIATRICS),State Quota,SC,SC,Fresh Allotment
263,2,17229,39,NIL RATAN SIRCAR MEDICAL COLLEGE,M.D. (ANAESTHESIOLOGY),State Quota,OBC-A (Non- Creamy Layer),OBC-A (Non- Creamy Layer),Fresh Allotment
264,1,17401,-,KPC MEDICAL COLLEGE,M.S. (GENERAL SURGERY),Private Management Quota,UR,General,Not Upgraded
265,2,17442,18,"RAMAKRISHNA MISSION SEVA PRATISHTHAN VIVEKANANDA INSTITUTE OF MEDICAL SCIENCES, KOLKATA",M.S. (GENERAL SURGERY),State Quota,OBC-A (Non- Creamy Layer),OBC-A (Non- Creamy Layer),Fresh Allotment
266,1,17521,-,KPC MEDICAL COLLEGE,M.D. (GENERAL MEDICINE),Private Management Quota,UR,General,Not Upgraded
267,2,17606,13,MIDNAPORE MEDICAL COLLEGE,M.D. (GENERAL MEDICINE),State Quota,SC,SC,Fresh Allotment
268,1,17736,-,MEDICAL COLLEGE KOLKATA,DIP.IN GYNAE. AND OBST.,State Quota,UR,General,Not Upgraded
269,2,17737,54,BURDWAN MEDICAL COLLEGE,M.D. (ANAESTHESIOLOGY),State Quota,UR,General,Fresh Allotment
270,1,17775,-,MEDICAL COLLEGE KOLKATA,M.S. (OPHTHALMOLOGY),State Quota,SC,SC,Not Upgraded
271,2,17892,16,INSTITUTE OF POST GRADUATE MEDICAL EDUCATION AND RESEARCH KOLKATA,M.D. (ANAESTHESIOLOGY),State Quota,OBC-A (Non- Creamy Layer),OBC-A (Non- Creamy Layer),Fresh Allotment
272,2,17902,75,ICARE INSTITUTE OF MEDICAL SCIENCES AND RESEARCH HALDIA,M.D. (OBST. AND GYNAE)/MS (OBSTETRICS AND GYNAECOLOGY),State Quota,UR,General,Upgraded
273,1,17936,-,GOURI DEVI INSTITUTE OF MEDICAL SCIENCES AND HOSPITAL,M.D. (TUBERCULOSIS AND RESPIRATORY DISEASES)/PULMONA RY MEDICINE /M.D. (RESPIRATORY MEDICINE),State Quota,UR,General,Not Upgraded
274,2,18043,28,NORTH BENGAL MEDICAL COLLEGE AND HOSPITAL,M.D. (ANAESTHESIOLOGY),State Quota,UR,General,Fresh Allotment
275,2,18095,21,COLLEGE OF MEDICINE AND JNM HOSPITAL KALYANI,M.D. (ANAESTHESIOLOGY),State Quota,UR,General,Fresh Allotment
276,1,18130,-,BANKURA SAMMILANI MEDICAL COLLEGE,M.D. (OBST. AND GYNAE)/MS (OBSTETRICS AND GYNAECOLOGY),State Quota,OBC-B (Non- Creamy Layer),OBC-B (Non- Creamy Layer),Not Upgraded
277,2,18160,8,ICARE INSTITUTE OF MEDICAL SCIENCES AND RESEARCH HALDIA,M.D. (ANAESTHESIOLOGY),Private Management Quota,UR,EWS,Fresh Allotment
278,1,18209,-,CALCUTTA NATIONAL MEDICAL COLLEGE KOLKATA,M.D. (OBST. AND GYNAE)/MS (OBSTETRICS AND GYNAECOLOGY),State Quota,SC,SC,Not Upgraded
279,2,18238,5,"COMMAND HOSPITAL EC, ALIPORE, KOLKATA",M.D. (ANAESTHESIOLOGY),State Quota,UR,General,Fresh Allotment
280,1,18243,-,BANKURA SAMMILANI MEDICAL COLLEGE,M.S. (GENERAL SURGERY),State Quota,OBC-B (Non- Creamy Layer),OBC-B (Non- Creamy Layer),Not Upgraded
281,1,18343,-,R G KAR MEDICAL COLLEGE,M.D. (OBST. AND GYNAE)/MS (OBSTETRICS AND GYNAECOLOGY),State Quota,SC,SC,Retained
282,2,18392,16,MIDNAPORE MEDICAL COLLEGE,M.S. (GENERAL SURGERY),State Quota,OBC-B (Non- Creamy Layer),OBC-B (Non- Creamy Layer),Fresh Allotment
283,2,18447,15,BANKURA SAMMILANI MEDICAL COLLEGE,M.D. (ANAESTHESIOLOGY),State Quota,UR,General,Fresh Allotment
284,2,18449,9,"IQ CITY MEDICAL COLLEGE, DURGAPUR",M.S. (ORTHOPAEDICS),State Quota,UR,General,Fresh Allotment
285,2,18459,1,CALCUTTA NATIONAL MEDICAL COLLEGE KOLKATA,M.D. (OBST. AND GYNAE)/MS (OBSTETRICS AND GYNAECOLOGY),State Quota,EWS,EWS,Upgraded
286,1,18523,-,MEDICAL COLLEGE KOLKATA,M.S. (GENERAL SURGERY),State Quota,SC,SC,Retained
287,2,18552,17,"RAMAKRISHNA MISSION SEVA PRATISHTHAN VIVEKANANDA INSTITUTE OF MEDICAL SCIENCES, KOLKATA",DIP.IN GYNAE. AND OBST.,State Quota,OBC-A (Non- Creamy Layer),OBC-A (Non- Creamy Layer),Fresh Allotment
288,1,18588,-,JAGANNATH GUPTA INSTITUTE OF MEDICAL SCIENCES AND HOSPITAL,M.D. (GENERAL MEDICINE),Private Management Quota,UR,General,Not Upgraded
289,2,18652,16,JAGANNATH GUPTA INSTITUTE OF MEDICAL SCIENCES AND HOSPITAL,M.D. (GENERAL MEDICINE),Private Management Quota,UR,General,Fresh Allotment
290,1,18826,-,MEDICAL COLLEGE KOLKATA,M.S. (OPHTHALMOLOGY),State Quota,EWS,EWS,Not Upgraded
291,2,18908,15,"RAMAKRISHNA MISSION SEVA PRATISHTHAN VIVEKANANDA INSTITUTE OF MEDICAL SCIENCES, KOLKATA",M.D. (GENERAL MEDICINE),State Quota,SC,SC,Fresh Allotment
292,2,18964,42,MIDNAPORE MEDICAL COLLEGE,M.D. (ANAESTHESIOLOGY),State Quota,UR,General,Fresh Allotment
293,2,19074,18,"RAMAKRISHNA MISSION SEVA PRATISHTHAN VIVEKANANDA INSTITUTE OF MEDICAL SCIENCES, KOLKATA",M.D. (ANAESTHESIOLOGY),State Quota,UR,General,Fresh Allotment
294,1,19128,-,MEDICAL COLLEGE KOLKATA,"M.D. (DERM.,VENE. AND LEPROSY)/ (DERMATOLOGY)/ (SKIN AND VENEREAL DISEASES)/ (VENEREOLOGY)",In-Service,UR,SC,Retained
295,1,19159,-,CALCUTTA NATIONAL MEDICAL COLLEGE KOLKATA,M.D. (OBST. AND GYNAE)/MS (OBSTETRICS AND GYNAECOLOGY),State Quota,SC,SC,Not Upgraded
296,2,19348,22,ICARE INSTITUTE OF MEDICAL SCIENCES AND RESEARCH HALDIA,M.D. (PAEDIATRICS),State Quota,UR,General,Fresh Allotment
297,1,19428,-,NIL RATAN SIRCAR MEDICAL COLLEGE,M.D. (RADIO- DIAGNOSIS),In-Service,OBC-A (Non- Creamy Layer),OBC-A (Non- Creamy Layer),Retained
298,1,19443,-,MEDICAL COLLEGE KOLKATA,DIPLOMA IN OPHTHALMOLOGY/DO MS,State Quota,UR,General,Not Upgraded
299,2,19471,24,CALCUTTA NATIONAL MEDICAL COLLEGE KOLKATA,M.D. (PAEDIATRICS),State Quota,SC,SC,Fresh Allotment
300,2,19564,1,INSTITUTE OF POST GRADUATE MEDICAL EDUCATION AND RESEARCH KOLKATA,M.S. (GENERAL SURGERY),State Quota,SC,SC,Fresh Allotment
301,2,20072,16,MIDNAPORE MEDICAL COLLEGE,M.D. (OBST. AND GYNAE)/MS (OBSTETRICS AND GYNAECOLOGY),State Quota,EWS,EWS,Fresh Allotment
302,2,20120,8,ICARE INSTITUTE OF MEDICAL SCIENCES AND RESEARCH HALDIA,M.D. (ANAESTHESIOLOGY),Private Management Quota,UR,General,Fresh Allotment
303,2,20124,6,KPC MEDICAL COLLEGE,M.D. (PSYCHIATRY),State Quota,UR,General,Fresh Allotment
304,2,20175,23,"RAMAKRISHNA MISSION SEVA PRATISHTHAN VIVEKANANDA INSTITUTE OF MEDICAL SCIENCES, KOLKATA",DIPLOMA IN CHILD HEALTH/ PAEDIATRICS,State Quota,UR,General,Fresh Allotment
305,1,20224,-,NIL RATAN SIRCAR MEDICAL COLLEGE,M.D. (RADIOTHERAPY/ RADIATION ONCOLOGY),State Quota,OBC-A (Non- Creamy Layer),OBC-A (Non- Creamy Layer),Not Upgraded
306,2,20384,83,INSTITUTE OF POST GRADUATE MEDICAL EDUCATION AND RESEARCH KOLKATA,M.D. (PATHOLOGY),State Quota,UR,General,Fresh Allotment
307,1,20397,-,"COMMAND HOSPITAL EC, ALIPORE, KOLKATA",M.S. (GENERAL SURGERY),State Quota,EWS,EWS,Not Upgraded
308,2,20427,44,ICARE INSTITUTE OF MEDICAL SCIENCES AND RESEARCH HALDIA,M.D. (TUBERCULOSIS AND RESPIRATORY DISEASES)/PULMONA RY MEDICINE /M.D. (RESPIRATORY MEDICINE),State Quota,UR,General,Fresh Allotment
309,1,20473,-,KPC MEDICAL COLLEGE,M.S. (GENERAL SURGERY),State Quota,OBC-A (Non- Creamy Layer),OBC-A (Non- Creamy Layer),Not Upgraded
310,1,20688,-,MEDICAL COLLEGE KOLKATA,DIP.IN GYNAE. AND OBST.,State Quota,UR,OBC-A (Non- Creamy Layer),Not Upgraded
311,2,20728,19,BURDWAN MEDICAL COLLEGE,M.S. (ORTHOPAEDICS),State Quota,SC,SC,Fresh Allotment
312,2,20808,66,INSTITUTE OF POST GRADUATE MEDICAL EDUCATION AND RESEARCH KOLKATA,M.D. (PATHOLOGY),State Quota,UR,General,Fresh Allotment
313,1,20809,-,INSTITUTE OF POST GRADUATE MEDICAL EDUCATION AND RESEARCH KOLKATA,M.S. (E.N.T.),State Quota,OBC-B (Non- Creamy Layer),OBC-B (Non- Creamy Layer),Retained
314,2,21111,1,SHRI RAMKRISHNA INSTITUTE OF MEDICAL SCIENCES & SANAKA HOSPITALS,M.S. (ORTHOPAEDICS),Private Management Quota,UR,OBC (Non-Creamy Layer),Fresh Allotment
315,2,21166,2,NIL RATAN SIRCAR MEDICAL COLLEGE,M.D. (PAEDIATRICS),State Quota,SC,SC,Fresh Allotment
316,2,21185,13,BANKURA SAMMILANI MEDICAL COLLEGE,M.S. (ORTHOPAEDICS),State Quota,EWS,EWS,Upgraded
317,2,21477,3,INSTITUTE OF POST GRADUATE MEDICAL EDUCATION AND RESEARCH KOLKATA,M.D. (PSYCHIATRY),State Quota,SC,SC,Fresh Allotment
318,2,21478,20,BURDWAN MEDICAL COLLEGE,M.D. (PAEDIATRICS),State Quota,SC,SC,Fresh Allotment
319,2,21881,10,DR. B C ROY POST GRADUATE INSTITUTE OF PAEDIATRIC SCIENCES,M.D. (PAEDIATRICS),State Quota,SC,SC,Fresh Allotment
320,2,21907,16,R G KAR MEDICAL COLLEGE,M.D. (OBST. AND GYNAE)/MS (OBSTETRICS AND GYNAECOLOGY),State Quota,SC,SC,Fresh Allotment
321,2,21951,2,SHRI RAMKRISHNA INSTITUTE OF MEDICAL SCIENCES & SANAKA HOSPITALS,M.D. (PAEDIATRICS),Private Management Quota,UR,General,Fresh Allotment
322,2,22034,16,R G KAR MEDICAL COLLEGE,M.D. (PHYSICAL MED. AND REHABILITATION),State Quota,UR,General,Fresh Allotment
323,2,22170,31,JAGANNATH GUPTA INSTITUTE OF MEDICAL SCIENCES AND HOSPITAL,M.D. (TUBERCULOSIS AND RESPIRATORY DISEASES)/PULMONA RY MEDICINE /M.D. (RESPIRATORY MEDICINE),State Quota,UR,General,Fresh Allotment
324,1,22241,-,"RAMAKRISHNA MISSION SEVA PRATISHTHAN VIVEKANANDA INSTITUTE OF MEDICAL SCIENCES, KOLKATA",M.S. (ORTHOPAEDICS),State Quota,SC,SC,Not Upgraded
325,2,22358,30,MIDNAPORE MEDICAL COLLEGE,M.S. (GENERAL SURGERY),State Quota,EWS,EWS,Fresh Allotment
326,1,22375,-,INSTITUTE OF POST GRADUATE MEDICAL EDUCATION AND RESEARCH KOLKATA,M.D. (GENERAL MEDICINE),In-Service,UR,General,Retained
327,2,22493,31,KPC MEDICAL COLLEGE,M.S. (GENERAL SURGERY),Private Management Quota,UR,General,Fresh Allotment
328,2,22583,14,MEDICAL COLLEGE KOLKATA,M.D. (PATHOLOGY),State Quota,UR,General,Fresh Allotment
329,2,22643,7,BANKURA SAMMILANI MEDICAL COLLEGE,M.D. (OBST. AND GYNAE)/MS (OBSTETRICS AND GYNAECOLOGY),State Quota,EWS,EWS,Fresh Allotment
330,2,22862,31,KPC MEDICAL COLLEGE,M.D. (ANAESTHESIOLOGY),State Quota,UR,General,Fresh Allotment
331,2,23163,6,ALL INDIA INSTITUTE OF HYGIENE AND PUBLIC HEALTH,M.D. (PREVENTIVE AND SOCIAL MEDICINE)/ COMMUNITY MEDICINE,State Quota,UR,General,Fresh Allotment
332,2,23229,15,"IQ CITY MEDICAL COLLEGE, DURGAPUR",M.D. (OBST. AND GYNAE)/MS (OBSTETRICS AND GYNAECOLOGY),State Quota,UR,General,Fresh Allotment
333,2,23241,59,MALDA MEDICAL COLLEGE AND HOSPITAL,M.D. (OBST. AND GYNAE)/MS (OBSTETRICS AND GYNAECOLOGY),State Quota,EWS,EWS,Fresh Allotment
334,1,23347,-,MEDICAL COLLEGE KOLKATA,M.D. (RADIO- DIAGNOSIS),In-Service,SC,SC,Retained
335,2,23695,24,ALL INDIA INSTITUTE OF HYGIENE AND PUBLIC HEALTH,M.D. (PREVENTIVE AND SOCIAL MEDICINE)/ COMMUNITY MEDICINE,State Quota,UR,General,Fresh Allotment
336,2,23965,84,JAGANNATH GUPTA INSTITUTE OF MEDICAL SCIENCES AND HOSPITAL,M.D. (ANAESTHESIOLOGY),State Quota,UR,General,Fresh Allotment
337,2,24025,49,"RAMAKRISHNA MISSION SEVA PRATISHTHAN VIVEKANANDA INSTITUTE OF MEDICAL SCIENCES, KOLKATA",M.D. (OBST. AND GYNAE)/MS (OBSTETRICS AND GYNAECOLOGY),State Quota,EWS,EWS,Fresh Allotment
338,2,24055,22,ESI PGIMSR AND ESIC MEDICAL COLLEGE JOKA KOLKATA,M.D. (OBST. AND GYNAE)/MS (OBSTETRICS AND GYNAECOLOGY),State Quota,EWS,EWS,Fresh Allotment
339,2,24064,8,SHRI RAMKRISHNA INSTITUTE OF MEDICAL SCIENCES & SANAKA HOSPITALS,M.D. (GENERAL MEDICINE),Private Management Quota,UR,General,Fresh Allotment
340,2,24111,8,SHRI RAMKRISHNA INSTITUTE OF MEDICAL SCIENCES & SANAKA HOSPITALS,M.D. (GENERAL MEDICINE),Private Management Quota,UR,OBC (Non-Creamy Layer),Fresh Allotment
341,2,24378,3,SHRI RAMKRISHNA INSTITUTE OF MEDICAL SCIENCES & SANAKA HOSPITALS,M.D. (GENERAL MEDICINE),Private Management Quota,UR,OBC (Non-Creamy Layer),Fresh Allotment
342,2,24440,41,MEDICAL COLLEGE KOLKATA,M.S. (OPHTHALMOLOGY),State Quota,OBC-A (Non- Creamy Layer),OBC-A (Non- Creamy Layer),Fresh Allotment
343,2,24458,20,MIDNAPORE MEDICAL COLLEGE,M.D. (PAEDIATRICS),State Quota,SC,SC,Fresh Allotment
344,2,24568,8,SHRI RAMKRISHNA INSTITUTE OF MEDICAL SCIENCES & SANAKA HOSPITALS,M.D. (GENERAL MEDICINE),Private Management Quota,UR,General,Fresh Allotment
345,2,24655,4,BURDWAN MEDICAL COLLEGE,M.D. (OBST. AND GYNAE)/MS (OBSTETRICS AND GYNAECOLOGY),State Quota,SC,SC,Fresh Allotment
346,2,24882,14,"RAMAKRISHNA MISSION SEVA PRATISHTHAN VIVEKANANDA INSTITUTE OF MEDICAL SCIENCES, KOLKATA",M.D. (PAEDIATRICS),State Quota,SC,SC,Fresh Allotment
347,1,25039,-,CALCUTTA NATIONAL MEDICAL COLLEGE KOLKATA,M.S. (GENERAL SURGERY),State Quota,SC,SC,Not Upgraded
348,2,25152,6,BANKURA SAMMILANI MEDICAL COLLEGE,M.D. (OBST. AND GYNAE)/MS (OBSTETRICS AND GYNAECOLOGY),State Quota,SC,SC,Upgraded
349,1,25187,-,INSTITUTE OF POST GRADUATE MEDICAL EDUCATION AND RESEARCH KOLKATA,M.D. (MICROBIOLOGY),State Quota,UR,General,Not Upgraded
350,1,25369,-,INSTITUTE OF POST GRADUATE MEDICAL EDUCATION AND RESEARCH KOLKATA,M.D. (GENERAL MEDICINE),In-Service,UR,OBC-A (Non- Creamy Layer),Retained
351,2,25430,24,BURDWAN MEDICAL COLLEGE,M.D. (PSYCHIATRY),State Quota,SC,SC,Fresh Allotment
352,2,25588,17,SHRI RAMKRISHNA INSTITUTE OF MEDICAL SCIENCES & SANAKA HOSPITALS,M.S. (ORTHOPAEDICS),State Quota,UR,General,Fresh Allotment
353,1,25716,-,R G KAR MEDICAL COLLEGE,M.S. (GENERAL SURGERY),State Quota,SC,SC,Retained
354,2,25752,37,NIL RATAN SIRCAR MEDICAL COLLEGE,M.S. (OPHTHALMOLOGY),State Quota,OBC-B (Non- Creamy Layer),OBC-B (Non- Creamy Layer),Fresh Allotment
355,2,25760,12,SHRI RAMKRISHNA INSTITUTE OF MEDICAL SCIENCES & SANAKA HOSPITALS,M.D. (OBST. AND GYNAE)/MS (OBSTETRICS AND GYNAECOLOGY),Private Management Quota,UR,General,Fresh Allotment
356,2,25778,9,MALDA MEDICAL COLLEGE AND HOSPITAL,M.D. (PAEDIATRICS),State Quota,SC,SC,Fresh Allotment
357,1,26273,-,"RAMAKRISHNA MISSION SEVA PRATISHTHAN VIVEKANANDA INSTITUTE OF MEDICAL SCIENCES, KOLKATA",M.D. (ANAESTHESIOLOGY),State Quota,OBC-A (Non- Creamy Layer),OBC-A (Non- Creamy Layer),Not Upgraded
358,2,26439,7,"RAMAKRISHNA MISSION SEVA PRATISHTHAN VIVEKANANDA INSTITUTE OF MEDICAL SCIENCES, KOLKATA",M.D. (OBST. AND GYNAE)/MS (OBSTETRICS AND GYNAECOLOGY),State Quota,SC,SC,Fresh Allotment
359,2,26774,96,ICARE INSTITUTE OF MEDICAL SCIENCES AND RESEARCH HALDIA,M.S. (E.N.T.),State Quota,UR,General,Fresh Allotment
360,2,26805,20,ICARE INSTITUTE OF MEDICAL SCIENCES AND RESEARCH HALDIA,M.D. (GENERAL MEDICINE),State Quota,EWS,EWS,Fresh Allotment
361,2,26856,31,BANKURA SAMMILANI MEDICAL COLLEGE,M.D. (TUBERCULOSIS AND RESPIRATORY DISEASES)/PULMONA RY MEDICINE /M.D. (RESPIRATORY MEDICINE),State Quota,SC,SC,Fresh Allotment
362,2,26860,15,GOURI DEVI INSTITUTE OF MEDICAL SCIENCES AND HOSPITAL,M.D. (ANAESTHESIOLOGY),State Quota,UR,General,Fresh Allotment
363,2,26886,14,KPC MEDICAL COLLEGE,M.S. (E.N.T.),Private Management Quota,UR,General,Fresh Allotment
364,1,26901,-,BANKURA SAMMILANI MEDICAL COLLEGE,M.S. (GENERAL SURGERY),State Quota,SC,SC,Retained
365,2,26920,16,R G KAR MEDICAL COLLEGE,M.D. (PATHOLOGY),State Quota,UR,General,Fresh Allotment
366,2,26934,10,MIDNAPORE MEDICAL COLLEGE,M.D. (OBST. AND GYNAE)/MS (OBSTETRICS AND GYNAECOLOGY),State Quota,SC,SC,Fresh Allotment
367,2,27085,40,SHRI RAMKRISHNA INSTITUTE OF MEDICAL SCIENCES & SANAKA HOSPITALS,M.S. (E.N.T.),State Quota,UR,General,Fresh Allotment
368,1,27426,-,R G KAR MEDICAL COLLEGE,M.S. (E.N.T.),State Quota,OBC-B (Non- Creamy Layer),OBC-B (Non- Creamy Layer),Not Upgraded
369,2,27451,21,MIDNAPORE MEDICAL COLLEGE,M.D. (OBST. AND GYNAE)/MS (OBSTETRICS AND GYNAECOLOGY),State Quota,SC,SC,Fresh Allotment
370,2,27529,32,JAGANNATH GUPTA INSTITUTE OF MEDICAL SCIENCES AND HOSPITAL,"M.D. (DERM.,VENE. AND LEPROSY)/ (DERMATOLOGY)/ (SKIN AND VENEREAL DISEASES)/ (VENEREOLOGY)",State Quota,EWS,EWS,Fresh Allotment
371,1,27628,-,MEDICAL COLLEGE KOLKATA,M.D. (PREVENTIVE AND SOCIAL MEDICINE)/ COMMUNITY MEDICINE,State Quota,UR,General,Not Upgraded
372,2,27741,37,"RAMAKRISHNA MISSION SEVA PRATISHTHAN VIVEKANANDA INSTITUTE OF MEDICAL SCIENCES, KOLKATA",M.D. (PATHOLOGY),State Quota,UR,General,Fresh Allotment
373,2,27745,34,BURDWAN MEDICAL COLLEGE,M.D. (PATHOLOGY),State Quota,UR,General,Fresh Allotment
374,2,27755,33,NORTH BENGAL MEDICAL COLLEGE AND HOSPITAL,M.S. (ORTHOPAEDICS),State Quota,SC,SC,Upgraded
375,2,27946,27,BURDWAN MEDICAL COLLEGE,M.S. (GENERAL SURGERY),State Quota,SC,SC,Fresh Allotment
376,1,28004,-,ESI PGIMSR AND ESIC MEDICAL COLLEGE JOKA KOLKATA,M.S. (ORTHOPAEDICS),State Quota,ST,ST,Not Upgraded
377,1,28074,-,MURSHIDABAD MEDICAL COLLEGE AND HOSPITAL,M.D. (RADIO- DIAGNOSIS),In-Service,UR,SC,Retained
378,1,28354,-,"RAMAKRISHNA MISSION SEVA PRATISHTHAN VIVEKANANDA INSTITUTE OF MEDICAL SCIENCES, KOLKATA",M.D. (RADIO- DIAGNOSIS),In-Service,UR,General,Retained
379,1,28362,-,MEDICAL COLLEGE KOLKATA,M.D. (GENERAL MEDICINE),In-Service,UR,General,Retained
380,2,28401,14,MALDA MEDICAL COLLEGE AND HOSPITAL,M.D. (OBST. AND GYNAE)/MS (OBSTETRICS AND GYNAECOLOGY),State Quota,SC,SC,Upgraded
381,2,28408,6,COLLEGE OF MEDICINE AND SAGORE DUTTA HOSPITAL,M.D. (PATHOLOGY),State Quota,UR,General,Fresh Allotment
382,2,28458,13,SHRI RAMKRISHNA INSTITUTE OF MEDICAL SCIENCES & SANAKA HOSPITALS,M.S. (GENERAL SURGERY),Private Management Quota,UR,EWS,Fresh Allotment
383,1,28805,-,BURDWAN MEDICAL COLLEGE,M.D. (RADIO- DIAGNOSIS),In-Service,SC,SC,Retained
384,2,28852,34,"RAMAKRISHNA MISSION SEVA PRATISHTHAN VIVEKANANDA INSTITUTE OF MEDICAL SCIENCES, KOLKATA",M.S. (OPHTHALMOLOGY),State Quota,SC,SC,Fresh Allotment
385,1,28879,-,INSTITUTE OF POST GRADUATE MEDICAL EDUCATION AND RESEARCH KOLKATA,M.D. (PHYSIOLOGY),State Quota,UR,General,Retained
386,2,28935,28,MURSHIDABAD MEDICAL COLLEGE AND HOSPITAL,M.D. (OBST. AND GYNAE)/MS (OBSTETRICS AND GYNAECOLOGY),State Quota,OBC-B (Non- Creamy Layer),OBC-B (Non- Creamy Layer),Fresh Allotment
387,1,29032,-,MIDNAPORE MEDICAL COLLEGE,M.S. (GENERAL SURGERY),State Quota,SC,SC,Not Upgraded
388,2,29044,41,NORTH BENGAL MEDICAL COLLEGE AND HOSPITAL,M.D. (PATHOLOGY),State Quota,UR,General,Fresh Allotment
389,1,29076,-,ALL INDIA INSTITUTE OF HYGIENE AND PUBLIC HEALTH,M.P.H. (EPIDEMIOLOGY),State Quota,UR,General,Not Upgraded
390,2,29250,1,NORTH BENGAL MEDICAL COLLEGE AND HOSPITAL,M.S. (GENERAL SURGERY),State Quota,SC,SC,Upgraded
391,1,29269,-,MEDICAL COLLEGE KOLKATA,M.D. (PAEDIATRICS),In-Service,UR,OBC-A (Non- Creamy Layer),Retained
392,2,29356,16,MEDICAL COLLEGE KOLKATA,DIP.IN GYNAE. AND OBST.,State Quota,OBC-B (Non- Creamy Layer),OBC-B (Non- Creamy Layer),Fresh Allotment
393,1,29507,-,NIL RATAN SIRCAR MEDICAL COLLEGE,M.S. (E.N.T.),State Quota,EWS,EWS,Not Upgraded
394,2,29864,57,NORTH BENGAL MEDICAL COLLEGE AND HOSPITAL,M.S. (E.N.T.),State Quota,SC,SC,Fresh Allotment
395,1,30162,-,CALCUTTA NATIONAL MEDICAL COLLEGE KOLKATA,DIPLOMA IN ANAESTHESIOLOGY,State Quota,UR,General,Not Upgraded
396,2,30178,16,GOURI DEVI INSTITUTE OF MEDICAL SCIENCES AND HOSPITAL,M.D. (OBST. AND GYNAE)/MS (OBSTETRICS AND GYNAECOLOGY),Private Management Quota,UR,General,Fresh Allotment
397,2,30329,73,ESI PGIMSR AND ESIC MEDICAL COLLEGE JOKA KOLKATA,M.S. (E.N.T.),State Quota,SC,SC,Fresh Allotment
398,1,30393,-,CALCUTTA NATIONAL MEDICAL COLLEGE KOLKATA,M.D. (ANAESTHESIOLOGY),State Quota,EWS,EWS,Not Upgraded
399,1,30562,-,INSTITUTE OF POST GRADUATE MEDICAL EDUCATION AND RESEARCH KOLKATA,M.D. (PREVENTIVE AND SOCIAL MEDICINE)/ COMMUNITY MEDICINE,State Quota,UR,General,Not Upgraded
400,2,30860,33,ESI PGIMSR AND ESIC MEDICAL COLLEGE JOKA KOLKATA,M.D. (ANAESTHESIOLOGY),State Quota,OBC (Non-Creamy Layer),OBC-A (Non- Creamy Layer),Fresh Allotment
401,1,30862,-,R G KAR MEDICAL COLLEGE,M.D. (ANAESTHESIOLOGY),State Quota,SC,SC,Not Upgraded
402,2,30936,42,MURSHIDABAD MEDICAL COLLEGE AND HOSPITAL,M.D. (PATHOLOGY),State Quota,UR,General,Fresh Allotment
403,2,31166,15,"IQ CITY MEDICAL COLLEGE, DURGAPUR",M.D. (GENERAL MEDICINE),State Quota,SC,SC,Fresh Allotment
404,2,31186,2,MEDICAL COLLEGE KOLKATA,M.D. (RADIOTHERAPY/ RADIATION ONCOLOGY),State Quota,SC,SC,Fresh Allotment
405,2,31289,63,KPC MEDICAL COLLEGE,M.D. (RADIO- DIAGNOSIS),State Quota,SC,SC,Fresh Allotment
406,2,31374,3,NIL RATAN SIRCAR MEDICAL COLLEGE,M.D. (GENERAL MEDICINE),State Quota,ST,ST,Upgraded
407,1,31446,-,R G KAR MEDICAL COLLEGE,M.D. (ANAESTHESIOLOGY),State Quota,SC,SC,Not Upgraded
408,1,31533,-,INSTITUTE OF POST GRADUATE MEDICAL EDUCATION AND RESEARCH KOLKATA,M.D. (GENERAL MEDICINE),In-Service,OBC-A (Non- Creamy Layer),OBC-A (Non- Creamy Layer),Retained
409,2,31787,90,R G KAR MEDICAL COLLEGE,M.S. (OPHTHALMOLOGY),State Quota,OBC-A (Non- Creamy Layer),OBC-A (Non- Creamy Layer),Fresh Allotment
410,2,31999,14,GOURI DEVI INSTITUTE OF MEDICAL SCIENCES AND HOSPITAL,"M.D. (DERM.,VENE. AND LEPROSY)/ (DERMATOLOGY)/ (SKIN AND VENEREAL DISEASES)/ (VENEREOLOGY)",Private Management Quota,UR,General,Fresh Allotment
411,2,32388,64,ICARE INSTITUTE OF MEDICAL SCIENCES AND RESEARCH HALDIA,M.S. (OPHTHALMOLOGY),State Quota,UR,General,Fresh Allotment
412,1,32445,-,BURDWAN MEDICAL COLLEGE,M.D. (ANAESTHESIOLOGY),State Quota,OBC-B (Non- Creamy Layer),OBC-B (Non- Creamy Layer),Not Upgraded
413,2,32468,14,MEDICAL COLLEGE KOLKATA,M.D. (ANAESTHESIOLOGY),State Quota,SC,SC,Upgraded
414,2,32496,3,"IQ CITY MEDICAL COLLEGE, DURGAPUR",M.D. (PAEDIATRICS),Private Management Quota,UR,OBC (Non-Creamy Layer),Fresh Allotment
415,2,32504,68,MEDICAL COLLEGE KOLKATA,M.D. (ANAESTHESIOLOGY),State Quota,SC,SC,Fresh Allotment
416,2,32824,53,"RAMAKRISHNA MISSION SEVA PRATISHTHAN VIVEKANANDA INSTITUTE OF MEDICAL SCIENCES, KOLKATA",M.S. (E.N.T.),State Quota,SC,SC,Fresh Allotment
417,1,33077,-,MEDICAL COLLEGE KOLKATA,M.D. (GENERAL MEDICINE),In-Service,UR,OBC-A (Non- Creamy Layer),Retained
418,2,33760,67,R G KAR MEDICAL COLLEGE,DIPLOMA IN ANAESTHESIOLOGY,State Quota,UR,General,Fresh Allotment
419,2,34231,27,SHRI RAMKRISHNA INSTITUTE OF MEDICAL SCIENCES & SANAKA HOSPITALS,M.D. (PSYCHIATRY),State Quota,OBC-A (Non- Creamy Layer),OBC-A (Non- Creamy Layer),Fresh Allotment
420,2,34233,5,SHRI RAMKRISHNA INSTITUTE OF MEDICAL SCIENCES & SANAKA HOSPITALS,M.S. (GENERAL SURGERY),Private Management Quota,UR,General,Fresh Allotment
421,2,34311,15,R G KAR MEDICAL COLLEGE,M.D. (RADIOTHERAPY/ RADIATION ONCOLOGY),State Quota,SC,SC,Fresh Allotment
422,1,34315,-,M R BANGUR HOSPITAL,(NBEMS) GENERAL MEDICINE,In-Service DNB,UR,OBC-A (Non- Creamy Layer),Retained
423,1,34393,-,KPC MEDICAL COLLEGE,M.S. (ORTHOPAEDICS),State Quota,SC,SC,Not Upgraded
424,1,34681,-,KPC MEDICAL COLLEGE,M.S. (GENERAL SURGERY),Private Management Quota,UR,General,Not Upgraded
425,2,34771,3,MEDICAL COLLEGE KOLKATA,M.D. (PAEDIATRICS),State Quota,ST,ST,Fresh Allotment
426,2,35104,29,BURDWAN MEDICAL COLLEGE,M.D. (ANAESTHESIOLOGY),State Quota,SC,SC,Fresh Allotment
427,2,35373,16,BANKURA SAMMILANI MEDICAL COLLEGE,M.S. (OPHTHALMOLOGY),State Quota,SC,SC,Fresh Allotment
428,2,35454,39,INSTITUTE OF POST GRADUATE MEDICAL EDUCATION AND RESEARCH KOLKATA,M.D. (PATHOLOGY),State Quota,SC,SC,Fresh Allotment
429,2,35635,10,SHRI RAMKRISHNA INSTITUTE OF MEDICAL SCIENCES & SANAKA HOSPITALS,M.S. (GENERAL SURGERY),Private Management Quota,UR,OBC (Non-Creamy Layer),Fresh Allotment
430,2,35676,15,NIL RATAN SIRCAR MEDICAL COLLEGE,M.D. (ANAESTHESIOLOGY),State Quota,EWS,EWS,Fresh Allotment
431,1,35892,-,MEDICAL COLLEGE KOLKATA,DIP.IN GYNAE. AND OBST.,State Quota,SC,SC,Not Upgraded
432,1,36002,-,KPC MEDICAL COLLEGE,M.S. (ORTHOPAEDICS),Private Management Quota,UR,General,Retained
433,1,36396,-,NIL RATAN SIRCAR MEDICAL COLLEGE,M.D. (GENERAL MEDICINE),In-Service,UR,General,Retained
434,2,36772,31,NORTH BENGAL MEDICAL COLLEGE AND HOSPITAL,M.S. (OPHTHALMOLOGY),State Quota,SC,SC,Fresh Allotment
435,2,36921,76,NIL RATAN SIRCAR MEDICAL COLLEGE,M.D. (PSYCHIATRY),State Quota,OBC-B (Non- Creamy Layer),OBC-B (Non- Creamy Layer),Fresh Allotment
436,2,37017,26,NORTH BENGAL MEDICAL COLLEGE AND HOSPITAL,M.D. (ANAESTHESIOLOGY),State Quota,SC,SC,Fresh Allotment
437,2,37186,8,"IQ CITY MEDICAL COLLEGE, DURGAPUR",M.D. (GENERAL MEDICINE),Private Management Quota,UR,General,Fresh Allotment
438,1,37214,-,KPC MEDICAL COLLEGE,M.D. (ANAESTHESIOLOGY),State Quota,OBC-A (Non- Creamy Layer),OBC-A (Non- Creamy Layer),Not Upgraded
439,2,37353,53,"SCHOOL OF TROPICAL MEDICINE, KOLKATA",M.D. (TROPICAL MEDICINE),State Quota,EWS,EWS,Upgraded
440,2,37611,57,BANKURA SAMMILANI MEDICAL COLLEGE,M.D. (ANAESTHESIOLOGY),State Quota,SC,SC,Fresh Allotment
441,2,37640,4,CALCUTTA NATIONAL MEDICAL COLLEGE KOLKATA,M.D. (PREVENTIVE AND SOCIAL MEDICINE)/ COMMUNITY MEDICINE,State Quota,UR,General,Upgraded
442,2,37826,2,"IQ CITY MEDICAL COLLEGE, DURGAPUR",M.D. (PAEDIATRICS),Private Management Quota,UR,General,Fresh Allotment
443,1,38017,-,NIL RATAN SIRCAR MEDICAL COLLEGE,M.D. (GENERAL MEDICINE),In-Service,UR,OBC-A (Non- Creamy Layer),Retained
444,2,38046,2,"IQ CITY MEDICAL COLLEGE, DURGAPUR",M.S. (OPHTHALMOLOGY),Private Management Quota,UR,General,Fresh Allotment
445,2,38222,69,MEDICAL COLLEGE KOLKATA,DIPLOMA IN OPHTHALMOLOGY/DO MS,State Quota,UR,General,Fresh Allotment
446,2,38518,49,JAGANNATH GUPTA INSTITUTE OF MEDICAL SCIENCES AND HOSPITAL,M.S. (GENERAL SURGERY),State Quota,SC,SC,Fresh Allotment
447,2,38612,64,MIDNAPORE MEDICAL COLLEGE,M.S. (OPHTHALMOLOGY),State Quota,SC,SC,Fresh Allotment
448,2,38794,3,"IQ CITY MEDICAL COLLEGE, DURGAPUR",M.S. (OPHTHALMOLOGY),Private Management Quota,UR,General,Fresh Allotment
449,2,39018,3,"IQ CITY MEDICAL COLLEGE, DURGAPUR",M.S. (GENERAL SURGERY),Private Management Quota,UR,OBC (Non-Creamy Layer),Fresh Allotment
450,1,39089,-,DISTRICT HOSPITAL HOWRAH,(NBEMS) GENERAL MEDICINE,In-Service DNB,UR,OBC-B (Non- Creamy Layer),Retained
451,2,39247,87,BURDWAN MEDICAL COLLEGE,M.D. (PATHOLOGY),State Quota,OBC-A (Non- Creamy Layer),OBC-A (Non- Creamy Layer),Fresh Allotment
452,2,39520,22,JAGANNATH GUPTA INSTITUTE OF MEDICAL SCIENCES AND HOSPITAL,M.D. (PAEDIATRICS),Private Management Quota,UR,SC,Fresh Allotment
453,2,39605,6,"RAMAKRISHNA MISSION SEVA PRATISHTHAN VIVEKANANDA INSTITUTE OF MEDICAL SCIENCES, KOLKATA",M.D. (GENERAL MEDICINE),State Quota,ST,ST,Fresh Allotment
454,1,39683,-,INSTITUTE OF POST GRADUATE MEDICAL EDUCATION AND RESEARCH KOLKATA,M.S. (ORTHOPAEDICS),In-Service,UR,OBC-A (Non- Creamy Layer),Retained
455,1,39706,-,NORTH BENGAL MEDICAL COLLEGE AND HOSPITAL,M.D. (RADIO- DIAGNOSIS),In-Service,SC,SC,Retained
456,2,39761,1,INSTITUTE OF POST GRADUATE MEDICAL EDUCATION AND RESEARCH KOLKATA,M.D. (PHYSICAL MED. AND REHABILITATION),State Quota,SC,SC,Fresh Allotment
457,2,39856,81,NORTH BENGAL MEDICAL COLLEGE AND HOSPITAL,M.D. (PSYCHIATRY),State Quota,SC,SC,Fresh Allotment
458,2,39875,67,KPC MEDICAL COLLEGE,M.D. (PATHOLOGY),State Quota,UR,General,Fresh Allotment
459,2,40071,35,MEDICAL COLLEGE KOLKATA,DIPLOMA IN OPHTHALMOLOGY/DO MS,State Quota,UR,General,Fresh Allotment
460,2,40227,86,MIDNAPORE MEDICAL COLLEGE,M.D. (ANAESTHESIOLOGY),State Quota,OBC-B (Non- Creamy Layer),OBC-B (Non- Creamy Layer),Fresh Allotment
461,1,40456,-,KPC MEDICAL COLLEGE,M.S. (GENERAL SURGERY),Private Management Quota,UR,General,Not Upgraded
462,2,40753,17,KPC MEDICAL COLLEGE,M.S. (E.N.T.),Private Management Quota,UR,General,Fresh Allotment
463,1,41043,-,MEDICAL COLLEGE KOLKATA,DIPLOMA IN ORTHOPAEDICS,State Quota,SC,SC,Not Upgraded
464,1,41049,-,R G KAR MEDICAL COLLEGE,M.D. (BIOCHEMISTRY),State Quota,UR,General,Not Upgraded
465,2,41106,1,BARASAT GOVERNMENT MEDICAL COLLEGE AND HOSPITAL,(NBEMS-DIPLOMA) PAEDIATRICS,In-Service DNB,UR,General,Fresh Allotment
466,2,41297,17,COLLEGE OF MEDICINE AND SAGORE DUTTA HOSPITAL,M.D. (ANAESTHESIOLOGY),State Quota,SC,SC,Fresh Allotment
467,2,41993,10,KPC MEDICAL COLLEGE,M.S. (ORTHOPAEDICS),Private Management Quota,UR,General,Fresh Allotment
468,2,42307,94,"IQ CITY MEDICAL COLLEGE, DURGAPUR",M.D. (PATHOLOGY),State Quota,UR,General,Fresh Allotment
469,2,42604,32,GOURI DEVI INSTITUTE OF MEDICAL SCIENCES AND HOSPITAL,M.D. (PATHOLOGY),State Quota,UR,General,Fresh Allotment
470,2,42657,109,GOURI DEVI INSTITUTE OF MEDICAL SCIENCES AND HOSPITAL,M.D. (PAEDIATRICS),Private Management Quota,UR,General,Fresh Allotment
471,1,42718,-,GOURI DEVI INSTITUTE OF MEDICAL SCIENCES AND HOSPITAL,M.D. (PAEDIATRICS),Private Management Quota,UR,General,Not Upgraded
472,2,42807,34,GOURI DEVI INSTITUTE OF MEDICAL SCIENCES AND HOSPITAL,M.D. (OBST. AND GYNAE)/MS (OBSTETRICS AND GYNAECOLOGY),State Quota,SC,SC,Fresh Allotment
473,1,42911,-,CALCUTTA NATIONAL MEDICAL COLLEGE KOLKATA,M.S. (ORTHOPAEDICS),In-Service,UR,General,Retained
474,2,42946,36,MURSHIDABAD MEDICAL COLLEGE AND HOSPITAL,M.D. (ANAESTHESIOLOGY),State Quota,SC,SC,Fresh Allotment
475,2,43761,50,ALL INDIA INSTITUTE OF HYGIENE AND PUBLIC HEALTH,M.D. (PREVENTIVE AND SOCIAL MEDICINE)/ COMMUNITY MEDICINE,State Quota,OBC (Non-Creamy Layer),OBC-A (Non- Creamy Layer),Fresh Allotment
476,2,43808,5,COLLEGE OF MEDICINE AND SAGORE DUTTA HOSPITAL,M.D. (PREVENTIVE AND SOCIAL MEDICINE)/ COMMUNITY MEDICINE,State Quota,UR,General,Fresh Allotment
477,1,43868,-,BANKURA SAMMILANI MEDICAL COLLEGE,M.D. (RADIO- DIAGNOSIS),In-Service,OBC-A (Non- Creamy Layer),OBC-A (Non- Creamy Layer),Retained
478,1,44252,-,R G KAR MEDICAL COLLEGE,M.S. (ORTHOPAEDICS),In-Service,UR,OBC-A (Non- Creamy Layer),Retained
479,2,44520,107,ICARE INSTITUTE OF MEDICAL SCIENCES AND RESEARCH HALDIA,M.S. (OPHTHALMOLOGY),State Quota,SC,SC,Fresh Allotment
480,1,44695,-,CALCUTTA NATIONAL MEDICAL COLLEGE KOLKATA,M.D. (PREVENTIVE AND SOCIAL MEDICINE)/ COMMUNITY MEDICINE,State Quota,SC,SC,Not Upgraded
481,1,45019,-,ALL INDIA INSTITUTE OF HYGIENE AND PUBLIC HEALTH,M.D. (PREVENTIVE AND SOCIAL MEDICINE)/ COMMUNITY MEDICINE,State Quota,OBC (Non-Creamy Layer),OBC-A (Non- Creamy Layer),Retained
482,2,45329,80,JAGANNATH GUPTA INSTITUTE OF MEDICAL SCIENCES AND HOSPITAL,M.D. (PAEDIATRICS),Private Management Quota,UR,General,Fresh Allotment
483,1,45343,-,CALCUTTA NATIONAL MEDICAL COLLEGE KOLKATA,M.D. (GENERAL MEDICINE),In-Service,UR,OBC-A (Non- Creamy Layer),Not Upgraded
484,2,45767,11,BURDWAN MEDICAL COLLEGE,M.D. (PREVENTIVE AND SOCIAL MEDICINE)/ COMMUNITY MEDICINE,State Quota,UR,General,Fresh Allotment
485,1,45884,-,MEDICAL COLLEGE KOLKATA,M.D. (GENERAL MEDICINE),In-Service,OBC-B (Non- Creamy Layer),OBC-B (Non- Creamy Layer),Retained
486,2,45923,13,JAGANNATH GUPTA INSTITUTE OF MEDICAL SCIENCES AND HOSPITAL,M.D. (OBST. AND GYNAE)/MS (OBSTETRICS AND GYNAECOLOGY),Private Management Quota,UR,General,Fresh Allotment
487,2,45933,7,JAGANNATH GUPTA INSTITUTE OF MEDICAL SCIENCES AND HOSPITAL,M.S. (ORTHOPAEDICS),Private Management Quota,UR,SC,Fresh Allotment
488,2,45973,60,MEDICAL COLLEGE KOLKATA,M.D. (PATHOLOGY),State Quota,SC,SC,Upgraded
489,1,46185,-,CALCUTTA NATIONAL MEDICAL COLLEGE KOLKATA,M.D. (GENERAL MEDICINE),In-Service,UR,General,Retained
490,1,46204,-,INSTITUTE OF POST GRADUATE MEDICAL EDUCATION AND RESEARCH KOLKATA,M.D. (PATHOLOGY),State Quota,EWS,EWS,Not Upgraded
491,1,46298,-,MALDA MEDICAL COLLEGE AND HOSPITAL,M.D. (PAEDIATRICS),In-Service,UR,OBC-A (Non- Creamy Layer),Retained
492,1,46738,-,R G KAR MEDICAL COLLEGE,M.D. (GENERAL MEDICINE),In-Service,UR,OBC-A (Non- Creamy Layer),Retained
493,1,47402,-,MAHARAJA JITENDRA NARAYAN MEDICAL COLLEGE AND HOSPITAL,(NBEMS-DIPLOMA) RADIO-DIAGNOSIS,In-Service DNB,UR,OBC-A (Non- Creamy Layer),Retained
494,2,47590,38,NIL RATAN SIRCAR MEDICAL COLLEGE,M.D. (PATHOLOGY),State Quota,SC,SC,Fresh Allotment
495,2,47697,43,NORTH BENGAL MEDICAL COLLEGE AND HOSPITAL,M.D. (ANAESTHESIOLOGY),State Quota,OBC-B (Non- Creamy Layer),OBC-B (Non- Creamy Layer),Fresh Allotment
496,1,47808,-,"CHITTARANJAN SEVA SADAN COLLEGE OF OBS. GYNAE AND CHILD HEALTH,KOLKATA",(NBEMS-DIPLOMA) PAEDIATRICS,In-Service DNB,UR,OBC-A (Non- Creamy Layer),Not Upgraded
497,1,47881,-,MEDICAL COLLEGE KOLKATA,M.D. (GENERAL MEDICINE),In-Service,SC,SC,Retained
498,1,48008,-,SHRI RAMKRISHNA INSTITUTE OF MEDICAL SCIENCES & SANAKA HOSPITALS,M.D. (OBST. AND GYNAE)/MS (OBSTETRICS AND GYNAECOLOGY),State Quota,OBC-B (Non- Creamy Layer),OBC-B (Non- Creamy Layer),Not Upgraded
499,1,48258,-,KPC MEDICAL COLLEGE,M.S. (GENERAL SURGERY),Private Management Quota,UR,General,Retained
500,2,48367,26,NORTH BENGAL MEDICAL COLLEGE AND HOSPITAL,M.D. (ANAESTHESIOLOGY),State Quota,EWS,EWS,Fresh Allotment
501,1,48440,-,MEDICAL COLLEGE KOLKATA,M.D. (PAEDIATRICS),In-Service,UR,General,Retained
502,2,49233,64,MEDICAL COLLEGE KOLKATA,MD/MS (ANATOMY),State Quota,UR,General,Upgraded
503,2,49864,25,KPC MEDICAL COLLEGE,M.S. (GENERAL SURGERY),Private Management Quota,UR,General,Upgraded
504,1,49935,-,R G KAR MEDICAL COLLEGE,M.D. (OBST. AND GYNAE)/MS (OBSTETRICS AND GYNAECOLOGY),In-Service,UR,OBC-A (Non- Creamy Layer),Not Upgraded
505,1,50580,-,R G KAR MEDICAL COLLEGE,M.D. (GENERAL MEDICINE),In-Service,UR,General,Retained
506,2,50966,30,INSTITUTE OF POST GRADUATE MEDICAL EDUCATION AND RESEARCH KOLKATA,M.D. (BIOCHEMISTRY),State Quota,UR,General,Fresh Allotment
507,1,51005,-,NORTH BENGAL MEDICAL COLLEGE AND HOSPITAL,M.D. (GENERAL MEDICINE),In-Service,UR,General,Retained
508,2,51151,119,MEDICAL COLLEGE KOLKATA,DIPLOMA IN OPHTHALMOLOGY/DO MS,State Quota,SC,SC,Fresh Allotment
509,2,51869,50,BANKURA SAMMILANI MEDICAL COLLEGE,M.D. (PATHOLOGY),State Quota,SC,SC,Fresh Allotment
510,1,52327,-,INSTITUTE OF POST GRADUATE MEDICAL EDUCATION AND RESEARCH KOLKATA,M.D. (PATHOLOGY),State Quota,OBC-B (Non- Creamy Layer),OBC-B (Non- Creamy Layer),Retained
511,2,52471,6,R G KAR MEDICAL COLLEGE,M.D. (PATHOLOGY),State Quota,SC,SC,Fresh Allotment
512,1,52506,-,INSTITUTE OF POST GRADUATE MEDICAL EDUCATION AND RESEARCH KOLKATA,M.S. (ORTHOPAEDICS),In-Service,UR,SC,Retained
513,2,52656,46,SHRI RAMKRISHNA INSTITUTE OF MEDICAL SCIENCES & SANAKA HOSPITALS,M.D. (ANAESTHESIOLOGY),State Quota,SC,SC,Fresh Allotment
514,2,53215,5,INSTITUTE OF POST GRADUATE MEDICAL EDUCATION AND RESEARCH KOLKATA,M.D. (PHARMACOLOGY),State Quota,UR,General,Fresh Allotment
515,2,53244,5,"IQ CITY MEDICAL COLLEGE, DURGAPUR",M.S. (GENERAL SURGERY),Private Management Quota,UR,General,Fresh Allotment
516,2,53350,48,NORTH BENGAL MEDICAL COLLEGE AND HOSPITAL,M.D. (PREVENTIVE AND SOCIAL MEDICINE)/ COMMUNITY MEDICINE,State Quota,UR,General,Fresh Allotment
517,2,53669,2,R G KAR MEDICAL COLLEGE,M.D. (PAEDIATRICS),State Quota,ST,ST,Fresh Allotment
518,2,54606,5,COLLEGE OF MEDICINE AND SAGORE DUTTA HOSPITAL,M.D. (PAEDIATRICS),State Quota,ST,ST,Fresh Allotment
519,2,54933,75,KPC MEDICAL COLLEGE,M.D. (ANAESTHESIOLOGY),Private Management Quota,UR,General,Fresh Allotment
520,1,55153,-,INSTITUTE OF POST GRADUATE MEDICAL EDUCATION AND RESEARCH KOLKATA,M.D. (ANAESTHESIOLOGY),State Quota,ST,ST,Not Upgraded
521,2,55775,2,CALCUTTA NATIONAL MEDICAL COLLEGE KOLKATA,M.D. (GENERAL MEDICINE),In-Service,UR,General,Upgraded
522,1,56015,-,BARASAT GOVERNMENT MEDICAL COLLEGE AND HOSPITAL,(NBEMS) GENERAL MEDICINE,In-Service DNB,OBC-A (Non- Creamy Layer),OBC-A (Non- Creamy Layer),Retained
523,2,56163,10,"SCHOOL OF TROPICAL MEDICINE, KOLKATA",M.D. (MICROBIOLOGY),State Quota,UR,General,Upgraded
524,1,56316,-,SHRI RAMKRISHNA INSTITUTE OF MEDICAL SCIENCES & SANAKA HOSPITALS,M.S. (GENERAL SURGERY),State Quota,SC,SC,Not Upgraded
525,2,56721,5,CALCUTTA NATIONAL MEDICAL COLLEGE KOLKATA,M.D. (PATHOLOGY),State Quota,SC,SC,Fresh Allotment
526,1,56819,-,R G KAR MEDICAL COLLEGE,M.D. (GENERAL MEDICINE),In-Service,SC,SC,Not Upgraded
527,1,57014,-,DIAMOND HARBOUR GOVERNMENT MEDICAL COLLEGE AND HOSPITAL,(NBEMS) GENERAL MEDICINE,In-Service DNB,SC,SC,Retained
528,1,57220,-,INSTITUTE OF POST GRADUATE MEDICAL EDUCATION AND RESEARCH KOLKATA,M.S. (ORTHOPAEDICS),In-Service,OBC-A (Non- Creamy Layer),OBC-A (Non- Creamy Layer),Retained
529,2,58050,37,GOURI DEVI INSTITUTE OF MEDICAL SCIENCES AND HOSPITAL,M.S. (E.N.T.),State Quota,SC,SC,Upgraded
530,2,58516,61,BANKURA SAMMILANI MEDICAL COLLEGE,M.D. (MICROBIOLOGY),State Quota,UR,General,Fresh Allotment
531,2,58547,8,R G KAR MEDICAL COLLEGE,M.D. (MICROBIOLOGY),State Quota,UR,General,Fresh Allotment
532,2,59916,25,"IQ CITY MEDICAL COLLEGE, DURGAPUR",M.D. (TUBERCULOSIS AND RESPIRATORY DISEASES)/PULMONA RY MEDICINE /M.D. (RESPIRATORY MEDICINE),Private Management Quota,UR,General,Fresh Allotment
533,2,60056,30,JAGANNATH GUPTA INSTITUTE OF MEDICAL SCIENCES AND HOSPITAL,M.D. (PAEDIATRICS),Private Management Quota,UR,General,Fresh Allotment
534,1,60270,-,MEDICAL COLLEGE KOLKATA,M.D. (OBST. AND GYNAE)/MS (OBSTETRICS AND GYNAECOLOGY),In-Service,UR,General,Retained
535,2,60319,1,"RAMAKRISHNA MISSION SEVA PRATISHTHAN VIVEKANANDA INSTITUTE OF MEDICAL SCIENCES, KOLKATA",M.S. (GENERAL SURGERY),State Quota,ST,ST,Upgraded
536,2,60387,56,MEDICAL COLLEGE KOLKATA,MD/MS (ANATOMY),State Quota,UR,SC,Fresh Allotment
537,2,60768,66,GOURI DEVI INSTITUTE OF MEDICAL SCIENCES AND HOSPITAL,M.D. (OBST. AND GYNAE)/MS (OBSTETRICS AND GYNAECOLOGY),Private Management Quota,UR,General,Fresh Allotment
538,2,61340,40,GOURI DEVI INSTITUTE OF MEDICAL SCIENCES AND HOSPITAL,M.D. (PAEDIATRICS),Private Management Quota,UR,General,Fresh Allotment
539,1,61852,-,NIL RATAN SIRCAR MEDICAL COLLEGE,M.S. (ORTHOPAEDICS),In-Service,UR,OBC-A (Non- Creamy Layer),Retained
540,1,61883,-,"RAMAKRISHNA MISSION SEVA PRATISHTHAN VIVEKANANDA INSTITUTE OF MEDICAL SCIENCES, KOLKATA",M.D. (GENERAL MEDICINE),In-Service,UR,General,Retained
541,2,62149,127,ICARE INSTITUTE OF MEDICAL SCIENCES AND RESEARCH HALDIA,M.D. (PSYCHIATRY),State Quota,SC,SC,Fresh Allotment
542,1,62188,-,BURDWAN MEDICAL COLLEGE,M.D. (GENERAL MEDICINE),In-Service,OBC-A (Non- Creamy Layer),OBC-A (Non- Creamy Layer),Not Upgraded
543,1,62259,-,IMAMBARA DISTRICT HOSPITAL,(NBEMS) GENERAL MEDICINE,In-Service DNB,OBC-A (Non- Creamy Layer),OBC-A (Non- Creamy Layer),Retained
544,2,62413,33,"IQ CITY MEDICAL COLLEGE, DURGAPUR",M.D. (ANAESTHESIOLOGY),State Quota,SC,SC,Fresh Allotment
545,1,62441,-,CALCUTTA NATIONAL MEDICAL COLLEGE KOLKATA,M.D. (GENERAL MEDICINE),In-Service,SC,SC,Retained
546,2,62514,111,ICARE INSTITUTE OF MEDICAL SCIENCES AND RESEARCH HALDIA,M.D. (ANAESTHESIOLOGY),State Quota,SC,SC,Fresh Allotment
547,1,62895,-,BURDWAN MEDICAL COLLEGE,M.S. (ORTHOPAEDICS),In-Service,UR,OBC-A (Non- Creamy Layer),Not Upgraded
548,1,63328,-,JAGANNATH GUPTA INSTITUTE OF MEDICAL SCIENCES AND HOSPITAL,M.D. (GENERAL MEDICINE),State Quota,OBC-B (Non- Creamy Layer),OBC-B (Non- Creamy Layer),Retained
549,2,63489,20,MEDICAL COLLEGE KOLKATA,M.S. (OPHTHALMOLOGY),State Quota,ST,ST,Upgraded
550,2,63527,100,BURDWAN MEDICAL COLLEGE,M.D. (FORENSIC MEDICINE),State Quota,UR,General,Fresh Allotment
551,1,64103,-,MEDICAL COLLEGE KOLKATA,M.D. (PATHOLOGY),State Quota,OBC-B (Non- Creamy Layer),OBC-B (Non- Creamy Layer),Not Upgraded
552,2,64212,8,JAGANNATH GUPTA INSTITUTE OF MEDICAL SCIENCES AND HOSPITAL,M.D. (PAEDIATRICS),Private Management Quota,UR,General,Fresh Allotment
553,2,64405,79,JAGANNATH GUPTA INSTITUTE OF MEDICAL SCIENCES AND HOSPITAL,M.D. (ANAESTHESIOLOGY),State Quota,SC,SC,Fresh Allotment
554,1,64873,-,NIL RATAN SIRCAR MEDICAL COLLEGE,M.D. (PHYSICAL MED. AND REHABILITATION),State Quota,OBC-B (Non- Creamy Layer),OBC-B (Non- Creamy Layer),Not Upgraded
555,2,65044,1,BURDWAN MEDICAL COLLEGE,M.D. (GENERAL MEDICINE),In-Service,UR,OBC (Non-Creamy Layer),Upgraded
556,1,65075,-,MEDICAL COLLEGE KOLKATA,DIP.IN GYNAE. AND OBST.,State Quota,EWS,EWS,Not Upgraded
557,1,65198,-,GOURI DEVI INSTITUTE OF MEDICAL SCIENCES AND HOSPITAL,"M.D. (DERM.,VENE. AND LEPROSY)/ (DERMATOLOGY)/ (SKIN AND VENEREAL DISEASES)/ (VENEREOLOGY)",State Quota,ST,ST,Not Upgraded
558,1,65230,-,NORTH BENGAL MEDICAL COLLEGE AND HOSPITAL,M.D. (GENERAL MEDICINE),In-Service,UR,OBC-A (Non- Creamy Layer),Not Upgraded
559,2,65661,76,KPC MEDICAL COLLEGE,M.D. (PATHOLOGY),State Quota,OBC-A (Non- Creamy Layer),OBC-A (Non- Creamy Layer),Fresh Allotment
560,1,66219,-,INSTITUTE OF POST GRADUATE MEDICAL EDUCATION AND RESEARCH KOLKATA,M.D. (PAEDIATRICS),In-Service,UR,OBC-A (Non- Creamy Layer),Retained
561,1,66495,-,JAGANNATH GUPTA INSTITUTE OF MEDICAL SCIENCES AND HOSPITAL,M.D. (PAEDIATRICS),State Quota,OBC-B (Non- Creamy Layer),OBC-B (Non- Creamy Layer),Not Upgraded
562,1,66652,-,KPC MEDICAL COLLEGE,M.D. (GENERAL MEDICINE),NRI Quota,UR,General,Retained
563,1,66820,-,MEDICAL COLLEGE KOLKATA,M.S. (ORTHOPAEDICS),In-Service,SC,SC,Retained
564,1,66967,-,TAMRALIPTO GOVERNMENT MEDICAL COLLEGE,(NBEMS) GENERAL MEDICINE,In-Service DNB,UR,SC,Retained
565,1,67004,-,INSTITUTE OF POST GRADUATE MEDICAL EDUCATION AND RESEARCH KOLKATA,M.D. (PATHOLOGY),In-Service,UR,General,Retained
566,2,67261,4,"RAMAKRISHNA MISSION SEVA PRATISHTHAN VIVEKANANDA INSTITUTE OF MEDICAL SCIENCES, KOLKATA",M.D. (GENERAL MEDICINE),In-Service,UR,OBC-A (Non- Creamy Layer),Upgraded
567,1,67912,-,DIAMOND HARBOUR GOVERNMENT MEDICAL COLLEGE AND HOSPITAL,(NBEMS) PAEDIATRICS,In-Service DNB,UR,SC,Retained
568,2,67950,12,"IQ CITY MEDICAL COLLEGE, DURGAPUR",M.D. (PATHOLOGY),Private Management Quota,UR,General,Fresh Allotment
569,1,68130,-,INSTITUTE OF CHILD HEALTH,M.D. (PAEDIATRICS),In-Service,UR,General,Retained
570,2,68174,131,NORTH BENGAL MEDICAL COLLEGE AND HOSPITAL,M.D. (FORENSIC MEDICINE),State Quota,UR,SC,Fresh Allotment
571,2,68411,1,"IQ CITY MEDICAL COLLEGE, DURGAPUR",M.D. (TUBERCULOSIS AND RESPIRATORY DISEASES)/PULMONA RY MEDICINE /M.D. (RESPIRATORY MEDICINE),Private Management Quota,UR,General,Fresh Allotment
572,2,68564,6,GOURI DEVI INSTITUTE OF MEDICAL SCIENCES AND HOSPITAL,M.D. (OBST. AND GYNAE)/MS (OBSTETRICS AND GYNAECOLOGY),Private Management Quota,UR,General,Fresh Allotment
573,2,68687,100,BURDWAN MEDICAL COLLEGE,DIPLOMA IN OPHTHALMOLOGY/DO MS,State Quota,SC,SC,Fresh Allotment
574,1,68863,-,INSTITUTE OF POST GRADUATE MEDICAL EDUCATION AND RESEARCH KOLKATA,M.S. (GENERAL SURGERY),In-Service,UR,SC,Retained
575,2,68906,6,MIDNAPORE MEDICAL COLLEGE,M.D. (GENERAL MEDICINE),In-Service,UR,General,Upgraded
576,1,69109,-,BURDWAN MEDICAL COLLEGE,M.S. (ORTHOPAEDICS),In-Service,UR,General,Not Upgraded
577,2,69537,2,"SCHOOL OF TROPICAL MEDICINE, KOLKATA",M.D. (PHARMACOLOGY),State Quota,UR,General,Fresh Allotment
578,2,69558,12,MURSHIDABAD MEDICAL COLLEGE AND HOSPITAL,M.S. (GENERAL SURGERY),State Quota,ST,ST,Fresh Allotment
579,2,69783,47,"IQ CITY MEDICAL COLLEGE, DURGAPUR",M.D. (PSYCHIATRY),Private Management Quota,UR,General,Fresh Allotment
580,1,70336,-,KPC MEDICAL COLLEGE,M.D. (RADIO- DIAGNOSIS),NRI Quota,UR,General,Retained
581,1,70464,-,BANKURA SAMMILANI MEDICAL COLLEGE,"M.D. (DERM.,VENE. AND LEPROSY)/ (DERMATOLOGY)/ (SKIN AND VENEREAL DISEASES)/ (VENEREOLOGY)",In-Service,SC,SC,Retained
582,2,70671,18,KPC MEDICAL COLLEGE,M.D. (PHARMACOLOGY),State Quota,UR,General,Fresh Allotment
583,2,70716,81,MURSHIDABAD MEDICAL COLLEGE AND HOSPITAL,M.D. (PREVENTIVE AND SOCIAL MEDICINE)/ COMMUNITY MEDICINE,State Quota,SC,SC,Upgraded
584,2,71028,1,NORTH BENGAL MEDICAL COLLEGE AND HOSPITAL,M.D. (OBST. AND GYNAE)/MS (OBSTETRICS AND GYNAECOLOGY),State Quota,ST,ST,Fresh Allotment
585,1,71263,-,INSTITUTE OF POST GRADUATE MEDICAL EDUCATION AND RESEARCH KOLKATA,M.D. (TUBERCULOSIS AND RESPIRATORY DISEASES)/PULMONA RY MEDICINE /M.D. (RESPIRATORY MEDICINE),In-Service,UR,General,Not Upgraded
586,1,71409,-,MEDICAL COLLEGE KOLKATA,M.D. (PHARMACOLOGY),State Quota,SC,SC,Not Upgraded
587,1,71560,-,INSTITUTE OF CHILD HEALTH,M.D. (PAEDIATRICS),In-Service,UR,General,Retained
588,2,71662,2,JAGANNATH GUPTA INSTITUTE OF MEDICAL SCIENCES AND HOSPITAL,M.D. (TUBERCULOSIS AND RESPIRATORY DISEASES)/PULMONA RY MEDICINE /M.D. (RESPIRATORY MEDICINE),Private Management Quota,UR,General,Fresh Allotment
589,1,71671,-,NORTH BENGAL MEDICAL COLLEGE AND HOSPITAL,M.D. (OBST. AND GYNAE)/MS (OBSTETRICS AND GYNAECOLOGY),In-Service,UR,General,Retained
590,2,71840,1,BANKURA SAMMILANI MEDICAL COLLEGE,M.D. (GENERAL MEDICINE),In-Service,UR,General,Upgraded
591,2,72243,48,COLLEGE OF MEDICINE AND SAGORE DUTTA HOSPITAL,M.D. (MICROBIOLOGY),State Quota,UR,General,Fresh Allotment
592,2,72463,69,JAGANNATH GUPTA INSTITUTE OF MEDICAL SCIENCES AND HOSPITAL,M.D. (ANAESTHESIOLOGY),State Quota,OBC-B (Non- Creamy Layer),OBC-B (Non- Creamy Layer),Fresh Allotment
593,2,72760,93,MEDICAL COLLEGE KOLKATA,M.D. (MICROBIOLOGY),State Quota,SC,SC,Fresh Allotment
594,1,73467,-,INSTITUTE OF POST GRADUATE MEDICAL EDUCATION AND RESEARCH KOLKATA,M.D. (RADIO- DIAGNOSIS),In-Service,OBC-B (Non- Creamy Layer),OBC-B (Non- Creamy Layer),Retained
595,2,73793,2,SHRI RAMKRISHNA INSTITUTE OF MEDICAL SCIENCES & SANAKA HOSPITALS,M.D. (PSYCHIATRY),Private Management Quota,UR,OBC (Non-Creamy Layer),Fresh Allotment
596,1,73807,-,"RAMAKRISHNA MISSION SEVA PRATISHTHAN VIVEKANANDA INSTITUTE OF MEDICAL SCIENCES, KOLKATA",M.S. (ORTHOPAEDICS),In-Service,UR,General,Not Upgraded
597,1,73913,-,MEDICAL COLLEGE KOLKATA,M.D. (TUBERCULOSIS AND RESPIRATORY DISEASES)/PULMONA RY MEDICINE /M.D. (RESPIRATORY MEDICINE),In-Service,UR,General,Retained
598,2,73970,108,BURDWAN MEDICAL COLLEGE,M.D. (RADIOTHERAPY/ RADIATION ONCOLOGY),State Quota,EWS,EWS,Fresh Allotment
599,1,73977,-,KPC MEDICAL COLLEGE,M.D. (ANAESTHESIOLOGY),Private Management Quota,UR,General,Not Upgraded
600,1,74121,-,ESI PGIMSR AND ESIC MEDICAL COLLEGE JOKA KOLKATA,M.S. (ORTHOPAEDICS),In-Service,UR,General,Not Upgraded
601,1,74209,-,ALL INDIA INSTITUTE OF HYGIENE AND PUBLIC HEALTH,M.D. (PREVENTIVE AND SOCIAL MEDICINE)/ COMMUNITY MEDICINE,In-Service,UR,General,Retained
602,1,74860,-,ALL INDIA INSTITUTE OF HYGIENE AND PUBLIC HEALTH,M.D. (PREVENTIVE AND SOCIAL MEDICINE)/ COMMUNITY MEDICINE,State Quota,ST,ST,Retained
603,2,75960,13,MEDICAL COLLEGE KOLKATA,M.S. (E.N.T.),State Quota,ST,ST,Fresh Allotment
604,1,76399,-,NORTH BENGAL MEDICAL COLLEGE AND HOSPITAL,M.D. (GENERAL MEDICINE),In-Service,SC,SC,Not Upgraded
605,2,76532,36,JAGANNATH GUPTA INSTITUTE OF MEDICAL SCIENCES AND HOSPITAL,M.S. (GENERAL SURGERY),Private Management Quota,UR,General,Fresh Allotment
606,1,77161,-,NIL RATAN SIRCAR MEDICAL COLLEGE,M.S. (GENERAL SURGERY),In-Service,UR,General,Retained
607,1,77353,-,ALL INDIA INSTITUTE OF HYGIENE AND PUBLIC HEALTH,M.P.H. (EPIDEMIOLOGY),State Quota,SC,SC,Retained
608,2,77891,8,"IQ CITY MEDICAL COLLEGE, DURGAPUR",M.D. (PREVENTIVE AND SOCIAL MEDICINE)/ COMMUNITY MEDICINE,State Quota,UR,General,Fresh Allotment
609,1,78138,-,INSTITUTE OF POST GRADUATE MEDICAL EDUCATION AND RESEARCH KOLKATA,M.S. (GENERAL SURGERY),In-Service,UR,General,Retained
610,2,78474,57,MEDICAL COLLEGE KOLKATA,M.D. IN TRANSFUSION MEDICINE/ IMMUNO- HAEMATOLOGY AND BLOOD TRANSFUSION,State Quota,OBC-B (Non- Creamy Layer),OBC-B (Non- Creamy Layer),Fresh Allotment
611,1,78621,-,MEDICAL COLLEGE KOLKATA,M.D. (PAEDIATRICS),In-Service,OBC-A (Non- Creamy Layer),OBC-A (Non- Creamy Layer),Not Upgraded
612,1,78705,-,NORTH BENGAL MEDICAL COLLEGE AND HOSPITAL,M.D. (GENERAL MEDICINE),In-Service,OBC-A (Non- Creamy Layer),OBC-A (Non- Creamy Layer),Not Upgraded
613,1,78810,-,GOURI DEVI INSTITUTE OF MEDICAL SCIENCES AND HOSPITAL,M.S. (ORTHOPAEDICS),Private Management Quota,UR,General,Not Upgraded
614,2,79832,23,GOURI DEVI INSTITUTE OF MEDICAL SCIENCES AND HOSPITAL,M.D. (TUBERCULOSIS AND RESPIRATORY DISEASES)/PULMONA RY MEDICINE /M.D. (RESPIRATORY MEDICINE),Private Management Quota,UR,General,Upgraded
615,2,79853,130,NORTH BENGAL MEDICAL COLLEGE AND HOSPITAL,M.D. (MICROBIOLOGY),State Quota,UR,SC,Fresh Allotment
616,2,79862,106,JAGANNATH GUPTA INSTITUTE OF MEDICAL SCIENCES AND HOSPITAL,M.S. (E.N.T.),Private Management Quota,UR,General,Fresh Allotment
617,1,80342,-,R G KAR MEDICAL COLLEGE,M.D. (PAEDIATRICS),In-Service,UR,OBC-A (Non- Creamy Layer),Not Upgraded
618,2,80752,1,"DEBEN MAHATO SADAR HOSPITAL, PURULIA",(NBEMS) GENERAL MEDICINE,In-Service DNB,UR,General,Fresh Allotment
619,2,81026,9,GOURI DEVI INSTITUTE OF MEDICAL SCIENCES AND HOSPITAL,M.S. (ORTHOPAEDICS),Private Management Quota,UR,General,Fresh Allotment
620,1,81401,-,INSTITUTE OF POST GRADUATE MEDICAL EDUCATION AND RESEARCH KOLKATA,M.D. (ANAESTHESIOLOGY),In-Service,UR,SC,Retained
621,2,82043,56,ICARE INSTITUTE OF MEDICAL SCIENCES AND RESEARCH HALDIA,M.D. (ANAESTHESIOLOGY),State Quota,OBC-A (Non- Creamy Layer),OBC-A (Non- Creamy Layer),Fresh Allotment
622,2,82202,1,MEDICAL COLLEGE KOLKATA,M.D. (PAEDIATRICS),In-Service,SC,SC,Upgraded
623,2,82723,10,R G KAR MEDICAL COLLEGE,M.D. (TUBERCULOSIS AND RESPIRATORY DISEASES)/PULMONA RY MEDICINE /M.D. (RESPIRATORY MEDICINE),In-Service,UR,General,Upgraded
624,1,82855,-,GOURI DEVI INSTITUTE OF MEDICAL SCIENCES AND HOSPITAL,M.S. (GENERAL SURGERY),Private Management Quota,UR,General,Retained
625,2,82929,148,"SCHOOL OF TROPICAL MEDICINE, KOLKATA",DIPLOMA IN CLINICAL PATHOLOGY,State Quota,SC,SC,Fresh Allotment
626,2,83146,11,COLLEGE OF MEDICINE AND JNM HOSPITAL KALYANI,M.D. (PHARMACOLOGY),State Quota,UR,General,Fresh Allotment
627,2,83566,15,"IQ CITY MEDICAL COLLEGE, DURGAPUR",M.S. (GENERAL SURGERY),Private Management Quota,UR,General,Fresh Allotment
628,1,83765,-,NIL RATAN SIRCAR MEDICAL COLLEGE,M.D. (PAEDIATRICS),In-Service,UR,General,Not Upgraded
629,2,83791,2,"IQ CITY MEDICAL COLLEGE, DURGAPUR",M.S. (GENERAL SURGERY),Private Management Quota,UR,General,Fresh Allotment
630,1,83810,-,INSTITUTE OF POST GRADUATE MEDICAL EDUCATION AND RESEARCH KOLKATA,M.D. (PSYCHIATRY),In-Service,UR,General,Retained
631,2,84011,11,JAGANNATH GUPTA INSTITUTE OF MEDICAL SCIENCES AND HOSPITAL,M.S. (GENERAL SURGERY),Private Management Quota,UR,General,Fresh Allotment
632,1,84024,-,R G KAR MEDICAL COLLEGE,M.S. (GENERAL SURGERY),In-Service,UR,General,Retained
633,1,84925,-,M R BANGUR HOSPITAL,(NBEMS) GENERAL SURGERY,In-Service DNB,UR,SC,Retained
634,2,84997,2,CALCUTTA NATIONAL MEDICAL COLLEGE KOLKATA,M.D. (PSYCHIATRY),In-Service,UR,General,Fresh Allotment
635,1,85222,-,CALCUTTA NATIONAL MEDICAL COLLEGE KOLKATA,M.S. (ORTHOPAEDICS),In-Service,SC,SC,Retained
636,2,85241,32,BURDWAN MEDICAL COLLEGE,M.D. (PHARMACOLOGY),State Quota,UR,SC,Fresh Allotment
637,2,85362,7,COLLEGE OF MEDICINE AND SAGORE DUTTA HOSPITAL,M.D. (TUBERCULOSIS AND RESPIRATORY DISEASES)/PULMONA RY MEDICINE /M.D. (RESPIRATORY MEDICINE),State Quota,ST,ST,Fresh Allotment
638,2,85476,17,GOURI DEVI INSTITUTE OF MEDICAL SCIENCES AND HOSPITAL,M.S. (OPHTHALMOLOGY),Private Management Quota,UR,OBC (Non-Creamy Layer),Fresh Allotment
639,1,85521,-,DR. B C ROY POST GRADUATE INSTITUTE OF PAEDIATRIC SCIENCES,M.D. (PAEDIATRICS),In-Service,OBC-A (Non- Creamy Layer),OBC-A (Non- Creamy Layer),Not Upgraded
640,1,85522,-,INSTITUTE OF POST GRADUATE MEDICAL EDUCATION AND RESEARCH KOLKATA,"M.D. (DERM.,VENE. AND LEPROSY)/ (DERMATOLOGY)/ (SKIN AND VENEREAL DISEASES)/ (VENEREOLOGY)",In-Service,OBC-B (Non- Creamy Layer),OBC-B (Non- Creamy Layer),Retained
641,2,86032,7,GOURI DEVI INSTITUTE OF MEDICAL SCIENCES AND HOSPITAL,M.D. (TUBERCULOSIS AND RESPIRATORY DISEASES)/PULMONA RY MEDICINE /M.D. (RESPIRATORY MEDICINE),Private Management Quota,UR,General,Fresh Allotment
642,1,86268,-,KPC MEDICAL COLLEGE,M.D. (GENERAL MEDICINE),In-Service,UR,OBC-B (Non- Creamy Layer),Not Upgraded
643,1,86315,-,NIL RATAN SIRCAR MEDICAL COLLEGE,M.D. (PAEDIATRICS),In-Service,UR,General,Retained
644,2,86758,3,JAGANNATH GUPTA INSTITUTE OF MEDICAL SCIENCES AND HOSPITAL,M.S. (GENERAL SURGERY),Private Management Quota,UR,EWS,Fresh Allotment
645,2,87767,29,"IQ CITY MEDICAL COLLEGE, DURGAPUR",M.D. (ANAESTHESIOLOGY),Private Management Quota,UR,OBC (Non-Creamy Layer),Fresh Allotment
646,2,87936,1,GOURI DEVI INSTITUTE OF MEDICAL SCIENCES AND HOSPITAL,M.D. (RADIO- DIAGNOSIS),In-Service,UR,General,Upgraded
647,2,88100,5,BURDWAN MEDICAL COLLEGE,M.D. (PAEDIATRICS),In-Service,UR,OBC-A (Non- Creamy Layer),Upgraded
648,2,88125,10,INSTITUTE OF POST GRADUATE MEDICAL EDUCATION AND RESEARCH KOLKATA,M.D. (BIOCHEMISTRY),State Quota,SC,SC,Fresh Allotment
649,1,88133,-,CALCUTTA NATIONAL MEDICAL COLLEGE KOLKATA,M.D. (TUBERCULOSIS AND RESPIRATORY DISEASES)/PULMONA RY MEDICINE /M.D. (RESPIRATORY MEDICINE),In-Service,SC,SC,Not Upgraded
650,1,88474,-,MEDICAL COLLEGE KOLKATA,M.D. (PATHOLOGY),In-Service,UR,General,Retained
651,1,88937,-,DR. B C ROY POST GRADUATE INSTITUTE OF PAEDIATRIC SCIENCES,M.D. (PAEDIATRICS),In-Service,SC,SC,Not Upgraded
652,1,88954,-,ESI PGIMSR AND ESIC MEDICAL COLLEGE JOKA KOLKATA,M.D. (GENERAL MEDICINE),In-Service,OBC (Non-Creamy Layer),OBC-B (Non- Creamy Layer),Not Upgraded
653,1,88986,-,CALCUTTA NATIONAL MEDICAL COLLEGE KOLKATA,M.S. (OPHTHALMOLOGY),In-Service,UR,OBC-A (Non- Creamy Layer),Retained
654,1,88995,-,"SCHOOL OF TROPICAL MEDICINE, KOLKATA",M.D. (TROPICAL MEDICINE),In-Service,UR,SC,Not Upgraded
655,1,89103,-,CALCUTTA NATIONAL MEDICAL COLLEGE KOLKATA,M.D. (PAEDIATRICS),In-Service,UR,SC,Retained
656,2,89117,6,BURDWAN MEDICAL COLLEGE,M.D. (PREVENTIVE AND SOCIAL MEDICINE)/ COMMUNITY MEDICINE,State Quota,OBC-A (Non- Creamy Layer),OBC-A (Non- Creamy Layer),Fresh Allotment
657,2,89421,3,JAGANNATH GUPTA INSTITUTE OF MEDICAL SCIENCES AND HOSPITAL,M.S. (GENERAL SURGERY),Private Management Quota,UR,General,Fresh Allotment
658,2,89664,1,"IQ CITY MEDICAL COLLEGE, DURGAPUR",M.S. (GENERAL SURGERY),Private Management Quota,UR,General,Fresh Allotment
659,2,89772,25,GOURI DEVI INSTITUTE OF MEDICAL SCIENCES AND HOSPITAL,M.S. (GENERAL SURGERY),Private Management Quota,UR,OBC (Non-Creamy Layer),Fresh Allotment
660,2,89808,131,CALCUTTA NATIONAL MEDICAL COLLEGE KOLKATA,M.D. (PHARMACOLOGY),State Quota,SC,SC,Upgraded
661,1,90376,-,INSTITUTE OF CHILD HEALTH,M.D. (PAEDIATRICS),In-Service,SC,SC,Not Upgraded
662,2,90565,73,NIL RATAN SIRCAR MEDICAL COLLEGE,M.D. (PREVENTIVE AND SOCIAL MEDICINE)/ COMMUNITY MEDICINE,State Quota,EWS,EWS,Fresh Allotment
663,1,90575,-,MEDICAL COLLEGE KOLKATA,(NBEMS) CARDIO VASCULAR AND THORACIC SURGERY (DIRECT 6 YEARS COURSE),In-Service DNB,UR,General,Retained
664,2,90794,1,DISTRICT HOSPITAL NADIA,(NBEMS) GENERAL MEDICINE,In-Service DNB,UR,OBC-B (Non- Creamy Layer),Fresh Allotment
665,1,90908,-,MEDICAL COLLEGE KOLKATA,M.D. (OBST. AND GYNAE)/MS (OBSTETRICS AND GYNAECOLOGY),In-Service,UR,General,Retained
666,1,91751,-,MEDICAL COLLEGE KOLKATA,M.S. (OPHTHALMOLOGY),In-Service,UR,General,Retained
667,1,91981,-,INSTITUTE OF POST GRADUATE MEDICAL EDUCATION AND RESEARCH KOLKATA,M.D. (OBST. AND GYNAE)/MS (OBSTETRICS AND GYNAECOLOGY),In-Service,UR,SC,Retained
668,2,92037,158,MALDA MEDICAL COLLEGE AND HOSPITAL,M.D. (MICROBIOLOGY),State Quota,UR,General,Fresh Allotment
669,1,92207,-,"IQ CITY MEDICAL COLLEGE, DURGAPUR",M.D. (PREVENTIVE AND SOCIAL MEDICINE)/ COMMUNITY MEDICINE,State Quota,SC,SC,Not Upgraded
670,1,92304,-,CALCUTTA NATIONAL MEDICAL COLLEGE KOLKATA,M.D. (PAEDIATRICS),In-Service,UR,SC,Retained
671,1,92383,-,MAHARAJA JITENDRA NARAYAN MEDICAL COLLEGE AND HOSPITAL,(NBEMS) GENERAL MEDICINE,In-Service DNB,UR,General,Not Upgraded
672,2,93183,101,KPC MEDICAL COLLEGE,M.D. (PREVENTIVE AND SOCIAL MEDICINE)/ COMMUNITY MEDICINE,State Quota,OBC-A (Non- Creamy Layer),OBC-A (Non- Creamy Layer),Fresh Allotment
673,1,93469,-,BANKURA SAMMILANI MEDICAL COLLEGE,M.D. (OBST. AND GYNAE)/MS (OBSTETRICS AND GYNAECOLOGY),In-Service,UR,SC,Retained
674,1,93545,-,ICARE INSTITUTE OF MEDICAL SCIENCES AND RESEARCH HALDIA,M.S. (ORTHOPAEDICS),State Quota,ST,ST,Retained
675,1,93733,-,M R BANGUR HOSPITAL,(NBEMS) ORTHOPAEDICS,In-Service DNB,UR,General,Not Upgraded
676,1,93770,-,MALDA MEDICAL COLLEGE AND HOSPITAL,M.D. (OBST. AND GYNAE)/MS (OBSTETRICS AND GYNAECOLOGY),In-Service,UR,OBC-A (Non- Creamy Layer),Not Upgraded
677,2,94195,5,BANKURA SAMMILANI MEDICAL COLLEGE,M.S. (E.N.T.),State Quota,ST,ST,Fresh Allotment
678,2,94196,151,NIL RATAN SIRCAR MEDICAL COLLEGE,M.D. (BIOCHEMISTRY),State Quota,SC,SC,Fresh Allotment
679,1,94306,-,KPC MEDICAL COLLEGE,"M.D. (DERM.,VENE. AND LEPROSY)/ (DERMATOLOGY)/ (SKIN AND VENEREAL DISEASES)/ (VENEREOLOGY)",NRI Quota,UR,General,Retained
680,2,94347,17,DR. B C ROY POST GRADUATE INSTITUTE OF PAEDIATRIC SCIENCES,M.D. (PAEDIATRICS),In-Service,UR,SC,Upgraded
681,1,94498,-,NIL RATAN SIRCAR MEDICAL COLLEGE,M.D. (OBST. AND GYNAE)/MS (OBSTETRICS AND GYNAECOLOGY),In-Service,UR,General,Retained
682,2,94512,13,BURDWAN MEDICAL COLLEGE,M.D. (TUBERCULOSIS AND RESPIRATORY DISEASES)/PULMONA RY MEDICINE /M.D. (RESPIRATORY MEDICINE),In-Service,UR,General,Upgraded
683,2,94656,142,"IQ CITY MEDICAL COLLEGE, DURGAPUR",M.S. (E.N.T.),Private Management Quota,UR,General,Fresh Allotment
684,2,95186,55,INSTITUTE OF POST GRADUATE MEDICAL EDUCATION AND RESEARCH KOLKATA,M.D. (RADIOTHERAPY/ RADIATION ONCOLOGY),State Quota,ST,ST,Upgraded
685,1,95211,-,R G KAR MEDICAL COLLEGE,M.D. (ANAESTHESIOLOGY),In-Service,UR,General,Retained
686,2,95232,52,GOURI DEVI INSTITUTE OF MEDICAL SCIENCES AND HOSPITAL,M.S. (E.N.T.),Private Management Quota,UR,General,Fresh Allotment
687,1,95355,-,R G KAR MEDICAL COLLEGE,M.D. (PAEDIATRICS),In-Service,OBC-A (Non- Creamy Layer),OBC-A (Non- Creamy Layer),Not Upgraded
688,2,95605,3,R G KAR MEDICAL COLLEGE,M.D. (OBST. AND GYNAE)/MS (OBSTETRICS AND GYNAECOLOGY),In-Service,UR,OBC-A (Non- Creamy Layer),Upgraded
689,1,95756,-,ASANSOL DISTRICT HOSPITAL,(NBEMS) GENERAL MEDICINE,In-Service DNB,UR,General,Not Upgraded
690,1,95803,-,NIL RATAN SIRCAR MEDICAL COLLEGE,M.S. (E.N.T.),In-Service,UR,General,Retained
691,1,95826,-,KPC MEDICAL COLLEGE,M.D. (GENERAL MEDICINE),In-Service,SC,SC,Not Upgraded
692,2,95861,10,COLLEGE OF MEDICINE AND SAGORE DUTTA HOSPITAL,M.D. (PAEDIATRICS),In-Service,UR,OBC-A (Non- Creamy Layer),Upgraded
693,2,95968,3,R G KAR MEDICAL COLLEGE,M.D. (PSYCHIATRY),In-Service,UR,General,Upgraded
694,1,96479,-,IMAMBARA DISTRICT HOSPITAL,(NBEMS) OBSTETRICS AND GYNAECOLOGY,In-Service DNB,UR,SC,Retained
695,2,96712,2,R G KAR MEDICAL COLLEGE,M.D. (OBST. AND GYNAE)/MS (OBSTETRICS AND GYNAECOLOGY),In-Service,OBC-A (Non- Creamy Layer),OBC-A (Non- Creamy Layer),Upgraded
696,1,96971,-,DIAMOND HARBOUR GOVERNMENT MEDICAL COLLEGE AND HOSPITAL,(NBEMS) OBSTETRICS AND GYNAECOLOGY,In-Service DNB,UR,General,Retained
697,1,97042,-,NIL RATAN SIRCAR MEDICAL COLLEGE,M.D. (PHYSICAL MED. AND REHABILITATION),In-Service,UR,ST,Not Upgraded
698,1,97238,-,"IQ CITY MEDICAL COLLEGE, DURGAPUR",M.D. (PHARMACOLOGY),State Quota,UR,General,Not Upgraded
699,1,97541,-,BURDWAN MEDICAL COLLEGE,M.D. (PAEDIATRICS),In-Service,SC,SC,Not Upgraded
700,2,98156,39,"IQ CITY MEDICAL COLLEGE, DURGAPUR",M.D. (ANAESTHESIOLOGY),Private Management Quota,UR,OBC (Non-Creamy Layer),Fresh Allotment
701,2,98267,2,MEDICAL COLLEGE KOLKATA,M.S. (GENERAL SURGERY),In-Service,UR,General,Upgraded
702,2,98328,14,"RAMAKRISHNA MISSION SEVA PRATISHTHAN VIVEKANANDA INSTITUTE OF MEDICAL SCIENCES, KOLKATA",M.D. (PAEDIATRICS),In-Service,UR,SC,Upgraded
703,2,98451,5,GOURI DEVI INSTITUTE OF MEDICAL SCIENCES AND HOSPITAL,M.D. (PATHOLOGY),Private Management Quota,UR,General,Fresh Allotment
704,1,98644,-,CALCUTTA NATIONAL MEDICAL COLLEGE KOLKATA,M.S. (GENERAL SURGERY),In-Service,UR,OBC-A (Non- Creamy Layer),Retained
705,1,99037,-,DR. B C ROY POST GRADUATE INSTITUTE OF PAEDIATRIC SCIENCES,(NBEMS) PAEDIATRIC SURGERY (DIRECT 6 YEARS COURSE),In-Service DNB,UR,SC,Retained
706,2,99040,94,BANKURA SAMMILANI MEDICAL COLLEGE,M.D. (BIOCHEMISTRY),State Quota,UR,General,Fresh Allotment
707,2,99079,17,BURDWAN MEDICAL COLLEGE,M.D. (OBST. AND GYNAE)/MS (OBSTETRICS AND GYNAECOLOGY),In-Service,UR,General,Upgraded
708,2,99097,22,CALCUTTA NATIONAL MEDICAL COLLEGE KOLKATA,M.D. (OBST. AND GYNAE)/MS (OBSTETRICS AND GYNAECOLOGY),In-Service,UR,General,Upgraded
709,1,99424,-,CALCUTTA NATIONAL MEDICAL COLLEGE KOLKATA,MD/MS (ANATOMY),State Quota,UR,General,Not Upgraded
710,1,99600,-,"CHITTARANJAN SEVA SADAN COLLEGE OF OBS. GYNAE AND CHILD HEALTH,KOLKATA",M.D. (OBST. AND GYNAE)/MS (OBSTETRICS AND GYNAECOLOGY),In-Service,UR,General,Not Upgraded
711,2,99648,8,JAGANNATH GUPTA INSTITUTE OF MEDICAL SCIENCES AND HOSPITAL,M.D. (ANAESTHESIOLOGY),Private Management Quota,UR,SC,Fresh Allotment
712,1,99813,-,GOURI DEVI INSTITUTE OF MEDICAL SCIENCES AND HOSPITAL,MD/MS (ANATOMY),State Quota,UR,General,Retained
713,2,99940,24,BURDWAN MEDICAL COLLEGE,M.D. (BIOCHEMISTRY),State Quota,SC,SC,Fresh Allotment
714,2,100117,2,MEDICAL COLLEGE KOLKATA,M.S. (OPHTHALMOLOGY),In-Service,UR,OBC-A (Non- Creamy Layer),Upgraded
715,1,100709,-,BANKURA SAMMILANI MEDICAL COLLEGE,M.D. (OBST. AND GYNAE)/MS (OBSTETRICS AND GYNAECOLOGY),In-Service,UR,OBC-A (Non- Creamy Layer),Not Upgraded
716,1,100710,-,R G KAR MEDICAL COLLEGE,M.S. (GENERAL SURGERY),In-Service,UR,OBC-A (Non- Creamy Layer),Retained
717,1,101059,-,BURDWAN MEDICAL COLLEGE,M.D. (PAEDIATRICS),In-Service,OBC-B (Non- Creamy Layer),OBC-B (Non- Creamy Layer),Not Upgraded
718,2,101091,20,INSTITUTE OF POST GRADUATE MEDICAL EDUCATION AND RESEARCH KOLKATA,M.D. (PHYSICAL MED. AND REHABILITATION),In-Service,UR,General,Fresh Allotment
719,1,101380,-,INSTITUTE OF POST GRADUATE MEDICAL EDUCATION AND RESEARCH KOLKATA,M.D. (RADIOTHERAPY/ RADIATION ONCOLOGY),In-Service,UR,General,Not Upgraded
720,1,101647,-,INSTITUTE OF POST GRADUATE MEDICAL EDUCATION AND RESEARCH KOLKATA,M.D. (PSYCHIATRY),In-Service,SC,SC,Retained
721,1,101843,-,JAGANNATH GUPTA INSTITUTE OF MEDICAL SCIENCES AND HOSPITAL,M.D. (PAEDIATRICS),In-Service,UR,General,Not Upgraded
722,2,102304,30,BURDWAN MEDICAL COLLEGE,M.D. (PHYSIOLOGY),State Quota,UR,General,Fresh Allotment
723,2,102507,80,JAGANNATH GUPTA INSTITUTE OF MEDICAL SCIENCES AND HOSPITAL,M.D. (ANAESTHESIOLOGY),Private Management Quota,UR,General,Fresh Allotment
724,1,102518,-,MIDNAPORE MEDICAL COLLEGE,M.D. (OBST. AND GYNAE)/MS (OBSTETRICS AND GYNAECOLOGY),In-Service,UR,OBC-B (Non- Creamy Layer),Not Upgraded
725,1,102630,-,BURDWAN MEDICAL COLLEGE,M.S. (GENERAL SURGERY),In-Service,UR,General,Retained
726,1,102641,-,DISTRICT HOSPITAL NADIA,(NBEMS) OBSTETRICS AND GYNAECOLOGY,In-Service DNB,UR,General,Retained
727,2,103107,21,ICARE INSTITUTE OF MEDICAL SCIENCES AND RESEARCH HALDIA,M.D. (PATHOLOGY),Private Management Quota,UR,General,Fresh Allotment
728,2,103243,127,"IQ CITY MEDICAL COLLEGE, DURGAPUR",M.S. (OPHTHALMOLOGY),State Quota,OBC-A (Non- Creamy Layer),OBC-A (Non- Creamy Layer),Upgraded
729,2,103382,125,ICARE INSTITUTE OF MEDICAL SCIENCES AND RESEARCH HALDIA,M.D. (MICROBIOLOGY),State Quota,UR,General,Fresh Allotment
730,1,103714,-,NORTH BENGAL MEDICAL COLLEGE AND HOSPITAL,M.D. (OBST. AND GYNAE)/MS (OBSTETRICS AND GYNAECOLOGY),In-Service,UR,General,Not Upgraded
731,2,103779,3,GOURI DEVI INSTITUTE OF MEDICAL SCIENCES AND HOSPITAL,M.D. (ANAESTHESIOLOGY),Private Management Quota,UR,OBC (Non-Creamy Layer),Fresh Allotment
732,1,103796,-,MURSHIDABAD MEDICAL COLLEGE AND HOSPITAL,M.S. (GENERAL SURGERY),In-Service,OBC-A (Non- Creamy Layer),OBC-A (Non- Creamy Layer),Retained
733,1,104114,-,INSTITUTE OF POST GRADUATE MEDICAL EDUCATION AND RESEARCH KOLKATA,M.D. (PHYSICAL MED. AND REHABILITATION),In-Service,UR,General,Not Upgraded
734,2,104236,9,CALCUTTA NATIONAL MEDICAL COLLEGE KOLKATA,M.D. (PREVENTIVE AND SOCIAL MEDICINE)/ COMMUNITY MEDICINE,In-Service,UR,General,Fresh Allotment
735,2,104463,15,"CHITTARANJAN SEVA SADAN COLLEGE OF OBS. GYNAE AND CHILD HEALTH,KOLKATA",M.D. (OBST. AND GYNAE)/MS (OBSTETRICS AND GYNAECOLOGY),In-Service,UR,General,Upgraded
736,2,104593,24,BURDWAN MEDICAL COLLEGE,M.D. (MICROBIOLOGY),State Quota,SC,SC,Fresh Allotment
737,1,104620,-,Jalpaiguri Government Medical College and Hospital (Formerly DISTRICT HOSPITAL) JALPAIGURI,(NBEMS) GENERAL MEDICINE,In-Service DNB,UR,General,Not Upgraded
738,2,104899,9,"RAMAKRISHNA MISSION SEVA PRATISHTHAN VIVEKANANDA INSTITUTE OF MEDICAL SCIENCES, KOLKATA",M.D. (OBST. AND GYNAE)/MS (OBSTETRICS AND GYNAECOLOGY),In-Service,UR,General,Upgraded
739,2,105034,43,MEDICAL COLLEGE KOLKATA,DIPLOMA IN OPHTHALMOLOGY/DO MS,State Quota,OBC-B (Non- Creamy Layer),OBC-B (Non- Creamy Layer),Fresh Allotment
740,1,105305,-,KPC MEDICAL COLLEGE,M.D. (RADIO- DIAGNOSIS),NRI Quota,UR,General,Retained
741,2,105524,30,CALCUTTA NATIONAL MEDICAL COLLEGE KOLKATA,M.D. (OBST. AND GYNAE)/MS (OBSTETRICS AND GYNAECOLOGY),In-Service,OBC-A (Non- Creamy Layer),OBC-A (Non- Creamy Layer),Upgraded
742,1,105848,-,INSTITUTE OF POST GRADUATE MEDICAL EDUCATION AND RESEARCH KOLKATA,M.S. (OPHTHALMOLOGY),In-Service,UR,General,Retained
743,2,106011,10,DISTRICT HOSPITAL HOWRAH,(NBEMS) PAEDIATRICS,In-Service DNB,OBC-A (Non- Creamy Layer),OBC-A (Non- Creamy Layer),Upgraded
744,1,106046,-,INSTITUTE OF POST GRADUATE MEDICAL EDUCATION AND RESEARCH KOLKATA,M.S. (GENERAL SURGERY),In-Service,SC,SC,Retained
745,1,106228,-,GOURI DEVI INSTITUTE OF MEDICAL SCIENCES AND HOSPITAL,M.D. (RADIO- DIAGNOSIS),NRI Quota,UR,OBC (Non-Creamy Layer),Retained
746,1,106413,-,MEDICAL COLLEGE KOLKATA,M.D. (ANAESTHESIOLOGY),In-Service,UR,General,Not Upgraded
747,1,106420,-,INSTITUTE OF POST GRADUATE MEDICAL EDUCATION AND RESEARCH KOLKATA,M.D. (RADIOTHERAPY/ RADIATION ONCOLOGY),In-Service,SC,SC,Not Upgraded
748,1,106581,-,MIDNAPORE MEDICAL COLLEGE,M.D. (PAEDIATRICS),In-Service,SC,SC,Retained
749,1,106904,-,KPC MEDICAL COLLEGE,M.D. (GENERAL MEDICINE),NRI Quota,UR,General,Retained
750,2,107099,8,R G KAR MEDICAL COLLEGE,M.D. (PHYSIOLOGY),State Quota,UR,General,Fresh Allotment
751,2,107243,4,NIL RATAN SIRCAR MEDICAL COLLEGE,M.D. (ANAESTHESIOLOGY),State Quota,ST,ST,Fresh Allotment
752,2,107475,20,BURDWAN MEDICAL COLLEGE,M.D. (OBST. AND GYNAE)/MS (OBSTETRICS AND GYNAECOLOGY),In-Service,OBC-B (Non- Creamy Layer),OBC-B (Non- Creamy Layer),Upgraded
753,1,107735,-,MEDICAL COLLEGE KOLKATA,M.D. (RADIOTHERAPY/ RADIATION ONCOLOGY),In-Service,UR,General,Retained
754,2,108464,3,CALCUTTA NATIONAL MEDICAL COLLEGE KOLKATA,M.S. (OPHTHALMOLOGY),State Quota,ST,ST,Fresh Allotment
755,2,108803,2,BANKURA SAMMILANI MEDICAL COLLEGE,M.D. (PAEDIATRICS),In-Service,SC,SC,Fresh Allotment
756,1,108983,-,RAMPURHAT GOVT. MEDICAL COLLEGE AND HOSPITAL,(NBEMS) GENERAL MEDICINE,In-Service DNB,SC,SC,Not Upgraded
757,1,109828,-,CALCUTTA NATIONAL MEDICAL COLLEGE KOLKATA,M.S. (GENERAL SURGERY),In-Service,OBC-A (Non- Creamy Layer),OBC-A (Non- Creamy Layer),Not Upgraded
758,2,110045,35,"SCHOOL OF TROPICAL MEDICINE, KOLKATA",M.D. (MICROBIOLOGY),State Quota,OBC-A (Non- Creamy Layer),OBC-A (Non- Creamy Layer),Upgraded
759,1,110122,-,BANKURA SAMMILANI MEDICAL COLLEGE,M.S. (GENERAL SURGERY),In-Service,OBC-A (Non- Creamy Layer),OBC-A (Non- Creamy Layer),Not Upgraded
760,2,110337,42,ICARE INSTITUTE OF MEDICAL SCIENCES AND RESEARCH HALDIA,M.D. (PATHOLOGY),State Quota,SC,SC,Fresh Allotment
761,1,110676,-,MEDICAL COLLEGE KOLKATA,M.D. (OBST. AND GYNAE)/MS (OBSTETRICS AND GYNAECOLOGY),In-Service,SC,SC,Not Upgraded
762,1,110915,-,INSTITUTE OF POST GRADUATE MEDICAL EDUCATION AND RESEARCH KOLKATA,M.D. (PATHOLOGY),In-Service,SC,SC,Retained
763,1,110998,-,ESI PGIMSR AND ESIC MEDICAL COLLEGE JOKA KOLKATA,M.D. (OBST. AND GYNAE)/MS (OBSTETRICS AND GYNAECOLOGY),In-Service,OBC (Non-Creamy Layer),OBC-A (Non- Creamy Layer),Not Upgraded
764,1,113648,-,BURDWAN MEDICAL COLLEGE,M.D. (OBST. AND GYNAE)/MS (OBSTETRICS AND GYNAECOLOGY),In-Service,SC,SC,Retained
765,1,114049,-,BANKURA SAMMILANI MEDICAL COLLEGE,M.D. (ANAESTHESIOLOGY),In-Service,OBC-A (Non- Creamy Layer),OBC-A (Non- Creamy Layer),Not Upgraded
766,2,114283,10,INSTITUTE OF POST GRADUATE MEDICAL EDUCATION AND RESEARCH KOLKATA,M.D. (EMERGENCY AND CRITICAL CARE)/M.D. (EMERGENCY MEDICINE),In-Service,SC,SC,Fresh Allotment
767,2,114336,9,NIL RATAN SIRCAR MEDICAL COLLEGE,M.D. (OBST. AND GYNAE)/MS (OBSTETRICS AND GYNAECOLOGY),In-Service,SC,SC,Upgraded
768,2,114448,4,ASANSOL DISTRICT HOSPITAL,(NBEMS) GENERAL MEDICINE,In-Service DNB,SC,SC,Upgraded
769,2,115056,16,CALCUTTA NATIONAL MEDICAL COLLEGE KOLKATA,M.D. (ANAESTHESIOLOGY),State Quota,ST,ST,Fresh Allotment
770,1,116001,-,M R BANGUR HOSPITAL,(NBEMS) OBSTETRICS AND GYNAECOLOGY,In-Service DNB,SC,SC,Retained
771,1,120316,-,BANKURA SAMMILANI MEDICAL COLLEGE,M.D. (OBST. AND GYNAE)/MS (OBSTETRICS AND GYNAECOLOGY),In-Service,SC,SC,Retained
772,2,120484,1,"CHITTARANJAN SEVA SADAN COLLEGE OF OBS. GYNAE AND CHILD HEALTH,KOLKATA",M.D. (PAEDIATRICS),In-Service,ST,ST,Fresh Allotment
773,1,120571,-,BANKURA SAMMILANI MEDICAL COLLEGE,M.S. (GENERAL SURGERY),In-Service,SC,SC,Retained
774,1,120779,-,BURDWAN MEDICAL COLLEGE,M.S. (E.N.T.),In-Service,OBC-A (Non- Creamy Layer),OBC-A (Non- Creamy Layer),Not Upgraded
775,1,120837,-,COLLEGE OF MEDICINE AND SAGORE DUTTA HOSPITAL,M.D. (OBST. AND GYNAE)/MS (OBSTETRICS AND GYNAECOLOGY),In-Service,SC,SC,Retained
776,2,121008,9,MURSHIDABAD MEDICAL COLLEGE AND HOSPITAL,M.D. (ANAESTHESIOLOGY),In-Service,OBC-A (Non- Creamy Layer),OBC-A (Non- Creamy Layer),Upgraded
777,1,122268,-,MIDNAPORE MEDICAL COLLEGE,M.D. (OBST. AND GYNAE)/MS (OBSTETRICS AND GYNAECOLOGY),In-Service,SC,SC,Not Upgraded
778,2,122300,15,"RAMAKRISHNA MISSION SEVA PRATISHTHAN VIVEKANANDA INSTITUTE OF MEDICAL SCIENCES, KOLKATA",M.D. (OBST. AND GYNAE)/MS (OBSTETRICS AND GYNAECOLOGY),In-Service,SC,SC,Upgraded
779,2,122497,8,SILIGURI DISTRICT HOSPITAL,(NBEMS) OBSTETRICS AND GYNAECOLOGY,In-Service DNB,OBC-A (Non- Creamy Layer),OBC-A (Non- Creamy Layer),Upgraded
780,1,123250,-,BURDWAN MEDICAL COLLEGE,M.S. (GENERAL SURGERY),In-Service,OBC-B (Non- Creamy Layer),OBC-B (Non- Creamy Layer),Retained
781,1,124377,-,MIDNAPORE MEDICAL COLLEGE,M.S. (E.N.T.),In-Service,OBC-A (Non- Creamy Layer),OBC-A (Non- Creamy Layer),Not Upgraded
782,1,125333,-,JAGANNATH GUPTA INSTITUTE OF MEDICAL SCIENCES AND HOSPITAL,M.S. (E.N.T.),State Quota,OBC-A (Non- Creamy Layer),OBC-A (Non- Creamy Layer),Not Upgraded
783,2,125356,39,NIL RATAN SIRCAR MEDICAL COLLEGE,M.D. (FORENSIC MEDICINE),State Quota,SC,SC,Fresh Allotment
784,1,125381,-,ALL INDIA INSTITUTE OF HYGIENE AND PUBLIC HEALTH,M.D. (PREVENTIVE AND SOCIAL MEDICINE)/ COMMUNITY MEDICINE,In-Service,SC,SC,Retained
785,2,125603,71,BANKURA SAMMILANI MEDICAL COLLEGE,M.D. (PHYSIOLOGY),State Quota,SC,SC,Fresh Allotment
786,2,125728,9,INSTITUTE OF POST GRADUATE MEDICAL EDUCATION AND RESEARCH KOLKATA,M.D. (PATHOLOGY),State Quota,ST,ST,Fresh Allotment
787,2,125888,4,NIL RATAN SIRCAR MEDICAL COLLEGE,M.D. (ANAESTHESIOLOGY),In-Service,OBC-B (Non- Creamy Layer),OBC-B (Non- Creamy Layer),Upgraded
788,1,126096,-,"RAMAKRISHNA MISSION SEVA PRATISHTHAN VIVEKANANDA INSTITUTE OF MEDICAL SCIENCES, KOLKATA",M.D. (ANAESTHESIOLOGY),In-Service,OBC-A (Non- Creamy Layer),OBC-A (Non- Creamy Layer),Not Upgraded
789,2,126762,24,R G KAR MEDICAL COLLEGE,M.D. (FORENSIC MEDICINE),State Quota,OBC-B (Non- Creamy Layer),OBC-B (Non- Creamy Layer),Fresh Allotment
790,2,126815,1,R G KAR MEDICAL COLLEGE,M.S. (ORTHOPAEDICS),In-Service,ST,ST,Fresh Allotment
791,1,127192,-,NORTH BENGAL MEDICAL COLLEGE AND HOSPITAL,M.D. (ANAESTHESIOLOGY),In-Service,SC,SC,Not Upgraded
792,2,127953,13,MEDICAL COLLEGE KOLKATA,DIPLOMA IN ORTHOPAEDICS,In-Service,SC,SC,Upgraded
793,2,128798,1,NORTH BENGAL MEDICAL COLLEGE AND HOSPITAL,M.D. (PAEDIATRICS),In-Service,ST,ST,Fresh Allotment
