,ROUND,ALL INDIA RANK,CHOICE NO.,INSTITUTE,COURSE,ALLOTTED QUOTA,ALLOTTED CATEGORY,CANDIDATE CATEGORY,STATUS
0,1,61,1,MEDICAL COLLEGE KOLKATA,M.D. (GENERAL MEDICINE),Open Quota,UR,General,Fresh Allotment
1,1,79,1,INSTITUTE OF POST GRADUATE MEDICAL EDUCATION AND RESEARCH KOLKATA,M.D. (RADIO- DIAGNOSIS),Open Quota,UR,General,Fresh Allotment
2,1,152,1,INSTITUTE OF POST GRADUATE MEDICAL EDUCATION AND RESEARCH KOLKATA,M.D. (RADIO- DIAGNOSIS),Open Quota,UR,General,Fresh Allotment
3,1,198,2,NIL RATAN SIRCAR MEDICAL COLLEGE,M.D. (RADIO- DIAGNOSIS),Open Quota,UR,General,Fresh Allotment
4,1,233,1,INSTITUTE OF POST GRADUATE MEDICAL EDUCATION AND RESEARCH KOLKATA,M.D. (GENERAL MEDICINE),Open Quota,UR,General,Fresh Allotment
5,1,241,1,INSTITUTE OF POST GRADUATE MEDICAL EDUCATION AND RESEARCH KOLKATA,M.D. (GENERAL MEDICINE),Open Quota,UR,General,Fresh Allotment
6,1,344,2,NIL RATAN SIRCAR MEDICAL COLLEGE,M.D. (RADIO- DIAGNOSIS),Open Quota,UR,General,Fresh Allotment
7,1,360,1,MEDICAL COLLEGE KOLKATA,M.D. (GENERAL MEDICINE),Open Quota,UR,General,Fresh Allotment
8,1,376,1,INSTITUTE OF POST GRADUATE MEDICAL EDUCATION AND RESEARCH KOLKATA,M.D. (RADIO- DIAGNOSIS),Open Quota,SC,SC,Fresh Allotment
9,1,392,3,MEDICAL COLLEGE KOLKATA,M.D. (GENERAL MEDICINE),Open Quota,UR,General,Fresh Allotment
10,1,421,1,INSTITUTE OF POST GRADUATE MEDICAL EDUCATION AND RESEARCH KOLKATA,M.D. (RADIO- DIAGNOSIS),Open Quota,OBC-B (Non- Creamy Layer),OBC-B (Non- Creamy Layer),Fresh Allotment
11,1,451,1,MEDICAL COLLEGE KOLKATA,"M.D. (DERM.,VENE. AND LEPROSY)/ (DERMATOLOGY)/ (SKIN AND VENEREAL DISEASES)/ (VENEREOLOGY)",Open Quota,UR,General,Fresh Allotment
12,1,460,2,MEDICAL COLLEGE KOLKATA,M.D. (GENERAL MEDICINE),Open Quota,SC,SC,Fresh Allotment
13,1,472,3,NIL RATAN SIRCAR MEDICAL COLLEGE,M.D. (GENERAL MEDICINE),Open Quota,UR,General,Fresh Allotment
14,1,544,4,CALCUTTA NATIONAL MEDICAL COLLEGE KOLKATA,M.D. (GENERAL MEDICINE),Open Quota,UR,General,Fresh Allotment
15,1,545,5,INSTITUTE OF POST GRADUATE MEDICAL EDUCATION AND RESEARCH KOLKATA,"M.D. (DERM.,VENE. AND LEPROSY)/ (DERMATOLOGY)/ (SKIN AND VENEREAL DISEASES)/ (VENEREOLOGY)",Open Quota,UR,General,Fresh Allotment
16,1,555,4,R G KAR MEDICAL COLLEGE,M.D. (GENERAL MEDICINE),Open Quota,UR,General,Fresh Allotment
17,1,561,5,NORTH BENGAL MEDICAL COLLEGE AND HOSPITAL,M.D. (RADIO- DIAGNOSIS),Open Quota,UR,General,Fresh Allotment
18,1,605,3,MEDICAL COLLEGE KOLKATA,M.D. (PAEDIATRICS),Open Quota,UR,General,Fresh Allotment
19,1,629,3,INSTITUTE OF POST GRADUATE MEDICAL EDUCATION AND RESEARCH KOLKATA,M.D. (PAEDIATRICS),Open Quota,UR,General,Fresh Allotment
20,1,698,3,ESI PGIMSR AND ESIC MEDICAL COLLEGE JOKA KOLKATA,M.D. (GENERAL MEDICINE),Open Quota,UR,General,Fresh Allotment
21,1,757,6,BURDWAN MEDICAL COLLEGE,M.D. (GENERAL MEDICINE),Open Quota,UR,General,Fresh Allotment
22,1,771,1,INSTITUTE OF POST GRADUATE MEDICAL EDUCATION AND RESEARCH KOLKATA,M.D. (GENERAL MEDICINE),Open Quota,OBC-A (Non- Creamy Layer),OBC-A (Non- Creamy Layer),Fresh Allotment
23,1,788,2,MEDICAL COLLEGE KOLKATA,M.D. (GENERAL MEDICINE),Open Quota,SC,SC,Fresh Allotment
24,1,955,9,R G KAR MEDICAL COLLEGE,"M.D. (DERM.,VENE. AND LEPROSY)/ (DERMATOLOGY)/ (SKIN AND VENEREAL DISEASES)/ (VENEREOLOGY)",Open Quota,UR,General,Fresh Allotment
25,1,969,5,CALCUTTA NATIONAL MEDICAL COLLEGE KOLKATA,"M.D. (DERM.,VENE. AND LEPROSY)/ (DERMATOLOGY)/ (SKIN AND VENEREAL DISEASES)/ (VENEREOLOGY)",Open Quota,UR,General,Fresh Allotment
26,1,982,6,COLLEGE OF MEDICINE AND SAGORE DUTTA HOSPITAL,M.D. (GENERAL MEDICINE),Open Quota,UR,General,Fresh Allotment
27,1,1026,7,RAMKRISHNA MISSION SEVA PRASITHAN VIVEKANANDA INSTITUTE OF MEDICAL SCIENCE,M.D. (GENERAL MEDICINE),Open Quota,UR,General,Fresh Allotment
28,1,1092,6,BURDWAN MEDICAL COLLEGE,M.D. (GENERAL MEDICINE),Open Quota,UR,General,Fresh Allotment
29,1,1093,4,BANKURA SAMMILANI MEDICAL COLLEGE,M.D. (RADIO- DIAGNOSIS),Open Quota,UR,General,Fresh Allotment
30,1,1119,1,INSTITUTE OF POST GRADUATE MEDICAL EDUCATION AND RESEARCH KOLKATA,M.S. (GENERAL SURGERY),Open Quota,UR,General,Fresh Allotment
31,1,1137,10,NORTH BENGAL MEDICAL COLLEGE AND HOSPITAL,M.D. (GENERAL MEDICINE),Open Quota,UR,General,Fresh Allotment
32,1,1229,1,NIL RATAN SIRCAR MEDICAL COLLEGE,M.D. (OBST. AND GYNAE)/MS (OBSTETRICS AND GYNAECOLOGY),Open Quota,UR,General,Fresh Allotment
33,1,1254,10,MIDNAPORE MEDICAL COLLEGE,M.D. (GENERAL MEDICINE),Open Quota,UR,General,Fresh Allotment
34,1,1260,7,INSTITUTE OF POST GRADUATE MEDICAL EDUCATION AND RESEARCH KOLKATA,M.S. (GENERAL SURGERY),Open Quota,UR,General,Fresh Allotment
35,1,1295,6,CALCUTTA NATIONAL MEDICAL COLLEGE KOLKATA,M.D. (GENERAL MEDICINE),Open Quota,OBC-B (Non- Creamy Layer),OBC-B (Non- Creamy Layer),Fresh Allotment
36,1,1297,11,MEDICAL COLLEGE KOLKATA,M.D. (PAEDIATRICS),Open Quota,UR,General,Fresh Allotment
37,1,1315,1,INSTITUTE OF POST GRADUATE MEDICAL EDUCATION AND RESEARCH KOLKATA,M.S. (GENERAL SURGERY),Open Quota,UR,OBC-A (Non- Creamy Layer),Fresh Allotment
38,1,1344,1,INSTITUTE OF POST GRADUATE MEDICAL EDUCATION AND RESEARCH KOLKATA,M.D. (PSYCHIATRY),Open Quota,UR,General,Fresh Allotment
39,1,1360,9,MIDNAPORE MEDICAL COLLEGE,M.D. (GENERAL MEDICINE),Open Quota,UR,General,Fresh Allotment
40,1,1368,10,"COMMAND HOSPITAL EC, ALIPORE, KOLKATA",M.D. (GENERAL MEDICINE),Open Quota,UR,General,Fresh Allotment
41,1,1391,1,ICARE INSTITUTE OF MEDICAL SCIENCES AND RESEARCH HALDIA,M.D. (PAEDIATRICS),Private Management Quota,UR,OBC (Non-Creamy Layer),Fresh Allotment
42,1,1424,11,NORTH BENGAL MEDICAL COLLEGE AND HOSPITAL,M.D. (GENERAL MEDICINE),Open Quota,UR,General,Fresh Allotment
43,1,1561,11,NIL RATAN SIRCAR MEDICAL COLLEGE,M.D. (TUBERCULOSIS AND RESPIRATORY DISEASES)/PULMONA RY MEDICINE /M.D. (RESPIRATORY MEDICINE),Open Quota,UR,General,Fresh Allotment
44,1,1602,2,INSTITUTE OF POST GRADUATE MEDICAL EDUCATION AND RESEARCH KOLKATA,M.S. (ORTHOPAEDICS),Open Quota,UR,OBC-B (Non- Creamy Layer),Fresh Allotment
45,1,1621,4,BURDWAN MEDICAL COLLEGE,"M.D. (DERM.,VENE. AND LEPROSY)/ (DERMATOLOGY)/ (SKIN AND VENEREAL DISEASES)/ (VENEREOLOGY)",Open Quota,UR,General,Fresh Allotment
46,1,1664,2,MEDICAL COLLEGE KOLKATA,M.S. (GENERAL SURGERY),Open Quota,UR,General,Fresh Allotment
47,1,1703,5,KPC MEDICAL COLLEGE,M.D. (RADIO- DIAGNOSIS),Private Management Quota,UR,General,Fresh Allotment
48,1,1714,21,MEDICAL COLLEGE KOLKATA,M.D. (PAEDIATRICS),Open Quota,UR,General,Fresh Allotment
49,1,1807,2,MEDICAL COLLEGE KOLKATA,M.D. (GENERAL MEDICINE),Open Quota,EWS,EWS,Fresh Allotment
50,1,2087,23,MEDICAL COLLEGE KOLKATA,M.D. (PAEDIATRICS),Open Quota,UR,General,Fresh Allotment
51,1,2109,8,INSTITUTE OF POST GRADUATE MEDICAL EDUCATION AND RESEARCH KOLKATA,M.S. (ORTHOPAEDICS),Open Quota,OBC-B (Non- Creamy Layer),OBC-B (Non- Creamy Layer),Fresh Allotment
52,1,2163,1,MEDICAL COLLEGE KOLKATA,M.S. (GENERAL SURGERY),Open Quota,UR,General,Fresh Allotment
53,1,2212,14,NIL RATAN SIRCAR MEDICAL COLLEGE,M.D. (PAEDIATRICS),Open Quota,UR,General,Fresh Allotment
54,1,2308,9,INSTITUTE OF CHILD HEALTH,M.D. (PAEDIATRICS),Open Quota,UR,General,Fresh Allotment
55,1,2317,9,KPC MEDICAL COLLEGE,M.D. (GENERAL MEDICINE),Open Quota,UR,General,Fresh Allotment
56,1,2325,3,NIL RATAN SIRCAR MEDICAL COLLEGE,M.D. (GENERAL MEDICINE),Open Quota,EWS,EWS,Fresh Allotment
57,1,2328,12,R G KAR MEDICAL COLLEGE,M.D. (OBST. AND GYNAE)/MS (OBSTETRICS AND GYNAECOLOGY),Open Quota,UR,General,Fresh Allotment
58,1,2360,11,INSTITUTE OF POST GRADUATE MEDICAL EDUCATION AND RESEARCH KOLKATA,M.D. (OBST. AND GYNAE)/MS (OBSTETRICS AND GYNAECOLOGY),Open Quota,UR,General,Fresh Allotment
59,1,2363,21,INSTITUTE OF CHILD HEALTH,M.D. (PAEDIATRICS),Open Quota,UR,General,Fresh Allotment
60,1,2364,4,CALCUTTA NATIONAL MEDICAL COLLEGE KOLKATA,M.D. (PAEDIATRICS),Open Quota,UR,General,Fresh Allotment
61,1,2383,10,ESI PGIMSR AND ESIC MEDICAL COLLEGE JOKA KOLKATA,M.D. (PAEDIATRICS),Open Quota,UR,General,Fresh Allotment
62,1,2443,4,NIL RATAN SIRCAR MEDICAL COLLEGE,M.D. (PAEDIATRICS),Open Quota,UR,General,Fresh Allotment
63,1,2465,13,R G KAR MEDICAL COLLEGE,M.D. (PAEDIATRICS),Open Quota,UR,General,Fresh Allotment
64,1,2495,26,DR. B C ROY POST GRADUATE INSTITUTE OF PAEDIATRIC SCIENCES,M.D. (PAEDIATRICS),Open Quota,UR,General,Fresh Allotment
65,1,2512,18,NIL RATAN SIRCAR MEDICAL COLLEGE,M.S. (GENERAL SURGERY),Open Quota,UR,General,Fresh Allotment
66,1,2517,1,MEDICAL COLLEGE KOLKATA,M.D. (GENERAL MEDICINE),Open Quota,OBC-A (Non- Creamy Layer),OBC-A (Non- Creamy Layer),Fresh Allotment
67,1,2524,15,"CHITTARANJAN SEVA SADAN COLLEGE OF OBS. GYNAE AND CHILD HEALTH,KOLKATA",M.D. (PAEDIATRICS),Open Quota,UR,General,Fresh Allotment
68,1,2545,16,MEDICAL COLLEGE KOLKATA,M.D. (TUBERCULOSIS AND RESPIRATORY DISEASES)/PULMONA RY MEDICINE /M.D. (RESPIRATORY MEDICINE),Open Quota,UR,General,Fresh Allotment
69,1,2798,6,R G KAR MEDICAL COLLEGE,M.S. (ORTHOPAEDICS),Open Quota,UR,General,Fresh Allotment
70,1,2816,7,NORTH BENGAL MEDICAL COLLEGE AND HOSPITAL,M.D. (GENERAL MEDICINE),Open Quota,OBC-B (Non- Creamy Layer),OBC-B (Non- Creamy Layer),Fresh Allotment
71,1,2834,25,"CHITTARANJAN SEVA SADAN COLLEGE OF OBS. GYNAE AND CHILD HEALTH,KOLKATA",M.D. (PAEDIATRICS),Open Quota,UR,General,Fresh Allotment
72,1,2880,8,KPC MEDICAL COLLEGE,M.D. (GENERAL MEDICINE),Open Quota,UR,General,Fresh Allotment
73,1,2895,9,R G KAR MEDICAL COLLEGE,M.S. (ORTHOPAEDICS),Open Quota,UR,General,Fresh Allotment
74,1,2902,2,MEDICAL COLLEGE KOLKATA,M.S. (GENERAL SURGERY),Open Quota,UR,General,Fresh Allotment
75,1,2928,4,MEDICAL COLLEGE KOLKATA,M.D. (OBST. AND GYNAE)/MS (OBSTETRICS AND GYNAECOLOGY),Open Quota,UR,OBC-A (Non- Creamy Layer),Fresh Allotment
76,1,2982,3,NIL RATAN SIRCAR MEDICAL COLLEGE,M.S. (GENERAL SURGERY),Open Quota,UR,General,Fresh Allotment
77,1,3068,8,MEDICAL COLLEGE KOLKATA,M.D. (OBST. AND GYNAE)/MS (OBSTETRICS AND GYNAECOLOGY),Open Quota,UR,General,Fresh Allotment
78,1,3150,2,NIL RATAN SIRCAR MEDICAL COLLEGE,M.D. (OBST. AND GYNAE)/MS (OBSTETRICS AND GYNAECOLOGY),Open Quota,UR,OBC-A (Non- Creamy Layer),Fresh Allotment
79,1,3155,17,BANKURA SAMMILANI MEDICAL COLLEGE,M.D. (PAEDIATRICS),Open Quota,UR,General,Fresh Allotment
80,1,3157,7,INSTITUTE OF POST GRADUATE MEDICAL EDUCATION AND RESEARCH KOLKATA,M.D. (OBST. AND GYNAE)/MS (OBSTETRICS AND GYNAECOLOGY),Open Quota,OBC-A (Non- Creamy Layer),OBC-A (Non- Creamy Layer),Fresh Allotment
81,1,3189,22,MIDNAPORE MEDICAL COLLEGE,M.D. (PAEDIATRICS),Open Quota,UR,General,Fresh Allotment
82,1,3203,14,MEDICAL COLLEGE KOLKATA,M.S. (ORTHOPAEDICS),Open Quota,UR,General,Fresh Allotment
83,1,3318,2,MEDICAL COLLEGE KOLKATA,M.D. (PSYCHIATRY),Open Quota,UR,General,Fresh Allotment
84,1,3389,19,INSTITUTE OF POST GRADUATE MEDICAL EDUCATION AND RESEARCH KOLKATA,M.D. (EMERGENCY AND CRITICAL CARE)/M.D. (EMERGENCY MEDICINE),Open Quota,UR,General,Fresh Allotment
85,1,3449,18,MEDICAL COLLEGE KOLKATA,M.D. (OBST. AND GYNAE)/MS (OBSTETRICS AND GYNAECOLOGY),Open Quota,UR,General,Fresh Allotment
86,1,3500,7,NIL RATAN SIRCAR MEDICAL COLLEGE,M.D. (OBST. AND GYNAE)/MS (OBSTETRICS AND GYNAECOLOGY),Open Quota,UR,General,Fresh Allotment
87,1,3577,31,CALCUTTA NATIONAL MEDICAL COLLEGE KOLKATA,M.S. (ORTHOPAEDICS),Open Quota,UR,General,Fresh Allotment
88,1,3609,13,CALCUTTA NATIONAL MEDICAL COLLEGE KOLKATA,M.D. (PSYCHIATRY),Open Quota,UR,General,Fresh Allotment
89,1,3761,1,ICARE INSTITUTE OF MEDICAL SCIENCES AND RESEARCH HALDIA,M.D. (PAEDIATRICS),Private Management Quota,UR,OBC (Non-Creamy Layer),Fresh Allotment
90,1,3792,25,MEDICAL COLLEGE KOLKATA,M.D. (OBST. AND GYNAE)/MS (OBSTETRICS AND GYNAECOLOGY),Open Quota,UR,General,Fresh Allotment
91,1,3815,24,CALCUTTA NATIONAL MEDICAL COLLEGE KOLKATA,M.D. (OBST. AND GYNAE)/MS (OBSTETRICS AND GYNAECOLOGY),Open Quota,UR,General,Fresh Allotment
92,1,3820,31,BURDWAN MEDICAL COLLEGE,M.S. (ORTHOPAEDICS),Open Quota,UR,General,Fresh Allotment
93,1,3838,13,SHRI RAMKRISHNA INSTITUTE OF MEDICAL SCIENCES & SANAKA HOSPITALS,M.D. (GENERAL MEDICINE),Open Quota,UR,General,Fresh Allotment
94,1,3875,6,MURSHIDABAD MEDICAL COLLEGE AND HOSPITAL,M.S. (ORTHOPAEDICS),Open Quota,UR,General,Fresh Allotment
95,1,3879,16,RAMKRISHNA MISSION SEVA PRASITHAN VIVEKANANDA INSTITUTE OF MEDICAL SCIENCE,M.S. (GENERAL SURGERY),Open Quota,UR,General,Fresh Allotment
96,1,3992,29,CALCUTTA NATIONAL MEDICAL COLLEGE KOLKATA,M.S. (GENERAL SURGERY),Open Quota,UR,General,Fresh Allotment
97,1,4020,30,R G KAR MEDICAL COLLEGE,M.D. (TUBERCULOSIS AND RESPIRATORY DISEASES)/PULMONA RY MEDICINE /M.D. (RESPIRATORY MEDICINE),Open Quota,UR,General,Fresh Allotment
98,1,4104,4,MURSHIDABAD MEDICAL COLLEGE AND HOSPITAL,M.D. (RADIO- DIAGNOSIS),Open Quota,OBC-A (Non- Creamy Layer),OBC-A (Non- Creamy Layer),Fresh Allotment
99,1,4157,7,RAMKRISHNA MISSION SEVA PRASITHAN VIVEKANANDA INSTITUTE OF MEDICAL SCIENCE,M.S. (ORTHOPAEDICS),Open Quota,UR,General,Fresh Allotment
100,1,4185,1,NORTH BENGAL MEDICAL COLLEGE AND HOSPITAL,M.S. (GENERAL SURGERY),Open Quota,UR,General,Fresh Allotment
101,1,4250,11,R G KAR MEDICAL COLLEGE,M.D. (OBST. AND GYNAE)/MS (OBSTETRICS AND GYNAECOLOGY),Open Quota,UR,General,Fresh Allotment
102,1,4291,4,R G KAR MEDICAL COLLEGE,M.D. (OBST. AND GYNAE)/MS (OBSTETRICS AND GYNAECOLOGY),Open Quota,UR,General,Fresh Allotment
103,1,4373,4,R G KAR MEDICAL COLLEGE,M.S. (GENERAL SURGERY),Open Quota,UR,General,Fresh Allotment
104,1,4405,1,INSTITUTE OF POST GRADUATE MEDICAL EDUCATION AND RESEARCH KOLKATA,M.D. (RADIO- DIAGNOSIS),In-service Quota,UR,General,Fresh Allotment
105,1,4438,24,COLLEGE OF MEDICINE AND SAGORE DUTTA HOSPITAL,M.D. (OBST. AND GYNAE)/MS (OBSTETRICS AND GYNAECOLOGY),Open Quota,UR,General,Fresh Allotment
106,1,4445,28,BURDWAN MEDICAL COLLEGE,M.D. (TUBERCULOSIS AND RESPIRATORY DISEASES)/PULMONA RY MEDICINE /M.D. (RESPIRATORY MEDICINE),Open Quota,UR,General,Fresh Allotment
107,1,4491,11,RAMKRISHNA MISSION SEVA PRASITHAN VIVEKANANDA INSTITUTE OF MEDICAL SCIENCE,M.D. (RADIO- DIAGNOSIS),Open Quota,OBC-B (Non- Creamy Layer),OBC-B (Non- Creamy Layer),Fresh Allotment
108,1,4494,3,CALCUTTA NATIONAL MEDICAL COLLEGE KOLKATA,M.S. (GENERAL SURGERY),Open Quota,UR,General,Fresh Allotment
109,1,4500,1,ICARE INSTITUTE OF MEDICAL SCIENCES AND RESEARCH HALDIA,M.S. (ORTHOPAEDICS),Private Management Quota,UR,General,Fresh Allotment
110,1,4556,1,BURDWAN MEDICAL COLLEGE,M.D. (GENERAL MEDICINE),Open Quota,OBC-A (Non- Creamy Layer),OBC-A (Non- Creamy Layer),Fresh Allotment
111,1,4568,21,BURDWAN MEDICAL COLLEGE,M.S. (GENERAL SURGERY),Open Quota,UR,General,Fresh Allotment
112,1,4600,5,BURDWAN MEDICAL COLLEGE,M.S. (GENERAL SURGERY),Open Quota,UR,General,Fresh Allotment
113,1,4655,19,BURDWAN MEDICAL COLLEGE,M.D. (OBST. AND GYNAE)/MS (OBSTETRICS AND GYNAECOLOGY),Open Quota,UR,General,Fresh Allotment
114,1,4726,13,BURDWAN MEDICAL COLLEGE,M.D. (OBST. AND GYNAE)/MS (OBSTETRICS AND GYNAECOLOGY),Open Quota,UR,General,Fresh Allotment
115,1,4729,4,"COMMAND HOSPITAL EC, ALIPORE, KOLKATA",M.D. (RADIO- DIAGNOSIS),Open Quota,OBC (Non-Creamy Layer),OBC-A (Non- Creamy Layer),Fresh Allotment
116,1,4734,7,BANKURA SAMMILANI MEDICAL COLLEGE,M.S. (GENERAL SURGERY),Open Quota,UR,General,Fresh Allotment
117,1,4790,24,R G KAR MEDICAL COLLEGE,M.D. (PSYCHIATRY),Open Quota,UR,General,Fresh Allotment
118,1,4802,2,INSTITUTE OF POST GRADUATE MEDICAL EDUCATION AND RESEARCH KOLKATA,M.S. (GENERAL SURGERY),Open Quota,OBC-A (Non- Creamy Layer),OBC-A (Non- Creamy Layer),Fresh Allotment
119,1,4951,6,RAMKRISHNA MISSION SEVA PRASITHAN VIVEKANANDA INSTITUTE OF MEDICAL SCIENCE,M.D. (GENERAL MEDICINE),Open Quota,EWS,EWS,Fresh Allotment
120,1,4967,6,ICARE INSTITUTE OF MEDICAL SCIENCES AND RESEARCH HALDIA,"M.D. (DERM.,VENE. AND LEPROSY)/ (DERMATOLOGY)/ (SKIN AND VENEREAL DISEASES)/ (VENEREOLOGY)",Open Quota,UR,General,Fresh Allotment
121,1,4980,37,COLLEGE OF MEDICINE AND SAGORE DUTTA HOSPITAL,M.D. (PSYCHIATRY),Open Quota,UR,General,Fresh Allotment
122,1,5024,10,BANKURA SAMMILANI MEDICAL COLLEGE,M.D. (OBST. AND GYNAE)/MS (OBSTETRICS AND GYNAECOLOGY),Open Quota,UR,General,Fresh Allotment
123,1,5040,3,CALCUTTA NATIONAL MEDICAL COLLEGE KOLKATA,M.D. (GENERAL MEDICINE),Open Quota,SC,SC,Fresh Allotment
124,1,5078,1,MEDICAL COLLEGE KOLKATA,M.D. (RADIO- DIAGNOSIS),Open Quota,EWS,EWS,Fresh Allotment
125,1,5227,6,"CHITTARANJAN SEVA SADAN COLLEGE OF OBS. GYNAE AND CHILD HEALTH,KOLKATA",M.D. (OBST. AND GYNAE)/MS (OBSTETRICS AND GYNAECOLOGY),Open Quota,UR,General,Fresh Allotment
126,1,5267,6,NORTH BENGAL MEDICAL COLLEGE AND HOSPITAL,M.D. (OBST. AND GYNAE)/MS (OBSTETRICS AND GYNAECOLOGY),Open Quota,UR,General,Fresh Allotment
127,1,5290,2,NIL RATAN SIRCAR MEDICAL COLLEGE,M.D. (RADIO- DIAGNOSIS),Open Quota,SC,SC,Fresh Allotment
128,1,5298,33,INSTITUTE OF POST GRADUATE MEDICAL EDUCATION AND RESEARCH KOLKATA,M.S. (E.N.T.),Open Quota,UR,General,Fresh Allotment
129,1,5352,4,NORTH BENGAL MEDICAL COLLEGE AND HOSPITAL,M.D. (RADIO- DIAGNOSIS),Open Quota,SC,SC,Fresh Allotment
130,1,5462,7,BANKURA SAMMILANI MEDICAL COLLEGE,M.S. (GENERAL SURGERY),Open Quota,UR,General,Fresh Allotment
131,1,5467,8,MIDNAPORE MEDICAL COLLEGE,M.S. (GENERAL SURGERY),Open Quota,UR,General,Fresh Allotment
132,1,5510,6,COLLEGE OF MEDICINE AND JNM HOSPITAL KALYANI,M.D. (PSYCHIATRY),Open Quota,UR,General,Fresh Allotment
133,1,5539,7,"CHITTARANJAN SEVA SADAN COLLEGE OF OBS. GYNAE AND CHILD HEALTH,KOLKATA",M.D. (OBST. AND GYNAE)/MS (OBSTETRICS AND GYNAECOLOGY),Open Quota,UR,General,Fresh Allotment
134,1,5558,32,MEDICAL COLLEGE KOLKATA,M.S. (OPHTHALMOLOGY),Open Quota,UR,General,Fresh Allotment
135,1,5559,5,CALCUTTA NATIONAL MEDICAL COLLEGE KOLKATA,M.D. (GENERAL MEDICINE),Open Quota,EWS,EWS,Fresh Allotment
136,1,5575,13,SHRI RAMKRISHNA INSTITUTE OF MEDICAL SCIENCES & SANAKA HOSPITALS,M.D. (RADIO- DIAGNOSIS),Open Quota,UR,General,Fresh Allotment
137,1,5594,5,RAMKRISHNA MISSION SEVA PRASITHAN VIVEKANANDA INSTITUTE OF MEDICAL SCIENCE,M.D. (OBST. AND GYNAE)/MS (OBSTETRICS AND GYNAECOLOGY),Open Quota,UR,General,Fresh Allotment
138,1,5600,14,RAMKRISHNA MISSION SEVA PRASITHAN VIVEKANANDA INSTITUTE OF MEDICAL SCIENCE,M.D. (OBST. AND GYNAE)/MS (OBSTETRICS AND GYNAECOLOGY),Open Quota,UR,General,Fresh Allotment
139,1,5733,10,R G KAR MEDICAL COLLEGE,M.D. (GENERAL MEDICINE),Open Quota,OBC-A (Non- Creamy Layer),OBC-A (Non- Creamy Layer),Fresh Allotment
140,1,5790,7,MEDICAL COLLEGE KOLKATA,M.D. GERIATRICS,Open Quota,UR,General,Fresh Allotment
141,1,5816,15,RAMKRISHNA MISSION SEVA PRASITHAN VIVEKANANDA INSTITUTE OF MEDICAL SCIENCE,M.S. (GENERAL SURGERY),Open Quota,UR,General,Fresh Allotment
142,1,5870,6,CALCUTTA NATIONAL MEDICAL COLLEGE KOLKATA,M.D. (GENERAL MEDICINE),Open Quota,SC,SC,Fresh Allotment
143,1,5885,33,INSTITUTE OF POST GRADUATE MEDICAL EDUCATION AND RESEARCH KOLKATA,M.D. (ANAESTHESIOLOGY),Open Quota,UR,General,Fresh Allotment
144,1,5890,10,COLLEGE OF MEDICINE AND JNM HOSPITAL KALYANI,M.S. (GENERAL SURGERY),Open Quota,UR,General,Fresh Allotment
145,1,6007,4,BANKURA SAMMILANI MEDICAL COLLEGE,M.D. (RADIO- DIAGNOSIS),Open Quota,EWS,EWS,Fresh Allotment
146,1,6092,9,NORTH BENGAL MEDICAL COLLEGE AND HOSPITAL,M.D. (GENERAL MEDICINE),Open Quota,OBC-A (Non- Creamy Layer),OBC-A (Non- Creamy Layer),Fresh Allotment
147,1,6149,8,"CHITTARANJAN SEVA SADAN COLLEGE OF OBS. GYNAE AND CHILD HEALTH,KOLKATA",M.D. (OBST. AND GYNAE)/MS (OBSTETRICS AND GYNAECOLOGY),Open Quota,UR,General,Fresh Allotment
148,1,6187,2,NIL RATAN SIRCAR MEDICAL COLLEGE,M.D. (RADIO- DIAGNOSIS),In-service Quota,UR,General,Fresh Allotment
149,1,6216,14,INSTITUTE OF POST GRADUATE MEDICAL EDUCATION AND RESEARCH KOLKATA,M.S. (ORTHOPAEDICS),Open Quota,OBC-A (Non- Creamy Layer),OBC-A (Non- Creamy Layer),Fresh Allotment
150,1,6235,17,MIDNAPORE MEDICAL COLLEGE,M.D. (OBST. AND GYNAE)/MS (OBSTETRICS AND GYNAECOLOGY),Open Quota,UR,General,Fresh Allotment
151,1,6257,49,"COMMAND HOSPITAL EC, ALIPORE, KOLKATA",M.D. (OBST. AND GYNAE)/MS (OBSTETRICS AND GYNAECOLOGY),Open Quota,UR,General,Fresh Allotment
152,1,6395,12,BURDWAN MEDICAL COLLEGE,M.D. (PAEDIATRICS),Open Quota,EWS,EWS,Fresh Allotment
153,1,6402,56,MEDICAL COLLEGE KOLKATA,M.S. (OPHTHALMOLOGY),Open Quota,UR,General,Fresh Allotment
154,1,6578,31,GOURI DEVI INSTITUTE OF MEDICAL SCIENCES AND HOSPITAL,M.D. (GENERAL MEDICINE),Open Quota,UR,General,Fresh Allotment
155,1,6601,9,NIL RATAN SIRCAR MEDICAL COLLEGE,"M.D. (DERM.,VENE. AND LEPROSY)/ (DERMATOLOGY)/ (SKIN AND VENEREAL DISEASES)/ (VENEREOLOGY)",Open Quota,OBC-A (Non- Creamy Layer),OBC-A (Non- Creamy Layer),Fresh Allotment
156,1,6602,31,INSTITUTE OF POST GRADUATE MEDICAL EDUCATION AND RESEARCH KOLKATA,M.D. (ANAESTHESIOLOGY),Open Quota,UR,General,Fresh Allotment
157,1,6695,25,R G KAR MEDICAL COLLEGE,M.D. (PAEDIATRICS),Open Quota,OBC-A (Non- Creamy Layer),OBC-A (Non- Creamy Layer),Fresh Allotment
158,1,6720,16,INSTITUTE OF POST GRADUATE MEDICAL EDUCATION AND RESEARCH KOLKATA,M.S. (ORTHOPAEDICS),Open Quota,EWS,EWS,Fresh Allotment
159,1,6752,10,R G KAR MEDICAL COLLEGE,M.S. (ORTHOPAEDICS),Open Quota,OBC-A (Non- Creamy Layer),OBC-A (Non- Creamy Layer),Fresh Allotment
160,1,7034,60,KPC MEDICAL COLLEGE,M.S. (GENERAL SURGERY),Open Quota,UR,General,Fresh Allotment
161,1,7053,10,NIL RATAN SIRCAR MEDICAL COLLEGE,M.D. (PAEDIATRICS),Open Quota,OBC-A (Non- Creamy Layer),OBC-A (Non- Creamy Layer),Fresh Allotment
162,1,7159,17,NIL RATAN SIRCAR MEDICAL COLLEGE,M.D. (RADIOTHERAPY/ RADIATION ONCOLOGY),Open Quota,UR,General,Fresh Allotment
163,1,7175,18,CALCUTTA NATIONAL MEDICAL COLLEGE KOLKATA,M.D. (PAEDIATRICS),Open Quota,OBC-B (Non- Creamy Layer),OBC-B (Non- Creamy Layer),Fresh Allotment
164,1,7341,13,MEDICAL COLLEGE KOLKATA,M.S. (OPHTHALMOLOGY),Open Quota,UR,General,Fresh Allotment
165,1,7521,24,INSTITUTE OF POST GRADUATE MEDICAL EDUCATION AND RESEARCH KOLKATA,M.D. (ANAESTHESIOLOGY),Open Quota,UR,General,Fresh Allotment
166,1,7641,48,MEDICAL COLLEGE KOLKATA,M.S. (E.N.T.),Open Quota,UR,General,Fresh Allotment
167,1,7691,37,R G KAR MEDICAL COLLEGE,M.S. (E.N.T.),Open Quota,UR,General,Fresh Allotment
168,1,7954,16,GOURI DEVI INSTITUTE OF MEDICAL SCIENCES AND HOSPITAL,M.D. (RADIO- DIAGNOSIS),Open Quota,UR,General,Fresh Allotment
169,1,7979,13,INSTITUTE OF CHILD HEALTH,M.D. (PAEDIATRICS),Open Quota,OBC-A (Non- Creamy Layer),OBC-A (Non- Creamy Layer),Fresh Allotment
170,1,7990,35,MEDICAL COLLEGE KOLKATA,M.D. (ANAESTHESIOLOGY),Open Quota,UR,General,Fresh Allotment
171,1,8087,17,KPC MEDICAL COLLEGE,M.D. (GENERAL MEDICINE),Private Management Quota,UR,General,Fresh Allotment
172,1,8093,32,ICARE INSTITUTE OF MEDICAL SCIENCES AND RESEARCH HALDIA,M.S. (GENERAL SURGERY),Open Quota,UR,General,Fresh Allotment
173,1,8107,27,INSTITUTE OF POST GRADUATE MEDICAL EDUCATION AND RESEARCH KOLKATA,M.S. (OPHTHALMOLOGY),Open Quota,UR,General,Fresh Allotment
174,1,8246,18,NIL RATAN SIRCAR MEDICAL COLLEGE,M.S. (OPHTHALMOLOGY),Open Quota,UR,General,Fresh Allotment
175,1,8252,68,RAMKRISHNA MISSION SEVA PRASITHAN VIVEKANANDA INSTITUTE OF MEDICAL SCIENCE,M.S. (E.N.T.),Open Quota,UR,General,Fresh Allotment
176,1,8291,5,MEDICAL COLLEGE KOLKATA,"M.D. (DERM.,VENE. AND LEPROSY)/ (DERMATOLOGY)/ (SKIN AND VENEREAL DISEASES)/ (VENEREOLOGY)",Open Quota,SC,SC,Fresh Allotment
177,1,8397,1,NIL RATAN SIRCAR MEDICAL COLLEGE,M.S. (ORTHOPAEDICS),Open Quota,EWS,EWS,Fresh Allotment
178,1,8606,12,MEDICAL COLLEGE KOLKATA,M.D. (PAEDIATRICS),Open Quota,EWS,EWS,Fresh Allotment
179,1,8677,1,INSTITUTE OF POST GRADUATE MEDICAL EDUCATION AND RESEARCH KOLKATA,M.D. (TUBERCULOSIS AND RESPIRATORY DISEASES)/PULMONA RY MEDICINE /M.D. (RESPIRATORY MEDICINE),Open Quota,SC,SC,Fresh Allotment
180,1,8836,7,R G KAR MEDICAL COLLEGE,M.D. (GENERAL MEDICINE),Open Quota,SC,SC,Fresh Allotment
181,1,8863,4,CALCUTTA NATIONAL MEDICAL COLLEGE KOLKATA,M.S. (OPHTHALMOLOGY),Open Quota,UR,General,Fresh Allotment
182,1,8903,7,GOURI DEVI INSTITUTE OF MEDICAL SCIENCES AND HOSPITAL,M.S. (ORTHOPAEDICS),Open Quota,UR,General,Fresh Allotment
183,1,8991,3,ICARE INSTITUTE OF MEDICAL SCIENCES AND RESEARCH HALDIA,M.D. (TUBERCULOSIS AND RESPIRATORY DISEASES)/PULMONA RY MEDICINE /M.D. (RESPIRATORY MEDICINE),Private Management Quota,UR,OBC (Non-Creamy Layer),Fresh Allotment
184,1,9106,5,R G KAR MEDICAL COLLEGE,M.S. (OPHTHALMOLOGY),Open Quota,UR,General,Fresh Allotment
185,1,9248,2,"SCHOOL OF TROPICAL MEDICINE, KOLKATA","M.D. (DERM.,VENE. AND LEPROSY)/ (DERMATOLOGY)/ (SKIN AND VENEREAL DISEASES)/ (VENEREOLOGY)",Open Quota,SC,SC,Fresh Allotment
186,1,9257,9,INSTITUTE OF CHILD HEALTH,M.D. (PAEDIATRICS),Open Quota,SC,SC,Fresh Allotment
187,1,9302,9,NORTH BENGAL MEDICAL COLLEGE AND HOSPITAL,M.D. (GENERAL MEDICINE),Open Quota,SC,SC,Fresh Allotment
188,1,9446,72,BURDWAN MEDICAL COLLEGE,M.S. (E.N.T.),Open Quota,UR,General,Fresh Allotment
189,1,9451,4,BURDWAN MEDICAL COLLEGE,M.D. (GENERAL MEDICINE),Open Quota,SC,SC,Fresh Allotment
190,1,9455,41,MEDICAL COLLEGE KOLKATA,M.D. (ANAESTHESIOLOGY),Open Quota,UR,General,Fresh Allotment
191,1,9478,7,INSTITUTE OF POST GRADUATE MEDICAL EDUCATION AND RESEARCH KOLKATA,M.D. (PAEDIATRICS),Open Quota,SC,SC,Fresh Allotment
192,1,9509,45,RAMKRISHNA MISSION SEVA PRASITHAN VIVEKANANDA INSTITUTE OF MEDICAL SCIENCE,M.S. (OPHTHALMOLOGY),Open Quota,UR,General,Fresh Allotment
193,1,9818,37,MIDNAPORE MEDICAL COLLEGE,M.S. (E.N.T.),Open Quota,UR,General,Fresh Allotment
194,1,9868,30,INSTITUTE OF POST GRADUATE MEDICAL EDUCATION AND RESEARCH KOLKATA,M.D. (RADIOTHERAPY/ RADIATION ONCOLOGY),Open Quota,UR,General,Fresh Allotment
195,1,9963,8,MIDNAPORE MEDICAL COLLEGE,M.D. (GENERAL MEDICINE),Open Quota,SC,SC,Fresh Allotment
196,1,9973,14,INSTITUTE OF CHILD HEALTH,M.D. (PAEDIATRICS),Open Quota,EWS,EWS,Fresh Allotment
197,1,10070,32,COLLEGE OF MEDICINE AND SAGORE DUTTA HOSPITAL,M.S. (OPHTHALMOLOGY),Open Quota,UR,General,Fresh Allotment
198,1,10176,11,KPC MEDICAL COLLEGE,M.D. (GENERAL MEDICINE),Private Management Quota,UR,General,Fresh Allotment
199,1,10184,16,BURDWAN MEDICAL COLLEGE,M.S. (ORTHOPAEDICS),Open Quota,OBC-B (Non- Creamy Layer),OBC-B (Non- Creamy Layer),Fresh Allotment
200,1,10189,1,SHRI RAMKRISHNA INSTITUTE OF MEDICAL SCIENCES & SANAKA HOSPITALS,M.S. (ORTHOPAEDICS),Private Management Quota,UR,General,Fresh Allotment
201,1,10346,19,SHRI RAMKRISHNA INSTITUTE OF MEDICAL SCIENCES & SANAKA HOSPITALS,M.S. (E.N.T.),Open Quota,UR,General,Fresh Allotment
202,1,10354,11,BANKURA SAMMILANI MEDICAL COLLEGE,"M.D. (DERM.,VENE. AND LEPROSY)/ (DERMATOLOGY)/ (SKIN AND VENEREAL DISEASES)/ (VENEREOLOGY)",Open Quota,SC,SC,Fresh Allotment
203,1,10401,1,ICARE INSTITUTE OF MEDICAL SCIENCES AND RESEARCH HALDIA,M.D. (TUBERCULOSIS AND RESPIRATORY DISEASES)/PULMONA RY MEDICINE /M.D. (RESPIRATORY MEDICINE),Private Management Quota,UR,General,Fresh Allotment
204,1,10406,71,BURDWAN MEDICAL COLLEGE,M.S. (OPHTHALMOLOGY),Open Quota,UR,General,Fresh Allotment
205,1,10415,25,NIL RATAN SIRCAR MEDICAL COLLEGE,M.D. (ANAESTHESIOLOGY),Open Quota,UR,General,Fresh Allotment
206,1,10450,19,CALCUTTA NATIONAL MEDICAL COLLEGE KOLKATA,M.D. (TUBERCULOSIS AND RESPIRATORY DISEASES)/PULMONA RY MEDICINE /M.D. (RESPIRATORY MEDICINE),Open Quota,EWS,EWS,Fresh Allotment
207,1,10478,16,KPC MEDICAL COLLEGE,M.D. (GENERAL MEDICINE),Private Management Quota,UR,General,Fresh Allotment
208,1,10515,39,MURSHIDABAD MEDICAL COLLEGE AND HOSPITAL,M.S. (OPHTHALMOLOGY),Open Quota,UR,General,Fresh Allotment
209,1,10550,8,COLLEGE OF MEDICINE AND SAGORE DUTTA HOSPITAL,M.D. (GENERAL MEDICINE),Open Quota,SC,SC,Fresh Allotment
210,1,10603,41,KPC MEDICAL COLLEGE,M.D. (OBST. AND GYNAE)/MS (OBSTETRICS AND GYNAECOLOGY),Open Quota,UR,General,Fresh Allotment
211,1,10614,3,ICARE INSTITUTE OF MEDICAL SCIENCES AND RESEARCH HALDIA,M.S. (GENERAL SURGERY),Private Management Quota,UR,OBC (Non-Creamy Layer),Fresh Allotment
212,1,10630,6,DR. B C ROY POST GRADUATE INSTITUTE OF PAEDIATRIC SCIENCES,M.D. (PAEDIATRICS),Open Quota,OBC-A (Non- Creamy Layer),OBC-A (Non- Creamy Layer),Fresh Allotment
213,1,10655,59,MEDICAL COLLEGE KOLKATA,M.D. (ANAESTHESIOLOGY),Open Quota,UR,General,Fresh Allotment
214,1,10668,21,ICARE INSTITUTE OF MEDICAL SCIENCES AND RESEARCH HALDIA,M.S. (E.N.T.),Open Quota,UR,General,Fresh Allotment
215,1,10693,39,MEDICAL COLLEGE KOLKATA,M.D. (RADIOTHERAPY/ RADIATION ONCOLOGY),Open Quota,UR,General,Fresh Allotment
216,1,10704,13,RAMKRISHNA MISSION SEVA PRASITHAN VIVEKANANDA INSTITUTE OF MEDICAL SCIENCE,M.D. (GENERAL MEDICINE),Open Quota,SC,SC,Fresh Allotment
217,1,10766,31,"IQ CITY MEDICAL COLLEGE, DURGAPUR",M.D. (PAEDIATRICS),Open Quota,UR,General,Fresh Allotment
218,1,10778,51,R G KAR MEDICAL COLLEGE,M.D. (RADIOTHERAPY/ RADIATION ONCOLOGY),Open Quota,UR,General,Fresh Allotment
219,1,10844,14,NIL RATAN SIRCAR MEDICAL COLLEGE,M.D. (PAEDIATRICS),Open Quota,SC,SC,Fresh Allotment
220,1,10863,22,JAGANNATH GUPTA INSTITUTE OF MEDICAL SCIENCES AND HOSPITAL,M.S. (ORTHOPAEDICS),Open Quota,UR,General,Fresh Allotment
221,1,10894,12,INSTITUTE OF POST GRADUATE MEDICAL EDUCATION AND RESEARCH KOLKATA,M.S. (ORTHOPAEDICS),Open Quota,SC,SC,Fresh Allotment
222,1,11161,3,ICARE INSTITUTE OF MEDICAL SCIENCES AND RESEARCH HALDIA,M.S. (GENERAL SURGERY),Private Management Quota,UR,OBC (Non-Creamy Layer),Fresh Allotment
223,1,11227,25,GOURI DEVI INSTITUTE OF MEDICAL SCIENCES AND HOSPITAL,M.D. (PAEDIATRICS),Open Quota,UR,General,Fresh Allotment
224,1,11265,20,NIL RATAN SIRCAR MEDICAL COLLEGE,M.D. (ANAESTHESIOLOGY),Open Quota,UR,General,Fresh Allotment
225,1,11382,33,RAMKRISHNA MISSION SEVA PRASITHAN VIVEKANANDA INSTITUTE OF MEDICAL SCIENCE,M.D. (PAEDIATRICS),Open Quota,OBC-B (Non- Creamy Layer),OBC-B (Non- Creamy Layer),Fresh Allotment
226,1,11393,2,NIL RATAN SIRCAR MEDICAL COLLEGE,M.D. (OBST. AND GYNAE)/MS (OBSTETRICS AND GYNAECOLOGY),Open Quota,SC,SC,Fresh Allotment
227,1,11409,9,CALCUTTA NATIONAL MEDICAL COLLEGE KOLKATA,M.D. (PAEDIATRICS),Open Quota,SC,SC,Fresh Allotment
228,1,11433,28,ICARE INSTITUTE OF MEDICAL SCIENCES AND RESEARCH HALDIA,M.D. (PAEDIATRICS),Open Quota,UR,General,Fresh Allotment
229,1,11476,27,CALCUTTA NATIONAL MEDICAL COLLEGE KOLKATA,M.D. (ANAESTHESIOLOGY),Open Quota,UR,General,Fresh Allotment
230,1,11624,1,INSTITUTE OF POST GRADUATE MEDICAL EDUCATION AND RESEARCH KOLKATA,M.S. (GENERAL SURGERY),Open Quota,SC,SC,Fresh Allotment
231,1,11639,19,CALCUTTA NATIONAL MEDICAL COLLEGE KOLKATA,M.D. (ANAESTHESIOLOGY),Open Quota,UR,General,Fresh Allotment
232,1,11659,74,R G KAR MEDICAL COLLEGE,M.D. (ANAESTHESIOLOGY),Open Quota,UR,General,Fresh Allotment
233,1,11732,9,R G KAR MEDICAL COLLEGE,M.D. (ANAESTHESIOLOGY),Open Quota,UR,General,Fresh Allotment
234,1,11797,37,CALCUTTA NATIONAL MEDICAL COLLEGE KOLKATA,M.D. (OBST. AND GYNAE)/MS (OBSTETRICS AND GYNAECOLOGY),Open Quota,OBC-A (Non- Creamy Layer),OBC-A (Non- Creamy Layer),Fresh Allotment
235,1,11806,27,R G KAR MEDICAL COLLEGE,M.D. (ANAESTHESIOLOGY),Open Quota,UR,General,Fresh Allotment
236,1,11948,11,KPC MEDICAL COLLEGE,M.D. (GENERAL MEDICINE),Private Management Quota,UR,General,Fresh Allotment
237,1,12122,36,"COMMAND HOSPITAL EC, ALIPORE, KOLKATA",M.D. (PAEDIATRICS),Open Quota,OBC (Non-Creamy Layer),OBC-A (Non- Creamy Layer),Fresh Allotment
238,1,12362,38,R G KAR MEDICAL COLLEGE,M.S. (GENERAL SURGERY),Open Quota,OBC-A (Non- Creamy Layer),OBC-A (Non- Creamy Layer),Fresh Allotment
239,1,12516,18,NORTH BENGAL MEDICAL COLLEGE AND HOSPITAL,M.D. (OBST. AND GYNAE)/MS (OBSTETRICS AND GYNAECOLOGY),Open Quota,OBC-A (Non- Creamy Layer),OBC-A (Non- Creamy Layer),Fresh Allotment
240,1,12635,28,MEDICAL COLLEGE KOLKATA,M.D. (OBST. AND GYNAE)/MS (OBSTETRICS AND GYNAECOLOGY),Open Quota,OBC-A (Non- Creamy Layer),OBC-A (Non- Creamy Layer),Fresh Allotment
241,1,12710,15,ESI PGIMSR AND ESIC MEDICAL COLLEGE JOKA KOLKATA,M.D. (ANAESTHESIOLOGY),Open Quota,UR,General,Fresh Allotment
242,1,12740,12,SHRI RAMKRISHNA INSTITUTE OF MEDICAL SCIENCES & SANAKA HOSPITALS,M.D. (PAEDIATRICS),Open Quota,UR,General,Fresh Allotment
243,1,12780,11,KPC MEDICAL COLLEGE,M.D. (PSYCHIATRY),Open Quota,UR,General,Fresh Allotment
244,1,12877,22,BURDWAN MEDICAL COLLEGE,M.D. (PAEDIATRICS),Open Quota,SC,SC,Fresh Allotment
245,1,12879,4,ICARE INSTITUTE OF MEDICAL SCIENCES AND RESEARCH HALDIA,M.S. (OPHTHALMOLOGY),Private Management Quota,UR,OBC (Non-Creamy Layer),Fresh Allotment
246,1,12940,2,INSTITUTE OF POST GRADUATE MEDICAL EDUCATION AND RESEARCH KOLKATA,M.D. (OBST. AND GYNAE)/MS (OBSTETRICS AND GYNAECOLOGY),Open Quota,SC,SC,Fresh Allotment
247,1,13039,28,INSTITUTE OF POST GRADUATE MEDICAL EDUCATION AND RESEARCH KOLKATA,M.D. (PSYCHIATRY),Open Quota,OBC-A (Non- Creamy Layer),OBC-A (Non- Creamy Layer),Fresh Allotment
248,1,13064,5,R G KAR MEDICAL COLLEGE,M.D. (ANAESTHESIOLOGY),Open Quota,UR,General,Fresh Allotment
249,1,13096,33,BURDWAN MEDICAL COLLEGE,M.D. (ANAESTHESIOLOGY),Open Quota,UR,General,Fresh Allotment
250,1,13171,44,NORTH BENGAL MEDICAL COLLEGE AND HOSPITAL,M.D. (ANAESTHESIOLOGY),Open Quota,UR,General,Fresh Allotment
251,1,13292,4,CALCUTTA NATIONAL MEDICAL COLLEGE KOLKATA,M.S. (ORTHOPAEDICS),Open Quota,SC,SC,Fresh Allotment
252,1,13402,1,KPC MEDICAL COLLEGE,"M.D. (DERM.,VENE. AND LEPROSY)/ (DERMATOLOGY)/ (SKIN AND VENEREAL DISEASES)/ (VENEREOLOGY)",Private Management Quota,UR,General,Fresh Allotment
253,1,13413,33,ALL INDIA INSTITUTE OF HYGIENE AND PUBLIC HEALTH,M.D. (PREVENTIVE AND SOCIAL MEDICINE)/ COMMUNITY MEDICINE,Open Quota,UR,General,Fresh Allotment
254,1,13415,23,BURDWAN MEDICAL COLLEGE,M.D. (ANAESTHESIOLOGY),Open Quota,UR,General,Fresh Allotment
255,1,13536,29,KPC MEDICAL COLLEGE,M.D. (GENERAL MEDICINE),Private Management Quota,UR,General,Fresh Allotment
256,1,13537,42,ESI PGIMSR AND ESIC MEDICAL COLLEGE JOKA KOLKATA,M.S. (GENERAL SURGERY),Open Quota,OBC (Non-Creamy Layer),OBC-A (Non- Creamy Layer),Fresh Allotment
257,1,13604,29,ALL INDIA INSTITUTE OF HYGIENE AND PUBLIC HEALTH,M.D. (PREVENTIVE AND SOCIAL MEDICINE)/ COMMUNITY MEDICINE,Open Quota,UR,General,Fresh Allotment
258,1,13645,2,R G KAR MEDICAL COLLEGE,M.D. (OBST. AND GYNAE)/MS (OBSTETRICS AND GYNAECOLOGY),Open Quota,EWS,EWS,Fresh Allotment
259,1,13849,18,"IQ CITY MEDICAL COLLEGE, DURGAPUR",M.D. (OBST. AND GYNAE)/MS (OBSTETRICS AND GYNAECOLOGY),Open Quota,UR,General,Fresh Allotment
260,1,13975,6,ICARE INSTITUTE OF MEDICAL SCIENCES AND RESEARCH HALDIA,M.S. (E.N.T.),Private Management Quota,UR,General,Fresh Allotment
261,1,14341,15,INSTITUTE OF POST GRADUATE MEDICAL EDUCATION AND RESEARCH KOLKATA,M.D. (PATHOLOGY),Open Quota,UR,General,Fresh Allotment
262,1,14442,44,INSTITUTE OF POST GRADUATE MEDICAL EDUCATION AND RESEARCH KOLKATA,M.D. (OBST. AND GYNAE)/MS (OBSTETRICS AND GYNAECOLOGY),Open Quota,OBC-B (Non- Creamy Layer),OBC-B (Non- Creamy Layer),Fresh Allotment
263,1,14473,10,"IQ CITY MEDICAL COLLEGE, DURGAPUR",M.S. (ORTHOPAEDICS),Open Quota,UR,General,Fresh Allotment
264,1,14485,5,ICARE INSTITUTE OF MEDICAL SCIENCES AND RESEARCH HALDIA,M.D. (RADIO- DIAGNOSIS),Open Quota,OBC-A (Non- Creamy Layer),OBC-A (Non- Creamy Layer),Fresh Allotment
265,1,14538,3,NIL RATAN SIRCAR MEDICAL COLLEGE,M.D. (TUBERCULOSIS AND RESPIRATORY DISEASES)/PULMONA RY MEDICINE /M.D. (RESPIRATORY MEDICINE),Open Quota,SC,SC,Fresh Allotment
266,1,14575,34,INSTITUTE OF POST GRADUATE MEDICAL EDUCATION AND RESEARCH KOLKATA,M.D. (PHYSICAL MED. AND REHABILITATION),Open Quota,UR,General,Fresh Allotment
267,1,14599,15,DR. B C ROY POST GRADUATE INSTITUTE OF PAEDIATRIC SCIENCES,M.D. (PAEDIATRICS),Open Quota,EWS,EWS,Fresh Allotment
268,1,14618,14,BURDWAN MEDICAL COLLEGE,M.S. (ORTHOPAEDICS),Open Quota,SC,SC,Fresh Allotment
269,1,14853,32,BANKURA SAMMILANI MEDICAL COLLEGE,M.D. (ANAESTHESIOLOGY),Open Quota,UR,General,Fresh Allotment
270,1,14895,7,ICARE INSTITUTE OF MEDICAL SCIENCES AND RESEARCH HALDIA,M.D. (PSYCHIATRY),Private Management Quota,UR,OBC (Non-Creamy Layer),Fresh Allotment
271,1,14897,18,KPC MEDICAL COLLEGE,M.D. (GENERAL MEDICINE),Private Management Quota,UR,General,Fresh Allotment
272,1,14910,5,INSTITUTE OF POST GRADUATE MEDICAL EDUCATION AND RESEARCH KOLKATA,M.D. (PHYSICAL MED. AND REHABILITATION),Open Quota,UR,General,Fresh Allotment
273,1,14934,46,ESI PGIMSR AND ESIC MEDICAL COLLEGE JOKA KOLKATA,M.D. (OBST. AND GYNAE)/MS (OBSTETRICS AND GYNAECOLOGY),Open Quota,OBC (Non-Creamy Layer),OBC (Non-Creamy Layer),Fresh Allotment
274,1,14959,24,MIDNAPORE MEDICAL COLLEGE,M.D. (ANAESTHESIOLOGY),Open Quota,UR,General,Fresh Allotment
275,1,15014,9,NORTH BENGAL MEDICAL COLLEGE AND HOSPITAL,M.D. (PAEDIATRICS),Open Quota,EWS,EWS,Fresh Allotment
276,1,15034,36,CALCUTTA NATIONAL MEDICAL COLLEGE KOLKATA,M.D. (OBST. AND GYNAE)/MS (OBSTETRICS AND GYNAECOLOGY),Open Quota,EWS,EWS,Fresh Allotment
277,1,15120,82,RAMKRISHNA MISSION SEVA PRASITHAN VIVEKANANDA INSTITUTE OF MEDICAL SCIENCE,M.D. (ANAESTHESIOLOGY),Open Quota,UR,General,Fresh Allotment
278,1,15126,1,INSTITUTE OF POST GRADUATE MEDICAL EDUCATION AND RESEARCH KOLKATA,M.D. (GENERAL MEDICINE),Open Quota,ST,ST,Fresh Allotment
279,1,15157,5,R G KAR MEDICAL COLLEGE,M.S. (GENERAL SURGERY),Open Quota,EWS,EWS,Fresh Allotment
280,1,15231,43,BANKURA SAMMILANI MEDICAL COLLEGE,M.S. (ORTHOPAEDICS),Open Quota,EWS,EWS,Fresh Allotment
281,1,15339,52,ICARE INSTITUTE OF MEDICAL SCIENCES AND RESEARCH HALDIA,M.D. (OBST. AND GYNAE)/MS (OBSTETRICS AND GYNAECOLOGY),Open Quota,UR,General,Fresh Allotment
282,1,15387,32,COLLEGE OF MEDICINE AND JNM HOSPITAL KALYANI,M.D. (OBST. AND GYNAE)/MS (OBSTETRICS AND GYNAECOLOGY),Open Quota,OBC-A (Non- Creamy Layer),OBC-A (Non- Creamy Layer),Fresh Allotment
283,1,15489,42,R G KAR MEDICAL COLLEGE,M.D. (PHYSICAL MED. AND REHABILITATION),Open Quota,UR,General,Fresh Allotment
284,1,15552,11,CALCUTTA NATIONAL MEDICAL COLLEGE KOLKATA,M.S. (GENERAL SURGERY),Open Quota,OBC-B (Non- Creamy Layer),OBC-B (Non- Creamy Layer),Fresh Allotment
285,1,15583,49,COLLEGE OF MEDICINE AND JNM HOSPITAL KALYANI,M.D. (ANAESTHESIOLOGY),Open Quota,UR,General,Fresh Allotment
286,1,15692,62,BANKURA SAMMILANI MEDICAL COLLEGE,M.D. (OBST. AND GYNAE)/MS (OBSTETRICS AND GYNAECOLOGY),Open Quota,EWS,EWS,Fresh Allotment
287,1,15776,17,BURDWAN MEDICAL COLLEGE,M.D. (PAEDIATRICS),Open Quota,SC,SC,Fresh Allotment
288,1,15994,55,RAMKRISHNA MISSION SEVA PRASITHAN VIVEKANANDA INSTITUTE OF MEDICAL SCIENCE,M.S. (GENERAL SURGERY),Open Quota,OBC-A (Non- Creamy Layer),OBC-A (Non- Creamy Layer),Fresh Allotment
289,1,16209,26,"COMMAND HOSPITAL EC, ALIPORE, KOLKATA",M.D. (ANAESTHESIOLOGY),Open Quota,UR,General,Fresh Allotment
290,1,16307,40,RAMKRISHNA MISSION SEVA PRASITHAN VIVEKANANDA INSTITUTE OF MEDICAL SCIENCE,M.D. (OBST. AND GYNAE)/MS (OBSTETRICS AND GYNAECOLOGY),Open Quota,OBC-A (Non- Creamy Layer),OBC-A (Non- Creamy Layer),Fresh Allotment
291,1,16470,11,SHRI RAMKRISHNA INSTITUTE OF MEDICAL SCIENCES & SANAKA HOSPITALS,M.S. (ORTHOPAEDICS),Open Quota,UR,General,Fresh Allotment
292,1,16525,13,GOURI DEVI INSTITUTE OF MEDICAL SCIENCES AND HOSPITAL,"M.D. (DERM.,VENE. AND LEPROSY)/ (DERMATOLOGY)/ (SKIN AND VENEREAL DISEASES)/ (VENEREOLOGY)",Private Management Quota,UR,General,Fresh Allotment
293,1,16545,16,NORTH BENGAL MEDICAL COLLEGE AND HOSPITAL,M.S. (ORTHOPAEDICS),Open Quota,SC,SC,Fresh Allotment
294,1,16731,55,INSTITUTE OF POST GRADUATE MEDICAL EDUCATION AND RESEARCH KOLKATA,M.D. (ANAESTHESIOLOGY),Open Quota,OBC-A (Non- Creamy Layer),OBC-A (Non- Creamy Layer),Fresh Allotment
295,1,16918,17,NIL RATAN SIRCAR MEDICAL COLLEGE,M.D. (PSYCHIATRY),Open Quota,OBC-B (Non- Creamy Layer),OBC-B (Non- Creamy Layer),Fresh Allotment
296,1,17022,2,SHRI RAMKRISHNA INSTITUTE OF MEDICAL SCIENCES & SANAKA HOSPITALS,M.D. (GENERAL MEDICINE),Private Management Quota,UR,General,Fresh Allotment
297,1,17086,47,MIDNAPORE MEDICAL COLLEGE,M.D. (OBST. AND GYNAE)/MS (OBSTETRICS AND GYNAECOLOGY),Open Quota,EWS,EWS,Fresh Allotment
298,1,17156,60,INSTITUTE OF POST GRADUATE MEDICAL EDUCATION AND RESEARCH KOLKATA,M.D. (PATHOLOGY),Open Quota,UR,General,Fresh Allotment
299,1,17202,4,DR. B C ROY POST GRADUATE INSTITUTE OF PAEDIATRIC SCIENCES,M.D. (PAEDIATRICS),Open Quota,SC,SC,Fresh Allotment
300,1,17229,40,NIL RATAN SIRCAR MEDICAL COLLEGE,M.D. (ANAESTHESIOLOGY),Open Quota,OBC-A (Non- Creamy Layer),OBC-A (Non- Creamy Layer),Fresh Allotment
301,1,17401,13,KPC MEDICAL COLLEGE,M.S. (GENERAL SURGERY),Private Management Quota,UR,General,Fresh Allotment
302,1,17521,8,KPC MEDICAL COLLEGE,M.D. (GENERAL MEDICINE),Private Management Quota,UR,General,Fresh Allotment
303,1,17606,12,INSTITUTE OF POST GRADUATE MEDICAL EDUCATION AND RESEARCH KOLKATA,M.D. (PSYCHIATRY),Open Quota,SC,SC,Fresh Allotment
304,1,17736,11,MEDICAL COLLEGE KOLKATA,DIP.IN GYNAE. AND OBST.,Open Quota,UR,General,Fresh Allotment
305,1,17775,12,MEDICAL COLLEGE KOLKATA,M.S. (OPHTHALMOLOGY),Open Quota,SC,SC,Fresh Allotment
306,1,17892,21,ESI PGIMSR AND ESIC MEDICAL COLLEGE JOKA KOLKATA,M.D. (ANAESTHESIOLOGY),Open Quota,OBC (Non-Creamy Layer),OBC-A (Non- Creamy Layer),Fresh Allotment
307,1,17902,85,ICARE INSTITUTE OF MEDICAL SCIENCES AND RESEARCH HALDIA,M.D. (TUBERCULOSIS AND RESPIRATORY DISEASES)/PULMONA RY MEDICINE /M.D. (RESPIRATORY MEDICINE),Open Quota,UR,General,Fresh Allotment
308,1,17936,34,GOURI DEVI INSTITUTE OF MEDICAL SCIENCES AND HOSPITAL,M.D. (TUBERCULOSIS AND RESPIRATORY DISEASES)/PULMONA RY MEDICINE /M.D. (RESPIRATORY MEDICINE),Open Quota,UR,General,Fresh Allotment
309,1,18087,80,MEDICAL COLLEGE KOLKATA,M.D. (PATHOLOGY),Open Quota,UR,General,Fresh Allotment
310,1,18095,7,ESI PGIMSR AND ESIC MEDICAL COLLEGE JOKA KOLKATA,M.D. (PATHOLOGY),Open Quota,UR,General,Fresh Allotment
311,1,18130,8,BANKURA SAMMILANI MEDICAL COLLEGE,M.D. (OBST. AND GYNAE)/MS (OBSTETRICS AND GYNAECOLOGY),Open Quota,OBC-B (Non- Creamy Layer),OBC-B (Non- Creamy Layer),Fresh Allotment
312,1,18160,2,GOURI DEVI INSTITUTE OF MEDICAL SCIENCES AND HOSPITAL,M.D. (OBST. AND GYNAE)/MS (OBSTETRICS AND GYNAECOLOGY),Private Management Quota,UR,EWS,Fresh Allotment
313,1,18209,4,CALCUTTA NATIONAL MEDICAL COLLEGE KOLKATA,M.D. (OBST. AND GYNAE)/MS (OBSTETRICS AND GYNAECOLOGY),Open Quota,SC,SC,Fresh Allotment
314,1,18243,19,BANKURA SAMMILANI MEDICAL COLLEGE,M.S. (GENERAL SURGERY),Open Quota,OBC-B (Non- Creamy Layer),OBC-B (Non- Creamy Layer),Fresh Allotment
315,1,18340,12,RAMKRISHNA MISSION SEVA PRASITHAN VIVEKANANDA INSTITUTE OF MEDICAL SCIENCE,M.D. (PAEDIATRICS),Open Quota,SC,SC,Fresh Allotment
316,1,18343,1,R G KAR MEDICAL COLLEGE,M.D. (OBST. AND GYNAE)/MS (OBSTETRICS AND GYNAECOLOGY),Open Quota,SC,SC,Fresh Allotment
317,1,18392,15,MIDNAPORE MEDICAL COLLEGE,M.S. (GENERAL SURGERY),Open Quota,OBC-B (Non- Creamy Layer),OBC-B (Non- Creamy Layer),Fresh Allotment
318,1,18457,23,MIDNAPORE MEDICAL COLLEGE,M.D. (PAEDIATRICS),Open Quota,SC,SC,Fresh Allotment
319,1,18459,17,ESI PGIMSR AND ESIC MEDICAL COLLEGE JOKA KOLKATA,M.D. (OBST. AND GYNAE)/MS (OBSTETRICS AND GYNAECOLOGY),Open Quota,EWS,EWS,Fresh Allotment
320,1,18523,1,MEDICAL COLLEGE KOLKATA,M.S. (GENERAL SURGERY),Open Quota,SC,SC,Fresh Allotment
321,1,18552,20,GOURI DEVI INSTITUTE OF MEDICAL SCIENCES AND HOSPITAL,M.D. (TUBERCULOSIS AND RESPIRATORY DISEASES)/PULMONA RY MEDICINE /M.D. (RESPIRATORY MEDICINE),Private Management Quota,UR,OBC-A (Non- Creamy Layer),Fresh Allotment
322,1,18588,5,JAGANNATH GUPTA INSTITUTE OF MEDICAL SCIENCES AND HOSPITAL,M.D. (GENERAL MEDICINE),Private Management Quota,UR,General,Fresh Allotment
323,1,18645,81,BURDWAN MEDICAL COLLEGE,M.D. (FORENSIC MEDICINE),Open Quota,UR,General,Fresh Allotment
324,1,18652,46,"IQ CITY MEDICAL COLLEGE, DURGAPUR",M.D. (GENERAL MEDICINE),Private Management Quota,UR,General,Fresh Allotment
325,1,18826,41,MEDICAL COLLEGE KOLKATA,M.S. (OPHTHALMOLOGY),Open Quota,EWS,EWS,Fresh Allotment
326,1,18908,14,R G KAR MEDICAL COLLEGE,M.D. (OBST. AND GYNAE)/MS (OBSTETRICS AND GYNAECOLOGY),Open Quota,SC,SC,Fresh Allotment
327,1,19009,7,KPC MEDICAL COLLEGE,M.S. (ORTHOPAEDICS),Private Management Quota,UR,General,Fresh Allotment
328,1,19128,1,MEDICAL COLLEGE KOLKATA,"M.D. (DERM.,VENE. AND LEPROSY)/ (DERMATOLOGY)/ (SKIN AND VENEREAL DISEASES)/ (VENEREOLOGY)",In-service Quota,UR,SC,Fresh Allotment
329,1,19159,4,CALCUTTA NATIONAL MEDICAL COLLEGE KOLKATA,M.D. (OBST. AND GYNAE)/MS (OBSTETRICS AND GYNAECOLOGY),Open Quota,SC,SC,Fresh Allotment
330,1,19422,33,KPC MEDICAL COLLEGE,M.S. (GENERAL SURGERY),Private Management Quota,UR,General,Fresh Allotment
331,1,19428,2,NIL RATAN SIRCAR MEDICAL COLLEGE,M.D. (RADIO- DIAGNOSIS),In-service Quota,OBC-A (Non- Creamy Layer),OBC-A (Non- Creamy Layer),Fresh Allotment
332,1,19443,42,MEDICAL COLLEGE KOLKATA,DIPLOMA IN OPHTHALMOLOGY/DO MS,Open Quota,UR,General,Fresh Allotment
333,1,19612,26,"IQ CITY MEDICAL COLLEGE, DURGAPUR",M.D. (GENERAL MEDICINE),Open Quota,SC,SC,Fresh Allotment
334,1,19641,2,SHRI RAMKRISHNA INSTITUTE OF MEDICAL SCIENCES & SANAKA HOSPITALS,M.D. (GENERAL MEDICINE),Private Management Quota,UR,General,Fresh Allotment
335,1,19671,2,NIL RATAN SIRCAR MEDICAL COLLEGE,M.D. (ANAESTHESIOLOGY),Open Quota,EWS,EWS,Fresh Allotment
336,1,20057,75,MURSHIDABAD MEDICAL COLLEGE AND HOSPITAL,M.D. (OBST. AND GYNAE)/MS (OBSTETRICS AND GYNAECOLOGY),Open Quota,OBC-B (Non- Creamy Layer),OBC-B (Non- Creamy Layer),Fresh Allotment
337,1,20063,12,BURDWAN MEDICAL COLLEGE,M.D. (OBST. AND GYNAE)/MS (OBSTETRICS AND GYNAECOLOGY),Open Quota,SC,SC,Fresh Allotment
338,1,20072,19,MALDA MEDICAL COLLEGE AND HOSPITAL,M.D. (OBST. AND GYNAE)/MS (OBSTETRICS AND GYNAECOLOGY),Open Quota,EWS,EWS,Fresh Allotment
339,1,20224,43,NIL RATAN SIRCAR MEDICAL COLLEGE,M.D. (RADIOTHERAPY/ RADIATION ONCOLOGY),Open Quota,OBC-A (Non- Creamy Layer),OBC-A (Non- Creamy Layer),Fresh Allotment
340,1,20384,56,R G KAR MEDICAL COLLEGE,M.D. (PATHOLOGY),Open Quota,UR,General,Fresh Allotment
341,1,20397,8,"COMMAND HOSPITAL EC, ALIPORE, KOLKATA",M.S. (GENERAL SURGERY),Open Quota,EWS,EWS,Fresh Allotment
342,1,20473,41,KPC MEDICAL COLLEGE,M.S. (GENERAL SURGERY),Open Quota,OBC-A (Non- Creamy Layer),OBC-A (Non- Creamy Layer),Fresh Allotment
343,1,20541,57,KPC MEDICAL COLLEGE,M.D. (ANAESTHESIOLOGY),Open Quota,UR,General,Fresh Allotment
344,1,20688,21,MEDICAL COLLEGE KOLKATA,DIP.IN GYNAE. AND OBST.,Open Quota,UR,OBC-A (Non- Creamy Layer),Fresh Allotment
345,1,20728,40,MALDA MEDICAL COLLEGE AND HOSPITAL,M.D. (PAEDIATRICS),Open Quota,SC,SC,Fresh Allotment
346,1,20730,18,RAMKRISHNA MISSION SEVA PRASITHAN VIVEKANANDA INSTITUTE OF MEDICAL SCIENCE,DIPLOMA IN CHILD HEALTH/ PAEDIATRICS,Open Quota,UR,General,Fresh Allotment
347,1,20809,14,INSTITUTE OF POST GRADUATE MEDICAL EDUCATION AND RESEARCH KOLKATA,M.S. (E.N.T.),Open Quota,OBC-B (Non- Creamy Layer),OBC-B (Non- Creamy Layer),Fresh Allotment
348,1,21111,2,SHRI RAMKRISHNA INSTITUTE OF MEDICAL SCIENCES & SANAKA HOSPITALS,M.D. (GENERAL MEDICINE),Private Management Quota,UR,OBC (Non-Creamy Layer),Fresh Allotment
349,1,21166,15,BANKURA SAMMILANI MEDICAL COLLEGE,M.D. (OBST. AND GYNAE)/MS (OBSTETRICS AND GYNAECOLOGY),Open Quota,SC,SC,Fresh Allotment
350,1,21168,31,BANKURA SAMMILANI MEDICAL COLLEGE,M.D. (TUBERCULOSIS AND RESPIRATORY DISEASES)/PULMONA RY MEDICINE /M.D. (RESPIRATORY MEDICINE),Open Quota,SC,SC,Fresh Allotment
351,1,21185,18,RAMKRISHNA MISSION SEVA PRASITHAN VIVEKANANDA INSTITUTE OF MEDICAL SCIENCE,M.D. (OBST. AND GYNAE)/MS (OBSTETRICS AND GYNAECOLOGY),Open Quota,EWS,EWS,Fresh Allotment
352,1,21237,16,BANKURA SAMMILANI MEDICAL COLLEGE,M.S. (OPHTHALMOLOGY),Open Quota,SC,SC,Fresh Allotment
353,1,21248,10,MIDNAPORE MEDICAL COLLEGE,M.S. (OPHTHALMOLOGY),Open Quota,SC,SC,Fresh Allotment
354,1,21477,13,MEDICAL COLLEGE KOLKATA,M.D. (RADIOTHERAPY/ RADIATION ONCOLOGY),Open Quota,SC,SC,Fresh Allotment
355,1,21488,81,RAMKRISHNA MISSION SEVA PRASITHAN VIVEKANANDA INSTITUTE OF MEDICAL SCIENCE,DIP.IN GYNAE. AND OBST.,Open Quota,UR,General,Fresh Allotment
356,1,21881,32,R G KAR MEDICAL COLLEGE,M.D. (RADIOTHERAPY/ RADIATION ONCOLOGY),Open Quota,SC,SC,Fresh Allotment
357,1,21907,29,MIDNAPORE MEDICAL COLLEGE,M.D. (OBST. AND GYNAE)/MS (OBSTETRICS AND GYNAECOLOGY),Open Quota,SC,SC,Fresh Allotment
358,1,22157,10,MIDNAPORE MEDICAL COLLEGE,M.D. (OBST. AND GYNAE)/MS (OBSTETRICS AND GYNAECOLOGY),Open Quota,SC,SC,Fresh Allotment
359,1,22226,34,RAMKRISHNA MISSION SEVA PRASITHAN VIVEKANANDA INSTITUTE OF MEDICAL SCIENCE,DIP.IN GYNAE. AND OBST.,Open Quota,OBC-A (Non- Creamy Layer),OBC-A (Non- Creamy Layer),Fresh Allotment
360,1,22241,10,RAMKRISHNA MISSION SEVA PRASITHAN VIVEKANANDA INSTITUTE OF MEDICAL SCIENCE,M.S. (ORTHOPAEDICS),Open Quota,SC,SC,Fresh Allotment
361,1,22310,112,COLLEGE OF MEDICINE AND SAGORE DUTTA HOSPITAL,M.D. (PATHOLOGY),Open Quota,UR,General,Fresh Allotment
362,1,22358,21,ICARE INSTITUTE OF MEDICAL SCIENCES AND RESEARCH HALDIA,M.D. (GENERAL MEDICINE),Open Quota,EWS,EWS,Fresh Allotment
363,1,22375,1,INSTITUTE OF POST GRADUATE MEDICAL EDUCATION AND RESEARCH KOLKATA,M.D. (GENERAL MEDICINE),In-service Quota,UR,General,Fresh Allotment
364,1,22583,18,BURDWAN MEDICAL COLLEGE,M.D. (PATHOLOGY),Open Quota,UR,General,Fresh Allotment
365,1,23203,13,BURDWAN MEDICAL COLLEGE,M.D. (PSYCHIATRY),Open Quota,SC,SC,Fresh Allotment
366,1,23229,47,ICARE INSTITUTE OF MEDICAL SCIENCES AND RESEARCH HALDIA,M.S. (OPHTHALMOLOGY),Open Quota,UR,General,Fresh Allotment
367,1,23241,73,MIDNAPORE MEDICAL COLLEGE,M.S. (GENERAL SURGERY),Open Quota,EWS,EWS,Fresh Allotment
368,1,23347,2,MEDICAL COLLEGE KOLKATA,M.D. (RADIO- DIAGNOSIS),In-service Quota,SC,SC,Fresh Allotment
369,1,23538,109,MURSHIDABAD MEDICAL COLLEGE AND HOSPITAL,M.D. (PATHOLOGY),Open Quota,UR,General,Fresh Allotment
370,1,23624,21,"SCHOOL OF TROPICAL MEDICINE, KOLKATA",M.D. (TROPICAL MEDICINE),Open Quota,EWS,EWS,Fresh Allotment
371,1,23695,62,RAMKRISHNA MISSION SEVA PRASITHAN VIVEKANANDA INSTITUTE OF MEDICAL SCIENCE,M.D. (PATHOLOGY),Open Quota,UR,General,Fresh Allotment
372,1,24064,9,GOURI DEVI INSTITUTE OF MEDICAL SCIENCES AND HOSPITAL,M.D. (OBST. AND GYNAE)/MS (OBSTETRICS AND GYNAECOLOGY),Private Management Quota,UR,General,Fresh Allotment
373,1,24160,2,SHRI RAMKRISHNA INSTITUTE OF MEDICAL SCIENCES & SANAKA HOSPITALS,M.D. (GENERAL MEDICINE),Private Management Quota,UR,OBC (Non-Creamy Layer),Fresh Allotment
374,1,24440,36,MEDICAL COLLEGE KOLKATA,M.S. (OPHTHALMOLOGY),Open Quota,OBC-A (Non- Creamy Layer),OBC-A (Non- Creamy Layer),Fresh Allotment
375,1,24458,38,RAMKRISHNA MISSION SEVA PRASITHAN VIVEKANANDA INSTITUTE OF MEDICAL SCIENCE,M.D. (OBST. AND GYNAE)/MS (OBSTETRICS AND GYNAECOLOGY),Open Quota,SC,SC,Fresh Allotment
376,1,24487,40,NORTH BENGAL MEDICAL COLLEGE AND HOSPITAL,M.D. (PATHOLOGY),Open Quota,UR,General,Fresh Allotment
377,1,24575,70,R G KAR MEDICAL COLLEGE,M.S. (OPHTHALMOLOGY),Open Quota,OBC-A (Non- Creamy Layer),OBC-A (Non- Creamy Layer),Fresh Allotment
378,1,25039,4,CALCUTTA NATIONAL MEDICAL COLLEGE KOLKATA,M.S. (GENERAL SURGERY),Open Quota,SC,SC,Fresh Allotment
379,1,25152,8,MALDA MEDICAL COLLEGE AND HOSPITAL,M.D. (OBST. AND GYNAE)/MS (OBSTETRICS AND GYNAECOLOGY),Open Quota,SC,SC,Fresh Allotment
380,1,25187,20,INSTITUTE OF POST GRADUATE MEDICAL EDUCATION AND RESEARCH KOLKATA,M.D. (MICROBIOLOGY),Open Quota,UR,General,Fresh Allotment
381,1,25211,22,MEDICAL COLLEGE KOLKATA,M.D. (ANAESTHESIOLOGY),Open Quota,SC,SC,Fresh Allotment
382,1,25369,1,INSTITUTE OF POST GRADUATE MEDICAL EDUCATION AND RESEARCH KOLKATA,M.D. (GENERAL MEDICINE),In-service Quota,UR,OBC-A (Non- Creamy Layer),Fresh Allotment
383,1,25430,12,NORTH BENGAL MEDICAL COLLEGE AND HOSPITAL,M.D. (PSYCHIATRY),Open Quota,SC,SC,Fresh Allotment
384,1,25545,96,MEDICAL COLLEGE KOLKATA,DIPLOMA IN OPHTHALMOLOGY/DO MS,Open Quota,UR,General,Fresh Allotment
385,1,25716,2,R G KAR MEDICAL COLLEGE,M.S. (GENERAL SURGERY),Open Quota,SC,SC,Fresh Allotment
386,1,25760,1,"IQ CITY MEDICAL COLLEGE, DURGAPUR",M.D. (PAEDIATRICS),Private Management Quota,UR,General,Fresh Allotment
387,1,26122,36,NIL RATAN SIRCAR MEDICAL COLLEGE,M.S. (OPHTHALMOLOGY),Open Quota,OBC-B (Non- Creamy Layer),OBC-B (Non- Creamy Layer),Fresh Allotment
388,1,26273,28,RAMKRISHNA MISSION SEVA PRASITHAN VIVEKANANDA INSTITUTE OF MEDICAL SCIENCE,M.D. (ANAESTHESIOLOGY),Open Quota,OBC-A (Non- Creamy Layer),OBC-A (Non- Creamy Layer),Fresh Allotment
389,1,26374,85,R G KAR MEDICAL COLLEGE,M.D. (MICROBIOLOGY),Open Quota,UR,General,Fresh Allotment
390,1,26584,28,GOURI DEVI INSTITUTE OF MEDICAL SCIENCES AND HOSPITAL,M.D. (ANAESTHESIOLOGY),Open Quota,UR,General,Fresh Allotment
391,1,26684,37,GOURI DEVI INSTITUTE OF MEDICAL SCIENCES AND HOSPITAL,M.D. (PAEDIATRICS),Private Management Quota,UR,General,Fresh Allotment
392,1,26774,117,JAGANNATH GUPTA INSTITUTE OF MEDICAL SCIENCES AND HOSPITAL,M.D. (ANAESTHESIOLOGY),Open Quota,UR,General,Fresh Allotment
393,1,26901,1,BANKURA SAMMILANI MEDICAL COLLEGE,M.S. (GENERAL SURGERY),Open Quota,SC,SC,Fresh Allotment
394,1,27393,29,MEDICAL COLLEGE KOLKATA,M.D. (ANAESTHESIOLOGY),Open Quota,SC,SC,Fresh Allotment
395,1,27426,13,R G KAR MEDICAL COLLEGE,M.S. (E.N.T.),Open Quota,OBC-B (Non- Creamy Layer),OBC-B (Non- Creamy Layer),Fresh Allotment
396,1,27628,45,MEDICAL COLLEGE KOLKATA,M.D. (PREVENTIVE AND SOCIAL MEDICINE)/ COMMUNITY MEDICINE,Open Quota,UR,General,Fresh Allotment
397,1,27637,2,NIL RATAN SIRCAR MEDICAL COLLEGE,M.D. (GENERAL MEDICINE),Open Quota,ST,ST,Fresh Allotment
398,1,27755,50,BURDWAN MEDICAL COLLEGE,M.S. (GENERAL SURGERY),Open Quota,SC,SC,Fresh Allotment
399,1,28004,5,ESI PGIMSR AND ESIC MEDICAL COLLEGE JOKA KOLKATA,M.S. (ORTHOPAEDICS),Open Quota,ST,ST,Fresh Allotment
400,1,28074,1,MURSHIDABAD MEDICAL COLLEGE AND HOSPITAL,M.D. (RADIO- DIAGNOSIS),In-service Quota,UR,SC,Fresh Allotment
401,1,28354,4,RAMKRISHNA MISSION SEVA PRASITHAN VIVEKANANDA INSTITUTE OF MEDICAL SCIENCE,M.D. (RADIO- DIAGNOSIS),In-service Quota,UR,General,Fresh Allotment
402,1,28362,2,MEDICAL COLLEGE KOLKATA,M.D. (GENERAL MEDICINE),In-service Quota,UR,General,Fresh Allotment
403,1,28401,20,NORTH BENGAL MEDICAL COLLEGE AND HOSPITAL,M.S. (GENERAL SURGERY),Open Quota,SC,SC,Fresh Allotment
404,1,28458,8,ICARE INSTITUTE OF MEDICAL SCIENCES AND RESEARCH HALDIA,M.D. (ANAESTHESIOLOGY),Private Management Quota,UR,EWS,Fresh Allotment
405,1,28644,25,INSTITUTE OF POST GRADUATE MEDICAL EDUCATION AND RESEARCH KOLKATA,M.D. (PHARMACOLOGY),Open Quota,UR,General,Fresh Allotment
406,1,28685,65,INSTITUTE OF POST GRADUATE MEDICAL EDUCATION AND RESEARCH KOLKATA,M.D. (BIOCHEMISTRY),Open Quota,UR,General,Fresh Allotment
407,1,28805,5,BURDWAN MEDICAL COLLEGE,M.D. (RADIO- DIAGNOSIS),In-service Quota,SC,SC,Fresh Allotment
408,1,28813,3,MEDICAL COLLEGE KOLKATA,M.D. (PAEDIATRICS),Open Quota,ST,ST,Fresh Allotment
409,1,28852,34,RAMKRISHNA MISSION SEVA PRASITHAN VIVEKANANDA INSTITUTE OF MEDICAL SCIENCE,M.S. (OPHTHALMOLOGY),Open Quota,SC,SC,Fresh Allotment
410,1,28879,5,INSTITUTE OF POST GRADUATE MEDICAL EDUCATION AND RESEARCH KOLKATA,M.D. (PHYSIOLOGY),Open Quota,UR,General,Fresh Allotment
411,1,28935,31,MEDICAL COLLEGE KOLKATA,DIP.IN GYNAE. AND OBST.,Open Quota,OBC-B (Non- Creamy Layer),OBC-B (Non- Creamy Layer),Fresh Allotment
412,1,29032,27,MIDNAPORE MEDICAL COLLEGE,M.S. (GENERAL SURGERY),Open Quota,SC,SC,Fresh Allotment
413,1,29076,12,ALL INDIA INSTITUTE OF HYGIENE AND PUBLIC HEALTH,M.P.H. (EPIDEMIOLOGY),Open Quota,UR,General,Fresh Allotment
414,1,29250,28,NORTH BENGAL MEDICAL COLLEGE AND HOSPITAL,M.S. (E.N.T.),Open Quota,SC,SC,Fresh Allotment
415,1,29256,4,JAGANNATH GUPTA INSTITUTE OF MEDICAL SCIENCES AND HOSPITAL,M.D. (GENERAL MEDICINE),Private Management Quota,UR,EWS,Fresh Allotment
416,1,29269,1,MEDICAL COLLEGE KOLKATA,M.D. (PAEDIATRICS),In-service Quota,UR,OBC-A (Non- Creamy Layer),Fresh Allotment
417,1,29507,68,NIL RATAN SIRCAR MEDICAL COLLEGE,M.S. (E.N.T.),Open Quota,EWS,EWS,Fresh Allotment
418,1,29864,78,INSTITUTE OF POST GRADUATE MEDICAL EDUCATION AND RESEARCH KOLKATA,M.D. (PHYSICAL MED. AND REHABILITATION),Open Quota,SC,SC,Fresh Allotment
419,1,30162,35,CALCUTTA NATIONAL MEDICAL COLLEGE KOLKATA,DIPLOMA IN ANAESTHESIOLOGY,Open Quota,UR,General,Fresh Allotment
420,1,30298,12,KPC MEDICAL COLLEGE,M.D. (RADIO- DIAGNOSIS),Open Quota,SC,SC,Fresh Allotment
421,1,30329,64,RAMKRISHNA MISSION SEVA PRASITHAN VIVEKANANDA INSTITUTE OF MEDICAL SCIENCE,M.S. (E.N.T.),Open Quota,SC,SC,Fresh Allotment
422,1,30393,75,CALCUTTA NATIONAL MEDICAL COLLEGE KOLKATA,M.D. (ANAESTHESIOLOGY),Open Quota,EWS,EWS,Fresh Allotment
423,1,30453,17,ESI PGIMSR AND ESIC MEDICAL COLLEGE JOKA KOLKATA,M.S. (E.N.T.),Open Quota,SC,SC,Fresh Allotment
424,1,30511,5,"IQ CITY MEDICAL COLLEGE, DURGAPUR",M.D. (TUBERCULOSIS AND RESPIRATORY DISEASES)/PULMONA RY MEDICINE /M.D. (RESPIRATORY MEDICINE),Private Management Quota,UR,General,Fresh Allotment
425,1,30540,1,"IQ CITY MEDICAL COLLEGE, DURGAPUR",M.D. (PAEDIATRICS),Private Management Quota,UR,OBC (Non-Creamy Layer),Fresh Allotment
426,1,30562,36,INSTITUTE OF POST GRADUATE MEDICAL EDUCATION AND RESEARCH KOLKATA,M.D. (PREVENTIVE AND SOCIAL MEDICINE)/ COMMUNITY MEDICINE,Open Quota,UR,General,Fresh Allotment
427,1,30842,33,SHRI RAMKRISHNA INSTITUTE OF MEDICAL SCIENCES & SANAKA HOSPITALS,M.D. (OBST. AND GYNAE)/MS (OBSTETRICS AND GYNAECOLOGY),Private Management Quota,UR,General,Fresh Allotment
428,1,30862,71,R G KAR MEDICAL COLLEGE,M.D. (ANAESTHESIOLOGY),Open Quota,SC,SC,Fresh Allotment
429,1,30936,110,CALCUTTA NATIONAL MEDICAL COLLEGE KOLKATA,M.D. (PREVENTIVE AND SOCIAL MEDICINE)/ COMMUNITY MEDICINE,Open Quota,UR,General,Fresh Allotment
430,1,30957,65,SHRI RAMKRISHNA INSTITUTE OF MEDICAL SCIENCES & SANAKA HOSPITALS,M.D. (PAEDIATRICS),Private Management Quota,UR,General,Fresh Allotment
431,1,31166,60,NORTH BENGAL MEDICAL COLLEGE AND HOSPITAL,M.D. (ANAESTHESIOLOGY),Open Quota,SC,SC,Fresh Allotment
432,1,31326,90,NORTH BENGAL MEDICAL COLLEGE AND HOSPITAL,M.S. (OPHTHALMOLOGY),Open Quota,SC,SC,Fresh Allotment
433,1,31374,9,RAMKRISHNA MISSION SEVA PRASITHAN VIVEKANANDA INSTITUTE OF MEDICAL SCIENCE,M.D. (GENERAL MEDICINE),Open Quota,ST,ST,Fresh Allotment
434,1,31446,11,R G KAR MEDICAL COLLEGE,M.D. (ANAESTHESIOLOGY),Open Quota,SC,SC,Fresh Allotment
435,1,31533,1,INSTITUTE OF POST GRADUATE MEDICAL EDUCATION AND RESEARCH KOLKATA,M.D. (GENERAL MEDICINE),In-service Quota,OBC-A (Non- Creamy Layer),OBC-A (Non- Creamy Layer),Fresh Allotment
436,1,31890,14,R G KAR MEDICAL COLLEGE,DIPLOMA IN ANAESTHESIOLOGY,Open Quota,UR,General,Fresh Allotment
437,1,32137,32,MEDICAL COLLEGE KOLKATA,DIPLOMA IN OPHTHALMOLOGY/DO MS,Open Quota,UR,General,Fresh Allotment
438,1,32388,94,BURDWAN MEDICAL COLLEGE,M.D. (PREVENTIVE AND SOCIAL MEDICINE)/ COMMUNITY MEDICINE,Open Quota,UR,General,Fresh Allotment
439,1,32445,7,BURDWAN MEDICAL COLLEGE,M.D. (ANAESTHESIOLOGY),Open Quota,OBC-B (Non- Creamy Layer),OBC-B (Non- Creamy Layer),Fresh Allotment
440,1,32468,17,COLLEGE OF MEDICINE AND SAGORE DUTTA HOSPITAL,M.D. (ANAESTHESIOLOGY),Open Quota,SC,SC,Fresh Allotment
441,1,32482,18,BURDWAN MEDICAL COLLEGE,M.D. (ANAESTHESIOLOGY),Open Quota,SC,SC,Fresh Allotment
442,1,32496,8,ICARE INSTITUTE OF MEDICAL SCIENCES AND RESEARCH HALDIA,M.D. (ANAESTHESIOLOGY),Private Management Quota,UR,OBC (Non-Creamy Layer),Fresh Allotment
443,1,32504,65,BANKURA SAMMILANI MEDICAL COLLEGE,M.D. (ANAESTHESIOLOGY),Open Quota,SC,SC,Fresh Allotment
444,1,32850,23,INSTITUTE OF POST GRADUATE MEDICAL EDUCATION AND RESEARCH KOLKATA,M.D. (PATHOLOGY),Open Quota,SC,SC,Fresh Allotment
445,1,33077,2,MEDICAL COLLEGE KOLKATA,M.D. (GENERAL MEDICINE),In-service Quota,UR,OBC-A (Non- Creamy Layer),Fresh Allotment
446,1,34233,5,SHRI RAMKRISHNA INSTITUTE OF MEDICAL SCIENCES & SANAKA HOSPITALS,M.S. (GENERAL SURGERY),Private Management Quota,UR,General,Fresh Allotment
447,1,34311,91,GOURI DEVI INSTITUTE OF MEDICAL SCIENCES AND HOSPITAL,M.D. (OBST. AND GYNAE)/MS (OBSTETRICS AND GYNAECOLOGY),Open Quota,SC,SC,Fresh Allotment
448,1,34315,1,M R BANGUR HOSPITAL,(NBEMS) GENERAL MEDICINE,In-service DNB Quota,UR,OBC-A (Non- Creamy Layer),Fresh Allotment
449,1,34393,9,KPC MEDICAL COLLEGE,M.S. (ORTHOPAEDICS),Open Quota,SC,SC,Fresh Allotment
450,1,34460,34,MURSHIDABAD MEDICAL COLLEGE AND HOSPITAL,M.D. (ANAESTHESIOLOGY),Open Quota,SC,SC,Fresh Allotment
451,1,34681,97,KPC MEDICAL COLLEGE,M.S. (GENERAL SURGERY),Private Management Quota,UR,General,Fresh Allotment
452,1,34771,6,R G KAR MEDICAL COLLEGE,M.D. (PAEDIATRICS),Open Quota,ST,ST,Fresh Allotment
453,1,35373,47,JAGANNATH GUPTA INSTITUTE OF MEDICAL SCIENCES AND HOSPITAL,M.S. (GENERAL SURGERY),Open Quota,SC,SC,Fresh Allotment
454,1,35424,36,GOURI DEVI INSTITUTE OF MEDICAL SCIENCES AND HOSPITAL,M.D. (OBST. AND GYNAE)/MS (OBSTETRICS AND GYNAECOLOGY),Private Management Quota,UR,General,Fresh Allotment
455,1,35454,13,MEDICAL COLLEGE KOLKATA,M.D. (PATHOLOGY),Open Quota,SC,SC,Fresh Allotment
456,1,35676,42,NORTH BENGAL MEDICAL COLLEGE AND HOSPITAL,M.D. (ANAESTHESIOLOGY),Open Quota,EWS,EWS,Fresh Allotment
457,1,35892,15,MEDICAL COLLEGE KOLKATA,DIP.IN GYNAE. AND OBST.,Open Quota,SC,SC,Fresh Allotment
458,1,35981,1,MURSHIDABAD MEDICAL COLLEGE AND HOSPITAL,M.S. (GENERAL SURGERY),Open Quota,ST,ST,Fresh Allotment
459,1,36002,8,KPC MEDICAL COLLEGE,M.S. (ORTHOPAEDICS),Private Management Quota,UR,General,Fresh Allotment
460,1,36396,7,NIL RATAN SIRCAR MEDICAL COLLEGE,M.D. (GENERAL MEDICINE),In-service Quota,UR,General,Fresh Allotment
461,1,36709,1,"IQ CITY MEDICAL COLLEGE, DURGAPUR",M.S. (GENERAL SURGERY),Private Management Quota,UR,SC,Fresh Allotment
462,1,37214,14,KPC MEDICAL COLLEGE,M.D. (ANAESTHESIOLOGY),Open Quota,OBC-A (Non- Creamy Layer),OBC-A (Non- Creamy Layer),Fresh Allotment
463,1,37249,90,BURDWAN MEDICAL COLLEGE,M.D. (PATHOLOGY),Open Quota,OBC-A (Non- Creamy Layer),OBC-A (Non- Creamy Layer),Fresh Allotment
464,1,37353,70,BURDWAN MEDICAL COLLEGE,M.D. (RADIOTHERAPY/ RADIATION ONCOLOGY),Open Quota,EWS,EWS,Fresh Allotment
465,1,37515,15,NORTH BENGAL MEDICAL COLLEGE AND HOSPITAL,M.D. (OBST. AND GYNAE)/MS (OBSTETRICS AND GYNAECOLOGY),Open Quota,ST,ST,Fresh Allotment
466,1,37640,5,COLLEGE OF MEDICINE AND SAGORE DUTTA HOSPITAL,M.D. (PREVENTIVE AND SOCIAL MEDICINE)/ COMMUNITY MEDICINE,Open Quota,UR,General,Fresh Allotment
467,1,37681,51,"IQ CITY MEDICAL COLLEGE, DURGAPUR",M.S. (GENERAL SURGERY),Private Management Quota,UR,General,Fresh Allotment
468,1,37703,1,"IQ CITY MEDICAL COLLEGE, DURGAPUR",M.S. (OPHTHALMOLOGY),Private Management Quota,UR,OBC (Non-Creamy Layer),Fresh Allotment
469,1,37705,5,SHRI RAMKRISHNA INSTITUTE OF MEDICAL SCIENCES & SANAKA HOSPITALS,M.S. (GENERAL SURGERY),Private Management Quota,UR,General,Fresh Allotment
470,1,38017,3,NIL RATAN SIRCAR MEDICAL COLLEGE,M.D. (GENERAL MEDICINE),In-service Quota,UR,OBC-A (Non- Creamy Layer),Fresh Allotment
471,1,38222,44,"IQ CITY MEDICAL COLLEGE, DURGAPUR",M.D. (PATHOLOGY),Open Quota,UR,General,Fresh Allotment
472,1,38757,33,NORTH BENGAL MEDICAL COLLEGE AND HOSPITAL,M.D. (PREVENTIVE AND SOCIAL MEDICINE)/ COMMUNITY MEDICINE,Open Quota,UR,General,Fresh Allotment
473,1,39089,2,DISTRICT HOSPITAL HOWRAH,(NBEMS) GENERAL MEDICINE,In-service DNB Quota,UR,OBC-B (Non- Creamy Layer),Fresh Allotment
474,1,39501,18,JAGANNATH GUPTA INSTITUTE OF MEDICAL SCIENCES AND HOSPITAL,M.D. (OBST. AND GYNAE)/MS (OBSTETRICS AND GYNAECOLOGY),Private Management Quota,UR,General,Fresh Allotment
475,1,39605,6,COLLEGE OF MEDICINE AND SAGORE DUTTA HOSPITAL,M.D. (PAEDIATRICS),Open Quota,ST,ST,Fresh Allotment
476,1,39683,1,INSTITUTE OF POST GRADUATE MEDICAL EDUCATION AND RESEARCH KOLKATA,M.S. (ORTHOPAEDICS),In-service Quota,UR,OBC-A (Non- Creamy Layer),Fresh Allotment
477,1,39706,5,NORTH BENGAL MEDICAL COLLEGE AND HOSPITAL,M.D. (RADIO- DIAGNOSIS),In-service Quota,SC,SC,Fresh Allotment
478,1,39875,85,KPC MEDICAL COLLEGE,M.D. (PATHOLOGY),Open Quota,UR,General,Fresh Allotment
479,1,40071,118,"SCHOOL OF TROPICAL MEDICINE, KOLKATA",M.D. (MICROBIOLOGY),Open Quota,UR,General,Fresh Allotment
480,1,40227,98,MEDICAL COLLEGE KOLKATA,M.D. IN TRANSFUSION MEDICINE/ IMMUNO- HAEMATOLOGY AND BLOOD TRANSFUSION,Open Quota,OBC-B (Non- Creamy Layer),OBC-B (Non- Creamy Layer),Fresh Allotment
481,1,40433,58,BANKURA SAMMILANI MEDICAL COLLEGE,M.D. (MICROBIOLOGY),Open Quota,UR,General,Fresh Allotment
482,1,40456,3,KPC MEDICAL COLLEGE,M.S. (GENERAL SURGERY),Private Management Quota,UR,General,Fresh Allotment
483,1,40676,13,JAGANNATH GUPTA INSTITUTE OF MEDICAL SCIENCES AND HOSPITAL,M.S. (E.N.T.),Private Management Quota,UR,General,Fresh Allotment
484,1,41043,52,MEDICAL COLLEGE KOLKATA,DIPLOMA IN ORTHOPAEDICS,Open Quota,SC,SC,Fresh Allotment
485,1,41049,9,R G KAR MEDICAL COLLEGE,M.D. (BIOCHEMISTRY),Open Quota,UR,General,Fresh Allotment
486,1,41078,2,MEDICAL COLLEGE KOLKATA,M.S. (OPHTHALMOLOGY),Open Quota,ST,ST,Fresh Allotment
487,1,42090,47,NORTH BENGAL MEDICAL COLLEGE AND HOSPITAL,M.D. (ANAESTHESIOLOGY),Open Quota,OBC-B (Non- Creamy Layer),OBC-B (Non- Creamy Layer),Fresh Allotment
488,1,42301,1,"IQ CITY MEDICAL COLLEGE, DURGAPUR",M.S. (OPHTHALMOLOGY),Private Management Quota,UR,OBC (Non-Creamy Layer),Fresh Allotment
489,1,42307,109,GOURI DEVI INSTITUTE OF MEDICAL SCIENCES AND HOSPITAL,M.D. (PATHOLOGY),Open Quota,UR,General,Fresh Allotment
490,1,42384,115,ALL INDIA INSTITUTE OF HYGIENE AND PUBLIC HEALTH,M.D. (PREVENTIVE AND SOCIAL MEDICINE)/ COMMUNITY MEDICINE,Open Quota,OBC (Non-Creamy Layer),OBC (Non-Creamy Layer),Fresh Allotment
491,1,42657,34,JAGANNATH GUPTA INSTITUTE OF MEDICAL SCIENCES AND HOSPITAL,M.D. (PAEDIATRICS),Private Management Quota,UR,General,Fresh Allotment
492,1,42679,5,SHRI RAMKRISHNA INSTITUTE OF MEDICAL SCIENCES & SANAKA HOSPITALS,M.S. (GENERAL SURGERY),Private Management Quota,UR,SC,Fresh Allotment
493,1,42718,1,GOURI DEVI INSTITUTE OF MEDICAL SCIENCES AND HOSPITAL,M.D. (PAEDIATRICS),Private Management Quota,UR,General,Fresh Allotment
494,1,42911,4,CALCUTTA NATIONAL MEDICAL COLLEGE KOLKATA,M.S. (ORTHOPAEDICS),In-service Quota,UR,General,Fresh Allotment
495,1,43868,4,BANKURA SAMMILANI MEDICAL COLLEGE,M.D. (RADIO- DIAGNOSIS),In-service Quota,OBC-A (Non- Creamy Layer),OBC-A (Non- Creamy Layer),Fresh Allotment
496,1,44252,1,R G KAR MEDICAL COLLEGE,M.S. (ORTHOPAEDICS),In-service Quota,UR,OBC-A (Non- Creamy Layer),Fresh Allotment
497,1,44282,9,CALCUTTA NATIONAL MEDICAL COLLEGE KOLKATA,M.D. (GENERAL MEDICINE),In-service Quota,UR,OBC-A (Non- Creamy Layer),Fresh Allotment
498,1,44520,100,ICARE INSTITUTE OF MEDICAL SCIENCES AND RESEARCH HALDIA,M.S. (OPHTHALMOLOGY),Open Quota,SC,SC,Fresh Allotment
499,1,44695,101,CALCUTTA NATIONAL MEDICAL COLLEGE KOLKATA,M.D. (PREVENTIVE AND SOCIAL MEDICINE)/ COMMUNITY MEDICINE,Open Quota,SC,SC,Fresh Allotment
500,1,44929,48,BURDWAN MEDICAL COLLEGE,DIPLOMA IN OPHTHALMOLOGY/DO MS,Open Quota,SC,SC,Fresh Allotment
501,1,45019,17,ALL INDIA INSTITUTE OF HYGIENE AND PUBLIC HEALTH,M.D. (PREVENTIVE AND SOCIAL MEDICINE)/ COMMUNITY MEDICINE,Open Quota,OBC (Non-Creamy Layer),OBC-A (Non- Creamy Layer),Fresh Allotment
502,1,45343,10,CALCUTTA NATIONAL MEDICAL COLLEGE KOLKATA,M.D. (GENERAL MEDICINE),In-service Quota,UR,OBC-A (Non- Creamy Layer),Fresh Allotment
503,1,45757,12,COLLEGE OF MEDICINE AND SAGORE DUTTA HOSPITAL,M.D. (MICROBIOLOGY),Open Quota,UR,General,Fresh Allotment
504,1,45812,83,NIL RATAN SIRCAR MEDICAL COLLEGE,M.D. (PATHOLOGY),Open Quota,SC,SC,Fresh Allotment
505,1,45884,1,MEDICAL COLLEGE KOLKATA,M.D. (GENERAL MEDICINE),In-service Quota,OBC-B (Non- Creamy Layer),OBC-B (Non- Creamy Layer),Fresh Allotment
506,1,45933,13,GOURI DEVI INSTITUTE OF MEDICAL SCIENCES AND HOSPITAL,M.S. (ORTHOPAEDICS),Private Management Quota,UR,SC,Fresh Allotment
507,1,45973,102,R G KAR MEDICAL COLLEGE,M.D. (PATHOLOGY),Open Quota,SC,SC,Fresh Allotment
508,1,46185,6,CALCUTTA NATIONAL MEDICAL COLLEGE KOLKATA,M.D. (GENERAL MEDICINE),In-service Quota,UR,General,Fresh Allotment
509,1,46204,45,INSTITUTE OF POST GRADUATE MEDICAL EDUCATION AND RESEARCH KOLKATA,M.D. (PATHOLOGY),Open Quota,EWS,EWS,Fresh Allotment
510,1,46206,23,JAGANNATH GUPTA INSTITUTE OF MEDICAL SCIENCES AND HOSPITAL,M.S. (ORTHOPAEDICS),Private Management Quota,UR,SC,Fresh Allotment
511,1,46298,1,MALDA MEDICAL COLLEGE AND HOSPITAL,M.D. (PAEDIATRICS),In-service Quota,UR,OBC-A (Non- Creamy Layer),Fresh Allotment
512,1,46337,6,GOURI DEVI INSTITUTE OF MEDICAL SCIENCES AND HOSPITAL,M.D. (RADIO- DIAGNOSIS),In-service Quota,UR,OBC-A (Non- Creamy Layer),Fresh Allotment
513,1,46738,10,R G KAR MEDICAL COLLEGE,M.D. (GENERAL MEDICINE),In-service Quota,UR,OBC-A (Non- Creamy Layer),Fresh Allotment
514,1,47098,45,"SCHOOL OF TROPICAL MEDICINE, KOLKATA",M.D. (PHARMACOLOGY),Open Quota,UR,General,Fresh Allotment
515,1,47402,1,MAHARAJA JITENDRA NARAYAN MEDICAL COLLEGE AND HOSPITAL,(NBEMS-DIPLOMA) RADIO-DIAGNOSIS,In-service DNB Quota,UR,OBC-A (Non- Creamy Layer),Fresh Allotment
516,1,47590,19,CALCUTTA NATIONAL MEDICAL COLLEGE KOLKATA,M.D. (PATHOLOGY),Open Quota,SC,SC,Fresh Allotment
517,1,47697,40,MIDNAPORE MEDICAL COLLEGE,M.D. (ANAESTHESIOLOGY),Open Quota,OBC-B (Non- Creamy Layer),OBC-B (Non- Creamy Layer),Fresh Allotment
518,1,47808,2,"CHITTARANJAN SEVA SADAN COLLEGE OF OBS. GYNAE AND CHILD HEALTH,KOLKATA",(NBEMS-DIPLOMA) PAEDIATRICS,In-service DNB Quota,UR,OBC-A (Non- Creamy Layer),Fresh Allotment
519,1,47881,1,MEDICAL COLLEGE KOLKATA,M.D. (GENERAL MEDICINE),In-service Quota,SC,SC,Fresh Allotment
520,1,48008,16,SHRI RAMKRISHNA INSTITUTE OF MEDICAL SCIENCES & SANAKA HOSPITALS,M.D. (OBST. AND GYNAE)/MS (OBSTETRICS AND GYNAECOLOGY),Open Quota,OBC-B (Non- Creamy Layer),OBC-B (Non- Creamy Layer),Fresh Allotment
521,1,48258,32,KPC MEDICAL COLLEGE,M.S. (GENERAL SURGERY),Private Management Quota,UR,General,Fresh Allotment
522,1,48440,4,MEDICAL COLLEGE KOLKATA,M.D. (PAEDIATRICS),In-service Quota,UR,General,Fresh Allotment
523,1,48666,89,COLLEGE OF MEDICINE AND JNM HOSPITAL KALYANI,M.D. (PHARMACOLOGY),Open Quota,UR,General,Fresh Allotment
524,1,48850,32,COLLEGE OF MEDICINE AND SAGORE DUTTA HOSPITAL,M.D. (TUBERCULOSIS AND RESPIRATORY DISEASES)/PULMONA RY MEDICINE /M.D. (RESPIRATORY MEDICINE),Open Quota,ST,ST,Fresh Allotment
525,1,48874,153,R G KAR MEDICAL COLLEGE,M.D. (PHYSIOLOGY),Open Quota,UR,General,Fresh Allotment
526,1,49188,131,MALDA MEDICAL COLLEGE AND HOSPITAL,M.D. (MICROBIOLOGY),Open Quota,UR,General,Fresh Allotment
527,1,49233,84,KPC MEDICAL COLLEGE,M.S. (GENERAL SURGERY),Private Management Quota,UR,General,Fresh Allotment
528,1,49386,61,BANKURA SAMMILANI MEDICAL COLLEGE,M.D. (PATHOLOGY),Open Quota,SC,SC,Fresh Allotment
529,1,49710,112,KPC MEDICAL COLLEGE,M.S. (E.N.T.),Private Management Quota,UR,General,Fresh Allotment
530,1,49810,56,"IQ CITY MEDICAL COLLEGE, DURGAPUR",M.S. (GENERAL SURGERY),Private Management Quota,UR,General,Fresh Allotment
531,1,49864,33,"IQ CITY MEDICAL COLLEGE, DURGAPUR",M.S. (GENERAL SURGERY),Private Management Quota,UR,General,Fresh Allotment
532,1,49935,7,R G KAR MEDICAL COLLEGE,M.D. (OBST. AND GYNAE)/MS (OBSTETRICS AND GYNAECOLOGY),In-service Quota,UR,OBC-A (Non- Creamy Layer),Fresh Allotment
533,1,50134,47,MEDICAL COLLEGE KOLKATA,DIPLOMA IN OPHTHALMOLOGY/DO MS,Open Quota,SC,SC,Fresh Allotment
534,1,50159,85,SHRI RAMKRISHNA INSTITUTE OF MEDICAL SCIENCES & SANAKA HOSPITALS,M.D. (ANAESTHESIOLOGY),Open Quota,SC,SC,Fresh Allotment
535,1,50535,84,"IQ CITY MEDICAL COLLEGE, DURGAPUR",M.D. (ANAESTHESIOLOGY),Open Quota,SC,SC,Fresh Allotment
536,1,50580,4,R G KAR MEDICAL COLLEGE,M.D. (GENERAL MEDICINE),In-service Quota,UR,General,Fresh Allotment
537,1,50749,6,INSTITUTE OF POST GRADUATE MEDICAL EDUCATION AND RESEARCH KOLKATA,M.D. (RADIOTHERAPY/ RADIATION ONCOLOGY),Open Quota,ST,ST,Fresh Allotment
538,1,50966,33,"IQ CITY MEDICAL COLLEGE, DURGAPUR",M.D. (PREVENTIVE AND SOCIAL MEDICINE)/ COMMUNITY MEDICINE,Open Quota,UR,General,Fresh Allotment
539,1,51005,4,NORTH BENGAL MEDICAL COLLEGE AND HOSPITAL,M.D. (GENERAL MEDICINE),In-service Quota,UR,General,Fresh Allotment
540,1,52327,1,INSTITUTE OF POST GRADUATE MEDICAL EDUCATION AND RESEARCH KOLKATA,M.D. (PATHOLOGY),Open Quota,OBC-B (Non- Creamy Layer),OBC-B (Non- Creamy Layer),Fresh Allotment
541,1,52506,9,INSTITUTE OF POST GRADUATE MEDICAL EDUCATION AND RESEARCH KOLKATA,M.S. (ORTHOPAEDICS),In-service Quota,UR,SC,Fresh Allotment
542,1,52909,5,JAGANNATH GUPTA INSTITUTE OF MEDICAL SCIENCES AND HOSPITAL,M.D. (PAEDIATRICS),Private Management Quota,UR,General,Fresh Allotment
543,1,52960,16,"IQ CITY MEDICAL COLLEGE, DURGAPUR",M.D. (TUBERCULOSIS AND RESPIRATORY DISEASES)/PULMONA RY MEDICINE /M.D. (RESPIRATORY MEDICINE),Private Management Quota,UR,General,Fresh Allotment
544,1,53521,26,NORTH BENGAL MEDICAL COLLEGE AND HOSPITAL,M.D. (MICROBIOLOGY),Open Quota,UR,General,Fresh Allotment
545,1,53669,6,MEDICAL COLLEGE KOLKATA,M.S. (E.N.T.),Open Quota,ST,ST,Fresh Allotment
546,1,54420,16,JAGANNATH GUPTA INSTITUTE OF MEDICAL SCIENCES AND HOSPITAL,M.D. (PAEDIATRICS),Private Management Quota,UR,General,Fresh Allotment
547,1,54794,53,GOURI DEVI INSTITUTE OF MEDICAL SCIENCES AND HOSPITAL,M.D. (TUBERCULOSIS AND RESPIRATORY DISEASES)/PULMONA RY MEDICINE /M.D. (RESPIRATORY MEDICINE),Private Management Quota,UR,General,Fresh Allotment
548,1,55153,5,INSTITUTE OF POST GRADUATE MEDICAL EDUCATION AND RESEARCH KOLKATA,M.D. (ANAESTHESIOLOGY),Open Quota,ST,ST,Fresh Allotment
549,1,55339,9,BANKURA SAMMILANI MEDICAL COLLEGE,M.S. (E.N.T.),Open Quota,ST,ST,Fresh Allotment
550,1,55389,31,BURDWAN MEDICAL COLLEGE,M.D. (PREVENTIVE AND SOCIAL MEDICINE)/ COMMUNITY MEDICINE,Open Quota,OBC-A (Non- Creamy Layer),OBC-A (Non- Creamy Layer),Fresh Allotment
551,1,55409,115,ICARE INSTITUTE OF MEDICAL SCIENCES AND RESEARCH HALDIA,M.D. (PSYCHIATRY),Open Quota,SC,SC,Fresh Allotment
552,1,55417,35,GOURI DEVI INSTITUTE OF MEDICAL SCIENCES AND HOSPITAL,M.S. (E.N.T.),Open Quota,SC,SC,Fresh Allotment
553,1,55761,126,MURSHIDABAD MEDICAL COLLEGE AND HOSPITAL,M.D. (PREVENTIVE AND SOCIAL MEDICINE)/ COMMUNITY MEDICINE,Open Quota,SC,SC,Fresh Allotment
554,1,55775,9,BURDWAN MEDICAL COLLEGE,M.D. (GENERAL MEDICINE),In-service Quota,UR,General,Fresh Allotment
555,1,56015,3,BARASAT GOVERNMENT MEDICAL COLLEGE AND HOSPITAL,(NBEMS) GENERAL MEDICINE,In-service DNB Quota,OBC-A (Non- Creamy Layer),OBC-A (Non- Creamy Layer),Fresh Allotment
556,1,56163,18,BANKURA SAMMILANI MEDICAL COLLEGE,M.D. (BIOCHEMISTRY),Open Quota,UR,General,Fresh Allotment
557,1,56316,14,SHRI RAMKRISHNA INSTITUTE OF MEDICAL SCIENCES & SANAKA HOSPITALS,M.S. (GENERAL SURGERY),Open Quota,SC,SC,Fresh Allotment
558,1,56507,13,JAGANNATH GUPTA INSTITUTE OF MEDICAL SCIENCES AND HOSPITAL,M.D. (PAEDIATRICS),Private Management Quota,UR,General,Fresh Allotment
559,1,56819,4,R G KAR MEDICAL COLLEGE,M.D. (GENERAL MEDICINE),In-service Quota,SC,SC,Fresh Allotment
560,1,56864,12,KPC MEDICAL COLLEGE,M.D. (PHARMACOLOGY),Open Quota,UR,General,Fresh Allotment
561,1,56881,33,GOURI DEVI INSTITUTE OF MEDICAL SCIENCES AND HOSPITAL,M.S. (OPHTHALMOLOGY),Private Management Quota,UR,OBC-B (Non- Creamy Layer),Fresh Allotment
562,1,57014,3,DIAMOND HARBOUR GOVERNMENT MEDICAL COLLEGE AND HOSPITAL,(NBEMS) GENERAL MEDICINE,In-service DNB Quota,SC,SC,Fresh Allotment
563,1,57220,1,INSTITUTE OF POST GRADUATE MEDICAL EDUCATION AND RESEARCH KOLKATA,M.S. (ORTHOPAEDICS),In-service Quota,OBC-A (Non- Creamy Layer),OBC-A (Non- Creamy Layer),Fresh Allotment
564,1,57222,69,ICARE INSTITUTE OF MEDICAL SCIENCES AND RESEARCH HALDIA,M.D. (ANAESTHESIOLOGY),Open Quota,OBC-A (Non- Creamy Layer),OBC-A (Non- Creamy Layer),Fresh Allotment
565,1,57499,71,BURDWAN MEDICAL COLLEGE,M.D. (PHARMACOLOGY),Open Quota,UR,General,Fresh Allotment
566,1,58050,131,JAGANNATH GUPTA INSTITUTE OF MEDICAL SCIENCES AND HOSPITAL,M.D. (ANAESTHESIOLOGY),Open Quota,SC,SC,Fresh Allotment
567,1,59497,4,GOURI DEVI INSTITUTE OF MEDICAL SCIENCES AND HOSPITAL,M.S. (GENERAL SURGERY),Private Management Quota,UR,General,Fresh Allotment
568,1,59916,47,GOURI DEVI INSTITUTE OF MEDICAL SCIENCES AND HOSPITAL,M.D. (PAEDIATRICS),Private Management Quota,UR,General,Fresh Allotment
569,1,60056,55,KPC MEDICAL COLLEGE,M.D. (ANAESTHESIOLOGY),Private Management Quota,UR,General,Fresh Allotment
570,1,60270,1,MEDICAL COLLEGE KOLKATA,M.D. (OBST. AND GYNAE)/MS (OBSTETRICS AND GYNAECOLOGY),In-service Quota,UR,General,Fresh Allotment
571,1,60319,6,CALCUTTA NATIONAL MEDICAL COLLEGE KOLKATA,M.D. (ANAESTHESIOLOGY),Open Quota,ST,ST,Fresh Allotment
572,1,60387,9,ICARE INSTITUTE OF MEDICAL SCIENCES AND RESEARCH HALDIA,M.D. (ANAESTHESIOLOGY),Open Quota,SC,SC,Fresh Allotment
573,1,60768,6,GOURI DEVI INSTITUTE OF MEDICAL SCIENCES AND HOSPITAL,M.D. (PATHOLOGY),Private Management Quota,UR,General,Fresh Allotment
574,1,61852,7,NIL RATAN SIRCAR MEDICAL COLLEGE,M.S. (ORTHOPAEDICS),In-service Quota,UR,OBC-A (Non- Creamy Layer),Fresh Allotment
575,1,61883,6,RAMKRISHNA MISSION SEVA PRASITHAN VIVEKANANDA INSTITUTE OF MEDICAL SCIENCE,M.D. (GENERAL MEDICINE),In-service Quota,UR,General,Fresh Allotment
576,1,62188,6,BURDWAN MEDICAL COLLEGE,M.D. (GENERAL MEDICINE),In-service Quota,OBC-A (Non- Creamy Layer),OBC-A (Non- Creamy Layer),Fresh Allotment
577,1,62259,1,IMAMBARA DISTRICT HOSPITAL,(NBEMS) GENERAL MEDICINE,In-service DNB Quota,OBC-A (Non- Creamy Layer),OBC-A (Non- Creamy Layer),Fresh Allotment
578,1,62441,4,CALCUTTA NATIONAL MEDICAL COLLEGE KOLKATA,M.D. (GENERAL MEDICINE),In-service Quota,SC,SC,Fresh Allotment
579,1,62895,9,BURDWAN MEDICAL COLLEGE,M.S. (ORTHOPAEDICS),In-service Quota,UR,OBC-A (Non- Creamy Layer),Fresh Allotment
580,1,63328,19,JAGANNATH GUPTA INSTITUTE OF MEDICAL SCIENCES AND HOSPITAL,M.D. (GENERAL MEDICINE),Open Quota,OBC-B (Non- Creamy Layer),OBC-B (Non- Creamy Layer),Fresh Allotment
581,1,63489,26,CALCUTTA NATIONAL MEDICAL COLLEGE KOLKATA,M.S. (OPHTHALMOLOGY),Open Quota,ST,ST,Fresh Allotment
582,1,64103,80,MEDICAL COLLEGE KOLKATA,M.D. (PATHOLOGY),Open Quota,OBC-B (Non- Creamy Layer),OBC-B (Non- Creamy Layer),Fresh Allotment
583,1,64141,42,JAGANNATH GUPTA INSTITUTE OF MEDICAL SCIENCES AND HOSPITAL,M.S. (GENERAL SURGERY),Private Management Quota,UR,General,Fresh Allotment
584,1,64873,29,NIL RATAN SIRCAR MEDICAL COLLEGE,M.D. (PHYSICAL MED. AND REHABILITATION),Open Quota,OBC-B (Non- Creamy Layer),OBC-B (Non- Creamy Layer),Fresh Allotment
585,1,65044,10,RAMKRISHNA MISSION SEVA PRASITHAN VIVEKANANDA INSTITUTE OF MEDICAL SCIENCE,M.D. (GENERAL MEDICINE),In-service Quota,UR,OBC (Non-Creamy Layer),Fresh Allotment
586,1,65075,113,MEDICAL COLLEGE KOLKATA,DIP.IN GYNAE. AND OBST.,Open Quota,EWS,EWS,Fresh Allotment
587,1,65198,8,GOURI DEVI INSTITUTE OF MEDICAL SCIENCES AND HOSPITAL,"M.D. (DERM.,VENE. AND LEPROSY)/ (DERMATOLOGY)/ (SKIN AND VENEREAL DISEASES)/ (VENEREOLOGY)",Open Quota,ST,ST,Fresh Allotment
588,1,65230,6,NORTH BENGAL MEDICAL COLLEGE AND HOSPITAL,M.D. (GENERAL MEDICINE),In-service Quota,UR,OBC-A (Non- Creamy Layer),Fresh Allotment
589,1,65661,103,KPC MEDICAL COLLEGE,M.D. (PATHOLOGY),Open Quota,OBC-A (Non- Creamy Layer),OBC-A (Non- Creamy Layer),Fresh Allotment
590,1,66035,15,"IQ CITY MEDICAL COLLEGE, DURGAPUR",M.S. (GENERAL SURGERY),Private Management Quota,UR,General,Fresh Allotment
591,1,66219,11,INSTITUTE OF POST GRADUATE MEDICAL EDUCATION AND RESEARCH KOLKATA,M.D. (PAEDIATRICS),In-service Quota,UR,OBC-A (Non- Creamy Layer),Fresh Allotment
592,1,66495,29,JAGANNATH GUPTA INSTITUTE OF MEDICAL SCIENCES AND HOSPITAL,M.D. (PAEDIATRICS),Open Quota,OBC-B (Non- Creamy Layer),OBC-B (Non- Creamy Layer),Fresh Allotment
593,1,66652,1,KPC MEDICAL COLLEGE,M.D. (GENERAL MEDICINE),NRI Quota,UR,General,Fresh Allotment
594,1,66820,8,MEDICAL COLLEGE KOLKATA,M.S. (ORTHOPAEDICS),In-service Quota,SC,SC,Fresh Allotment
595,1,66967,4,TAMRALIPTO GOVERNMENT MEDICAL COLLEGE,(NBEMS) GENERAL MEDICINE,In-service DNB Quota,UR,SC,Fresh Allotment
596,1,67004,4,INSTITUTE OF POST GRADUATE MEDICAL EDUCATION AND RESEARCH KOLKATA,M.D. (PATHOLOGY),In-service Quota,UR,General,Fresh Allotment
597,1,67261,11,MIDNAPORE MEDICAL COLLEGE,M.D. (GENERAL MEDICINE),In-service Quota,UR,OBC-A (Non- Creamy Layer),Fresh Allotment
598,1,67809,36,ICARE INSTITUTE OF MEDICAL SCIENCES AND RESEARCH HALDIA,M.D. (PATHOLOGY),Open Quota,SC,SC,Fresh Allotment
599,1,67912,2,DIAMOND HARBOUR GOVERNMENT MEDICAL COLLEGE AND HOSPITAL,(NBEMS) PAEDIATRICS,In-service DNB Quota,UR,SC,Fresh Allotment
600,1,68130,4,INSTITUTE OF CHILD HEALTH,M.D. (PAEDIATRICS),In-service Quota,UR,General,Fresh Allotment
601,1,68174,132,NIL RATAN SIRCAR MEDICAL COLLEGE,M.D. (FORENSIC MEDICINE),Open Quota,SC,SC,Fresh Allotment
602,1,68863,1,INSTITUTE OF POST GRADUATE MEDICAL EDUCATION AND RESEARCH KOLKATA,M.S. (GENERAL SURGERY),In-service Quota,UR,SC,Fresh Allotment
603,1,68906,12,BANKURA SAMMILANI MEDICAL COLLEGE,M.D. (GENERAL MEDICINE),In-service Quota,UR,General,Fresh Allotment
604,1,69001,12,MEDICAL COLLEGE KOLKATA,M.D. (MICROBIOLOGY),Open Quota,SC,SC,Fresh Allotment
605,1,69109,5,BURDWAN MEDICAL COLLEGE,M.S. (ORTHOPAEDICS),In-service Quota,UR,General,Fresh Allotment
606,1,69220,103,GOURI DEVI INSTITUTE OF MEDICAL SCIENCES AND HOSPITAL,M.D. (ANAESTHESIOLOGY),Private Management Quota,UR,General,Fresh Allotment
607,1,70336,1,KPC MEDICAL COLLEGE,M.D. (RADIO- DIAGNOSIS),NRI Quota,UR,General,Fresh Allotment
608,1,70464,9,BANKURA SAMMILANI MEDICAL COLLEGE,"M.D. (DERM.,VENE. AND LEPROSY)/ (DERMATOLOGY)/ (SKIN AND VENEREAL DISEASES)/ (VENEREOLOGY)",In-service Quota,SC,SC,Fresh Allotment
609,1,70716,11,NIL RATAN SIRCAR MEDICAL COLLEGE,M.D. (BIOCHEMISTRY),Open Quota,SC,SC,Fresh Allotment
610,1,71168,17,JAGANNATH GUPTA INSTITUTE OF MEDICAL SCIENCES AND HOSPITAL,M.S. (GENERAL SURGERY),Private Management Quota,UR,SC,Fresh Allotment
611,1,71263,2,INSTITUTE OF POST GRADUATE MEDICAL EDUCATION AND RESEARCH KOLKATA,M.D. (TUBERCULOSIS AND RESPIRATORY DISEASES)/PULMONA RY MEDICINE /M.D. (RESPIRATORY MEDICINE),In-service Quota,UR,General,Fresh Allotment
612,1,71409,62,MEDICAL COLLEGE KOLKATA,M.D. (PHARMACOLOGY),Open Quota,SC,SC,Fresh Allotment
613,1,71560,7,INSTITUTE OF CHILD HEALTH,M.D. (PAEDIATRICS),In-service Quota,UR,General,Fresh Allotment
614,1,71662,12,"IQ CITY MEDICAL COLLEGE, DURGAPUR",M.D. (PSYCHIATRY),Private Management Quota,UR,General,Fresh Allotment
615,1,71671,1,NORTH BENGAL MEDICAL COLLEGE AND HOSPITAL,M.D. (OBST. AND GYNAE)/MS (OBSTETRICS AND GYNAECOLOGY),In-service Quota,UR,General,Fresh Allotment
616,1,71840,17,R G KAR MEDICAL COLLEGE,M.D. (TUBERCULOSIS AND RESPIRATORY DISEASES)/PULMONA RY MEDICINE /M.D. (RESPIRATORY MEDICINE),In-service Quota,UR,General,Fresh Allotment
617,1,72159,8,MEDICAL COLLEGE KOLKATA,M.D. (PAEDIATRICS),In-service Quota,SC,SC,Fresh Allotment
618,1,72463,25,"IQ CITY MEDICAL COLLEGE, DURGAPUR",M.D. (PATHOLOGY),Private Management Quota,UR,OBC-B (Non- Creamy Layer),Fresh Allotment
619,1,72760,93,CALCUTTA NATIONAL MEDICAL COLLEGE KOLKATA,M.D. (PHARMACOLOGY),Open Quota,SC,SC,Fresh Allotment
620,1,73467,1,INSTITUTE OF POST GRADUATE MEDICAL EDUCATION AND RESEARCH KOLKATA,M.D. (RADIO- DIAGNOSIS),In-service Quota,OBC-B (Non- Creamy Layer),OBC-B (Non- Creamy Layer),Fresh Allotment
621,1,73806,2,BURDWAN MEDICAL COLLEGE,M.D. (TUBERCULOSIS AND RESPIRATORY DISEASES)/PULMONA RY MEDICINE /M.D. (RESPIRATORY MEDICINE),In-service Quota,UR,General,Fresh Allotment
622,1,73807,20,RAMKRISHNA MISSION SEVA PRASITHAN VIVEKANANDA INSTITUTE OF MEDICAL SCIENCE,M.S. (ORTHOPAEDICS),In-service Quota,UR,General,Fresh Allotment
623,1,73913,14,MEDICAL COLLEGE KOLKATA,M.D. (TUBERCULOSIS AND RESPIRATORY DISEASES)/PULMONA RY MEDICINE /M.D. (RESPIRATORY MEDICINE),In-service Quota,UR,General,Fresh Allotment
624,1,73977,14,KPC MEDICAL COLLEGE,M.D. (ANAESTHESIOLOGY),Private Management Quota,UR,General,Fresh Allotment
625,1,74121,7,ESI PGIMSR AND ESIC MEDICAL COLLEGE JOKA KOLKATA,M.S. (ORTHOPAEDICS),In-service Quota,UR,General,Fresh Allotment
626,1,74209,1,ALL INDIA INSTITUTE OF HYGIENE AND PUBLIC HEALTH,M.D. (PREVENTIVE AND SOCIAL MEDICINE)/ COMMUNITY MEDICINE,In-service Quota,UR,General,Fresh Allotment
627,1,74545,19,KPC MEDICAL COLLEGE,M.S. (E.N.T.),Private Management Quota,UR,General,Fresh Allotment
628,1,74860,30,ALL INDIA INSTITUTE OF HYGIENE AND PUBLIC HEALTH,M.D. (PREVENTIVE AND SOCIAL MEDICINE)/ COMMUNITY MEDICINE,Open Quota,ST,ST,Fresh Allotment
629,1,75060,43,BURDWAN MEDICAL COLLEGE,M.D. (PHYSIOLOGY),Open Quota,UR,General,Fresh Allotment
630,1,75206,9,"IQ CITY MEDICAL COLLEGE, DURGAPUR",M.D. (ANAESTHESIOLOGY),Private Management Quota,UR,SC,Fresh Allotment
631,1,75960,49,NIL RATAN SIRCAR MEDICAL COLLEGE,M.D. (ANAESTHESIOLOGY),Open Quota,ST,ST,Fresh Allotment
632,1,76399,13,NORTH BENGAL MEDICAL COLLEGE AND HOSPITAL,M.D. (GENERAL MEDICINE),In-service Quota,SC,SC,Fresh Allotment
633,1,77161,10,NIL RATAN SIRCAR MEDICAL COLLEGE,M.S. (GENERAL SURGERY),In-service Quota,UR,General,Fresh Allotment
634,1,77353,58,ALL INDIA INSTITUTE OF HYGIENE AND PUBLIC HEALTH,M.P.H. (EPIDEMIOLOGY),Open Quota,SC,SC,Fresh Allotment
635,1,77459,6,JAGANNATH GUPTA INSTITUTE OF MEDICAL SCIENCES AND HOSPITAL,M.S. (GENERAL SURGERY),Private Management Quota,UR,General,Fresh Allotment
636,1,77643,103,NORTH BENGAL MEDICAL COLLEGE AND HOSPITAL,M.D. (FORENSIC MEDICINE),Open Quota,UR,SC,Fresh Allotment
637,1,77657,11,JAGANNATH GUPTA INSTITUTE OF MEDICAL SCIENCES AND HOSPITAL,M.S. (GENERAL SURGERY),Private Management Quota,UR,General,Fresh Allotment
638,1,78138,1,INSTITUTE OF POST GRADUATE MEDICAL EDUCATION AND RESEARCH KOLKATA,M.S. (GENERAL SURGERY),In-service Quota,UR,General,Fresh Allotment
639,1,78340,64,"IQ CITY MEDICAL COLLEGE, DURGAPUR",M.S. (OPHTHALMOLOGY),Open Quota,OBC-A (Non- Creamy Layer),OBC-A (Non- Creamy Layer),Fresh Allotment
640,1,78621,6,MEDICAL COLLEGE KOLKATA,M.D. (PAEDIATRICS),In-service Quota,OBC-A (Non- Creamy Layer),OBC-A (Non- Creamy Layer),Fresh Allotment
641,1,78705,14,NORTH BENGAL MEDICAL COLLEGE AND HOSPITAL,M.D. (GENERAL MEDICINE),In-service Quota,OBC-A (Non- Creamy Layer),OBC-A (Non- Creamy Layer),Fresh Allotment
642,1,78810,5,GOURI DEVI INSTITUTE OF MEDICAL SCIENCES AND HOSPITAL,M.S. (ORTHOPAEDICS),Private Management Quota,UR,General,Fresh Allotment
643,1,79832,50,GOURI DEVI INSTITUTE OF MEDICAL SCIENCES AND HOSPITAL,M.S. (E.N.T.),Private Management Quota,UR,General,Fresh Allotment
644,1,80342,10,R G KAR MEDICAL COLLEGE,M.D. (PAEDIATRICS),In-service Quota,UR,OBC-A (Non- Creamy Layer),Fresh Allotment
645,1,80637,2,NORTH BENGAL MEDICAL COLLEGE AND HOSPITAL,M.D. (PHYSIOLOGY),In-service Quota,UR,General,Fresh Allotment
646,1,81401,1,INSTITUTE OF POST GRADUATE MEDICAL EDUCATION AND RESEARCH KOLKATA,M.D. (ANAESTHESIOLOGY),In-service Quota,UR,SC,Fresh Allotment
647,1,82043,115,JAGANNATH GUPTA INSTITUTE OF MEDICAL SCIENCES AND HOSPITAL,M.D. (ANAESTHESIOLOGY),Private Management Quota,UR,OBC-A (Non- Creamy Layer),Fresh Allotment
648,1,82202,9,DR. B C ROY POST GRADUATE INSTITUTE OF PAEDIATRIC SCIENCES,M.D. (PAEDIATRICS),In-service Quota,UR,SC,Fresh Allotment
649,1,82723,26,R G KAR MEDICAL COLLEGE,M.D. (OBST. AND GYNAE)/MS (OBSTETRICS AND GYNAECOLOGY),In-service Quota,UR,General,Fresh Allotment
650,1,82855,1,GOURI DEVI INSTITUTE OF MEDICAL SCIENCES AND HOSPITAL,M.S. (GENERAL SURGERY),Private Management Quota,UR,General,Fresh Allotment
651,1,83208,6,"IQ CITY MEDICAL COLLEGE, DURGAPUR",M.S. (E.N.T.),Private Management Quota,UR,General,Fresh Allotment
652,1,83765,19,NIL RATAN SIRCAR MEDICAL COLLEGE,M.D. (PAEDIATRICS),In-service Quota,UR,General,Fresh Allotment
653,1,83810,2,INSTITUTE OF POST GRADUATE MEDICAL EDUCATION AND RESEARCH KOLKATA,M.D. (PSYCHIATRY),In-service Quota,UR,General,Fresh Allotment
654,1,84024,2,R G KAR MEDICAL COLLEGE,M.S. (GENERAL SURGERY),In-service Quota,UR,General,Fresh Allotment
655,1,84925,1,M R BANGUR HOSPITAL,(NBEMS) GENERAL SURGERY,In-service DNB Quota,UR,SC,Fresh Allotment
656,1,84991,23,MEDICAL COLLEGE KOLKATA,M.S. (GENERAL SURGERY),In-service Quota,UR,OBC-A (Non- Creamy Layer),Fresh Allotment
657,1,84997,3,CALCUTTA NATIONAL MEDICAL COLLEGE KOLKATA,M.D. (PSYCHIATRY),In-service Quota,UR,General,Fresh Allotment
658,1,85222,12,CALCUTTA NATIONAL MEDICAL COLLEGE KOLKATA,M.S. (ORTHOPAEDICS),In-service Quota,SC,SC,Fresh Allotment
659,1,85521,2,DR. B C ROY POST GRADUATE INSTITUTE OF PAEDIATRIC SCIENCES,M.D. (PAEDIATRICS),In-service Quota,OBC-A (Non- Creamy Layer),OBC-A (Non- Creamy Layer),Fresh Allotment
660,1,85522,4,INSTITUTE OF POST GRADUATE MEDICAL EDUCATION AND RESEARCH KOLKATA,"M.D. (DERM.,VENE. AND LEPROSY)/ (DERMATOLOGY)/ (SKIN AND VENEREAL DISEASES)/ (VENEREOLOGY)",In-service Quota,OBC-B (Non- Creamy Layer),OBC-B (Non- Creamy Layer),Fresh Allotment
661,1,86013,7,RAMKRISHNA MISSION SEVA PRASITHAN VIVEKANANDA INSTITUTE OF MEDICAL SCIENCE,M.S. (GENERAL SURGERY),Open Quota,ST,ST,Fresh Allotment
662,1,86143,131,"IQ CITY MEDICAL COLLEGE, DURGAPUR",M.D. (ANAESTHESIOLOGY),Private Management Quota,UR,General,Fresh Allotment
663,1,86268,9,KPC MEDICAL COLLEGE,M.D. (GENERAL MEDICINE),In-service Quota,UR,OBC-B (Non- Creamy Layer),Fresh Allotment
664,1,86315,13,NIL RATAN SIRCAR MEDICAL COLLEGE,M.D. (PAEDIATRICS),In-service Quota,UR,General,Fresh Allotment
665,1,86553,1,R G KAR MEDICAL COLLEGE,M.D. (OBST. AND GYNAE)/MS (OBSTETRICS AND GYNAECOLOGY),In-service Quota,OBC-A (Non- Creamy Layer),OBC-A (Non- Creamy Layer),Fresh Allotment
666,1,87936,19,RAIGANJ GOVERNMENT MEDICAL COLLEGE AND HOSPITAL,(NBEMS) GENERAL MEDICINE,In-service DNB Quota,UR,General,Fresh Allotment
667,1,88100,6,RAMKRISHNA MISSION SEVA PRASITHAN VIVEKANANDA INSTITUTE OF MEDICAL SCIENCE,M.D. (PAEDIATRICS),In-service Quota,UR,OBC-A (Non- Creamy Layer),Fresh Allotment
668,1,88125,11,INSTITUTE OF POST GRADUATE MEDICAL EDUCATION AND RESEARCH KOLKATA,M.D. (BIOCHEMISTRY),Open Quota,SC,SC,Fresh Allotment
669,1,88133,13,CALCUTTA NATIONAL MEDICAL COLLEGE KOLKATA,M.D. (TUBERCULOSIS AND RESPIRATORY DISEASES)/PULMONA RY MEDICINE /M.D. (RESPIRATORY MEDICINE),In-service Quota,SC,SC,Fresh Allotment
670,1,88474,4,MEDICAL COLLEGE KOLKATA,M.D. (PATHOLOGY),In-service Quota,UR,General,Fresh Allotment
671,1,88937,20,DR. B C ROY POST GRADUATE INSTITUTE OF PAEDIATRIC SCIENCES,M.D. (PAEDIATRICS),In-service Quota,SC,SC,Fresh Allotment
672,1,88954,11,ESI PGIMSR AND ESIC MEDICAL COLLEGE JOKA KOLKATA,M.D. (GENERAL MEDICINE),In-service Quota,OBC (Non-Creamy Layer),OBC-B (Non- Creamy Layer),Fresh Allotment
673,1,88986,6,CALCUTTA NATIONAL MEDICAL COLLEGE KOLKATA,M.S. (OPHTHALMOLOGY),In-service Quota,UR,OBC-A (Non- Creamy Layer),Fresh Allotment
674,1,88995,23,"SCHOOL OF TROPICAL MEDICINE, KOLKATA",M.D. (TROPICAL MEDICINE),In-service Quota,UR,SC,Fresh Allotment
675,1,89103,18,CALCUTTA NATIONAL MEDICAL COLLEGE KOLKATA,M.D. (PAEDIATRICS),In-service Quota,UR,SC,Fresh Allotment
676,1,89808,124,BANKURA SAMMILANI MEDICAL COLLEGE,M.D. (PHYSIOLOGY),Open Quota,SC,SC,Fresh Allotment
677,1,89943,2,INFECTIOUS DISEASES AND BELIAGHATA GENERAL HOSPITAL,(NBEMS) GENERAL MEDICINE,In-service DNB Quota,SC,SC,Fresh Allotment
678,1,90376,27,INSTITUTE OF CHILD HEALTH,M.D. (PAEDIATRICS),In-service Quota,SC,SC,Fresh Allotment
679,1,90497,19,COLLEGE OF MEDICINE AND SAGORE DUTTA HOSPITAL,M.D. (PAEDIATRICS),In-service Quota,UR,General,Fresh Allotment
680,1,90565,81,NIL RATAN SIRCAR MEDICAL COLLEGE,M.D. (PREVENTIVE AND SOCIAL MEDICINE)/ COMMUNITY MEDICINE,Open Quota,EWS,EWS,Fresh Allotment
681,1,90575,1,MEDICAL COLLEGE KOLKATA,(NBEMS) CARDIO VASCULAR AND THORACIC SURGERY (DIRECT 6 YEARS COURSE),In-service DNB Quota,UR,General,Fresh Allotment
682,1,90794,3,DISTRICT HOSPITAL NADIA,(NBEMS) GENERAL MEDICINE,In-service DNB Quota,UR,OBC-B (Non- Creamy Layer),Fresh Allotment
683,1,90908,1,MEDICAL COLLEGE KOLKATA,M.D. (OBST. AND GYNAE)/MS (OBSTETRICS AND GYNAECOLOGY),In-service Quota,UR,General,Fresh Allotment
684,1,91063,79,JAGANNATH GUPTA INSTITUTE OF MEDICAL SCIENCES AND HOSPITAL,M.D. (ANAESTHESIOLOGY),Private Management Quota,UR,General,Fresh Allotment
685,1,91751,1,MEDICAL COLLEGE KOLKATA,M.S. (OPHTHALMOLOGY),In-service Quota,UR,General,Fresh Allotment
686,1,91981,10,INSTITUTE OF POST GRADUATE MEDICAL EDUCATION AND RESEARCH KOLKATA,M.D. (OBST. AND GYNAE)/MS (OBSTETRICS AND GYNAECOLOGY),In-service Quota,UR,SC,Fresh Allotment
687,1,92207,99,"IQ CITY MEDICAL COLLEGE, DURGAPUR",M.D. (PREVENTIVE AND SOCIAL MEDICINE)/ COMMUNITY MEDICINE,Open Quota,SC,SC,Fresh Allotment
688,1,92304,17,CALCUTTA NATIONAL MEDICAL COLLEGE KOLKATA,M.D. (PAEDIATRICS),In-service Quota,UR,SC,Fresh Allotment
689,1,92383,4,MAHARAJA JITENDRA NARAYAN MEDICAL COLLEGE AND HOSPITAL,(NBEMS) GENERAL MEDICINE,In-service DNB Quota,UR,General,Fresh Allotment
690,1,92780,15,INSTITUTE OF POST GRADUATE MEDICAL EDUCATION AND RESEARCH KOLKATA,M.D. (EMERGENCY AND CRITICAL CARE)/M.D. (EMERGENCY MEDICINE),In-service Quota,SC,SC,Fresh Allotment
691,1,93229,99,BURDWAN MEDICAL COLLEGE,M.D. (MICROBIOLOGY),Open Quota,SC,SC,Fresh Allotment
692,1,93469,1,BANKURA SAMMILANI MEDICAL COLLEGE,M.D. (OBST. AND GYNAE)/MS (OBSTETRICS AND GYNAECOLOGY),In-service Quota,UR,SC,Fresh Allotment
693,1,93545,13,ICARE INSTITUTE OF MEDICAL SCIENCES AND RESEARCH HALDIA,M.S. (ORTHOPAEDICS),Open Quota,ST,ST,Fresh Allotment
694,1,93733,8,M R BANGUR HOSPITAL,(NBEMS) ORTHOPAEDICS,In-service DNB Quota,UR,General,Fresh Allotment
695,1,93770,13,MALDA MEDICAL COLLEGE AND HOSPITAL,M.D. (OBST. AND GYNAE)/MS (OBSTETRICS AND GYNAECOLOGY),In-service Quota,UR,OBC-A (Non- Creamy Layer),Fresh Allotment
696,1,94196,163,BURDWAN MEDICAL COLLEGE,M.D. (BIOCHEMISTRY),Open Quota,SC,SC,Fresh Allotment
697,1,94306,1,KPC MEDICAL COLLEGE,"M.D. (DERM.,VENE. AND LEPROSY)/ (DERMATOLOGY)/ (SKIN AND VENEREAL DISEASES)/ (VENEREOLOGY)",NRI Quota,UR,General,Fresh Allotment
698,1,94347,25,BURDWAN MEDICAL COLLEGE,M.D. (PAEDIATRICS),In-service Quota,UR,SC,Fresh Allotment
699,1,94498,22,NIL RATAN SIRCAR MEDICAL COLLEGE,M.D. (OBST. AND GYNAE)/MS (OBSTETRICS AND GYNAECOLOGY),In-service Quota,UR,General,Fresh Allotment
700,1,94512,19,R G KAR MEDICAL COLLEGE,M.D. (PSYCHIATRY),In-service Quota,UR,General,Fresh Allotment
701,1,94656,161,ICARE INSTITUTE OF MEDICAL SCIENCES AND RESEARCH HALDIA,M.D. (MICROBIOLOGY),Open Quota,UR,General,Fresh Allotment
702,1,94668,61,NORTH BENGAL MEDICAL COLLEGE AND HOSPITAL,M.D. (PHYSIOLOGY),Open Quota,UR,General,Fresh Allotment
703,1,95186,109,BANKURA SAMMILANI MEDICAL COLLEGE,M.D. (PREVENTIVE AND SOCIAL MEDICINE)/ COMMUNITY MEDICINE,Open Quota,ST,ST,Fresh Allotment
704,1,95211,8,R G KAR MEDICAL COLLEGE,M.D. (ANAESTHESIOLOGY),In-service Quota,UR,General,Fresh Allotment
705,1,95355,19,R G KAR MEDICAL COLLEGE,M.D. (PAEDIATRICS),In-service Quota,OBC-A (Non- Creamy Layer),OBC-A (Non- Creamy Layer),Fresh Allotment
706,1,95605,38,CALCUTTA NATIONAL MEDICAL COLLEGE KOLKATA,M.D. (OBST. AND GYNAE)/MS (OBSTETRICS AND GYNAECOLOGY),In-service Quota,UR,OBC-A (Non- Creamy Layer),Fresh Allotment
707,1,95756,6,ASANSOL DISTRICT HOSPITAL,(NBEMS) GENERAL MEDICINE,In-service DNB Quota,UR,General,Fresh Allotment
708,1,95803,37,NIL RATAN SIRCAR MEDICAL COLLEGE,M.S. (E.N.T.),In-service Quota,UR,General,Fresh Allotment
709,1,95826,29,KPC MEDICAL COLLEGE,M.D. (GENERAL MEDICINE),In-service Quota,SC,SC,Fresh Allotment
710,1,95861,36,MEDICAL COLLEGE KOLKATA,M.S. (OPHTHALMOLOGY),In-service Quota,UR,OBC-A (Non- Creamy Layer),Fresh Allotment
711,1,95968,9,INSTITUTE OF POST GRADUATE MEDICAL EDUCATION AND RESEARCH KOLKATA,M.D. (PHYSICAL MED. AND REHABILITATION),In-service Quota,UR,General,Fresh Allotment
712,1,96479,1,IMAMBARA DISTRICT HOSPITAL,(NBEMS) OBSTETRICS AND GYNAECOLOGY,In-service DNB Quota,UR,SC,Fresh Allotment
713,1,96712,9,CALCUTTA NATIONAL MEDICAL COLLEGE KOLKATA,M.D. (OBST. AND GYNAE)/MS (OBSTETRICS AND GYNAECOLOGY),In-service Quota,OBC-A (Non- Creamy Layer),OBC-A (Non- Creamy Layer),Fresh Allotment
714,1,96971,3,DIAMOND HARBOUR GOVERNMENT MEDICAL COLLEGE AND HOSPITAL,(NBEMS) OBSTETRICS AND GYNAECOLOGY,In-service DNB Quota,UR,General,Fresh Allotment
715,1,97042,9,NIL RATAN SIRCAR MEDICAL COLLEGE,M.D. (PHYSICAL MED. AND REHABILITATION),In-service Quota,UR,ST,Fresh Allotment
716,1,97238,23,"IQ CITY MEDICAL COLLEGE, DURGAPUR",M.D. (PHARMACOLOGY),Open Quota,UR,General,Fresh Allotment
717,1,97401,1,INSTITUTE OF POST GRADUATE MEDICAL EDUCATION AND RESEARCH KOLKATA,M.D. (PATHOLOGY),Open Quota,ST,ST,Fresh Allotment
718,1,97541,14,BURDWAN MEDICAL COLLEGE,M.D. (PAEDIATRICS),In-service Quota,SC,SC,Fresh Allotment
719,1,98156,34,ICARE INSTITUTE OF MEDICAL SCIENCES AND RESEARCH HALDIA,M.D. (PATHOLOGY),Private Management Quota,UR,OBC (Non-Creamy Layer),Fresh Allotment
720,1,98267,27,MIDNAPORE MEDICAL COLLEGE,M.S. (GENERAL SURGERY),In-service Quota,UR,General,Fresh Allotment
721,1,98328,36,BANKURA SAMMILANI MEDICAL COLLEGE,M.D. (PAEDIATRICS),In-service Quota,SC,SC,Fresh Allotment
722,1,98606,2,R G KAR MEDICAL COLLEGE,M.D. (OBST. AND GYNAE)/MS (OBSTETRICS AND GYNAECOLOGY),Open Quota,UR PwD,General PwD,Fresh Allotment
723,1,98644,17,CALCUTTA NATIONAL MEDICAL COLLEGE KOLKATA,M.S. (GENERAL SURGERY),In-service Quota,UR,OBC-A (Non- Creamy Layer),Fresh Allotment
724,1,99037,3,DR. B C ROY POST GRADUATE INSTITUTE OF PAEDIATRIC SCIENCES,(NBEMS) PAEDIATRIC SURGERY (DIRECT 6 YEARS COURSE),In-service DNB Quota,UR,SC,Fresh Allotment
725,1,99079,39,"CHITTARANJAN SEVA SADAN COLLEGE OF OBS. GYNAE AND CHILD HEALTH,KOLKATA",M.D. (OBST. AND GYNAE)/MS (OBSTETRICS AND GYNAECOLOGY),In-service Quota,UR,General,Fresh Allotment
726,1,99097,43,BURDWAN MEDICAL COLLEGE,M.D. (OBST. AND GYNAE)/MS (OBSTETRICS AND GYNAECOLOGY),In-service Quota,UR,General,Fresh Allotment
727,1,99424,149,CALCUTTA NATIONAL MEDICAL COLLEGE KOLKATA,MD/MS (ANATOMY),Open Quota,UR,General,Fresh Allotment
728,1,99600,42,"CHITTARANJAN SEVA SADAN COLLEGE OF OBS. GYNAE AND CHILD HEALTH,KOLKATA",M.D. (OBST. AND GYNAE)/MS (OBSTETRICS AND GYNAECOLOGY),In-service Quota,UR,General,Fresh Allotment
729,1,99788,113,ICARE INSTITUTE OF MEDICAL SCIENCES AND RESEARCH HALDIA,M.D. (BIOCHEMISTRY),Open Quota,UR,General,Fresh Allotment
730,1,99813,1,GOURI DEVI INSTITUTE OF MEDICAL SCIENCES AND HOSPITAL,MD/MS (ANATOMY),Open Quota,UR,General,Fresh Allotment
731,1,100117,7,R G KAR MEDICAL COLLEGE,M.S. (OPHTHALMOLOGY),In-service Quota,UR,OBC-A (Non- Creamy Layer),Fresh Allotment
732,1,100709,35,BANKURA SAMMILANI MEDICAL COLLEGE,M.D. (OBST. AND GYNAE)/MS (OBSTETRICS AND GYNAECOLOGY),In-service Quota,UR,OBC-A (Non- Creamy Layer),Fresh Allotment
733,1,100710,23,R G KAR MEDICAL COLLEGE,M.S. (GENERAL SURGERY),In-service Quota,UR,OBC-A (Non- Creamy Layer),Fresh Allotment
734,1,101059,19,BURDWAN MEDICAL COLLEGE,M.D. (PAEDIATRICS),In-service Quota,OBC-B (Non- Creamy Layer),OBC-B (Non- Creamy Layer),Fresh Allotment
735,1,101091,30,INSTITUTE OF POST GRADUATE MEDICAL EDUCATION AND RESEARCH KOLKATA,M.D. (PATHOLOGY),In-service Quota,UR,General,Fresh Allotment
736,1,101380,32,INSTITUTE OF POST GRADUATE MEDICAL EDUCATION AND RESEARCH KOLKATA,M.D. (RADIOTHERAPY/ RADIATION ONCOLOGY),In-service Quota,UR,General,Fresh Allotment
737,1,101496,16,"SCHOOL OF TROPICAL MEDICINE, KOLKATA",DIPLOMA IN CLINICAL PATHOLOGY,Open Quota,SC,SC,Fresh Allotment
738,1,101647,25,INSTITUTE OF POST GRADUATE MEDICAL EDUCATION AND RESEARCH KOLKATA,M.D. (PSYCHIATRY),In-service Quota,SC,SC,Fresh Allotment
739,1,101843,28,JAGANNATH GUPTA INSTITUTE OF MEDICAL SCIENCES AND HOSPITAL,M.D. (PAEDIATRICS),In-service Quota,UR,General,Fresh Allotment
740,1,102518,26,MIDNAPORE MEDICAL COLLEGE,M.D. (OBST. AND GYNAE)/MS (OBSTETRICS AND GYNAECOLOGY),In-service Quota,UR,OBC-B (Non- Creamy Layer),Fresh Allotment
741,1,102630,8,BURDWAN MEDICAL COLLEGE,M.S. (GENERAL SURGERY),In-service Quota,UR,General,Fresh Allotment
742,1,102641,11,DISTRICT HOSPITAL NADIA,(NBEMS) OBSTETRICS AND GYNAECOLOGY,In-service DNB Quota,UR,General,Fresh Allotment
743,1,103108,6,MEDICAL COLLEGE KOLKATA,MD/MS (ANATOMY),Open Quota,UR,General,Fresh Allotment
744,1,103243,130,COLLEGE OF MEDICINE AND SAGORE DUTTA HOSPITAL,M.D. (BIOCHEMISTRY),Open Quota,OBC-A (Non- Creamy Layer),OBC-A (Non- Creamy Layer),Fresh Allotment
745,1,103714,12,NORTH BENGAL MEDICAL COLLEGE AND HOSPITAL,M.D. (OBST. AND GYNAE)/MS (OBSTETRICS AND GYNAECOLOGY),In-service Quota,UR,General,Fresh Allotment
746,1,103796,21,MURSHIDABAD MEDICAL COLLEGE AND HOSPITAL,M.S. (GENERAL SURGERY),In-service Quota,OBC-A (Non- Creamy Layer),OBC-A (Non- Creamy Layer),Fresh Allotment
747,1,104114,15,INSTITUTE OF POST GRADUATE MEDICAL EDUCATION AND RESEARCH KOLKATA,M.D. (PHYSICAL MED. AND REHABILITATION),In-service Quota,UR,General,Fresh Allotment
748,1,104463,39,RAMKRISHNA MISSION SEVA PRASITHAN VIVEKANANDA INSTITUTE OF MEDICAL SCIENCE,M.D. (OBST. AND GYNAE)/MS (OBSTETRICS AND GYNAECOLOGY),In-service Quota,UR,General,Fresh Allotment
749,1,104620,15,Jalpaiguri Government Medical College and Hospital (Formerly DISTRICT HOSPITAL) JALPAIGURI,(NBEMS) GENERAL MEDICINE,In-service DNB Quota,UR,General,Fresh Allotment
750,1,104899,21,INSTITUTE OF POST GRADUATE MEDICAL EDUCATION AND RESEARCH KOLKATA,M.D. (ANAESTHESIOLOGY),In-service Quota,UR,General,Fresh Allotment
751,1,105204,13,DISTRICT HOSPITAL HOWRAH,(NBEMS) PAEDIATRICS,In-service DNB Quota,OBC-A (Non- Creamy Layer),OBC-A (Non- Creamy Layer),Fresh Allotment
752,1,105305,1,KPC MEDICAL COLLEGE,M.D. (RADIO- DIAGNOSIS),NRI Quota,UR,General,Fresh Allotment
753,1,105524,46,CALCUTTA NATIONAL MEDICAL COLLEGE KOLKATA,M.S. (GENERAL SURGERY),In-service Quota,UR,OBC-A (Non- Creamy Layer),Fresh Allotment
754,1,105848,2,INSTITUTE OF POST GRADUATE MEDICAL EDUCATION AND RESEARCH KOLKATA,M.S. (OPHTHALMOLOGY),In-service Quota,UR,General,Fresh Allotment
755,1,106011,11,RAMKRISHNA MISSION SEVA PRASITHAN VIVEKANANDA INSTITUTE OF MEDICAL SCIENCE,DIPLOMA IN CHILD HEALTH/ PAEDIATRICS,In-service Quota,UR,OBC-A (Non- Creamy Layer),Fresh Allotment
756,1,106046,1,INSTITUTE OF POST GRADUATE MEDICAL EDUCATION AND RESEARCH KOLKATA,M.S. (GENERAL SURGERY),In-service Quota,SC,SC,Fresh Allotment
757,1,106228,1,GOURI DEVI INSTITUTE OF MEDICAL SCIENCES AND HOSPITAL,M.D. (RADIO- DIAGNOSIS),NRI Quota,UR,OBC (Non-Creamy Layer),Fresh Allotment
758,1,106413,37,MEDICAL COLLEGE KOLKATA,M.D. (ANAESTHESIOLOGY),In-service Quota,UR,General,Fresh Allotment
759,1,106420,9,INSTITUTE OF POST GRADUATE MEDICAL EDUCATION AND RESEARCH KOLKATA,M.D. (RADIOTHERAPY/ RADIATION ONCOLOGY),In-service Quota,SC,SC,Fresh Allotment
760,1,106581,19,MIDNAPORE MEDICAL COLLEGE,M.D. (PAEDIATRICS),In-service Quota,SC,SC,Fresh Allotment
761,1,106904,1,KPC MEDICAL COLLEGE,M.D. (GENERAL MEDICINE),NRI Quota,UR,General,Fresh Allotment
762,1,107243,19,MEDICAL COLLEGE KOLKATA,DIPLOMA IN ANAESTHESIOLOGY,Open Quota,ST,ST,Fresh Allotment
763,1,107475,31,INSTITUTE OF POST GRADUATE MEDICAL EDUCATION AND RESEARCH KOLKATA,M.D. (OBST. AND GYNAE)/MS (OBSTETRICS AND GYNAECOLOGY),In-service Quota,OBC-B (Non- Creamy Layer),OBC-B (Non- Creamy Layer),Fresh Allotment
764,1,107735,15,MEDICAL COLLEGE KOLKATA,M.D. (RADIOTHERAPY/ RADIATION ONCOLOGY),In-service Quota,UR,General,Fresh Allotment
765,1,108983,8,RAMPURHAT GOVT. MEDICAL COLLEGE AND HOSPITAL,(NBEMS) GENERAL MEDICINE,In-service DNB Quota,SC,SC,Fresh Allotment
766,1,109828,11,CALCUTTA NATIONAL MEDICAL COLLEGE KOLKATA,M.S. (GENERAL SURGERY),In-service Quota,OBC-A (Non- Creamy Layer),OBC-A (Non- Creamy Layer),Fresh Allotment
767,1,110045,34,COLLEGE OF MEDICINE AND JNM HOSPITAL KALYANI,M.D. (MICROBIOLOGY),Open Quota,OBC-A (Non- Creamy Layer),OBC-A (Non- Creamy Layer),Fresh Allotment
768,1,110122,5,BANKURA SAMMILANI MEDICAL COLLEGE,M.S. (GENERAL SURGERY),In-service Quota,OBC-A (Non- Creamy Layer),OBC-A (Non- Creamy Layer),Fresh Allotment
769,1,110676,15,MEDICAL COLLEGE KOLKATA,M.D. (OBST. AND GYNAE)/MS (OBSTETRICS AND GYNAECOLOGY),In-service Quota,SC,SC,Fresh Allotment
770,1,110915,1,INSTITUTE OF POST GRADUATE MEDICAL EDUCATION AND RESEARCH KOLKATA,M.D. (PATHOLOGY),In-service Quota,SC,SC,Fresh Allotment
771,1,110998,13,ESI PGIMSR AND ESIC MEDICAL COLLEGE JOKA KOLKATA,M.D. (OBST. AND GYNAE)/MS (OBSTETRICS AND GYNAECOLOGY),In-service Quota,OBC (Non-Creamy Layer),OBC-A (Non- Creamy Layer),Fresh Allotment
772,1,111400,17,MURSHIDABAD MEDICAL COLLEGE AND HOSPITAL,M.D. (ANAESTHESIOLOGY),In-service Quota,OBC-A (Non- Creamy Layer),OBC-A (Non- Creamy Layer),Fresh Allotment
773,1,111519,18,R G KAR MEDICAL COLLEGE,M.D. (PHARMACOLOGY),Open Quota,ST,ST,Fresh Allotment
774,1,113482,6,SILIGURI DISTRICT HOSPITAL,(NBEMS) OBSTETRICS AND GYNAECOLOGY,In-service DNB Quota,OBC-A (Non- Creamy Layer),OBC-A (Non- Creamy Layer),Fresh Allotment
775,1,113648,1,BURDWAN MEDICAL COLLEGE,M.D. (OBST. AND GYNAE)/MS (OBSTETRICS AND GYNAECOLOGY),In-service Quota,SC,SC,Fresh Allotment
776,1,114049,16,BANKURA SAMMILANI MEDICAL COLLEGE,M.D. (ANAESTHESIOLOGY),In-service Quota,OBC-A (Non- Creamy Layer),OBC-A (Non- Creamy Layer),Fresh Allotment
777,1,114283,19,NIL RATAN SIRCAR MEDICAL COLLEGE,M.D. (OBST. AND GYNAE)/MS (OBSTETRICS AND GYNAECOLOGY),In-service Quota,SC,SC,Fresh Allotment
778,1,114336,15,RAMKRISHNA MISSION SEVA PRASITHAN VIVEKANANDA INSTITUTE OF MEDICAL SCIENCE,M.D. (OBST. AND GYNAE)/MS (OBSTETRICS AND GYNAECOLOGY),In-service Quota,SC,SC,Fresh Allotment
779,1,114448,16,MAHARAJA JITENDRA NARAYAN MEDICAL COLLEGE AND HOSPITAL,(NBEMS) GENERAL MEDICINE,In-service DNB Quota,SC,SC,Fresh Allotment
780,1,115056,18,COLLEGE OF MEDICINE AND JNM HOSPITAL KALYANI,M.D. (FORENSIC MEDICINE),Open Quota,ST,ST,Fresh Allotment
781,1,116001,1,M R BANGUR HOSPITAL,(NBEMS) OBSTETRICS AND GYNAECOLOGY,In-service DNB Quota,SC,SC,Fresh Allotment
782,1,120017,18,MAHARAJA JITENDRA NARAYAN MEDICAL COLLEGE AND HOSPITAL,(NBEMS) GENERAL SURGERY,In-service DNB Quota,OBC-A (Non- Creamy Layer),OBC-A (Non- Creamy Layer),Fresh Allotment
783,1,120316,1,BANKURA SAMMILANI MEDICAL COLLEGE,M.D. (OBST. AND GYNAE)/MS (OBSTETRICS AND GYNAECOLOGY),In-service Quota,SC,SC,Fresh Allotment
784,1,120484,1,"CHITTARANJAN SEVA SADAN COLLEGE OF OBS. GYNAE AND CHILD HEALTH,KOLKATA",M.D. (PAEDIATRICS),In-service Quota,ST,ST,Fresh Allotment
785,1,120571,1,BANKURA SAMMILANI MEDICAL COLLEGE,M.S. (GENERAL SURGERY),In-service Quota,SC,SC,Fresh Allotment
786,1,120779,2,BURDWAN MEDICAL COLLEGE,M.S. (E.N.T.),In-service Quota,OBC-A (Non- Creamy Layer),OBC-A (Non- Creamy Layer),Fresh Allotment
787,1,120837,3,COLLEGE OF MEDICINE AND SAGORE DUTTA HOSPITAL,M.D. (OBST. AND GYNAE)/MS (OBSTETRICS AND GYNAECOLOGY),In-service Quota,SC,SC,Fresh Allotment
788,1,121008,17,MEDICAL COLLEGE KOLKATA,DIP.IN GYNAE. AND OBST.,In-service Quota,OBC-A (Non- Creamy Layer),OBC-A (Non- Creamy Layer),Fresh Allotment
789,1,122268,5,MIDNAPORE MEDICAL COLLEGE,M.D. (OBST. AND GYNAE)/MS (OBSTETRICS AND GYNAECOLOGY),In-service Quota,SC,SC,Fresh Allotment
790,1,122300,23,MEDICAL COLLEGE KOLKATA,DIP.IN GYNAE. AND OBST.,In-service Quota,SC,SC,Fresh Allotment
791,1,122497,22,RAIGANJ GOVERNMENT MEDICAL COLLEGE AND HOSPITAL,(NBEMS) GENERAL MEDICINE,In-service DNB Quota,OBC-A (Non- Creamy Layer),OBC-A (Non- Creamy Layer),Fresh Allotment
792,1,123109,2,Jalpaiguri Government Medical College and Hospital (Formerly DISTRICT HOSPITAL) JALPAIGURI,(NBEMS) GENERAL MEDICINE,In-service DNB Quota,OBC-B (Non- Creamy Layer),OBC-B (Non- Creamy Layer),Fresh Allotment
793,1,123250,6,BURDWAN MEDICAL COLLEGE,M.S. (GENERAL SURGERY),In-service Quota,OBC-B (Non- Creamy Layer),OBC-B (Non- Creamy Layer),Fresh Allotment
794,1,124377,20,MIDNAPORE MEDICAL COLLEGE,M.S. (E.N.T.),In-service Quota,OBC-A (Non- Creamy Layer),OBC-A (Non- Creamy Layer),Fresh Allotment
795,1,124872,17,MEDICAL COLLEGE KOLKATA,DIPLOMA IN ORTHOPAEDICS,In-service Quota,SC,SC,Fresh Allotment
796,1,125333,15,JAGANNATH GUPTA INSTITUTE OF MEDICAL SCIENCES AND HOSPITAL,M.S. (E.N.T.),Open Quota,OBC-A (Non- Creamy Layer),OBC-A (Non- Creamy Layer),Fresh Allotment
797,1,125381,1,ALL INDIA INSTITUTE OF HYGIENE AND PUBLIC HEALTH,M.D. (PREVENTIVE AND SOCIAL MEDICINE)/ COMMUNITY MEDICINE,In-service Quota,SC,SC,Fresh Allotment
798,1,125603,75,GOURI DEVI INSTITUTE OF MEDICAL SCIENCES AND HOSPITAL,M.D. (MICROBIOLOGY),Open Quota,SC,SC,Fresh Allotment
799,1,125888,6,MEDICAL COLLEGE KOLKATA,M.S. (OPHTHALMOLOGY),In-service Quota,OBC-B (Non- Creamy Layer),OBC-B (Non- Creamy Layer),Fresh Allotment
800,1,126096,22,RAMKRISHNA MISSION SEVA PRASITHAN VIVEKANANDA INSTITUTE OF MEDICAL SCIENCE,M.D. (ANAESTHESIOLOGY),In-service Quota,OBC-A (Non- Creamy Layer),OBC-A (Non- Creamy Layer),Fresh Allotment
801,1,126815,1,R G KAR MEDICAL COLLEGE,M.S. (ORTHOPAEDICS),In-service Quota,ST,ST,Fresh Allotment
802,1,127192,3,NORTH BENGAL MEDICAL COLLEGE AND HOSPITAL,M.D. (ANAESTHESIOLOGY),In-service Quota,SC,SC,Fresh Allotment
803,1,127953,23,NIL RATAN SIRCAR MEDICAL COLLEGE,M.S. (GENERAL SURGERY),In-service Quota,SC,SC,Fresh Allotment
